retriever,routing,lift,split,n,minilm_d_proxy_top1,minilm_fb_proxy_top1,minilm_d_proxy_best5,minilm_fb_proxy_best5,minilm_d_proxy_mean5,minilm_fb_proxy_mean5,minilm_d_same_reply_hit1,minilm_fb_same_reply_hit1,minilm_d_same_reply_hit5,minilm_fb_same_reply_hit5,minilm_d_group_hit1,minilm_fb_group_hit1,minilm_d_group_hit5,minilm_fb_group_hit5,bge_d_proxy_top1,bge_fb_proxy_top1,bge_d_proxy_best5,bge_fb_proxy_best5,bge_d_proxy_mean5,bge_fb_proxy_mean5,bge_d_same_reply_hit1,bge_fb_same_reply_hit1,bge_d_same_reply_hit5,bge_fb_same_reply_hit5,bge_d_group_hit1,bge_fb_group_hit1,bge_d_group_hit5,bge_fb_group_hit5,primary_ci_lo,primary_ci_hi,primary_wilcoxon_p,pct_top1_changed,pct_improved,pct_worsened
dense_minilm,none,laplace|abs,dev,319,0.0,0.7987618449503164,0.0,0.8803832341324199,0.0,0.7672271104208355,0.0,0.3072100313479624,0.0,0.4482758620689655,0.0,0.05642633228840126,0.0,0.07523510971786834,0.0,0.888014921293737,0.0,0.9296819026754194,0.0,0.8741539641794367,0.0,0.3072100313479624,0.0,0.4482758620689655,0.0,0.05642633228840126,0.0,0.07523510971786834,0.0,0.0,,0.0,0.0,0.0
dense_minilm,M1_global,laplace|abs,dev,319,-0.05572306423164834,0.7430387807186681,-0.042427893109082425,0.8379553410233375,-0.04289293029465272,0.7243341801261827,-0.05329153605015674,0.25391849529780564,-0.0219435736677116,0.4263322884012539,-0.006269592476489028,0.050156739811912224,-0.003134796238244514,0.07210031347962383,-0.027927319551336354,0.8600876017424006,-0.01946681560393785,0.9102150870714816,-0.021858654780821375,0.8522953093986152,-0.05329153605015674,0.25391849529780564,-0.0219435736677116,0.4263322884012539,-0.006269592476489028,0.050156739811912224,-0.003134796238244514,0.07210031347962383,-0.07622389108012649,-0.03460822534691951,5.655881910530631e-07,0.45141065830721006,0.14106583072100312,0.29780564263322884
dense_minilm,M1_global,laplace_eb_k2|abs,dev,319,-0.06479820220214447,0.733963642748172,-0.0637903482095575,0.8165928859228625,-0.0533605791745141,0.7138665312463213,-0.047021943573667714,0.2601880877742947,-0.03761755485893417,0.4106583072100313,-0.006269592476489028,0.050156739811912224,-0.003134796238244514,0.07210031347962383,-0.029185193739714666,0.8588297275540223,-0.03003204653629315,0.8996498561391263,-0.02464244416141211,0.8495115200180245,-0.047021943573667714,0.2601880877742947,-0.03761755485893417,0.4106583072100313,-0.006269592476489028,0.050156739811912224,-0.003134796238244514,0.07210031347962383,-0.09065251234498424,-0.03851650914025484,5.790212213744447e-06,0.5893416927899686,0.2006269592476489,0.3761755485893417
dense_minilm,M1_global,laplace_eb_k10|abs,dev,319,-0.056271094174874615,0.7424907507754418,-0.05973180894941372,0.8206514251830063,-0.04900273416763563,0.7182243762531998,-0.05329153605015674,0.25391849529780564,-0.034482758620689655,0.41379310344827586,-0.006269592476489028,0.050156739811912224,-0.003134796238244514,0.07210031347962383,-0.02552241040247735,0.8624925108912597,-0.028611941771073776,0.9010699609043457,-0.02285113861568296,0.8513028255637537,-0.05329153605015674,0.25391849529780564,-0.034482758620689655,0.41379310344827586,-0.006269592476489028,0.050156739811912224,-0.003134796238244514,0.07210031347962383,-0.08208790563724258,-0.03217336343087515,1.5333138092046377e-05,0.554858934169279,0.18808777429467086,0.3542319749216301
dense_minilm,M1_global,laplace|std0.5,dev,319,-0.005903527000481058,0.7928583179498354,0.0005639656490666739,0.8809471997814866,0.0026511643420566197,0.769878274762892,-0.006269592476489028,0.30094043887147337,0.003134796238244514,0.45141065830721006,-0.006269592476489028,0.050156739811912224,-0.003134796238244514,0.07210031347962383,-0.003225239466723977,0.884789681827013,-0.00020424998292354953,0.9294776526924958,0.0008749852359855458,0.8750289494154222,-0.006269592476489028,0.30094043887147337,0.003134796238244514,0.45141065830721006,-0.006269592476489028,0.050156739811912224,-0.003134796238244514,0.07210031347962383,-0.012943237027311027,0.0006928501644852017,0.27677204744647677,0.06896551724137931,0.03134796238244514,0.03761755485893417
dense_minilm,M1_global,laplace_eb_k2|std0.5,dev,319,-0.0012245536037373318,0.7975372913465791,0.0006661972842620085,0.8810494314166819,0.005752960263187981,0.7729800706840234,-0.006269592476489028,0.30094043887147337,0.009404388714733543,0.45768025078369906,-0.009404388714733543,0.047021943573667714,0.0,0.07523510971786834,-0.00020831972827732004,0.8878066015654597,-0.0004053992163798652,0.9292765034590396,0.002225008784416703,0.8763789729638535,-0.006269592476489028,0.30094043887147337,0.009404388714733543,0.45768025078369906,-0.009404388714733543,0.047021943573667714,0.0,0.07523510971786834,-0.010024169715687772,0.007965908713381865,0.9892757193241231,0.13166144200626959,0.07210031347962383,0.05329153605015674
dense_minilm,M1_global,laplace_eb_k10|std0.5,dev,319,-0.001679199896636054,0.7970826450536804,0.0006418237024713833,0.8810250578348913,0.006193990258027019,0.7734211006788625,-0.006269592476489028,0.30094043887147337,0.009404388714733543,0.45768025078369906,-0.006269592476489028,0.050156739811912224,0.0,0.07523510971786834,-0.0015634716865037303,0.8864514496072333,-0.00023424905669352852,0.9294476536187258,0.00249630780802999,0.8766502719874666,-0.006269592476489028,0.30094043887147337,0.009404388714733543,0.45768025078369906,-0.006269592476489028,0.050156739811912224,0.0,0.07523510971786834,-0.009981783673307366,0.006819669843934545,0.9749336743284315,0.11912225705329153,0.06583072100313479,0.047021943573667714
dense_minilm,M1_global,laplace|std1,dev,319,-0.0038315342698351344,0.7949303106804814,0.0007062536141715453,0.8810894877465915,0.0012094495251634624,0.7684365599459989,-0.006269592476489028,0.30094043887147337,0.003134796238244514,0.45141065830721006,-0.006269592476489028,0.050156739811912224,-0.003134796238244514,0.07210031347962383,-0.0023518863329693067,0.8856630349607677,0.00016974804917099334,0.9298516507245904,0.0001785903328264777,0.8743325545122632,-0.006269592476489028,0.30094043887147337,0.003134796238244514,0.45141065830721006,-0.006269592476489028,0.050156739811912224,-0.003134796238244514,0.07210031347962383,-0.011916221545127493,0.004097360648144746,0.9785533759834825,0.12852664576802508,0.06896551724137931,0.05642633228840126
dense_minilm,M1_global,laplace_eb_k2|std1,dev,319,-0.0011384589218046972,0.7976233860285118,-0.0033997566815827706,0.8769834774508372,0.004580391373567072,0.7718075017944026,-0.009404388714733543,0.29780564263322884,0.006269592476489028,0.45454545454545453,-0.009404388714733543,0.047021943573667714,0.0,0.07523510971786834,0.00015554243120653876,0.8881704637249436,-0.002420290510482549,0.9272616121649369,0.0016003669055651727,0.8757543310850019,-0.009404388714733543,0.29780564263322884,0.006269592476489028,0.45454545454545453,-0.009404388714733543,0.047021943573667714,0.0,0.07523510971786834,-0.01109007499750038,0.00974791620428845,0.9974515286321879,0.2225705329153605,0.11285266457680251,0.09404388714733543
dense_minilm,M1_global,laplace_eb_k10|std1,dev,319,0.00046105629130964367,0.7992229012416261,-0.004728496681933867,0.875654737450486,0.003847251841827619,0.771074362262663,-0.006269592476489028,0.30094043887147337,0.006269592476489028,0.45454545454545453,-0.009404388714733543,0.047021943573667714,0.0,0.07523510971786834,0.0011483482245741219,0.8891632695183112,-0.0028175687341480795,0.9268643339412713,0.0015178235533842852,0.8756717877328211,-0.006269592476489028,0.30094043887147337,0.006269592476489028,0.45454545454545453,-0.009404388714733543,0.047021943573667714,0.0,0.07523510971786834,-0.009282983872794245,0.010783015074190858,0.6920123516845572,0.21316614420062696,0.11285266457680251,0.08150470219435736
dense_minilm,M1_global,laplace|std2,dev,319,-0.009902085443275475,0.788859759507041,-0.0033090924114269147,0.8770741417209931,-0.005966500517529755,0.7612606099033057,0.0,0.3072100313479624,0.009404388714733543,0.45768025078369906,-0.003134796238244514,0.05329153605015674,-0.003134796238244514,0.07210031347962383,-0.004905135560558881,0.8831097857331781,-0.0018006827577154464,0.9278812199177039,-0.0031974488664943995,0.870956515312942,0.0,0.3072100313479624,0.009404388714733543,0.45768025078369906,-0.003134796238244514,0.05329153605015674,-0.003134796238244514,0.07210031347962383,-0.0210933806357152,0.0008741689162754992,0.20073296487544123,0.23197492163009403,0.10344827586206896,0.12225705329153605
dense_minilm,M1_global,laplace_eb_k2|std2,dev,319,-0.01432121006719371,0.7844406348831228,-0.011206575088366446,0.8691766590440535,-0.011253888729877978,0.7559732216909575,0.0,0.3072100313479624,-0.009404388714733543,0.438871473354232,-0.006269592476489028,0.050156739811912224,-0.003134796238244514,0.07210031347962383,-0.0056688569743057774,0.8823460643194312,-0.0069843786637237455,0.9226975240116957,-0.005496694264367085,0.8686572699150695,0.0,0.3072100313479624,-0.009404388714733543,0.438871473354232,-0.006269592476489028,0.050156739811912224,-0.003134796238244514,0.07210031347962383,-0.03188017961367684,0.0041534902773166845,0.10466730190667034,0.3761755485893417,0.16614420062695925,0.1974921630094044
dense_minilm,M1_global,laplace_eb_k10|std2,dev,319,-0.0058591331364032245,0.7929027118139133,-0.010397696149386583,0.8699855379830334,-0.008711676773699847,0.7585154336471356,-0.003134796238244514,0.30407523510971785,-0.009404388714733543,0.438871473354232,-0.006269592476489028,0.050156739811912224,-0.003134796238244514,0.07210031347962383,-0.001900050613947423,0.8861148706797896,-0.006543707324419649,0.9231381953509997,-0.004353866532304817,0.869800097647132,-0.003134796238244514,0.30407523510971785,-0.009404388714733543,0.438871473354232,-0.006269592476489028,0.050156739811912224,-0.003134796238244514,0.07210031347962383,-0.02156189750021668,0.010231573048535279,0.4096423098359909,0.3542319749216301,0.16300940438871472,0.1755485893416928
dense_minilm,M2_team,laplace|abs,dev,319,0.003487539387141649,0.8022493843374581,-0.010517620274265732,0.8698656138581542,0.015171339728381939,0.7823984501492173,0.006269592476489028,0.31347962382445144,0.009404388714733543,0.45768025078369906,-0.006269592476489028,0.050156739811912224,-0.003134796238244514,0.07210031347962383,0.0036204672158698676,0.8916353885096069,-0.00331217751233929,0.9263697251630801,0.007648228888975041,0.8818021930684117,0.006269592476489028,0.31347962382445144,0.009404388714733543,0.45768025078369906,-0.006269592476489028,0.050156739811912224,-0.003134796238244514,0.07210031347962383,-0.014155050647097602,0.021682368802216155,0.3278475116803482,0.6238244514106583,0.26959247648902823,0.31974921630094044
dense_minilm,M2_team,laplace_eb_k2|abs,dev,319,0.019940134885262546,0.818701979835579,-0.0013483945385415726,0.8790348395938784,0.022925370415456617,0.790152480836292,0.03134796238244514,0.3385579937304075,0.01567398119122257,0.46394984326018807,-0.003134796238244514,0.05329153605015674,-0.003134796238244514,0.07210031347962383,0.012197435649584826,0.9002123569433218,0.0008007489775415499,0.930482651652961,0.011956128861089491,0.886110093040526,0.03134796238244514,0.3385579937304075,0.01567398119122257,0.46394984326018807,-0.003134796238244514,0.05329153605015674,-0.003134796238244514,0.07210031347962383,-0.00019511352541351382,0.040777336594686596,0.09314369839108073,0.46394984326018807,0.2507836990595611,0.19435736677115986
dense_minilm,M2_team,laplace_eb_k10|abs,dev,319,0.02045615908447478,0.8192180040347913,-0.003955052050303516,0.8764281820821164,0.023729150737621198,0.7909562611584566,0.034482758620689655,0.34169278996865204,0.006269592476489028,0.45454545454545453,-0.003134796238244514,0.05329153605015674,0.0,0.07523510971786834,0.011951127302684007,0.899966048596421,-0.0016363511638581565,0.9280455515115612,0.01196339616207494,0.8861173603415116,0.034482758620689655,0.34169278996865204,0.006269592476489028,0.45454545454545453,-0.003134796238244514,0.05329153605015674,0.0,0.07523510971786834,0.004307386910011496,0.03765036007272645,0.19128027678835258,0.49216300940438873,0.2445141065830721,0.22570532915360503
dense_minilm,M2_team,laplace|std0.5,dev,319,0.004331356399111613,0.8030932013494281,0.002701498684838274,0.8830847328172582,0.011893007420820875,0.7791201178416562,0.012539184952978056,0.31974921630094044,0.009404388714733543,0.45768025078369906,-0.003134796238244514,0.05329153605015674,0.003134796238244514,0.07836990595611286,0.002031101515300595,0.8900460228090376,0.0008912428419418096,0.9305731455173613,0.005514463137683449,0.8796684273171201,0.012539184952978056,0.31974921630094044,0.009404388714733543,0.45768025078369906,-0.003134796238244514,0.05329153605015674,0.003134796238244514,0.07836990595611286,-0.0019516813554173354,0.010902775658242004,0.7167319204928477,0.13166144200626959,0.06269592476489028,0.05956112852664577
dense_minilm,M2_team,laplace_eb_k2|std0.5,dev,319,0.009814307116976352,0.8085761520672928,0.004946913932184441,0.8853301480646044,0.015309519430499836,0.7825366298513352,0.012539184952978056,0.31974921630094044,0.012539184952978056,0.4608150470219436,-0.003134796238244514,0.05329153605015674,0.003134796238244514,0.07836990595611286,0.006678591327607445,0.8946935126213444,0.0016803898407747753,0.9313622925161942,0.006977207066497084,0.8811311712459337,0.012539184952978056,0.31974921630094044,0.012539184952978056,0.4608150470219436,-0.003134796238244514,0.05329153605015674,0.003134796238244514,0.07836990595611286,0.0016543201675936346,0.018211579676075222,0.02067111356691231,0.10344827586206896,0.06583072100313479,0.02821316614420063
dense_minilm,M2_team,laplace_eb_k10|std0.5,dev,319,0.007875947743000282,0.8066377926933167,0.0020740810419698492,0.8824573151743897,0.014236080174722639,0.7814631905955581,0.018808777429467086,0.32601880877742945,0.012539184952978056,0.4608150470219436,-0.003134796238244514,0.05329153605015674,0.003134796238244514,0.07836990595611286,0.004984455235699501,0.8929993765294365,0.0006485639321019283,0.9303304666075213,0.006614192414059533,0.880768156593496,0.018808777429467086,0.32601880877742945,0.012539184952978056,0.4608150470219436,-0.003134796238244514,0.05329153605015674,0.003134796238244514,0.07836990595611286,0.0018869028616474712,0.014562261363835913,0.09553225749477286,0.11285266457680251,0.06269592476489028,0.0438871473354232
dense_minilm,M2_team,laplace|std1,dev,319,0.003500475358439837,0.8022623203087563,0.0028943596028235263,0.8832775937352435,0.019724073637055004,0.7869511840578906,0.012539184952978056,0.31974921630094044,0.012539184952978056,0.4608150470219436,0.0,0.05642633228840126,0.0,0.07523510971786834,0.0025892864013540334,0.8906042076950911,0.0017772528071388555,0.9314591554825582,0.009286819449786484,0.8834407836292231,0.012539184952978056,0.31974921630094044,0.012539184952978056,0.4608150470219436,0.0,0.05642633228840126,0.0,0.07523510971786834,-0.004387681349691552,0.012049054480551925,0.8521430937068258,0.25391849529780564,0.12225705329153605,0.11598746081504702
dense_minilm,M2_team,laplace_eb_k2|std1,dev,319,0.013806036390294102,0.8125678813406105,0.005603912668915752,0.8859871468013357,0.025007327849214726,0.7922344382700501,0.018808777429467086,0.32601880877742945,0.018808777429467086,0.4670846394984326,0.0,0.05642633228840126,0.003134796238244514,0.07836990595611286,0.008692693373999999,0.896707614667737,0.002288680838940659,0.93197058351436,0.012058279506838807,0.8862122436862756,0.018808777429467086,0.32601880877742945,0.018808777429467086,0.4670846394984326,0.0,0.05642633228840126,0.003134796238244514,0.07836990595611286,0.0029408901275885893,0.025848423850176657,0.05938543519790937,0.21630094043887146,0.12225705329153605,0.08150470219435736
dense_minilm,M2_team,laplace_eb_k10|std1,dev,319,0.01097480048860502,0.8097366454389215,0.00611569571270838,0.8864989298451283,0.021365091414847718,0.7885922018356832,0.01567398119122257,0.322884012539185,0.01567398119122257,0.46394984326018807,-0.003134796238244514,0.05329153605015674,0.003134796238244514,0.07836990595611286,0.007387056619769727,0.8954019779135067,0.002153342046707775,0.9318352447221272,0.010111802797706147,0.8842657669771427,0.01567398119122257,0.322884012539185,0.01567398119122257,0.46394984326018807,-0.003134796238244514,0.05329153605015674,0.003134796238244514,0.07836990595611286,0.0014482884332070532,0.021411807061432846,0.21801057567108162,0.21630094043887146,0.11598746081504702,0.0877742946708464
dense_minilm,M2_team,laplace|std2,dev,319,0.009244181536908808,0.8080060264872253,0.0029517478983977744,0.8833349820308177,0.01870920136804491,0.7859363117888803,0.03134796238244514,0.3385579937304075,0.018808777429467086,0.4670846394984326,-0.003134796238244514,0.05329153605015674,-0.003134796238244514,0.07210031347962383,0.005307482701483939,0.8933224039952209,0.002020711528843847,0.9317026142042633,0.009408839051626318,0.8835628032310628,0.03134796238244514,0.3385579937304075,0.018808777429467086,0.4670846394984326,-0.003134796238244514,0.05329153605015674,-0.003134796238244514,0.07210031347962383,-0.007834837625976827,0.02878021144711041,0.4826821839004567,0.47335423197492166,0.23824451410658307,0.21316614420062696
dense_minilm,M2_team,laplace_eb_k2|std2,dev,319,0.029812568162208813,0.8285744131125253,0.005075753622667917,0.8854589877550878,0.03036356344118387,0.7975906738620193,0.04075235109717868,0.34796238244514105,0.02821316614420063,0.47648902821316613,0.0,0.05642633228840126,0.0,0.07523510971786834,0.016397623619689463,0.9044125449134265,0.0018823408407851073,0.9315642435162045,0.014524893401932195,0.8886788575813689,0.04075235109717868,0.34796238244514105,0.02821316614420063,0.47648902821316613,0.0,0.05642633228840126,0.0,0.07523510971786834,0.013906694323023005,0.04758528642338879,0.0008673276267487824,0.3448275862068966,0.21003134796238246,0.11598746081504702
dense_minilm,M2_team,laplace_eb_k10|std2,dev,319,0.02341244673373931,0.8221742916840558,0.008165663639579821,0.8885488977719997,0.031077605387820714,0.7983047158086561,0.04075235109717868,0.34796238244514105,0.01567398119122257,0.46394984326018807,0.0,0.05642633228840126,0.0,0.07523510971786834,0.013536194555438051,0.901551115849175,0.003347934133206789,0.9330298368086262,0.014846441775653803,0.8890004059550904,0.04075235109717868,0.34796238244514105,0.01567398119122257,0.46394984326018807,0.0,0.05642633228840126,0.0,0.07523510971786834,0.008829614223451077,0.0395191872708476,0.025371893557864844,0.3667711598746082,0.2006269592476489,0.14106583072100312
dense_minilm,M3_class,laplace|abs,dev,319,-0.017535468475852266,0.7812263764744642,-0.0449376750889243,0.8354455590434956,-0.008711932330949931,0.7585151780898854,0.012539184952978056,0.31974921630094044,0.0219435736677116,0.4702194357366771,-0.003134796238244514,0.05329153605015674,-0.006269592476489028,0.06896551724137931,-0.009946581338266595,0.8780683399554704,-0.022417813446080796,0.9072640892293385,-0.005302812892441468,0.8688511512869951,0.012539184952978056,0.31974921630094044,0.0219435736677116,0.4702194357366771,-0.003134796238244514,0.05329153605015674,-0.006269592476489028,0.06896551724137931,-0.04653613465549103,0.008960413294304213,0.13343575418091977,0.5266457680250783,0.22884012539184953,0.2852664576802508
dense_minilm,M3_class,laplace_eb_k2|abs,dev,319,-0.015985228927064464,0.782776616023252,-0.04547362506015921,0.8349096090722607,-0.006712386920627755,0.7605147235002077,0.012539184952978056,0.31974921630094044,0.02821316614420063,0.47648902821316613,-0.009404388714733543,0.047021943573667714,0.0,0.07523510971786834,-0.007777631749927437,0.8802372895438095,-0.022056105368563374,0.907625797306856,-0.004170747423620433,0.8699832167558161,0.012539184952978056,0.31974921630094044,0.02821316614420063,0.47648902821316613,-0.009404388714733543,0.047021943573667714,0.0,0.07523510971786834,-0.04372110335203033,0.010376751666368918,0.6243522195743074,0.4482758620689655,0.23197492163009403,0.21630094043887146
dense_minilm,M3_class,laplace_eb_k10|abs,dev,319,-0.014187588575398287,0.7845742563749182,-0.04500358899745822,0.8353796451349618,-0.004976039365821499,0.7622510710550139,0.0219435736677116,0.329153605015674,0.025078369905956112,0.47335423197492166,-0.006269592476489028,0.050156739811912224,-0.003134796238244514,0.07210031347962383,-0.006406062168761107,0.8816088591249759,-0.022033819397415114,0.9076480832780043,-0.003041992684516787,0.8711119714949199,0.0219435736677116,0.329153605015674,0.025078369905956112,0.47335423197492166,-0.006269592476489028,0.050156739811912224,-0.003134796238244514,0.07210031347962383,-0.04210041737604338,0.011523204713440888,0.6721565089050554,0.4482758620689655,0.219435736677116,0.22884012539184953
dense_minilm,M3_class,laplace|std0.5,dev,319,0.006705964807432647,0.8054678097577491,0.006729793025408419,0.8871130271578284,0.012805535104768024,0.7800326455256035,0.012539184952978056,0.31974921630094044,0.01567398119122257,0.46394984326018807,-0.003134796238244514,0.05329153605015674,0.0,0.07523510971786834,0.004538589510424384,0.8925535108041613,0.0025966670072190812,0.9322785696826384,0.0056373894401478535,0.8797913536195844,0.012539184952978056,0.31974921630094044,0.01567398119122257,0.46394984326018807,-0.003134796238244514,0.05329153605015674,0.0,0.07523510971786834,-0.004527161793555586,0.018116460848004088,0.34720763934942456,0.16614420062695925,0.0877742946708464,0.06583072100313479
dense_minilm,M3_class,laplace_eb_k2|std0.5,dev,319,0.011124541299843863,0.8098863862501603,0.0049537603384275045,0.8853369944708475,0.014338551513079936,0.7815656619339154,0.01567398119122257,0.322884012539185,0.01567398119122257,0.46394984326018807,-0.003134796238244514,0.05329153605015674,0.003134796238244514,0.07836990595611286,0.006490994583476673,0.8945059158772136,0.002327047732182805,0.9320089504076022,0.00649941871906149,0.8806533828984984,0.01567398119122257,0.322884012539185,0.01567398119122257,0.46394984326018807,-0.003134796238244514,0.05329153605015674,0.003134796238244514,0.07836990595611286,0.0002928258039547734,0.0221659522305088,0.028951870286770792,0.1536050156739812,0.09717868338557993,0.0438871473354232
dense_minilm,M3_class,laplace_eb_k10|std0.5,dev,319,0.006608186727594059,0.8053700316779105,0.004371085137035406,0.8847543192694554,0.012640535420384897,0.7798676458412203,0.012539184952978056,0.31974921630094044,0.009404388714733543,0.45768025078369906,-0.003134796238244514,0.05329153605015674,0.0,0.07523510971786834,0.0043382897832924296,0.8923532110770295,0.0015428268049951632,0.9312247294804146,0.005447458921928765,0.8796014231013655,0.012539184952978056,0.31974921630094044,0.009404388714733543,0.45768025078369906,-0.003134796238244514,0.05329153605015674,0.0,0.07523510971786834,-0.0030475073426868473,0.016156069121577517,0.1885099793032875,0.1536050156739812,0.09090909090909091,0.050156739811912224
dense_minilm,M3_class,laplace|std1,dev,319,0.009340869233619457,0.808102714183936,0.009901016296637843,0.8902842504290578,0.010205546750170307,0.7774326571710057,0.03134796238244514,0.3385579937304075,0.02821316614420063,0.47648902821316613,0.0,0.05642633228840126,0.0,0.07523510971786834,0.005116809311331626,0.8931317306050687,0.0034623822448395635,0.9331442849202589,0.0043533467386957245,0.8785073109181323,0.03134796238244514,0.3385579937304075,0.02821316614420063,0.47648902821316613,0.0,0.05642633228840126,0.0,0.07523510971786834,-0.009052294137709567,0.028251127207061993,0.25716263991166877,0.25391849529780564,0.13793103448275862,0.10658307210031348
dense_minilm,M3_class,laplace_eb_k2|std1,dev,319,0.022452591156417675,0.8212144361067342,0.008161142328316141,0.888544376460736,0.02110803923263071,0.7883351496534661,0.02821316614420063,0.335423197492163,0.0219435736677116,0.4702194357366771,-0.003134796238244514,0.05329153605015674,0.0,0.07523510971786834,0.011232156271471125,0.8992470775652082,0.0034070958538115212,0.9330889985292309,0.009585429788756894,0.8837393939681936,0.02821316614420063,0.335423197492163,0.0219435736677116,0.4702194357366771,-0.003134796238244514,0.05329153605015674,0.0,0.07523510971786834,0.008268412183327922,0.03791619854859516,0.001650497373403924,0.22570532915360503,0.14733542319749215,0.06583072100313479
dense_minilm,M3_class,laplace_eb_k10|std1,dev,319,0.011082582502716388,0.8098444274530329,0.00967393418464541,0.8900571683170654,0.018723012904014708,0.7859501233248501,0.0219435736677116,0.329153605015674,0.0219435736677116,0.4702194357366771,-0.003134796238244514,0.05329153605015674,0.0,0.07523510971786834,0.006033294346638981,0.894048215640376,0.0036490658607602495,0.9333309685361797,0.007958918585672646,0.8821128827651092,0.0219435736677116,0.329153605015674,0.0219435736677116,0.4702194357366771,-0.003134796238244514,0.05329153605015674,0.0,0.07523510971786834,-0.000442140203167839,0.022848778904698854,0.03515539166244162,0.21316614420062696,0.13166144200626959,0.06896551724137931
dense_minilm,M3_class,laplace|std2,dev,319,-0.019929572554497885,0.7788322723958185,-0.039304852018535695,0.8410783821138842,-0.009886864869385312,0.7573402455514501,0.03761755485893417,0.3448275862068966,0.02821316614420063,0.47648902821316613,-0.006269592476489028,0.050156739811912224,-0.006269592476489028,0.06896551724137931,-0.008415389584149686,0.8795995317095873,-0.019352712040784592,0.9103291906346348,-0.0053540082373962905,0.8687999559420403,0.03761755485893417,0.3448275862068966,0.02821316614420063,0.47648902821316613,-0.006269592476489028,0.050156739811912224,-0.006269592476489028,0.06896551724137931,-0.04722952840026456,0.005001551939939426,0.10324263813747302,0.4200626959247649,0.1755485893416928,0.2413793103448276
dense_minilm,M3_class,laplace_eb_k2|std2,dev,319,-0.0006781414875229324,0.7980837034627936,-0.002103755840313472,0.8782794782921065,0.005752683608416102,0.7729797940292515,0.025078369905956112,0.3322884012539185,0.02821316614420063,0.47648902821316613,-0.003134796238244514,0.05329153605015674,0.0,0.07523510971786834,-2.583487654180736e-05,0.8879890864171952,-0.0025349640547294976,0.9271469386206899,0.0022615018496319043,0.8764154660290685,0.025078369905956112,0.3322884012539185,0.02821316614420063,0.47648902821316613,-0.003134796238244514,0.05329153605015674,0.0,0.07523510971786834,-0.024218429429427396,0.020846388247856687,0.7213359733871982,0.3573667711598746,0.2006269592476489,0.1536050156739812
dense_minilm,M3_class,laplace_eb_k10|std2,dev,319,-0.005789004674992965,0.7929728402753236,-0.004738240499855209,0.8756449936325648,0.00035110896564202314,0.7675782193864775,0.03134796238244514,0.3385579937304075,0.0219435736677116,0.4702194357366771,-0.003134796238244514,0.05329153605015674,-0.003134796238244514,0.07210031347962383,-0.0019358111586316627,0.8860791101351053,-0.004569235640259746,0.9251126670351596,-0.0005338418446364453,0.8736201223348001,0.03134796238244514,0.3385579937304075,0.0219435736677116,0.4702194357366771,-0.003134796238244514,0.05329153605015674,-0.003134796238244514,0.07210031347962383,-0.030102540183298547,0.016633516658377777,0.8492398480086345,0.3667711598746082,0.18495297805642633,0.1786833855799373
dense_minilm,M4_intersection,laplace|abs,dev,319,0.04188954903741242,0.8406513939877289,0.012325063301104363,0.8927082974335243,0.049668202982473895,0.8168953134033093,0.06896551724137931,0.3761755485893417,0.05329153605015674,0.5015673981191222,-0.006269592476489028,0.050156739811912224,-0.003134796238244514,0.07210031347962383,0.02119348378017031,0.9092084050739073,0.006918599426185823,0.9366005021016052,0.023100192475842087,0.8972541566552787,0.06896551724137931,0.3761755485893417,0.05329153605015674,0.5015673981191222,-0.006269592476489028,0.050156739811912224,-0.003134796238244514,0.07210031347962383,0.023172264955762693,0.06162547905926462,0.001735738895574397,0.47962382445141066,0.28213166144200624,0.1974921630094044
dense_minilm,M4_intersection,laplace_eb_k2|abs,dev,319,0.05260207955973649,0.8513639245100529,0.018198486686126565,0.8985817208185465,0.055478415965193116,0.8227055263860286,0.07836990595611286,0.38557993730407525,0.05642633228840126,0.5047021943573667,-0.003134796238244514,0.05329153605015674,0.0,0.07523510971786834,0.025477153193614325,0.9134920744873514,0.009247163246417868,0.9389290659218372,0.026361728816944235,0.9005156929963808,0.07836990595611286,0.38557993730407525,0.05642633228840126,0.5047021943573667,-0.003134796238244514,0.05329153605015674,0.0,0.07523510971786834,0.035607030014376095,0.07216314634098014,5.290241995020653e-08,0.30094043887147337,0.21316614420062696,0.0877742946708464
dense_minilm,M4_intersection,laplace_eb_k10|abs,dev,319,0.04879496217381244,0.847556807124129,0.018195157794743122,0.898578391927163,0.05324944709208691,0.8204765575129224,0.07210031347962383,0.3793103448275862,0.050156739811912224,0.49843260188087773,-0.003134796238244514,0.05329153605015674,0.0,0.07523510971786834,0.02406953233162811,0.9120844536253652,0.008954303765371676,0.938636206440791,0.025336124343931864,0.8994900885233684,0.07210031347962383,0.3793103448275862,0.050156739811912224,0.49843260188087773,-0.003134796238244514,0.05329153605015674,0.0,0.07523510971786834,0.031950226971780335,0.06817818259832019,8.150688460270382e-06,0.3887147335423197,0.2476489028213166,0.14106583072100312
dense_minilm,M4_intersection,laplace|std0.5,dev,319,0.013362581126368532,0.812124426076685,0.0058575778919327595,0.8862408120243527,0.017179889883554088,0.7844070003043896,0.025078369905956112,0.3322884012539185,0.025078369905956112,0.47335423197492166,-0.003134796238244514,0.05329153605015674,0.003134796238244514,0.07836990595611286,0.008215776618371563,0.8962306979121085,0.0029343418940481346,0.9326162445694676,0.00809003996624842,0.8822440041456852,0.025078369905956112,0.3322884012539185,0.025078369905956112,0.47335423197492166,-0.003134796238244514,0.05329153605015674,0.003134796238244514,0.07836990595611286,0.004962949798118358,0.022699428154710315,0.05010639574090028,0.15987460815047022,0.09717868338557993,0.06269592476489028
dense_minilm,M4_intersection,laplace_eb_k2|std0.5,dev,319,0.014167870520424319,0.8129297154707408,0.007279997241908106,0.887663231374328,0.016541246070196632,0.783768356491032,0.025078369905956112,0.3322884012539185,0.0219435736677116,0.4702194357366771,-0.003134796238244514,0.05329153605015674,0.003134796238244514,0.07836990595611286,0.008813380073977863,0.8968283013677149,0.0028955392702993553,0.9325774419457188,0.0075369375626495256,0.8816909017420861,0.025078369905956112,0.3322884012539185,0.0219435736677116,0.4702194357366771,-0.003134796238244514,0.05329153605015674,0.003134796238244514,0.07836990595611286,0.005906452701009554,0.023460159252242978,0.003968030368262883,0.09717868338557993,0.06896551724137931,0.02821316614420063
dense_minilm,M4_intersection,laplace_eb_k10|std0.5,dev,319,0.01053193155500956,0.8092937765053261,0.004745054955019099,0.885128289087439,0.016001670641772048,0.7832287810626074,0.018808777429467086,0.32601880877742945,0.012539184952978056,0.4608150470219436,-0.003134796238244514,0.05329153605015674,0.003134796238244514,0.07836990595611286,0.007412115234566333,0.8954270365283034,0.0023568713552899493,0.9320387740307093,0.007500915747824882,0.8816548799272617,0.018808777429467086,0.32601880877742945,0.012539184952978056,0.4608150470219436,-0.003134796238244514,0.05329153605015674,0.003134796238244514,0.07836990595611286,0.0035125650161859758,0.018031497213253773,0.0332943137998865,0.10658307210031348,0.07210031347962383,0.034482758620689655
dense_minilm,M4_intersection,laplace|std1,dev,319,0.029531487441829006,0.8282933323921454,0.01199467587620487,0.8923779100086248,0.032431431058619085,0.7996585414794546,0.050156739811912224,0.3573667711598746,0.0438871473354232,0.49216300940438873,0.0,0.05642633228840126,0.003134796238244514,0.07836990595611286,0.015388014548250874,0.9034029358419878,0.005842874229514861,0.9355247769049343,0.015285473277202593,0.8894394374566392,0.050156739811912224,0.3573667711598746,0.0438871473354232,0.49216300940438873,0.0,0.05642633228840126,0.003134796238244514,0.07836990595611286,0.01523037541564262,0.04600999278533139,0.0018926897230979174,0.2727272727272727,0.1724137931034483,0.10031347962382445
dense_minilm,M4_intersection,laplace_eb_k2|std1,dev,319,0.02361652652111173,0.8223783714714282,0.01333252511054371,0.8937157592429636,0.029748769436136684,0.796975879856972,0.04075235109717868,0.34796238244514105,0.04075235109717868,0.4890282131661442,0.0,0.05642633228840126,0.003134796238244514,0.07836990595611286,0.012872730489808564,0.9008876517835456,0.006099387209243535,0.9357812898846629,0.014048731682068877,0.8882026958615057,0.04075235109717868,0.34796238244514105,0.04075235109717868,0.4890282131661442,0.0,0.05642633228840126,0.003134796238244514,0.07836990595611286,0.011727904064761808,0.03734865762690391,0.0003571020545220848,0.16300940438871472,0.11285266457680251,0.050156739811912224
dense_minilm,M4_intersection,laplace_eb_k10|std1,dev,319,0.017861270932568278,0.8166231158828847,0.010079104044594361,0.8904623381770143,0.02547445367776488,0.7927015640986003,0.03761755485893417,0.3448275862068966,0.034482758620689655,0.4827586206896552,-0.003134796238244514,0.05329153605015674,0.003134796238244514,0.07836990595611286,0.011230194082828151,0.8992451153765652,0.004705029968931383,0.9343869326443508,0.01204844591759589,0.8862024100970325,0.03761755485893417,0.3448275862068966,0.034482758620689655,0.4827586206896552,-0.003134796238244514,0.05329153605015674,0.003134796238244514,0.07836990595611286,0.008554076996623161,0.02875880747916743,0.007022875127472495,0.19435736677115986,0.12539184952978055,0.06896551724137931
dense_minilm,M4_intersection,laplace|std2,dev,319,0.037999014577428374,0.8367608595277448,0.013882920192700569,0.8942661543251205,0.0457570860892254,0.8129841965100608,0.07836990595611286,0.38557993730407525,0.05329153605015674,0.5015673981191222,-0.006269592476489028,0.050156739811912224,-0.003134796238244514,0.07210031347962383,0.019404009591823087,0.9074189308855601,0.007233793458968495,0.9369156961343879,0.021916758191996608,0.8960707223714333,0.07836990595611286,0.38557993730407525,0.05329153605015674,0.5015673981191222,-0.006269592476489028,0.050156739811912224,-0.003134796238244514,0.07210031347962383,0.021625455376052746,0.056158223642520946,0.00019228769768808037,0.4012539184952978,0.2507836990595611,0.15047021943573669
dense_minilm,M4_intersection,laplace_eb_k2|std2,dev,319,0.0451318031311222,0.8438936480814386,0.015772759260428735,0.8961559933928487,0.04413677390466289,0.8113638843254982,0.07523510971786834,0.3824451410658307,0.05642633228840126,0.5047021943573667,-0.003134796238244514,0.05329153605015674,0.003134796238244514,0.07836990595611286,0.022590758284804963,0.910605679578542,0.007757073098962957,0.9374389757743824,0.021142196468425023,0.8952961606478615,0.07523510971786834,0.3824451410658307,0.05642633228840126,0.5047021943573667,-0.003134796238244514,0.05329153605015674,0.003134796238244514,0.07836990595611286,0.029209922762079673,0.0629735679029951,1.7027788248767806e-07,0.2476489028213166,0.18181818181818182,0.06583072100313479
dense_minilm,M4_intersection,laplace_eb_k10|std2,dev,319,0.03839379891192651,0.837155643862243,0.015733119929472107,0.896116354061892,0.040534173339885606,0.807761283760721,0.07210031347962383,0.3793103448275862,0.047021943573667714,0.4952978056426332,0.0,0.05642633228840126,0.0,0.07523510971786834,0.020440155996424278,0.9084550772901613,0.007065428648622806,0.9367473313240422,0.019636620361603165,0.8937905845410399,0.07210031347962383,0.3793103448275862,0.047021943573667714,0.4952978056426332,0.0,0.05642633228840126,0.0,0.07523510971786834,0.02280555232909733,0.055519900240623,3.786029136394469e-05,0.29780564263322884,0.1974921630094044,0.10031347962382445
dense_minilm,M5_backoff,laplace|abs,dev,319,0.039304271095131633,0.8380661160454481,0.008651034351800303,0.8890342684842202,0.04894120838948552,0.816168318810321,0.06269592476489028,0.36990595611285265,0.03761755485893417,0.48589341692789967,-0.009404388714733543,0.047021943573667714,-0.003134796238244514,0.07210031347962383,0.018811425632070226,0.9068263469258072,0.003991278081104673,0.9336731807565241,0.0233127759354989,0.8974667401149354,0.06269592476489028,0.36990595611285265,0.03761755485893417,0.48589341692789967,-0.009404388714733543,0.047021943573667714,-0.003134796238244514,0.07210031347962383,0.02136657704543731,0.05895352500803228,0.0023769315853129336,0.48589341692789967,0.2852664576802508,0.1974921630094044
dense_minilm,M5_backoff,laplace_eb_k2|abs,dev,319,0.04033095736441941,0.8390928023147359,0.011060378441242589,0.8914436125736626,0.048979380035475126,0.8162064904563104,0.05956112852664577,0.3667711598746082,0.034482758620689655,0.4827586206896552,-0.006269592476489028,0.050156739811912224,0.0,0.07523510971786834,0.02088715645213112,0.9089020777458682,0.005388017171602638,0.935069919847022,0.02316362913873128,0.8973175933181678,0.05956112852664577,0.3667711598746082,0.034482758620689655,0.4827586206896552,-0.006269592476489028,0.050156739811912224,0.0,0.07523510971786834,0.023303959474294537,0.06107539484937174,0.0001454494930303288,0.34169278996865204,0.21630094043887146,0.12539184952978055
dense_minilm,M5_backoff,laplace_eb_k10|abs,dev,319,0.04358920654673188,0.8423510514970484,0.013136646777484858,0.8935198809099048,0.04852139576335312,0.8157485061841885,0.06583072100313479,0.3730407523510972,0.03761755485893417,0.48589341692789967,-0.006269592476489028,0.050156739811912224,0.0,0.07523510971786834,0.02225184776939942,0.9102667690631364,0.0066843494352502135,0.9363662521106696,0.02369631674596135,0.897850280925398,0.06583072100313479,0.3730407523510972,0.03761755485893417,0.48589341692789967,-0.006269592476489028,0.050156739811912224,0.0,0.07523510971786834,0.026367695055913683,0.06348441970362372,0.00011856519245264293,0.43260188087774293,0.26332288401253917,0.16614420062695925
dense_minilm,M5_backoff,laplace|std0.5,dev,319,0.012906334943905893,0.8116681798942224,0.008737992156635632,0.8891212262890555,0.01900298287595701,0.7862300932967926,0.0219435736677116,0.329153605015674,0.02821316614420063,0.47648902821316613,-0.006269592476489028,0.050156739811912224,0.003134796238244514,0.07836990595611286,0.008281635079637964,0.8962965563733749,0.003969272102308124,0.9336511747777275,0.009000686848051494,0.8831546510274881,0.0219435736677116,0.329153605015674,0.02821316614420063,0.47648902821316613,-0.006269592476489028,0.050156739811912224,0.003134796238244514,0.07836990595611286,0.004797787875591027,0.02233399679901831,0.09337627437220898,0.15987460815047022,0.09404388714733543,0.06583072100313479
dense_minilm,M5_backoff,laplace_eb_k2|std0.5,dev,319,0.01434972214287725,0.8131115670931938,0.005777708415327401,0.8861609425477474,0.017382470455289255,0.7846095808761246,0.0219435736677116,0.329153605015674,0.018808777429467086,0.4670846394984326,-0.006269592476489028,0.050156739811912224,0.003134796238244514,0.07836990595611286,0.008278391764829151,0.8962933130585662,0.0026044727866552466,0.9322863754620746,0.00803960569226256,0.8821935698716993,0.0219435736677116,0.329153605015674,0.018808777429467086,0.4670846394984326,-0.006269592476489028,0.050156739811912224,0.003134796238244514,0.07836990595611286,0.006220396756425173,0.02361327163104353,0.007928791831643658,0.11285266457680251,0.07523510971786834,0.03761755485893417
dense_minilm,M5_backoff,laplace_eb_k10|std0.5,dev,319,0.010971927600781372,0.8097337725510978,0.004644055912113488,0.8850272900445334,0.016840674240013644,0.784067784660849,0.01567398119122257,0.322884012539185,0.012539184952978056,0.4608150470219436,-0.006269592476489028,0.050156739811912224,0.003134796238244514,0.07836990595611286,0.0071681370742642395,0.8951830583680013,0.0023568713552899493,0.9320387740307093,0.007972629503770307,0.882126593683207,0.01567398119122257,0.322884012539185,0.012539184952978056,0.4608150470219436,-0.006269592476489028,0.050156739811912224,0.003134796238244514,0.07836990595611286,0.004107735596807399,0.018466012235322155,0.05413063649743804,0.12225705329153605,0.07836990595611286,0.0438871473354232
dense_minilm,M5_backoff,laplace|std1,dev,319,0.030367501395342864,0.8291293463456594,0.013293802364492865,0.8936770364969128,0.034977539299423786,0.8022046497202592,0.050156739811912224,0.3573667711598746,0.04075235109717868,0.4890282131661442,-0.003134796238244514,0.05329153605015674,0.003134796238244514,0.07836990595611286,0.01600384030222519,0.9040187615959622,0.006007674532624248,0.9356895772080437,0.016604939000359895,0.8907589031797964,0.050156739811912224,0.3573667711598746,0.04075235109717868,0.4890282131661442,-0.003134796238244514,0.05329153605015674,0.003134796238244514,0.07836990595611286,0.016303403263321865,0.04646133126918703,0.002929772945660751,0.27586206896551724,0.16927899686520376,0.10658307210031348
dense_minilm,M5_backoff,laplace_eb_k2|std1,dev,319,0.02258879625965435,0.8213506412099708,0.012471748743685061,0.892854982876105,0.032106669873092616,0.799333780293928,0.03761755485893417,0.3448275862068966,0.034482758620689655,0.4827586206896552,-0.003134796238244514,0.05329153605015674,0.003134796238244514,0.07836990595611286,0.012040197288728433,0.9000551185824655,0.005674807068696217,0.9353567097441156,0.015078055092533554,0.8892320192719702,0.03761755485893417,0.3448275862068966,0.034482758620689655,0.4827586206896552,-0.003134796238244514,0.05329153605015674,0.003134796238244514,0.07836990595611286,0.010909339305025098,0.03608190149746156,0.002868876247643338,0.18808777429467086,0.11912225705329153,0.06896551724137931
dense_minilm,M5_backoff,laplace_eb_k10|std1,dev,319,0.018102337223795888,0.8168641821741124,0.009609225775380866,0.8899924599078008,0.027855567900364673,0.7950826783212,0.03134796238244514,0.3385579937304075,0.03134796238244514,0.47962382445141066,-0.006269592476489028,0.050156739811912224,0.003134796238244514,0.07836990595611286,0.010666177657704369,0.8986810989514413,0.004603059874806658,0.9342849625502261,0.013353750903778315,0.8875077150832149,0.03134796238244514,0.3385579937304075,0.03134796238244514,0.47962382445141066,-0.006269592476489028,0.050156739811912224,0.003134796238244514,0.07836990595611286,0.008650010710342737,0.029028421372969314,0.01687860300599304,0.2225705329153605,0.13479623824451412,0.0877742946708464
dense_minilm,M5_backoff,laplace|std2,dev,319,0.04383138547356599,0.8425932304238825,0.016420506524815456,0.8968037406572353,0.04949357882142067,0.8167206892422562,0.08150470219435736,0.3887147335423197,0.0438871473354232,0.49216300940438873,-0.009404388714733543,0.047021943573667714,-0.003134796238244514,0.07210031347962383,0.021904481428917672,0.9099194027226547,0.007445548115105465,0.9371274507905248,0.023893715875649528,0.8980476800550861,0.08150470219435736,0.3887147335423197,0.0438871473354232,0.49216300940438873,-0.009404388714733543,0.047021943573667714,-0.003134796238244514,0.07210031347962383,0.026323134049796575,0.06310463616081446,6.529521247860919e-05,0.4231974921630094,0.2664576802507837,0.15673981191222572
dense_minilm,M5_backoff,laplace_eb_k2|std2,dev,319,0.041516568651860784,0.8402784136021773,0.013365084474736994,0.893748318607157,0.04329890133258317,0.8105260117534185,0.06583072100313479,0.3730407523510972,0.047021943573667714,0.4952978056426332,-0.006269592476489028,0.050156739811912224,0.003134796238244514,0.07836990595611286,0.02067216679593986,0.9086870880896769,0.005813724942341867,0.9354956276177613,0.020548331102233697,0.8947022952816702,0.06583072100313479,0.3730407523510972,0.047021943573667714,0.4952978056426332,-0.006269592476489028,0.050156739811912224,0.003134796238244514,0.07836990595611286,0.025506142926253497,0.059596889676835636,5.3242723272585145e-06,0.27899686520376177,0.19122257053291536,0.0877742946708464
dense_minilm,M5_backoff,laplace_eb_k10|std2,dev,319,0.03832559711460409,0.8370874420649206,0.014237917749485626,0.8946211518819056,0.04207833961446457,0.8093054500353,0.06583072100313479,0.3730407523510972,0.03761755485893417,0.48589341692789967,-0.003134796238244514,0.05329153605015674,0.0,0.07523510971786834,0.019824041094525853,0.9078389623882629,0.006216448022280367,0.9358983506976998,0.020299636887906116,0.8944536010673427,0.06583072100313479,0.3730407523510972,0.03761755485893417,0.48589341692789967,-0.003134796238244514,0.05329153605015674,0.0,0.07523510971786834,0.022875151249834084,0.05664841637809448,0.00034753233547403983,0.3385579937304075,0.21003134796238246,0.12852664576802508
bm25,none,laplace|abs,dev,319,0.0,0.7231247434246596,0.0,0.8712477042663808,0.0,0.7069685105754057,0.0,0.23510971786833856,0.0,0.46394984326018807,0.0,0.05642633228840126,0.0,0.09090909090909091,0.0,0.8529188908566502,0.0,0.9251580854942059,0.0,0.8455012945359031,0.0,0.23510971786833856,0.0,0.46394984326018807,0.0,0.05642633228840126,0.0,0.09090909090909091,0.0,0.0,,0.0,0.0,0.0
bm25,M1_global,laplace|std0.5,dev,319,0.005491062391514315,0.7286158058161739,-0.0035440610680834254,0.8677036431982973,-0.000317570571802253,0.7066509400036034,-0.003134796238244514,0.23197492163009403,0.003134796238244514,0.4670846394984326,-0.003134796238244514,0.05329153605015674,0.003134796238244514,0.09404388714733543,0.0037944153371649476,0.8567133061938151,-0.0018446708921354767,0.9233134146020704,-0.00028983672210789087,0.845211457813795,-0.003134796238244514,0.23197492163009403,0.003134796238244514,0.4670846394984326,-0.003134796238244514,0.05329153605015674,0.003134796238244514,0.09404388714733543,-0.0015062216704355138,0.013885639927884254,0.4691625250282967,0.08463949843260188,0.04075235109717868,0.04075235109717868
bm25,M1_global,laplace_eb_k2|std0.5,dev,319,0.0060148129595858175,0.7291395563842454,-0.006615998252619023,0.8646317060137617,0.004754559316768731,0.7117230698921744,0.009404388714733543,0.2445141065830721,0.003134796238244514,0.4670846394984326,0.0,0.05642633228840126,0.0,0.09090909090909091,0.004239158477155392,0.8571580493338056,-0.00322504832079418,0.9219330371734117,0.0026025729680136073,0.8481038675039165,0.009404388714733543,0.2445141065830721,0.003134796238244514,0.4670846394984326,0.0,0.05642633228840126,0.0,0.09090909090909091,-0.004842924836987985,0.016820042087553416,0.2306647717207464,0.13479623824451412,0.07210031347962383,0.05642633228840126
bm25,M1_global,laplace_eb_k10|std0.5,dev,319,0.0055449667348757056,0.7286697101595353,-0.004955945647435503,0.8662917586189453,0.005209176181041898,0.7121776867564477,0.009404388714733543,0.2445141065830721,0.006269592476489028,0.4702194357366771,0.0,0.05642633228840126,0.0,0.09090909090909091,0.004244252338678486,0.8571631431953287,-0.0024094355517420276,0.9227486499424639,0.0028497763748826653,0.8483510709107857,0.009404388714733543,0.2445141065830721,0.006269592476489028,0.4702194357366771,0.0,0.05642633228840126,0.0,0.09090909090909091,-0.00528668016078517,0.016658896625298875,0.30833836143107607,0.12852664576802508,0.06583072100313479,0.05642633228840126
bm25,M1_global,laplace|std1,dev,319,0.003428434316641111,0.7265531777413007,-0.006694750632611935,0.8645529536337688,-0.0013691743532178154,0.7055993362221878,-0.003134796238244514,0.23197492163009403,0.003134796238244514,0.4670846394984326,-0.009404388714733543,0.047021943573667714,0.003134796238244514,0.09404388714733543,0.0026068393152709293,0.8555257301719211,-0.00268477051983059,0.9224733149743752,-0.0003233619244494784,0.8451779326114534,-0.003134796238244514,0.23197492163009403,0.003134796238244514,0.4670846394984326,-0.009404388714733543,0.047021943573667714,0.003134796238244514,0.09404388714733543,-0.007116041126950034,0.014283632122704223,0.4613826078740544,0.14106583072100312,0.07523510971786834,0.05956112852664577
bm25,M1_global,laplace_eb_k2|std1,dev,319,-0.0024294940795644322,0.7206952493450952,-0.003763625684389874,0.8674840785819908,0.0023554107139243255,0.70932392128933,0.003134796238244514,0.23824451410658307,0.006269592476489028,0.4702194357366771,-0.003134796238244514,0.05329153605015674,0.0,0.09090909090909091,-0.00017605128706809495,0.8527428395695821,-0.002053383656056323,0.9231047018381495,0.0018098717012375507,0.8473111662371405,0.003134796238244514,0.23824451410658307,0.006269592476489028,0.4702194357366771,-0.003134796238244514,0.05329153605015674,0.0,0.09090909090909091,-0.01653433985903065,0.011062863475546752,0.8555353917492186,0.219435736677116,0.10658307210031348,0.10031347962382445
bm25,M1_global,laplace_eb_k10|std1,dev,319,0.001236231559683163,0.7243609749843428,-0.005194152293720963,0.8660535519726598,0.0035442306184236185,0.7105127411938292,0.006269592476489028,0.2413793103448276,0.003134796238244514,0.4670846394984326,-0.003134796238244514,0.05329153605015674,-0.003134796238244514,0.0877742946708464,0.0016691930428567724,0.8545880838995069,-0.0029566769129056544,0.9222014085813002,0.0021839960054917786,0.8476852905413947,0.006269592476489028,0.2413793103448276,0.003134796238244514,0.4670846394984326,-0.003134796238244514,0.05329153605015674,-0.003134796238244514,0.0877742946708464,-0.012437367899384244,0.014625781119967514,0.5018450486220876,0.2006269592476489,0.10344827586206896,0.0877742946708464
bm25,M1_global,laplace|std2,dev,319,-0.00017783321370151722,0.7229469102109581,-0.012868753514693448,0.8583789507516872,-0.0073309885092710265,0.6996375220661347,-0.003134796238244514,0.23197492163009403,-0.003134796238244514,0.4608150470219436,-0.012539184952978056,0.0438871473354232,0.003134796238244514,0.09404388714733543,0.00029755862529001265,0.8532164494819402,-0.006053086358551695,0.9191049991356541,-0.002682142085789885,0.842819152450113,-0.003134796238244514,0.23197492163009403,-0.003134796238244514,0.4608150470219436,-0.012539184952978056,0.0438871473354232,0.003134796238244514,0.09404388714733543,-0.013405469236282346,0.01297320685346485,0.8040367082809957,0.22884012539184953,0.10344827586206896,0.11285266457680251
bm25,M1_global,laplace_eb_k2|std2,dev,319,-0.006799111802563025,0.7163256316220966,-0.02121832711639636,0.8500293771499844,-0.009562980871192155,0.6974055297042134,-0.003134796238244514,0.23197492163009403,-0.012539184952978056,0.45141065830721006,-0.006269592476489028,0.050156739811912224,-0.003134796238244514,0.0877742946708464,-0.002432817295427233,0.850486073561223,-0.010665066470173085,0.9144930190240328,-0.0017256585034457108,0.8437756360324571,-0.003134796238244514,0.23197492163009403,-0.012539184952978056,0.45141065830721006,-0.006269592476489028,0.050156739811912224,-0.003134796238244514,0.0877742946708464,-0.025151677949932116,0.011393998854656388,0.6589663889115871,0.3605015673981191,0.15987460815047022,0.18808777429467086
bm25,M1_global,laplace_eb_k10|std2,dev,319,-0.009352792930266701,0.7137719504943929,-0.016587668405057494,0.8546600358613232,-0.00669284731815321,0.7002756632572524,-0.009404388714733543,0.22570532915360503,-0.009404388714733543,0.45454545454545453,-0.006269592476489028,0.050156739811912224,-0.003134796238244514,0.0877742946708464,-0.0035229812034618894,0.8493959096531883,-0.008503162655337104,0.9166549228388687,-0.0005616980847146425,0.8449395964511883,-0.009404388714733543,0.22570532915360503,-0.009404388714733543,0.45454545454545453,-0.006269592476489028,0.050156739811912224,-0.003134796238244514,0.0877742946708464,-0.02709453363777328,0.008172048094644441,0.5468135313429086,0.3322884012539185,0.14420062695924765,0.1755485893416928
bm25,M2_team,laplace|std0.5,dev,319,0.023264516273449207,0.7463892596981088,0.0066453619717056845,0.8778930662380864,0.0231467719548922,0.7301152825302979,0.03134796238244514,0.2664576802507837,0.02821316614420063,0.49216300940438873,0.003134796238244514,0.05956112852664577,-0.003134796238244514,0.0877742946708464,0.012679988967961279,0.8655988798246115,0.0034803717300809665,0.9286384572242868,0.011752758298921737,0.8572540528348247,0.03134796238244514,0.2664576802507837,0.02821316614420063,0.49216300940438873,0.003134796238244514,0.05956112852664577,-0.003134796238244514,0.0877742946708464,0.010661466574430654,0.03687005223572067,0.007896928753996507,0.15047021943573669,0.09404388714733543,0.05642633228840126
bm25,M2_team,laplace_eb_k2|std0.5,dev,319,0.03156014959266567,0.7546848930173253,0.008397664162432513,0.8796453684288132,0.03156382873315702,0.7385323393085628,0.0438871473354232,0.27899686520376177,0.02821316614420063,0.49216300940438873,0.006269592476489028,0.06269592476489028,-0.003134796238244514,0.0877742946708464,0.017111910641380238,0.8700308014980305,0.0045910252485903075,0.9297491107427962,0.015828445525752338,0.8613297400616551,0.0438871473354232,0.27899686520376177,0.02821316614420063,0.49216300940438873,0.006269592476489028,0.06269592476489028,-0.003134796238244514,0.0877742946708464,0.01848868330864697,0.04536620648490224,4.2700227794414666e-05,0.1536050156739812,0.109717868338558,0.04075235109717868
bm25,M2_team,laplace_eb_k10|std0.5,dev,319,0.027848564345261145,0.7509733077699208,0.00688858914151087,0.8781362934078916,0.025149620723761736,0.7321181312991674,0.04075235109717868,0.27586206896551724,0.025078369905956112,0.4890282131661442,0.012539184952978056,0.06896551724137931,-0.003134796238244514,0.0877742946708464,0.015262669063287096,0.8681815599199373,0.0037749510573742906,0.9289330365515801,0.012572071208475526,0.8580733657443785,0.04075235109717868,0.27586206896551724,0.025078369905956112,0.4890282131661442,0.012539184952978056,0.06896551724137931,-0.003134796238244514,0.0877742946708464,0.015478738675296868,0.0412065947130556,3.992594432350004e-05,0.14106583072100312,0.10344827586206896,0.034482758620689655
bm25,M2_team,laplace|std1,dev,319,0.049453833797321795,0.7725785772219814,0.0055936045687774135,0.8768413088351582,0.03559896574767312,0.7425674763230788,0.06583072100313479,0.30094043887147337,0.0219435736677116,0.48589341692789967,0.006269592476489028,0.06269592476489028,-0.003134796238244514,0.0877742946708464,0.025585322637916734,0.8785042134945669,0.003145212383479534,0.9283032978776854,0.01777870602742258,0.8632800005633257,0.06583072100313479,0.30094043887147337,0.0219435736677116,0.48589341692789967,0.006269592476489028,0.06269592476489028,-0.003134796238244514,0.0877742946708464,0.03213998392271024,0.06835876546893559,2.80185199688582e-07,0.25391849529780564,0.1786833855799373,0.06896551724137931
bm25,M2_team,laplace_eb_k2|std1,dev,319,0.05757865197606221,0.7807033954007219,0.00906470483373325,0.880312409100114,0.04956885547345055,0.7565373660488562,0.07836990595611286,0.31347962382445144,0.02821316614420063,0.49216300940438873,0.006269592476489028,0.06269592476489028,-0.003134796238244514,0.0877742946708464,0.02963443039726688,0.8825533212539171,0.0054836449765112705,0.9306417304707172,0.02476676239115317,0.8702680569270562,0.07836990595611286,0.31347962382445144,0.02821316614420063,0.49216300940438873,0.006269592476489028,0.06269592476489028,-0.003134796238244514,0.0877742946708464,0.03945574113941491,0.07657362778311987,4.583673419247005e-09,0.2225705329153605,0.1724137931034483,0.050156739811912224
bm25,M2_team,laplace_eb_k10|std1,dev,319,0.054131739005026026,0.7772564824296856,0.0084472375229982,0.8796949417893789,0.0421590243498313,0.749127534925237,0.06583072100313479,0.30094043887147337,0.025078369905956112,0.4890282131661442,0.0,0.05642633228840126,0.0,0.09090909090909091,0.028212005908960086,0.8811308967656103,0.004865571716362406,0.9300236572105682,0.021453251995636753,0.8669545465315397,0.06583072100313479,0.30094043887147337,0.025078369905956112,0.4890282131661442,0.0,0.05642633228840126,0.0,0.09090909090909091,0.03667682303016462,0.07327018598777747,2.556174063593548e-08,0.22570532915360503,0.16927899686520376,0.05329153605015674
bm25,M2_team,laplace|std2,dev,319,0.05959277086216828,0.7827175142868279,0.0033158054079007954,0.8745635096742815,0.0394048511952769,0.7463733617706826,0.08463949843260188,0.31974921630094044,0.006269592476489028,0.4702194357366771,0.0,0.05642633228840126,-0.012539184952978056,0.07836990595611286,0.029647857231032512,0.8825667480876827,0.0025593118047265795,0.9277173972989324,0.02084904516752237,0.8663503397034255,0.08463949843260188,0.31974921630094044,0.006269592476489028,0.4702194357366771,0.0,0.05642633228840126,-0.012539184952978056,0.07836990595611286,0.036800693221343536,0.08189999842987071,8.44601932336007e-06,0.3981191222570533,0.2445141065830721,0.14733542319749215
bm25,M2_team,laplace_eb_k2|std2,dev,319,0.07313985319159995,0.7962645966162596,0.007945915468060484,0.8791936197344412,0.0678064544472061,0.7747749650226118,0.09090909090909091,0.32601880877742945,0.034482758620689655,0.49843260188087773,0.0,0.05642633228840126,-0.006269592476489028,0.08463949843260188,0.03838609658812281,0.891304987444773,0.005355164829092714,0.9305132503232986,0.03342122220694084,0.8789225167428438,0.09090909090909091,0.32601880877742945,0.034482758620689655,0.49843260188087773,0.0,0.05642633228840126,-0.006269592476489028,0.08463949843260188,0.04930998732373819,0.09696793974403489,4.715414877113611e-09,0.3667711598746082,0.26332288401253917,0.10031347962382445
bm25,M2_team,laplace_eb_k10|std2,dev,319,0.07497730159834261,0.7981020450230022,0.007192572175895906,0.8784402764422766,0.06293685424979484,0.7699053648252004,0.09090909090909091,0.32601880877742945,0.025078369905956112,0.4890282131661442,0.003134796238244514,0.05956112852664577,-0.006269592476489028,0.08463949843260188,0.03947549553874145,0.8923943863953916,0.004497586372877737,0.9296556718670836,0.031099526448683308,0.8766008209845864,0.09090909090909091,0.32601880877742945,0.025078369905956112,0.4890282131661442,0.003134796238244514,0.05956112852664577,-0.006269592476489028,0.08463949843260188,0.05303189470359711,0.09791532628308268,9.230095140940262e-11,0.3510971786833856,0.25705329153605017,0.0877742946708464
bm25,M3_class,laplace|std0.5,dev,319,0.008911966156436359,0.732036709581096,-0.002915689190353346,0.8683320150760274,0.009499107994909944,0.7164676185703156,0.03134796238244514,0.2664576802507837,0.012539184952978056,0.47648902821316613,-0.003134796238244514,0.05329153605015674,-0.006269592476489028,0.08463949843260188,0.005378524991785844,0.858297415848436,-0.00266985216858245,0.9224882333256235,0.004235474723259857,0.8497367692591627,0.03134796238244514,0.2664576802507837,0.012539184952978056,0.47648902821316613,-0.003134796238244514,0.05329153605015674,-0.006269592476489028,0.08463949843260188,-0.004398031462696278,0.021891062405415832,0.07692458954056185,0.12852664576802508,0.07836990595611286,0.050156739811912224
bm25,M3_class,laplace_eb_k2|std0.5,dev,319,0.011698987393356789,0.7348237308180164,0.0016810278814040755,0.8729287321477848,0.011551281015701057,0.7185197915911067,0.034482758620689655,0.26959247648902823,0.018808777429467086,0.4827586206896552,0.0,0.05642633228840126,-0.003134796238244514,0.0877742946708464,0.006572832881843782,0.8594917237384939,0.0002725139307004157,0.9254305994249062,0.004984529283726852,0.8504858238196298,0.034482758620689655,0.26959247648902823,0.018808777429467086,0.4827586206896552,0.0,0.05642633228840126,-0.003134796238244514,0.0877742946708464,-0.0012374304345922783,0.02533579838044684,0.017278873570076007,0.13793103448275862,0.08463949843260188,0.05329153605015674
bm25,M3_class,laplace_eb_k10|std0.5,dev,319,0.0125881957596746,0.7357129391843342,0.001205555464033049,0.8724532597304138,0.01124767608777109,0.7182161866631768,0.03134796238244514,0.2664576802507837,0.01567398119122257,0.47962382445141066,0.0,0.05642633228840126,-0.003134796238244514,0.0877742946708464,0.007526124065572565,0.8604450149222227,0.00035944179307704436,0.9255175272872829,0.005138681525347001,0.85063997606125,0.03134796238244514,0.2664576802507837,0.01567398119122257,0.47962382445141066,0.0,0.05642633228840126,-0.003134796238244514,0.0877742946708464,-0.0007085599705903879,0.025606969288524028,0.0116435255479085,0.14106583072100312,0.09404388714733543,0.047021943573667714
bm25,M3_class,laplace|std1,dev,319,0.019385296068968817,0.7425100394936285,-0.0006213921551420397,0.8706263121112388,0.017615153569272693,0.7245836641446785,0.05956112852664577,0.2946708463949843,0.01567398119122257,0.47962382445141066,-0.006269592476489028,0.050156739811912224,-0.006269592476489028,0.08463949843260188,0.010215391839933245,0.8631342826965834,-0.0020983202330371055,0.9230597652611687,0.008191960433433797,0.8536932549693368,0.05956112852664577,0.2946708463949843,0.01567398119122257,0.47962382445141066,-0.006269592476489028,0.050156739811912224,-0.006269592476489028,0.08463949843260188,0.0007759265321362355,0.03704902133364288,0.006495256989206883,0.2225705329153605,0.14420062695924765,0.07836990595611286
bm25,M3_class,laplace_eb_k2|std1,dev,319,0.013987220263219552,0.7371119636878791,0.002268730192722572,0.8735164344591033,0.027906888566887868,0.7348753991422936,0.050156739811912224,0.2852664576802508,0.025078369905956112,0.4890282131661442,0.0,0.05642633228840126,0.0,0.09090909090909091,0.006552917269703737,0.8594718081263539,0.00047710285665099523,0.9256351883508569,0.012263225462743109,0.857764519998646,0.050156739811912224,0.2852664576802508,0.025078369905956112,0.4890282131661442,0.0,0.05642633228840126,0.0,0.09090909090909091,-0.0017266851630891005,0.029676348550192612,0.012664101681594795,0.20376175548589343,0.12225705329153605,0.08150470219435736
bm25,M3_class,laplace_eb_k10|std1,dev,319,0.012797152430846774,0.7359218958555064,0.0028878771305831624,0.8741355813969639,0.023802233676551654,0.7307707442519573,0.04075235109717868,0.27586206896551724,0.0219435736677116,0.48589341692789967,-0.003134796238244514,0.05329153605015674,-0.006269592476489028,0.08463949843260188,0.007317210533028486,0.8602361013896787,-0.0003863262905969889,0.9247717592036089,0.01048269811842509,0.855983992654328,0.04075235109717868,0.27586206896551724,0.0219435736677116,0.48589341692789967,-0.003134796238244514,0.05329153605015674,-0.006269592476489028,0.08463949843260188,-0.002597270205289966,0.027368523804675235,0.02090584095520517,0.18808777429467086,0.109717868338558,0.07523510971786834
bm25,M3_class,laplace|std2,dev,319,0.028880247128047164,0.7520049905527068,-0.030591442293507926,0.8406562619728728,0.018638452255169986,0.7256069628305756,0.08150470219435736,0.3166144200626959,0.009404388714733543,0.47335423197492166,-0.003134796238244514,0.05329153605015674,-0.0219435736677116,0.06896551724137931,0.01428057099210805,0.8671994618487582,-0.015724257055121156,0.9094338284390847,0.008941442260174171,0.8544427367960771,0.08150470219435736,0.3166144200626959,0.009404388714733543,0.47335423197492166,-0.003134796238244514,0.05329153605015674,-0.0219435736677116,0.06896551724137931,0.005545799413164582,0.0518419011096035,0.007050629676208254,0.32601880877742945,0.1974921630094044,0.12539184952978055
bm25,M3_class,laplace_eb_k2|std2,dev,319,0.02488519491913924,0.7480099383437988,-0.005835820234681372,0.8654118840316993,0.032489453292916005,0.7394579638683216,0.07523510971786834,0.3103448275862069,0.025078369905956112,0.4890282131661442,0.003134796238244514,0.05956112852664577,-0.012539184952978056,0.07836990595611286,0.01142178508555254,0.8643406759422028,-0.003055185359847209,0.9221029001343587,0.014496052657548913,0.8599973471934518,0.07523510971786834,0.3103448275862069,0.025078369905956112,0.4890282131661442,0.003134796238244514,0.05956112852664577,-0.012539184952978056,0.07836990595611286,0.003159868941411703,0.045866553928574604,0.006366725712887253,0.2946708463949843,0.1755485893416928,0.11912225705329153
bm25,M3_class,laplace_eb_k10|std2,dev,319,0.025445090262306895,0.7485698336869665,-0.007679658296713634,0.8635680459696671,0.02918041513526234,0.7361489257106679,0.06896551724137931,0.30407523510971785,0.018808777429467086,0.4827586206896552,-0.006269592476489028,0.050156739811912224,-0.01567398119122257,0.07523510971786834,0.011892054989046438,0.8648109458456966,-0.004534486319204109,0.9206235991750018,0.012856927261830872,0.8583582217977339,0.06896551724137931,0.30407523510971785,0.018808777429467086,0.4827586206896552,-0.006269592476489028,0.050156739811912224,-0.01567398119122257,0.07523510971786834,0.003789733905567084,0.046075009886864395,0.003983790114061107,0.2946708463949843,0.18181818181818182,0.109717868338558
bm25,M4_intersection,laplace|std0.5,dev,319,0.03283060958673214,0.7559553530113917,0.008797787013098737,0.8800454912794795,0.03426438744258731,0.7412328980179929,0.0438871473354232,0.27899686520376177,0.034482758620689655,0.49843260188087773,0.006269592476489028,0.06269592476489028,-0.003134796238244514,0.0877742946708464,0.017126327865176066,0.8700452187218263,0.005056363101289564,0.9302144485954954,0.017781980116165542,0.8632832746520686,0.0438871473354232,0.27899686520376177,0.034482758620689655,0.49843260188087773,0.006269592476489028,0.06269592476489028,-0.003134796238244514,0.0877742946708464,0.01863280071768921,0.04880625950026566,4.74011684984537e-05,0.15987460815047022,0.11598746081504702,0.0438871473354232
bm25,M4_intersection,laplace_eb_k2|std0.5,dev,319,0.029020665207626677,0.7521454086322863,0.009002786631868176,0.8802504908982489,0.03258549683613463,0.7395540074115403,0.03761755485893417,0.2727272727272727,0.02821316614420063,0.49216300940438873,0.003134796238244514,0.05956112852664577,-0.003134796238244514,0.0877742946708464,0.014686466384457196,0.8676053572411074,0.004762117578691823,0.9299202030728977,0.016015414758162063,0.8615167092940651,0.03761755485893417,0.2727272727272727,0.02821316614420063,0.49216300940438873,0.003134796238244514,0.05956112852664577,-0.003134796238244514,0.0877742946708464,0.016847332454867497,0.04338222489835326,8.927102347136882e-06,0.14420062695924765,0.10658307210031348,0.034482758620689655
bm25,M4_intersection,laplace_eb_k10|std0.5,dev,319,0.03053481816124393,0.7536595615859035,0.008232208628639532,0.8794799128950203,0.029043896701829188,0.7360124072772348,0.03761755485893417,0.2727272727272727,0.025078369905956112,0.4890282131661442,0.006269592476489028,0.06269592476489028,-0.003134796238244514,0.0877742946708464,0.016048754550820235,0.8689676454074704,0.004874227002122933,0.9300323124963288,0.014681411798471192,0.860182706334374,0.03761755485893417,0.2727272727272727,0.025078369905956112,0.4890282131661442,0.006269592476489028,0.06269592476489028,-0.003134796238244514,0.0877742946708464,0.017296461214466156,0.04491321697924577,2.376355646647043e-05,0.13793103448275862,0.09717868338557993,0.03761755485893417
bm25,M4_intersection,laplace|std1,dev,319,0.06975426174536768,0.7928790051700273,0.012090934247806155,0.8833386385141869,0.05183097865187263,0.7587994892272782,0.10031347962382445,0.335423197492163,0.03134796238244514,0.4952978056426332,0.003134796238244514,0.05956112852664577,-0.006269592476489028,0.08463949843260188,0.034430362307539555,0.8873492531641898,0.006348514818472548,0.9315066003126784,0.02647284925170827,0.8719741437876112,0.10031347962382445,0.335423197492163,0.03134796238244514,0.4952978056426332,0.003134796238244514,0.05956112852664577,-0.006269592476489028,0.08463949843260188,0.0508742518693816,0.08984271052138745,1.3496144132156033e-10,0.2664576802507837,0.21630094043887146,0.050156739811912224
bm25,M4_intersection,laplace_eb_k2|std1,dev,319,0.056376600807363335,0.779501344232023,0.012584358080053778,0.8838320623464345,0.054309532471398206,0.7612780430468039,0.08150470219435736,0.3166144200626959,0.03134796238244514,0.4952978056426332,0.006269592476489028,0.06269592476489028,-0.006269592476489028,0.08463949843260188,0.027895909678599676,0.8808148005352499,0.00644597738140429,0.9316040628756102,0.026332474203319012,0.8718337687392219,0.08150470219435736,0.3166144200626959,0.03134796238244514,0.4952978056426332,0.006269592476489028,0.06269592476489028,-0.006269592476489028,0.08463949843260188,0.0388514393969763,0.0756940509201404,8.440975084002274e-09,0.21316614420062696,0.16300940438871472,0.047021943573667714
bm25,M4_intersection,laplace_eb_k10|std1,dev,319,0.05661214715261071,0.7797368905772704,0.012188211503821107,0.8834359157702019,0.05185306357646063,0.7588215741518662,0.07523510971786834,0.3103448275862069,0.02821316614420063,0.49216300940438873,0.006269592476489028,0.06269592476489028,-0.003134796238244514,0.0877742946708464,0.02903451562675189,0.881953406483402,0.0065069157501746865,0.9316650012443806,0.025610884715770853,0.871112179251674,0.07523510971786834,0.3103448275862069,0.02821316614420063,0.49216300940438873,0.006269592476489028,0.06269592476489028,-0.003134796238244514,0.0877742946708464,0.0388049902423609,0.07586627238456356,1.832537747428378e-09,0.1974921630094044,0.15673981191222572,0.03761755485893417
bm25,M4_intersection,laplace|std2,dev,319,0.08646454300065773,0.8095892864253174,0.009936324808291134,0.8811840290746719,0.07371697244832882,0.7806854830237344,0.12539184952978055,0.3605015673981191,0.0219435736677116,0.48589341692789967,0.0,0.05642633228840126,-0.01567398119122257,0.07523510971786834,0.04168428541350888,0.8946031762701591,0.006047613475016292,0.9312056989692221,0.037138434114127324,0.8826397286500303,0.12539184952978055,0.3605015673981191,0.0219435736677116,0.48589341692789967,0.0,0.05642633228840126,-0.01567398119122257,0.07523510971786834,0.06248894424811239,0.10926858522523439,5.52369902979229e-11,0.3667711598746082,0.27899686520376177,0.0877742946708464
bm25,M4_intersection,laplace_eb_k2|std2,dev,319,0.07993497399957764,0.8030597174242372,0.015793415539690693,0.8870411198060715,0.08149811615262378,0.7884666267280295,0.109717868338558,0.3448275862068966,0.034482758620689655,0.49843260188087773,0.003134796238244514,0.05956112852664577,-0.009404388714733543,0.08150470219435736,0.03888819312974577,0.891807083986396,0.008720027989354628,0.9338781134835605,0.03950384356385114,0.8850051380997541,0.109717868338558,0.3448275862068966,0.034482758620689655,0.49843260188087773,0.003134796238244514,0.05956112852664577,-0.009404388714733543,0.08150470219435736,0.05811943958898813,0.1028758783728398,4.4196040235090225e-11,0.3103448275862069,0.23510971786833856,0.07210031347962383
bm25,M4_intersection,laplace_eb_k10|std2,dev,319,0.08533342504949779,0.8084581684741574,0.013575870695532677,0.8848235749619134,0.07424086987283257,0.7812093804482383,0.109717868338558,0.3448275862068966,0.03761755485893417,0.5015673981191222,0.0,0.05642633228840126,-0.009404388714733543,0.08150470219435736,0.04275005822271389,0.8956689490793641,0.007392353211824423,0.9325504387060303,0.03648685730736831,0.8819881518432713,0.109717868338558,0.3448275862068966,0.03761755485893417,0.5015673981191222,0.0,0.05642633228840126,-0.009404388714733543,0.08150470219435736,0.06397377822232844,0.1077051708901003,5.628110078162774e-12,0.31974921630094044,0.2476489028213166,0.06896551724137931
bm25,M5_backoff,laplace|std0.5,dev,319,0.038377396458742385,0.761502139883402,0.009936595037813098,0.8811842993041938,0.039699142188020634,0.7466676527634263,0.047021943573667714,0.28213166144200624,0.04075235109717868,0.5047021943573667,0.006269592476489028,0.06269592476489028,-0.003134796238244514,0.0877742946708464,0.019899725446880425,0.8728186163035306,0.005801761785644723,0.9309598472798506,0.01978911505223815,0.865290409588141,0.047021943573667714,0.28213166144200624,0.04075235109717868,0.5047021943573667,0.006269592476489028,0.06269592476489028,-0.003134796238244514,0.0877742946708464,0.023463252854758296,0.05478652179895149,1.5669201260056926e-06,0.15673981191222572,0.12225705329153605,0.034482758620689655
bm25,M5_backoff,laplace_eb_k2|std0.5,dev,319,0.03302468174957556,0.7561494251742352,0.009270360944413093,0.8805180652107938,0.03521666714985823,0.7421851777252639,0.04075235109717868,0.27586206896551724,0.034482758620689655,0.49843260188087773,0.003134796238244514,0.05956112852664577,-0.003134796238244514,0.0877742946708464,0.016540362356598476,0.8694592532132487,0.004866554071910703,0.9300246395661166,0.017098075525140314,0.8625993700610433,0.04075235109717868,0.27586206896551724,0.034482758620689655,0.49843260188087773,0.003134796238244514,0.05956112852664577,-0.003134796238244514,0.0877742946708464,0.02011506896594475,0.04801412674315204,1.369371305103974e-06,0.15673981191222572,0.11598746081504702,0.03761755485893417
bm25,M5_backoff,laplace_eb_k10|std0.5,dev,319,0.03426596914712912,0.7573907125717887,0.00801769253975919,0.8792653968061399,0.030319392407856017,0.7372879029832617,0.04075235109717868,0.27586206896551724,0.02821316614420063,0.49216300940438873,0.006269592476489028,0.06269592476489028,-0.003134796238244514,0.0877742946708464,0.017838865518569946,0.8707577563752201,0.004879062639134805,0.9300371481333407,0.015107391994201278,0.8606086865301042,0.04075235109717868,0.27586206896551724,0.02821316614420063,0.49216300940438873,0.006269592476489028,0.06269592476489028,-0.003134796238244514,0.0877742946708464,0.020500010644380576,0.04931951991069278,5.082734519401682e-06,0.14733542319749215,0.10658307210031348,0.03761755485893417
bm25,M5_backoff,laplace|std1,dev,319,0.07408602054589968,0.7972107639705593,0.012322756704118185,0.883570460970499,0.06176168414410845,0.7687301947195141,0.10031347962382445,0.335423197492163,0.03761755485893417,0.5015673981191222,0.003134796238244514,0.05956112852664577,-0.006269592476489028,0.08463949843260188,0.03679020922385787,0.8897091000805081,0.0067791886464181736,0.931937274140624,0.03049531704206078,0.8759966115779638,0.10031347962382445,0.335423197492163,0.03761755485893417,0.5015673981191222,0.003134796238244514,0.05956112852664577,-0.006269592476489028,0.08463949843260188,0.05495930619794747,0.09406910818946024,6.268917877034974e-12,0.2727272727272727,0.22570532915360503,0.047021943573667714
bm25,M5_backoff,laplace_eb_k2|std1,dev,319,0.05976057937806677,0.7828853228027264,0.010622707980927255,0.881870412247308,0.05371856350264859,0.7606870740780544,0.08463949843260188,0.31974921630094044,0.03761755485893417,0.5015673981191222,0.006269592476489028,0.06269592476489028,-0.006269592476489028,0.08463949843260188,0.02956766618830283,0.882486557044953,0.006190206376736441,0.9313482918709423,0.026347210377361336,0.8718485049132644,0.08463949843260188,0.31974921630094044,0.03761755485893417,0.5015673981191222,0.006269592476489028,0.06269592476489028,-0.006269592476489028,0.08463949843260188,0.04212808575025733,0.07921244273528597,2.802226042822631e-09,0.22884012539184953,0.1724137931034483,0.05329153605015674
bm25,M5_backoff,laplace_eb_k10|std1,dev,319,0.05966492644204615,0.7827896698667057,0.012056032598579191,0.8833037368649599,0.0533002709888132,0.7602687815642188,0.07836990595611286,0.31347962382445144,0.034482758620689655,0.49843260188087773,0.006269592476489028,0.06269592476489028,-0.003134796238244514,0.0877742946708464,0.030578660460475096,0.8834975513171253,0.006537527873598296,0.9316956133678042,0.026260188025740618,0.8717614825616435,0.07836990595611286,0.31347962382445144,0.034482758620689655,0.49843260188087773,0.006269592476489028,0.06269592476489028,-0.003134796238244514,0.0877742946708464,0.041186334984523,0.07957433331816173,9.5600227050737e-10,0.21003134796238246,0.16300940438871472,0.0438871473354232
bm25,M5_backoff,laplace|std2,dev,319,0.09662488763889175,0.8197496310635514,0.014270255184472542,0.8855179594508533,0.08489811803187977,0.7918666286072855,0.14106583072100312,0.3761755485893417,0.03134796238244514,0.4952978056426332,0.003134796238244514,0.05956112852664577,-0.01567398119122257,0.07523510971786834,0.04757067075343715,0.9004895616100873,0.007925645871595903,0.9330837313658018,0.041423171702597204,0.8869244662385002,0.14106583072100312,0.3761755485893417,0.03134796238244514,0.4952978056426332,0.003134796238244514,0.05956112852664577,-0.01567398119122257,0.07523510971786834,0.07211444692096461,0.11957234355115963,1.5236502331212015e-12,0.3887147335423197,0.2946708463949843,0.09090909090909091
bm25,M5_backoff,laplace_eb_k2|std2,dev,319,0.08077736789810247,0.8039021113227621,0.010052417653107718,0.8813001219194885,0.07461508205656814,0.7815835926319739,0.10658307210031348,0.34169278996865204,0.034482758620689655,0.49843260188087773,0.003134796238244514,0.05956112852664577,-0.009404388714733543,0.08150470219435736,0.04081771039290114,0.8937366012495513,0.006659532882576826,0.9318176183767827,0.03625660669467292,0.8817579012305761,0.10658307210031348,0.34169278996865204,0.034482758620689655,0.49843260188087773,0.003134796238244514,0.05956112852664577,-0.009404388714733543,0.08150470219435736,0.05819815517312681,0.10421633575882376,4.797229638405594e-11,0.322884012539185,0.23824451410658307,0.07836990595611286
bm25,M5_backoff,laplace_eb_k10|std2,dev,319,0.08651225486052073,0.8096369982851803,0.010627150629007704,0.8818748548953884,0.07196596087741908,0.7789344714528248,0.109717868338558,0.3448275862068966,0.0438871473354232,0.5078369905956113,0.0,0.05642633228840126,-0.009404388714733543,0.08150470219435736,0.04327591207333867,0.8961948029299889,0.006583267244799384,0.9317413527390053,0.03528030944468459,0.8807816039805876,0.109717868338558,0.3448275862068966,0.0438871473354232,0.5078369905956113,0.0,0.05642633228840126,-0.009404388714733543,0.08150470219435736,0.064700662647155,0.10912684388283557,6.820027230089001e-12,0.3510971786833856,0.26332288401253917,0.08463949843260188
hybrid_rrf,none,laplace|abs,dev,319,0.0,0.7878436350430067,0.0,0.8765546302997207,0.0,0.7573637547374332,0.0,0.30094043887147337,0.0,0.45454545454545453,0.0,0.05956112852664577,0.0,0.08463949843260188,0.0,0.8845985823290475,0.0,0.927500850261192,0.0,0.8689834177494049,0.0,0.30094043887147337,0.0,0.45454545454545453,0.0,0.05956112852664577,0.0,0.08463949843260188,0.0,0.0,,0.0,0.0,0.0
hybrid_rrf,M1_global,laplace|std0.5,dev,319,0.0036541037378266315,0.7914977387808333,-0.0012064180964586502,0.875348212203262,0.0005634331170668065,0.7579271878545,-0.003134796238244514,0.29780564263322884,0.003134796238244514,0.45768025078369906,0.0,0.05956112852664577,0.0,0.08463949843260188,0.002121347431852526,0.8867199297609001,-0.0005307792683006454,0.9269700709928913,0.0002643989731899251,0.8692478167225949,-0.003134796238244514,0.29780564263322884,0.003134796238244514,0.45768025078369906,0.0,0.05956112852664577,0.0,0.08463949843260188,-0.003919336689069727,0.011991720200519196,0.17054177772143564,0.12539184952978055,0.07836990595611286,0.04075235109717868
hybrid_rrf,M1_global,laplace_eb_k2|std0.5,dev,319,0.008722609907482111,0.7965662449504888,-0.0015752501435414377,0.8749793801561792,0.005379570263867096,0.7627433250013003,-0.003134796238244514,0.29780564263322884,0.009404388714733543,0.46394984326018807,-0.009404388714733543,0.050156739811912224,0.0,0.08463949843260188,0.005501400714383977,0.8900999830434315,-0.000578872182152488,0.9269219780790394,0.0028738816330051717,0.8718572993824101,-0.003134796238244514,0.29780564263322884,0.009404388714733543,0.46394984326018807,-0.009404388714733543,0.050156739811912224,0.0,0.08463949843260188,-0.006327979567936595,0.025024416800997096,0.23265433336584584,0.2664576802507837,0.14420062695924765,0.109717868338558
hybrid_rrf,M1_global,laplace_eb_k10|std0.5,dev,319,0.011551321253507489,0.7993949562965142,-0.00172786512718679,0.8748267651725339,0.005466442795756471,0.7628301975331897,0.0,0.30094043887147337,0.009404388714733543,0.46394984326018807,-0.009404388714733543,0.050156739811912224,0.0,0.08463949843260188,0.006759238467321127,0.8913578207963686,-0.0007412445769414633,0.9267596056842505,0.002871392886840437,0.8718548106362453,0.0,0.30094043887147337,0.009404388714733543,0.46394984326018807,-0.009404388714733543,0.050156739811912224,0.0,0.08463949843260188,-0.002647805587625055,0.027022866605778094,0.14286886967101994,0.2507836990595611,0.13793103448275862,0.10031347962382445
hybrid_rrf,M1_global,laplace|std1,dev,319,0.0024978872797332212,0.7903415223227399,-0.004221674323455667,0.8723329559762649,0.0009635804004990587,0.7583273351379323,-0.006269592476489028,0.2946708463949843,0.006269592476489028,0.4608150470219436,-0.018808777429467086,0.04075235109717868,0.0,0.08463949843260188,0.0021007728053484592,0.886699355134396,-0.0021613308441676316,0.9253395194170243,0.0006360391464352987,0.8696194568958402,-0.006269592476489028,0.2946708463949843,0.006269592476489028,0.4608150470219436,-0.018808777429467086,0.04075235109717868,0.0,0.08463949843260188,-0.010510696056751435,0.016000743096454943,0.8053858103286682,0.23510971786833856,0.11598746081504702,0.10658307210031348
hybrid_rrf,M1_global,laplace_eb_k2|std1,dev,319,-0.00523014567488787,0.7826134893681188,-0.01064526072490178,0.8659093695748189,0.004437766483398068,0.7618015212208313,-0.025078369905956112,0.27586206896551724,0.003134796238244514,0.45768025078369906,-0.025078369905956112,0.034482758620689655,-0.006269592476489028,0.07836990595611286,-0.0026155466383153744,0.8819830356907321,-0.004666271347984625,0.9228345789132073,0.0032453143671388536,0.8722287321165437,-0.025078369905956112,0.27586206896551724,0.003134796238244514,0.45768025078369906,-0.025078369905956112,0.034482758620689655,-0.006269592476489028,0.07836990595611286,-0.025791583678518717,0.015624641426211235,0.24974279358342932,0.43260188087774293,0.18495297805642633,0.23197492163009403
hybrid_rrf,M1_global,laplace_eb_k10|std1,dev,319,-0.002383846754564387,0.7854597882884423,-0.008600550572326565,0.8679540797273941,0.004563309084098542,0.7619270638215317,-0.0219435736677116,0.27899686520376177,0.0,0.45454545454545453,-0.0219435736677116,0.03761755485893417,-0.006269592476489028,0.07836990595611286,-0.0008694819148431377,0.8837291004142044,-0.0040236660118760734,0.9234771842493159,0.0031081861276237937,0.8720916038770287,-0.0219435736677116,0.27899686520376177,0.0,0.45454545454545453,-0.0219435736677116,0.03761755485893417,-0.006269592476489028,0.07836990595611286,-0.0223757982563496,0.017378557494441543,0.4215903689025252,0.41379310344827586,0.18495297805642633,0.21316614420062696
hybrid_rrf,M1_global,laplace|std2,dev,319,-0.007313741575401031,0.7805298934676057,-0.006456302578172713,0.8700983277215479,-0.002264664062885655,0.7550990906745476,-0.03761755485893417,0.26332288401253917,0.006269592476489028,0.4608150470219436,-0.03134796238244514,0.02821316614420063,-0.006269592476489028,0.07836990595611286,-0.004577502561587152,0.8800210797674604,-0.003516392928305838,0.9239844573328861,-0.0010741378633206174,0.8679092798860841,-0.03761755485893417,0.26332288401253917,0.006269592476489028,0.4608150470219436,-0.03134796238244514,0.02821316614420063,-0.006269592476489028,0.07836990595611286,-0.02495222106681068,0.011228261794602979,0.2892299191755968,0.4012539184952978,0.1724137931034483,0.21630094043887146
hybrid_rrf,M1_global,laplace_eb_k2|std2,dev,319,-0.043967804191254525,0.7438758308517521,-0.01876980766980999,0.8577848226299106,-0.007570054131008242,0.749793700606425,-0.05956112852664577,0.2413793103448276,-0.009404388714733543,0.445141065830721,-0.04075235109717868,0.018808777429467086,-0.0219435736677116,0.06269592476489028,-0.021587827549459045,0.8630107547795884,-0.009935947514626673,0.9175649027465653,-0.002439989752156606,0.8665434279972483,-0.05956112852664577,0.2413793103448276,-0.009404388714733543,0.445141065830721,-0.04075235109717868,0.018808777429467086,-0.0219435736677116,0.06269592476489028,-0.07004707054553266,-0.01856174654616365,0.0010906676090740725,0.6363636363636364,0.25705329153605017,0.3573667711598746
hybrid_rrf,M1_global,laplace_eb_k10|std2,dev,319,-0.03752998876907982,0.7503136462739268,-0.018400501588295246,0.8581541287114254,-0.0048082473918468595,0.7525555073455864,-0.050156739811912224,0.2507836990595611,-0.01567398119122257,0.438871473354232,-0.034482758620689655,0.025078369905956112,-0.018808777429467086,0.06583072100313479,-0.018346951392750756,0.8662516309362968,-0.009092312714896605,0.9184085375462954,-0.0011461586787782836,0.8678372590706265,-0.050156739811912224,0.2507836990595611,-0.01567398119122257,0.438871473354232,-0.034482758620689655,0.025078369905956112,-0.018808777429467086,0.06583072100313479,-0.06356705545818543,-0.013023584183060287,0.003691909798188269,0.6018808777429467,0.2476489028213166,0.3322884012539185
hybrid_rrf,M2_team,laplace|std0.5,dev,319,0.021950947430253404,0.8097945824732601,0.00010404967028519203,0.8766586799700058,0.018947120655479852,0.7763108753929131,0.0219435736677116,0.322884012539185,0.018808777429467086,0.47335423197492166,-0.006269592476489028,0.05329153605015674,0.003134796238244514,0.0877742946708464,0.009994370156321031,0.8945929524853685,7.278810847889294e-05,0.9275736383696709,0.009356713556570693,0.8783401313059758,0.0219435736677116,0.322884012539185,0.018808777429467086,0.47335423197492166,-0.006269592476489028,0.05329153605015674,0.003134796238244514,0.0877742946708464,0.005425428965809203,0.03881252388817295,0.01796875234721689,0.30407523510971785,0.1755485893416928,0.11912225705329153
hybrid_rrf,M2_team,laplace_eb_k2|std0.5,dev,319,0.03421186980408934,0.822055504847096,-0.0001570041463666575,0.876397626153354,0.023019651706596155,0.7803834064440294,0.03134796238244514,0.3322884012539185,0.01567398119122257,0.4702194357366771,-0.003134796238244514,0.05642633228840126,0.003134796238244514,0.0877742946708464,0.016726072025149592,0.9013246543541971,-0.00027596128397974474,0.9272248889772122,0.01138252374894193,0.8803659414983468,0.03134796238244514,0.3322884012539185,0.01567398119122257,0.4702194357366771,-0.003134796238244514,0.05642633228840126,0.003134796238244514,0.0877742946708464,0.017507214447757855,0.05294748217241143,0.0001704363046697158,0.26332288401253917,0.1755485893416928,0.08463949843260188
hybrid_rrf,M2_team,laplace_eb_k10|std0.5,dev,319,0.034422130490358346,0.8222657655333651,0.0008426999971037001,0.8773973302968243,0.019287964211175436,0.7766517189486086,0.03761755485893417,0.3385579937304075,0.018808777429467086,0.47335423197492166,0.0,0.05956112852664577,0.003134796238244514,0.0877742946708464,0.0168637075581147,0.9014622898871623,-2.2811762591514468e-05,0.9274780384986004,0.0093534055174705,0.8783368232668753,0.03761755485893417,0.3385579937304075,0.018808777429467086,0.47335423197492166,0.0,0.05956112852664577,0.003134796238244514,0.0877742946708464,0.0189648507781864,0.052513918373441805,0.00010381266481795771,0.23510971786833856,0.16300940438871472,0.06896551724137931
hybrid_rrf,M2_team,laplace|std1,dev,319,0.024675234988752202,0.8125188700317589,-0.0001892515671290574,0.8763653787325916,0.027925671721140046,0.7852894264585734,0.02821316614420063,0.329153605015674,0.0219435736677116,0.47648902821316613,-0.009404388714733543,0.050156739811912224,-0.003134796238244514,0.08150470219435736,0.012511881074187898,0.8971104634032354,-0.0003116373731798513,0.9271892128880121,0.013121318929247726,0.8821047366786525,0.02821316614420063,0.329153605015674,0.0219435736677116,0.47648902821316613,-0.009404388714733543,0.050156739811912224,-0.003134796238244514,0.08150470219435736,0.006184504491782114,0.04409576603050888,0.07948135268029802,0.47962382445141066,0.25705329153605017,0.1974921630094044
hybrid_rrf,M2_team,laplace_eb_k2|std1,dev,319,0.024358714122009874,0.8122023491650165,0.0025217081872647086,0.8790763384869853,0.036668782094989825,0.794032536832423,0.025078369905956112,0.32601880877742945,0.025078369905956112,0.47962382445141066,-0.01567398119122257,0.0438871473354232,-0.003134796238244514,0.08150470219435736,0.011641743975373271,0.8962403263044207,0.0008892958814447576,0.9283901461426367,0.01769250110025316,0.8866759188496581,0.025078369905956112,0.32601880877742945,0.025078369905956112,0.47962382445141066,-0.01567398119122257,0.0438871473354232,-0.003134796238244514,0.08150470219435736,0.004536699281777708,0.044334861347130654,0.04238271702197158,0.4200626959247649,0.23824451410658307,0.16927899686520376
hybrid_rrf,M2_team,laplace_eb_k10|std1,dev,319,0.028983727120867345,0.8168273621638741,0.0030049122986748676,0.8795595425983955,0.03384275882268401,0.7912065135601173,0.03761755485893417,0.3385579937304075,0.03134796238244514,0.48589341692789967,-0.003134796238244514,0.05642633228840126,0.0,0.08463949843260188,0.014952359808649762,0.8995509421376973,0.0010865762315947435,0.9285874264927867,0.016615306751855116,0.8855987245012602,0.03761755485893417,0.3385579937304075,0.03134796238244514,0.48589341692789967,-0.003134796238244514,0.05642633228840126,0.0,0.08463949843260188,0.010345919252165993,0.04877127218045597,0.009438445191602678,0.40752351097178685,0.2413793103448276,0.15047021943573669
hybrid_rrf,M2_team,laplace|std2,dev,319,0.01108781001924721,0.7989314450622539,-0.0028949368242933457,0.8736596934754273,0.024551262268592198,0.7819150170060255,0.018808777429467086,0.31974921630094044,0.012539184952978056,0.4670846394984326,-0.04075235109717868,0.018808777429467086,-0.009404388714733543,0.07523510971786834,0.005182264180018984,0.8897808465090665,-0.0008856107635557838,0.9266152394976361,0.012107540204607211,0.881090957954012,0.018808777429467086,0.31974921630094044,0.012539184952978056,0.4670846394984326,-0.04075235109717868,0.018808777429467086,-0.009404388714733543,0.07523510971786834,-0.010975462864780782,0.033392457591609144,0.8510727002242943,0.6833855799373041,0.3103448275862069,0.3385579937304075
hybrid_rrf,M2_team,laplace_eb_k2|std2,dev,319,0.015602369059963286,0.80344600410297,-0.0005681709062343107,0.8759864593934863,0.03988933523994254,0.7972530899773759,0.0219435736677116,0.322884012539185,0.018808777429467086,0.47335423197492166,-0.02821316614420063,0.03134796238244514,-0.006269592476489028,0.07836990595611286,0.007801133076599026,0.8923997154056466,-0.0002852818435262363,0.9272155684176657,0.019283260764746832,0.8882666785141518,0.0219435736677116,0.322884012539185,0.018808777429467086,0.47335423197492166,-0.02821316614420063,0.03134796238244514,-0.006269592476489028,0.07836990595611286,-0.006115298190367259,0.03829768239973013,0.7358580097733147,0.5454545454545454,0.2601880877742947,0.2664576802507837
hybrid_rrf,M2_team,laplace_eb_k10|std2,dev,319,0.014039028447623537,0.8018826634906302,-0.003660600854311617,0.8728940294454091,0.038155398085760094,0.7955191528231933,0.01567398119122257,0.3166144200626959,0.018808777429467086,0.47335423197492166,-0.02821316614420063,0.03134796238244514,-0.003134796238244514,0.08150470219435736,0.007624083738715671,0.8922226660677632,-0.0016683716572190527,0.9258324786039729,0.01831868552488967,0.8873021032742946,0.01567398119122257,0.3166144200626959,0.018808777429467086,0.47335423197492166,-0.02821316614420063,0.03134796238244514,-0.003134796238244514,0.08150470219435736,-0.0076740445574996615,0.036513260328050315,0.8571092416586308,0.5956112852664577,0.28213166144200624,0.27899686520376177
hybrid_rrf,M3_class,laplace|std0.5,dev,319,0.015421250350422994,0.8032648853934297,0.01037638725531886,0.8869310175550396,0.015505229987694553,0.7728689847251277,0.018808777429467086,0.31974921630094044,0.034482758620689655,0.4890282131661442,-0.009404388714733543,0.050156739811912224,0.003134796238244514,0.0877742946708464,0.006363803503281644,0.8909623858323291,0.005139641440400509,0.9326404917015925,0.007187505482132533,0.8761709232315373,0.018808777429467086,0.31974921630094044,0.034482758620689655,0.4890282131661442,-0.009404388714733543,0.050156739811912224,0.003134796238244514,0.0877742946708464,-0.0019089342156267462,0.03352265893992584,0.07681093048980193,0.2445141065830721,0.14420062695924765,0.09717868338557993
hybrid_rrf,M3_class,laplace_eb_k2|std0.5,dev,319,0.021770143303377874,0.8096137783463846,0.007020622304988132,0.8835752526047088,0.01811948224762017,0.7754832369850535,0.0219435736677116,0.322884012539185,0.025078369905956112,0.47962382445141066,-0.012539184952978056,0.047021943573667714,0.003134796238244514,0.0877742946708464,0.00942345715615443,0.894022039485202,0.003446326360433453,0.9309471766216254,0.008457524014117203,0.8774409417635222,0.0219435736677116,0.322884012539185,0.025078369905956112,0.47962382445141066,-0.012539184952978056,0.047021943573667714,0.003134796238244514,0.0877742946708464,0.005139126426607465,0.038508353596056887,0.008666989092384624,0.2413793103448276,0.1536050156739812,0.08463949843260188
hybrid_rrf,M3_class,laplace_eb_k10|std0.5,dev,319,0.02205232682646629,0.809895961869473,0.007188221690796759,0.8837428519905174,0.016066599910535783,0.773430354647969,0.025078369905956112,0.32601880877742945,0.0219435736677116,0.47648902821316613,-0.009404388714733543,0.050156739811912224,0.003134796238244514,0.0877742946708464,0.009481607372857933,0.8940801897019054,0.003434070785964918,0.9309349210471569,0.0074261011374781504,0.8764095188868831,0.025078369905956112,0.32601880877742945,0.0219435736677116,0.47648902821316613,-0.009404388714733543,0.050156739811912224,0.003134796238244514,0.0877742946708464,0.005414842319058775,0.03876339815977412,0.006448458820289864,0.2445141065830721,0.15673981191222572,0.08463949843260188
hybrid_rrf,M3_class,laplace|std1,dev,319,-0.004222761454253361,0.7836208735887533,0.008046691881078163,0.8846013221807988,0.015234278574539201,0.7725980333119725,0.025078369905956112,0.32601880877742945,0.0438871473354232,0.49843260188087773,-0.0219435736677116,0.03761755485893417,-0.003134796238244514,0.08150470219435736,-0.0032824475937128813,0.8813161347353347,0.0034361582564709703,0.9309370085176629,0.0068585656092832094,0.8758419833586882,0.025078369905956112,0.32601880877742945,0.0438871473354232,0.49843260188087773,-0.0219435736677116,0.03761755485893417,-0.003134796238244514,0.08150470219435736,-0.02797012736080769,0.018769035918118387,0.8254647360145314,0.39184952978056425,0.19122257053291536,0.2006269592476489
hybrid_rrf,M3_class,laplace_eb_k2|std1,dev,319,0.016596638109990423,0.8044402731529972,0.011579864591266668,0.8881344948909873,0.02594374982073763,0.7833075045581709,0.025078369905956112,0.32601880877742945,0.0438871473354232,0.49843260188087773,-0.025078369905956112,0.034482758620689655,0.0,0.08463949843260188,0.006331704813858558,0.8909302871429061,0.0057140422465285536,0.9332148925077205,0.01194173364803709,0.880925151397442,0.025078369905956112,0.32601880877742945,0.0438871473354232,0.49843260188087773,-0.025078369905956112,0.034482758620689655,0.0,0.08463949843260188,-0.0033115737490519463,0.036361251731744725,0.06212537298001027,0.34796238244514105,0.20376175548589343,0.14420062695924765
hybrid_rrf,M3_class,laplace_eb_k10|std1,dev,319,0.014983136685664377,0.8028267717286711,0.010836325422349769,0.8873909557220704,0.02226886013084818,0.7796326148682814,0.02821316614420063,0.329153605015674,0.04075235109717868,0.4952978056426332,-0.012539184952978056,0.047021943573667714,0.0,0.08463949843260188,0.0059997768237673,0.8905983591528148,0.005494532353452007,0.932995382614644,0.01001420273302491,0.8789976204824297,0.02821316614420063,0.329153605015674,0.04075235109717868,0.4952978056426332,-0.012539184952978056,0.047021943573667714,0.0,0.08463949843260188,-0.00490860804378239,0.03471493286702513,0.10491897405355709,0.3385579937304075,0.1974921630094044,0.14106583072100312
hybrid_rrf,M3_class,laplace|std2,dev,319,-0.014804575744093773,0.7730390592989129,-0.01825076210835137,0.8583038681913693,0.0027150216310936103,0.7600787763685268,0.0219435736677116,0.322884012539185,0.02821316614420063,0.4827586206896552,-0.02821316614420063,0.03134796238244514,-0.006269592476489028,0.07836990595611286,-0.008972463749792882,0.8756261185792547,-0.009953668498693962,0.917547181762498,0.0008784543010508403,0.8698618720504558,0.0219435736677116,0.322884012539185,0.02821316614420063,0.4827586206896552,-0.02821316614420063,0.03134796238244514,-0.006269592476489028,0.07836990595611286,-0.04252300321541984,0.011807664128773602,0.1751731521086336,0.5360501567398119,0.22884012539184953,0.3072100313479624
hybrid_rrf,M3_class,laplace_eb_k2|std2,dev,319,-0.001544602518918746,0.786299032524088,-0.00042681592198374877,0.8761278143777369,0.014181722588486809,0.7715454773259199,0.034482758620689655,0.335423197492163,0.034482758620689655,0.4890282131661442,-0.0219435736677116,0.03761755485893417,-0.006269592476489028,0.07836990595611286,-0.0015052235612301244,0.8830933587678174,-0.0012449106452607063,0.9262559396159312,0.006433422905524323,0.8754168406549293,0.034482758620689655,0.335423197492163,0.034482758620689655,0.4890282131661442,-0.0219435736677116,0.03761755485893417,-0.006269592476489028,0.07836990595611286,-0.02876460262950872,0.0231745670628398,0.9563902921692333,0.4952978056426332,0.2445141065830721,0.2507836990595611
hybrid_rrf,M3_class,laplace_eb_k10|std2,dev,319,-0.00680369951508262,0.7810399355279241,-0.0010118310260922184,0.8755427992736284,0.01056783132511994,0.7679315860625532,0.034482758620689655,0.335423197492163,0.034482758620689655,0.4890282131661442,-0.0219435736677116,0.03761755485893417,-0.009404388714733543,0.07523510971786834,-0.003729812964376611,0.8808687693646708,-0.0019691147400667675,0.9255317355211252,0.004849824187897591,0.8738332419373024,0.034482758620689655,0.335423197492163,0.034482758620689655,0.4890282131661442,-0.0219435736677116,0.03761755485893417,-0.009404388714733543,0.07523510971786834,-0.03408814512169847,0.01916041662653785,0.6602691641575803,0.5015673981191222,0.2445141065830721,0.25705329153605017
hybrid_rrf,M4_intersection,laplace|std0.5,dev,319,0.035140688563215325,0.822984323606222,0.007927911595491033,0.8844825418952117,0.02895339127384757,0.7863171460112808,0.05329153605015674,0.3542319749216301,0.034482758620689655,0.4890282131661442,-0.009404388714733543,0.050156739811912224,0.003134796238244514,0.0877742946708464,0.017343655649023744,0.9019422379780713,0.004127778977062261,0.9316286292382542,0.014425508822766966,0.883408926572172,0.05329153605015674,0.3542319749216301,0.034482758620689655,0.4890282131661442,-0.009404388714733543,0.050156739811912224,0.003134796238244514,0.0877742946708464,0.019226263707567904,0.052832833629650355,0.00017636084024464827,0.26332288401253917,0.1786833855799373,0.08463949843260188
hybrid_rrf,M4_intersection,laplace_eb_k2|std0.5,dev,319,0.03693230076456518,0.8247759358075719,0.0074946919578743575,0.884049322257595,0.02761270160024817,0.7849764563376814,0.047021943573667714,0.34796238244514105,0.03134796238244514,0.48589341692789967,-0.006269592476489028,0.05329153605015674,0.003134796238244514,0.0877742946708464,0.017532305283979935,0.9021308876130274,0.003862489914071971,0.9313633401752639,0.013537119361674151,0.882520537111079,0.047021943573667714,0.34796238244514105,0.03134796238244514,0.48589341692789967,-0.006269592476489028,0.05329153605015674,0.003134796238244514,0.0877742946708464,0.021729588552982456,0.054016266473595226,1.1492316052964462e-05,0.2006269592476489,0.14733542319749215,0.05329153605015674
hybrid_rrf,M4_intersection,laplace_eb_k10|std0.5,dev,319,0.03802806209060466,0.8258716971336114,0.005071217176682523,0.8816258474764032,0.023183488504826835,0.7805472432422601,0.050156739811912224,0.3510971786833856,0.02821316614420063,0.4827586206896552,-0.003134796238244514,0.05642633228840126,0.003134796238244514,0.0877742946708464,0.01832235775023792,0.9029209400792855,0.0027120950453707418,0.9302129453065627,0.01147962212562561,0.8804630398750305,0.050156739811912224,0.3510971786833856,0.02821316614420063,0.4827586206896552,-0.003134796238244514,0.05642633228840126,0.003134796238244514,0.0877742946708464,0.022931714485571675,0.05502185232610345,2.945014037380471e-06,0.18808777429467086,0.14733542319749215,0.04075235109717868
hybrid_rrf,M4_intersection,laplace|std1,dev,319,0.04345310516772225,0.831296740210729,0.011142740055311436,0.887697370355032,0.045343900845622565,0.8027076555830558,0.06269592476489028,0.36363636363636365,0.05329153605015674,0.5078369905956113,-0.018808777429467086,0.04075235109717868,-0.003134796238244514,0.08150470219435736,0.02062711895072722,0.9052257012797748,0.00591398014170249,0.9334148304028944,0.02229047839918107,0.891273896148586,0.06269592476489028,0.36363636363636365,0.05329153605015674,0.5078369905956113,-0.018808777429467086,0.04075235109717868,-0.003134796238244514,0.08150470219435736,0.025544911785325662,0.06285676137897472,0.00015862885388254257,0.40752351097178685,0.2601880877742947,0.14733542319749215
hybrid_rrf,M4_intersection,laplace_eb_k2|std1,dev,319,0.0403706109542458,0.8282142459972525,0.013426904020638302,0.889981534320359,0.043806643737334075,0.8011703984747672,0.050156739811912224,0.3510971786833856,0.05329153605015674,0.5078369905956113,-0.006269592476489028,0.05329153605015674,-0.003134796238244514,0.08150470219435736,0.0188250429577962,0.9034236252868437,0.0064644256729317305,0.9339652759341237,0.021216667987709884,0.8902000857371146,0.050156739811912224,0.3510971786833856,0.05329153605015674,0.5078369905956113,-0.006269592476489028,0.05329153605015674,-0.003134796238244514,0.08150470219435736,0.024581345594648658,0.057813647557575454,1.0325402092165326e-05,0.2664576802507837,0.18495297805642633,0.08150470219435736
hybrid_rrf,M4_intersection,laplace_eb_k10|std1,dev,319,0.041288201945328784,0.8291318369883355,0.011570727750425428,0.888125358050146,0.03721502220789467,0.7945787769453279,0.05329153605015674,0.3542319749216301,0.04075235109717868,0.4952978056426332,-0.006269592476489028,0.05329153605015674,0.0,0.08463949843260188,0.02071091784952576,0.9053095001785733,0.006039733610183094,0.9335405838713751,0.01813379485031654,0.8871172125997214,0.05329153605015674,0.3542319749216301,0.04075235109717868,0.4952978056426332,-0.006269592476489028,0.05329153605015674,0.0,0.08463949843260188,0.024375765663235915,0.05888510358207462,2.090635246120595e-05,0.29153605015673983,0.20376175548589343,0.0877742946708464
hybrid_rrf,M4_intersection,laplace|std2,dev,319,0.039200002753809325,0.827043637796816,0.01016713477974775,0.8867217650794684,0.05553659670124981,0.812900351438683,0.05956112852664577,0.3605015673981191,0.0438871473354232,0.49843260188087773,-0.018808777429467086,0.04075235109717868,-0.009404388714733543,0.07523510971786834,0.018732015802568776,0.9033305981316163,0.005549339665140852,0.9330501899263328,0.027512349678804882,0.8964957674282098,0.05956112852664577,0.3605015673981191,0.0438871473354232,0.49843260188087773,-0.018808777429467086,0.04075235109717868,-0.009404388714733543,0.07523510971786834,0.01795652336076042,0.061052377586804756,0.023163182668911583,0.5141065830721003,0.26332288401253917,0.2507836990595611
hybrid_rrf,M4_intersection,laplace_eb_k2|std2,dev,319,0.049522272705284406,0.8373659077482911,0.02082012589074975,0.8973747561904704,0.056817667527258586,0.8141814222646919,0.05956112852664577,0.3605015673981191,0.07210031347962383,0.5266457680250783,-0.01567398119122257,0.0438871473354232,-0.003134796238244514,0.08150470219435736,0.024162581534968648,0.9087611638640162,0.010236017195782317,0.9377368674569743,0.0273006171455204,0.8962840348949254,0.05956112852664577,0.3605015673981191,0.07210031347962383,0.5266457680250783,-0.01567398119122257,0.0438871473354232,-0.003134796238244514,0.08150470219435736,0.030569311763892725,0.07037498314505834,0.00014711908915133443,0.36990595611285265,0.21316614420062696,0.15673981191222572
hybrid_rrf,M4_intersection,laplace_eb_k10|std2,dev,319,0.04623842561693401,0.8340820606599407,0.01646113788072592,0.8930157681804466,0.05381267905515563,0.811176433792589,0.07210031347962383,0.3730407523510972,0.05329153605015674,0.5078369905956113,-0.01567398119122257,0.0438871473354232,-0.003134796238244514,0.08150470219435736,0.023618238099316444,0.9082168204283639,0.008147596378685165,0.9356484466398771,0.025962821368513436,0.8949462391179184,0.07210031347962383,0.3730407523510972,0.05329153605015674,0.5078369905956113,-0.01567398119122257,0.0438871473354232,-0.003134796238244514,0.08150470219435736,0.026593278601859057,0.06767498247302063,0.0013202909257684996,0.4106583072100313,0.2445141065830721,0.16614420062695925
hybrid_rrf,M5_backoff,laplace|std0.5,dev,319,0.03183907718867717,0.8196827122316839,0.006149696892705457,0.8827043271924261,0.028832332617063135,0.7861960873544964,0.0438871473354232,0.3448275862068966,0.034482758620689655,0.4890282131661442,-0.01567398119122257,0.0438871473354232,0.003134796238244514,0.0877742946708464,0.015594568278722255,0.9001931506077697,0.003083695625436717,0.9305845458866286,0.014414698072361723,0.8833981158217666,0.0438871473354232,0.3448275862068966,0.034482758620689655,0.4890282131661442,-0.01567398119122257,0.0438871473354232,0.003134796238244514,0.0877742946708464,0.015099059733150521,0.05061864030772241,0.0025846333870849485,0.27899686520376177,0.1755485893416928,0.10344827586206896
hybrid_rrf,M5_backoff,laplace_eb_k2|std0.5,dev,319,0.034103174194646854,0.8219468092376535,0.006175505937453721,0.8827301362371743,0.027499448402921987,0.7848632031403552,0.04075235109717868,0.34169278996865204,0.03134796238244514,0.48589341692789967,-0.009404388714733543,0.050156739811912224,0.003134796238244514,0.0877742946708464,0.015891116147504703,0.9004896984765522,0.0031989951118780156,0.9306998453730699,0.013440931310474311,0.8824243490598793,0.04075235109717868,0.34169278996865204,0.03134796238244514,0.48589341692789967,-0.009404388714733543,0.050156739811912224,0.003134796238244514,0.0877742946708464,0.018719083887049022,0.05160925616174469,0.0003582865282243806,0.23197492163009403,0.15047021943573669,0.08150470219435736
hybrid_rrf,M5_backoff,laplace_eb_k10|std0.5,dev,319,0.03384965620818183,0.8216932912511885,0.005122509869662198,0.8816771401693828,0.024337579924204506,0.7817013346616377,0.0438871473354232,0.3448275862068966,0.02821316614420063,0.4827586206896552,-0.006269592476489028,0.05329153605015674,0.003134796238244514,0.0877742946708464,0.01602450237378805,0.9006230847028356,0.002840957671497309,0.9303418079326893,0.011989425772036131,0.8809728435214411,0.0438871473354232,0.3448275862068966,0.02821316614420063,0.4827586206896552,-0.006269592476489028,0.05329153605015674,0.003134796238244514,0.0877742946708464,0.018192900055114376,0.051920856220128,0.000750437342417641,0.23824451410658307,0.15673981191222572,0.08150470219435736
hybrid_rrf,M5_backoff,laplace|std1,dev,319,0.04347448952519408,0.8313181245682008,0.012997611749882235,0.8895522420496029,0.048023652941642514,0.8053874076790758,0.05956112852664577,0.3605015673981191,0.05956112852664577,0.5141065830721003,-0.0219435736677116,0.03761755485893417,-0.006269592476489028,0.07836990595611286,0.02060455093189467,0.9052031332609421,0.00669957029408422,0.9342004205552762,0.023331879130725205,0.8923152968801301,0.05956112852664577,0.3605015673981191,0.05956112852664577,0.5141065830721003,-0.0219435736677116,0.03761755485893417,-0.006269592476489028,0.07836990595611286,0.025588206710953697,0.06385226903313941,0.0003885619038605055,0.41379310344827586,0.25705329153605017,0.15673981191222572
hybrid_rrf,M5_backoff,laplace_eb_k2|std1,dev,319,0.03510688320035845,0.8229505182433652,0.014457219353290187,0.8910118496530108,0.04583647580215924,0.8032002305395924,0.03761755485893417,0.3385579937304075,0.05642633228840126,0.5109717868338558,-0.009404388714733543,0.050156739811912224,-0.003134796238244514,0.08150470219435736,0.015878934004463746,0.9004775163335113,0.006947785429072604,0.9344486356902646,0.02232723824656495,0.89131065599597,0.03761755485893417,0.3385579937304075,0.05642633228840126,0.5109717868338558,-0.009404388714733543,0.050156739811912224,-0.003134796238244514,0.08150470219435736,0.01784893862412641,0.05409637178443255,0.0020914474152235836,0.329153605015674,0.1974921630094044,0.13166144200626959
hybrid_rrf,M5_backoff,laplace_eb_k10|std1,dev,319,0.037083643076935534,0.8249272781199423,0.00922335488108632,0.885777985180807,0.039347521874317934,0.7967112766117513,0.047021943573667714,0.34796238244514105,0.04075235109717868,0.4952978056426332,-0.009404388714733543,0.050156739811912224,0.0,0.08463949843260188,0.0182952926637237,0.9028938749927712,0.004733091050928289,0.9322339413121202,0.019415356242170903,0.8883987739915759,0.047021943573667714,0.34796238244514105,0.04075235109717868,0.4952978056426332,-0.009404388714733543,0.050156739811912224,0.0,0.08463949843260188,0.019225871643536143,0.05616124545845866,0.0015470292071774045,0.3448275862068966,0.21630094043887146,0.12852664576802508
hybrid_rrf,M5_backoff,laplace|std2,dev,319,0.04069886286524022,0.828542497908247,0.01551029684027908,0.8920649271399997,0.06181367761148928,0.8191774323489226,0.05329153605015674,0.3542319749216301,0.05329153605015674,0.5078369905956113,-0.025078369905956112,0.034482758620689655,-0.009404388714733543,0.07523510971786834,0.019277688944975037,0.9038762712740226,0.007904772381050086,0.935405622642242,0.030137885046603165,0.8991213027960081,0.05329153605015674,0.3542319749216301,0.05329153605015674,0.5078369905956113,-0.025078369905956112,0.034482758620689655,-0.009404388714733543,0.07523510971786834,0.018957692526607867,0.06335313569310598,0.022961492844479754,0.5329153605015674,0.26959247648902823,0.26332288401253917
hybrid_rrf,M5_backoff,laplace_eb_k2|std2,dev,319,0.03861523202407323,0.8264588670670799,0.015413968307097504,0.8919685986068181,0.05414071520527703,0.8115044699427103,0.047021943573667714,0.34796238244514105,0.05642633228840126,0.5109717868338558,-0.018808777429467086,0.04075235109717868,-0.003134796238244514,0.08150470219435736,0.018898309117948,0.9034968914469955,0.007117246011955237,0.9346180962731472,0.026981493840023265,0.8959649115894284,0.047021943573667714,0.34796238244514105,0.05642633228840126,0.5109717868338558,-0.018808777429467086,0.04075235109717868,-0.003134796238244514,0.08150470219435736,0.01910084649266494,0.060374958113676686,0.015234598777698206,0.42946708463949845,0.22884012539184953,0.2006269592476489
hybrid_rrf,M5_backoff,laplace_eb_k10|std2,dev,319,0.04026220108274382,0.8281058361257505,0.010907216832555574,0.8874618471322763,0.05147547758298234,0.8088392323204157,0.05956112852664577,0.3605015673981191,0.047021943573667714,0.5015673981191222,-0.018808777429467086,0.04075235109717868,-0.006269592476489028,0.07836990595611286,0.020904946943809247,0.9055035292728567,0.005447637137948159,0.9329484873991402,0.025159464323408553,0.8941428820728133,0.05956112852664577,0.3605015673981191,0.047021943573667714,0.5015673981191222,-0.018808777429467086,0.04075235109717868,-0.006269592476489028,0.07836990595611286,0.019771704259897847,0.06147613517916687,0.01579884512625367,0.48589341692789967,0.2727272727272727,0.21316614420062696
dense_bge,none,laplace|abs,dev,319,0.0,0.778093494112869,0.0,0.8750544196479373,0.0,0.7541223310564752,0.0,0.2852664576802508,0.0,0.44200626959247646,0.0,0.05329153605015674,0.0,0.08463949843260188,0.0,0.8798719178359711,0.0,0.9278321702465369,0.0,0.8681010235626495,0.0,0.2852664576802508,0.0,0.44200626959247646,0.0,0.05329153605015674,0.0,0.08463949843260188,0.0,0.0,,0.0,0.0,0.0
dense_bge,M1_global,laplace|abs,dev,319,-0.07570769679863998,0.702385797314229,-0.06354360651446735,0.81151081313347,-0.05061339420794879,0.7035089368485264,-0.11285266457680251,0.1724137931034483,-0.04075235109717868,0.4012539184952978,-0.018808777429467086,0.034482758620689655,-0.01567398119122257,0.06896551724137931,-0.040794549036922874,0.8390773687990482,-0.03108373854227574,0.8967484317042611,-0.02259901423813034,0.8455020093245194,-0.11285266457680251,0.1724137931034483,-0.04075235109717868,0.4012539184952978,-0.018808777429467086,0.034482758620689655,-0.01567398119122257,0.06896551724137931,-0.10463427314301223,-0.04547469545984904,7.775066686607913e-08,0.7147335423197492,0.2476489028213166,0.4608150470219436
dense_bge,M1_global,laplace_eb_k2|abs,dev,319,-0.08539195625012197,0.692701537862747,-0.09753489994143244,0.7775195197065048,-0.07069302290374396,0.6834293081527313,-0.09717868338557993,0.18808777429467086,-0.09090909090909091,0.3510971786833856,-0.0219435736677116,0.03134796238244514,-0.02821316614420063,0.05642633228840126,-0.040057325531322754,0.8398145923046483,-0.0457368618268578,0.882095308419679,-0.030754200548961243,0.8373468230136883,-0.09717868338557993,0.18808777429467086,-0.09090909090909091,0.3510971786833856,-0.0219435736677116,0.03134796238244514,-0.02821316614420063,0.05642633228840126,-0.1177280091557967,-0.05248880822818761,3.509242838560506e-08,0.799373040752351,0.27899686520376177,0.5172413793103449
dense_bge,M1_global,laplace_eb_k10|abs,dev,319,-0.08123313581868773,0.6968603582941814,-0.0944788768467111,0.7805755428012262,-0.06730322533149892,0.6868191057249764,-0.10031347962382445,0.18495297805642633,-0.07836990595611286,0.36363636363636365,-0.01567398119122257,0.03761755485893417,-0.0219435736677116,0.06269592476489028,-0.03934280990059473,0.8405291079353763,-0.044262968073818,0.8835692021727188,-0.029630450395207418,0.8384705731674422,-0.10031347962382445,0.18495297805642633,-0.07836990595611286,0.36363636363636365,-0.01567398119122257,0.03761755485893417,-0.0219435736677116,0.06269592476489028,-0.11315406891035622,-0.05014571928795795,4.2440780646138085e-08,0.774294670846395,0.2664576802507837,0.5015673981191222
dense_bge,M1_global,laplace|std0.5,dev,319,-0.0009639608822646186,0.7771295332306044,0.0007462865880290542,0.8758007062359663,0.0007812641631099497,0.7549035952195852,0.006269592476489028,0.29153605015673983,0.0,0.44200626959247646,0.0,0.05329153605015674,0.0,0.08463949843260188,-0.0007130935274321457,0.8791588243085389,0.0002070151526352455,0.9280391853991721,0.0005511106181667884,0.8686521341808163,0.006269592476489028,0.29153605015673983,0.0,0.44200626959247646,0.0,0.05329153605015674,0.0,0.08463949843260188,-0.008773418205285146,0.006808243638202307,0.6848744008735368,0.06896551724137931,0.04075235109717868,0.02821316614420063
dense_bge,M1_global,laplace_eb_k2|std0.5,dev,319,0.010187090657721493,0.7882805847705905,-0.0007851682953700003,0.8742692513525673,0.004055432774430159,0.7581777638309055,0.01567398119122257,0.30094043887147337,-0.003134796238244514,0.438871473354232,-0.003134796238244514,0.050156739811912224,-0.003134796238244514,0.08150470219435736,0.004831204780590572,0.8847031226165616,-0.001104967160658403,0.9267272030858784,0.0026129053677884763,0.8707139289304379,0.01567398119122257,0.30094043887147337,-0.003134796238244514,0.438871473354232,-0.003134796238244514,0.050156739811912224,-0.003134796238244514,0.08150470219435736,-0.0005429567938501184,0.02202236283815766,0.0747864070237551,0.13793103448275862,0.08150470219435736,0.050156739811912224
dense_bge,M1_global,laplace_eb_k10|std0.5,dev,319,0.010219120470147149,0.7883126145830162,-0.00011488729883510865,0.8749395323491022,0.0038219659773159934,0.7579442970337913,0.01567398119122257,0.30094043887147337,-0.003134796238244514,0.438871473354232,-0.003134796238244514,0.050156739811912224,-0.003134796238244514,0.08150470219435736,0.005024163326873301,0.8848960811628444,-0.0008979269703353834,0.9269342432762014,0.0024474063263417783,0.8705484298889913,0.01567398119122257,0.30094043887147337,-0.003134796238244514,0.438871473354232,-0.003134796238244514,0.050156739811912224,-0.003134796238244514,0.08150470219435736,-0.0004300761646751699,0.0221397307108749,0.07065459773944484,0.13479623824451412,0.08150470219435736,0.047021943573667714
dense_bge,M1_global,laplace|std1,dev,319,0.0008046465420797701,0.7788981406549488,0.0011108223360533998,0.8761652419839907,-0.0006394034362511945,0.7534829276202242,-0.003134796238244514,0.28213166144200624,0.01567398119122257,0.45768025078369906,0.0,0.05329153605015674,-0.003134796238244514,0.08150470219435736,4.227744374529321e-05,0.8799141952797164,0.0002800243027905312,0.9281121945493274,-0.00018982517308202115,0.8679111983895675,-0.003134796238244514,0.28213166144200624,0.01567398119122257,0.45768025078369906,0.0,0.05329153605015674,-0.003134796238244514,0.08150470219435736,-0.009252633390288367,0.011578735667149457,0.6374094083696589,0.12225705329153605,0.06583072100313479,0.05329153605015674
dense_bge,M1_global,laplace_eb_k2|std1,dev,319,0.007705315550479769,0.7857988096633488,-0.0030156800926292204,0.8720387395553081,0.004411486949666541,0.7585338180061418,0.006269592476489028,0.29153605015673983,0.006269592476489028,0.4482758620689655,-0.003134796238244514,0.050156739811912224,-0.006269592476489028,0.07836990595611286,0.0036847817486730114,0.883556699584644,-0.0022826589013341825,0.9255495113452027,0.0024756656545082997,0.8705766892171578,0.006269592476489028,0.29153605015673983,0.006269592476489028,0.4482758620689655,-0.003134796238244514,0.050156739811912224,-0.006269592476489028,0.07836990595611286,-0.0037096094007262243,0.02011228371878683,0.39739980318216794,0.2225705329153605,0.109717868338558,0.09404388714733543
dense_bge,M1_global,laplace_eb_k10|std1,dev,319,0.006934775570903826,0.7850282696837728,-0.0012848262783128265,0.8737695933696245,0.005066706903489032,0.7591890379599643,0.003134796238244514,0.2884012539184953,0.003134796238244514,0.445141065830721,-0.003134796238244514,0.050156739811912224,-0.006269592476489028,0.07836990595611286,0.003431123065350571,0.8833030409013216,-0.001525856484440053,0.9263063137620968,0.002929975003658046,0.8710309985663077,0.003134796238244514,0.2884012539184953,0.003134796238244514,0.445141065830721,-0.003134796238244514,0.050156739811912224,-0.006269592476489028,0.07836990595611286,-0.004107654318330243,0.018788174705048524,0.2639513805686854,0.2006269592476489,0.10658307210031348,0.07836990595611286
dense_bge,M1_global,laplace|std2,dev,319,2.4467239559257293e-05,0.7781179613524283,-0.004462299068519688,0.8705921205794176,-0.006561463571454291,0.7475608674850209,0.003134796238244514,0.2884012539184953,0.0219435736677116,0.46394984326018807,-0.006269592476489028,0.047021943573667714,-0.003134796238244514,0.08150470219435736,-0.0005847410909060774,0.879287176745065,-0.0022456156422725666,0.9255865546042643,-0.002923038517793514,0.8651779850448561,0.003134796238244514,0.2884012539184953,0.0219435736677116,0.46394984326018807,-0.006269592476489028,0.047021943573667714,-0.003134796238244514,0.08150470219435736,-0.011387185075066307,0.012015719172255739,0.6269151320046382,0.2006269592476489,0.109717868338558,0.0877742946708464
dense_bge,M1_global,laplace_eb_k2|std2,dev,319,0.00912547124357059,0.7872189653564396,-0.010536832448830798,0.8645175871991065,-0.008608383646812934,0.7455139474096624,0.01567398119122257,0.30094043887147337,0.01567398119122257,0.45768025078369906,-0.006269592476489028,0.047021943573667714,-0.012539184952978056,0.07210031347962383,0.004175744833991072,0.8840476626699622,-0.005727329037406228,0.9221048412091306,-0.0032070027062885416,0.864894020856361,0.01567398119122257,0.30094043887147337,0.01567398119122257,0.45768025078369906,-0.006269592476489028,0.047021943573667714,-0.012539184952978056,0.07210031347962383,-0.008593152696120794,0.02572735104458786,0.35439494883889433,0.3605015673981191,0.19435736677115986,0.15673981191222572
dense_bge,M1_global,laplace_eb_k10|std2,dev,319,0.009242423123980765,0.7873359172368498,-0.010098476254827925,0.8649559433931093,-0.006832642118712207,0.7472896889377632,0.012539184952978056,0.29780564263322884,0.009404388714733543,0.45141065830721006,-0.003134796238244514,0.050156739811912224,-0.006269592476489028,0.07836990595611286,0.004431180539176008,0.8843030983751471,-0.0055988231049062314,0.9222333471416306,-0.0024165245245990315,0.8656844990380506,0.012539184952978056,0.29780564263322884,0.009404388714733543,0.45141065830721006,-0.003134796238244514,0.050156739811912224,-0.006269592476489028,0.07836990595611286,-0.005654254684744397,0.024268341037009762,0.2570829437182215,0.3322884012539185,0.18181818181818182,0.13793103448275862
dense_bge,M2_team,laplace|abs,dev,319,-0.006462859626287203,0.7716306344865819,-0.024888597779139456,0.8501658218687979,0.011285589140223859,0.7654079201966991,-0.025078369905956112,0.2601880877742947,-0.018808777429467086,0.4231974921630094,-0.0219435736677116,0.03134796238244514,-0.0219435736677116,0.06269592476489028,-0.004974735194239123,0.8748971826417319,-0.011301670328576737,0.9165304999179601,0.006449400874140869,0.8745504244367904,-0.025078369905956112,0.2601880877742947,-0.018808777429467086,0.4231974921630094,-0.0219435736677116,0.03134796238244514,-0.0219435736677116,0.06269592476489028,-0.03357151602029941,0.01996120214841813,0.09916257007305969,0.8087774294670846,0.36363636363636365,0.43573667711598746
dense_bge,M2_team,laplace_eb_k2|abs,dev,319,0.020501628518104553,0.7985951226309735,-0.020434880191255885,0.8546195394566813,0.022554244349789466,0.7766765754062647,0.006269592476489028,0.29153605015673983,0.0,0.44200626959247646,-0.003134796238244514,0.050156739811912224,-0.01567398119122257,0.06896551724137931,0.008568052681262216,0.8884399705172332,-0.008841267200099263,0.9189909030464376,0.011635288194429163,0.8797363117570788,0.006269592476489028,0.29153605015673983,0.0,0.44200626959247646,-0.003134796238244514,0.050156739811912224,-0.01567398119122257,0.06896551724137931,-0.005291695951784852,0.04625361666848247,0.3986984345510509,0.5924764890282131,0.29153605015673983,0.29153605015673983
dense_bge,M2_team,laplace_eb_k10|abs,dev,319,0.018580741269461413,0.7966742353823305,-0.017858901239207546,0.8571955184087298,0.02484302494009273,0.778965355996568,0.012539184952978056,0.29780564263322884,-0.006269592476489028,0.43573667711598746,-0.006269592476489028,0.047021943573667714,-0.01567398119122257,0.06896551724137931,0.007132182300651335,0.8870041001366223,-0.007981346412138506,0.9198508238343983,0.01255015463664614,0.8806511781992956,0.012539184952978056,0.29780564263322884,-0.006269592476489028,0.43573667711598746,-0.006269592476489028,0.047021943573667714,-0.01567398119122257,0.06896551724137931,-0.00722035430692907,0.04382421319025527,0.9587055830726745,0.6614420062695925,0.30407523510971785,0.34796238244514105
dense_bge,M2_team,laplace|std0.5,dev,319,0.02111622186663756,0.7992097159795066,0.003958022986833579,0.8790124426347709,0.015390952253790112,0.7695132833102654,0.018808777429467086,0.30407523510971785,0.003134796238244514,0.445141065830721,0.0,0.05329153605015674,-0.003134796238244514,0.08150470219435736,0.01020942773191159,0.8900813455678827,0.0016802100925983681,0.9295123803391352,0.007986280630374775,0.8760873041930244,0.018808777429467086,0.30407523510971785,0.003134796238244514,0.445141065830721,0.0,0.05329153605015674,-0.003134796238244514,0.08150470219435736,0.009578804681106794,0.034127382072255144,0.007565976238322066,0.1724137931034483,0.09717868338557993,0.05642633228840126
dense_bge,M2_team,laplace_eb_k2|std0.5,dev,319,0.02277428547043038,0.8008677795832995,0.006747079306635363,0.8818014989545726,0.021300496903706494,0.7754228279601818,0.012539184952978056,0.29780564263322884,0.006269592476489028,0.4482758620689655,-0.003134796238244514,0.050156739811912224,-0.003134796238244514,0.08150470219435736,0.011041652259408119,0.8909135700953792,0.0030671358108520508,0.9308993060573889,0.011366485820668619,0.8794675093833182,0.012539184952978056,0.29780564263322884,0.006269592476489028,0.4482758620689655,-0.003134796238244514,0.050156739811912224,-0.003134796238244514,0.08150470219435736,0.010754181881403101,0.03608572705879481,0.0007189702977005718,0.15047021943573669,0.09717868338557993,0.034482758620689655
dense_bge,M2_team,laplace_eb_k10|std0.5,dev,319,0.02210353347575029,0.8001970275886193,0.004410985121532668,0.87946540476947,0.017154011083620843,0.7712763421400961,0.0219435736677116,0.3072100313479624,0.003134796238244514,0.445141065830721,0.0,0.05329153605015674,-0.003134796238244514,0.08150470219435736,0.010507583991860895,0.8903795018278319,0.0021007453386312743,0.9299329155851681,0.008925742116467706,0.8770267656791172,0.0219435736677116,0.3072100313479624,0.003134796238244514,0.445141065830721,0.0,0.05329153605015674,-0.003134796238244514,0.08150470219435736,0.010433926003573457,0.03518310174999938,0.0021792350875499637,0.14420062695924765,0.0877742946708464,0.04075235109717868
dense_bge,M2_team,laplace|std1,dev,319,0.032004995219012414,0.8100984893318814,0.00587764961592456,0.8809320692638618,0.027182353498139723,0.781304684554615,0.02821316614420063,0.31347962382445144,0.025078369905956112,0.4670846394984326,-0.003134796238244514,0.050156739811912224,-0.006269592476489028,0.07836990595611286,0.015499187674268286,0.8953711055102394,0.002705318240162721,0.9305374884866996,0.014066974402968785,0.8821679979656184,0.02821316614420063,0.31347962382445144,0.025078369905956112,0.4670846394984326,-0.003134796238244514,0.050156739811912224,-0.006269592476489028,0.07836990595611286,0.017272542419385015,0.04743914957797639,0.0009062402516706579,0.26332288401253917,0.15987460815047022,0.08150470219435736
dense_bge,M2_team,laplace_eb_k2|std1,dev,319,0.035733620574855504,0.8138271146877245,0.009413850251410075,0.8844682698993473,0.032679848814365635,0.7868021798708408,0.03134796238244514,0.3166144200626959,0.025078369905956112,0.4670846394984326,0.003134796238244514,0.05642633228840126,-0.006269592476489028,0.07836990595611286,0.017121219616324925,0.8969931374522959,0.004308501567960159,0.932140671814497,0.016518687043444117,0.8846197106060938,0.03134796238244514,0.3166144200626959,0.025078369905956112,0.4670846394984326,0.003134796238244514,0.05642633228840126,-0.006269592476489028,0.07836990595611286,0.020161505246704275,0.05284445183847952,6.777900314286444e-05,0.23197492163009403,0.1536050156739812,0.05956112852664577
dense_bge,M2_team,laplace_eb_k10|std1,dev,319,0.026487671049037324,0.8045811651619064,0.00601414546697491,0.8810685651149122,0.030027363187747316,0.7841496942442227,0.0219435736677116,0.3072100313479624,0.012539184952978056,0.45454545454545453,0.0,0.05329153605015674,-0.006269592476489028,0.07836990595611286,0.012999237331103381,0.8928711551670744,0.0026417000914068433,0.9304738703379437,0.015407290129825989,0.8835083136924755,0.0219435736677116,0.3072100313479624,0.012539184952978056,0.45454545454545453,0.0,0.05329153605015674,-0.006269592476489028,0.07836990595611286,0.012904623676336671,0.041355190235759384,0.004162600757270187,0.2225705329153605,0.12539184952978055,0.07836990595611286
dense_bge,M2_team,laplace|std2,dev,319,0.03057383157336226,0.8086673256862313,-0.00010883611945149293,0.8749455835284858,0.02666857258583124,0.7807909036423065,0.03134796238244514,0.3166144200626959,0.018808777429467086,0.4608150470219436,0.0,0.05329153605015674,-0.012539184952978056,0.07210031347962383,0.015882227955193354,0.8957541457911644,0.0007381146791212985,0.9285702849256581,0.01463112917065994,0.8827321527333094,0.03134796238244514,0.3166144200626959,0.018808777429467086,0.4608150470219436,0.0,0.05329153605015674,-0.012539184952978056,0.07210031347962383,0.011706964682413959,0.05023276157834827,0.027016901768399562,0.42946708463949845,0.23824451410658307,0.18808777429467086
dense_bge,M2_team,laplace_eb_k2|std2,dev,319,0.05174949546826297,0.829842989581132,0.013709422235952276,0.8887638418838896,0.03971273664233266,0.793835067698808,0.06583072100313479,0.3510971786833856,0.03761755485893417,0.47962382445141066,0.003134796238244514,0.05642633228840126,-0.009404388714733543,0.07523510971786834,0.02548134056004611,0.9053532583960171,0.006197809892762043,0.9340299801392988,0.019860494977628172,0.8879615185402776,0.06583072100313479,0.3510971786833856,0.03761755485893417,0.47962382445141066,0.003134796238244514,0.05642633228840126,-0.009404388714733543,0.07523510971786834,0.033388798767087696,0.07223346647295552,1.2305138018676313e-05,0.3730407523510972,0.22884012539184953,0.12225705329153605
dense_bge,M2_team,laplace_eb_k10|std2,dev,319,0.04364845385558926,0.8217419479684583,0.010754484181120105,0.8858089038290574,0.03987829740565025,0.7940006284621255,0.05329153605015674,0.3385579937304075,0.02821316614420063,0.4702194357366771,0.0,0.05329153605015674,-0.006269592476489028,0.07836990595611286,0.021659183184554957,0.901531101020526,0.004358866371704867,0.9321910366182417,0.019800464075560856,0.8879014876382103,0.05329153605015674,0.3385579937304075,0.02821316614420063,0.4702194357366771,0.0,0.05329153605015674,-0.006269592476489028,0.07836990595611286,0.026481665712912626,0.06251334175584272,0.0004346660787488387,0.3510971786833856,0.2006269592476489,0.12852664576802508
dense_bge,M3_class,laplace|abs,dev,319,-0.02200691150880906,0.75608658260406,-0.05069912479588978,0.8243552948520475,-0.01081442588408912,0.7433079051723861,-0.03761755485893417,0.2476489028213166,-0.006269592476489028,0.43573667711598746,-0.0219435736677116,0.03134796238244514,-0.025078369905956112,0.05956112852664577,-0.017480218204958684,0.8623916996310124,-0.02652936613298135,0.9013028041135555,-0.006428811075545401,0.8616722124871042,-0.03761755485893417,0.2476489028213166,-0.006269592476489028,0.43573667711598746,-0.0219435736677116,0.03134796238244514,-0.025078369905956112,0.05956112852664577,-0.052974345493290956,0.008483253135039328,0.02827531440046981,0.7021943573667712,0.29780564263322884,0.3981191222570533
dense_bge,M3_class,laplace_eb_k2|abs,dev,319,-0.0030590611915790175,0.77503443292129,-0.043090835353797506,0.8319635842941397,0.001979030372113642,0.7561013614285889,0.003134796238244514,0.2884012539184953,0.0219435736677116,0.46394984326018807,-0.012539184952978056,0.04075235109717868,-0.018808777429467086,0.06583072100313479,-0.00525344455130048,0.8746184732846706,-0.022444081717524034,0.9053880885290128,-0.0010964725084812981,0.8670045510541684,0.003134796238244514,0.2884012539184953,0.0219435736677116,0.46394984326018807,-0.012539184952978056,0.04075235109717868,-0.018808777429467086,0.06583072100313479,-0.03275818870399953,0.026581476671113206,0.593171803559362,0.6050156739811913,0.27899686520376177,0.3166144200626959
dense_bge,M3_class,laplace_eb_k10|abs,dev,319,-0.0023715024621322237,0.7757219916507369,-0.04660412463648566,0.8284502950114516,0.00015514833052704177,0.7542774793870023,0.012539184952978056,0.29780564263322884,0.018808777429467086,0.4608150470219436,-0.003134796238244514,0.050156739811912224,-0.0219435736677116,0.06269592476489028,-0.0060429213375880805,0.873828996498383,-0.025080775018769746,0.902751395227767,-0.002091018028767502,0.866010005533882,0.012539184952978056,0.29780564263322884,0.018808777429467086,0.4608150470219436,-0.003134796238244514,0.050156739811912224,-0.0219435736677116,0.06269592476489028,-0.032898709161913606,0.027910824428052625,0.6161543339296387,0.5956112852664577,0.29780564263322884,0.29780564263322884
dense_bge,M3_class,laplace|std0.5,dev,319,0.008165987564665397,0.7862594816775345,0.007693170099796546,0.8827475897477338,0.013620686451656318,0.7677430175081317,0.03134796238244514,0.3166144200626959,0.01567398119122257,0.45768025078369906,0.003134796238244514,0.05642633228840126,-0.003134796238244514,0.08150470219435736,0.003177989239229304,0.8830499070752004,0.0030187357182039362,0.9308509059647407,0.0066899520102713175,0.8747909755729208,0.03134796238244514,0.3166144200626959,0.01567398119122257,0.45768025078369906,0.003134796238244514,0.05642633228840126,-0.003134796238244514,0.08150470219435736,-0.007371897559881584,0.022825634995691454,0.21216014247120685,0.16927899686520376,0.09717868338557993,0.06583072100313479
dense_bge,M3_class,laplace_eb_k2|std0.5,dev,319,0.01321451741980161,0.7913080115326706,0.0064857488141911905,0.8815401684621285,0.014076781310257866,0.7681991123667332,0.02821316614420063,0.31347962382445144,0.018808777429467086,0.4608150470219436,0.0,0.05329153605015674,0.0,0.08463949843260188,0.005941275892586544,0.8858131937285576,0.0027350198512540716,0.9305671900977909,0.006965395144908031,0.8750664187075575,0.02821316614420063,0.31347962382445144,0.018808777429467086,0.4608150470219436,0.0,0.05329153605015674,0.0,0.08463949843260188,-0.0004927467963538573,0.027044406629001084,0.0384188018704803,0.15047021943573669,0.09090909090909091,0.05329153605015674
dense_bge,M3_class,laplace_eb_k10|std0.5,dev,319,0.013012445902562814,0.7911059400154319,0.003989838227209253,0.8790442578751465,0.010809853962596308,0.7649321850190716,0.02821316614420063,0.31347962382445144,0.01567398119122257,0.45768025078369906,0.0,0.05329153605015674,-0.003134796238244514,0.08150470219435736,0.00548445898163655,0.8853563768176076,0.0013941434857239917,0.9292263137322608,0.005160671790191745,0.8732616953528413,0.02821316614420063,0.31347962382445144,0.01567398119122257,0.45768025078369906,0.0,0.05329153605015674,-0.003134796238244514,0.08150470219435736,-0.0005550614987327759,0.02633647809803579,0.0905830812813688,0.15673981191222572,0.09090909090909091,0.05956112852664577
dense_bge,M3_class,laplace|std1,dev,319,0.013141443444923922,0.791234937557793,0.005112527493025442,0.8801669471409628,0.012933733774389968,0.7670560648308653,0.03761755485893417,0.322884012539185,0.0219435736677116,0.46394984326018807,0.0,0.05329153605015674,-0.006269592476489028,0.07836990595611286,0.0053329161342034895,0.8852048339701745,0.00042308852964060434,0.9282552587761774,0.005720673384711286,0.8738216969473609,0.03761755485893417,0.322884012539185,0.0219435736677116,0.46394984326018807,0.0,0.05329153605015674,-0.006269592476489028,0.07836990595611286,-0.005394363588708976,0.031483442571633075,0.1133406114286404,0.26332288401253917,0.15047021943573669,0.10658307210031348
dense_bge,M3_class,laplace_eb_k2|std1,dev,319,0.014017567902709997,0.792111062015579,0.009313337481507688,0.8843677571294449,0.018432956730777564,0.7725552877872529,0.034482758620689655,0.31974921630094044,0.012539184952978056,0.45454545454545453,0.0,0.05329153605015674,-0.006269592476489028,0.07836990595611286,0.005822026430626274,0.8856939442665973,0.002586352974643528,0.9304185232211803,0.008359566620524773,0.8764605901831743,0.034482758620689655,0.31974921630094044,0.012539184952978056,0.45454545454545453,0.0,0.05329153605015674,-0.006269592476489028,0.07836990595611286,-0.00370368150275983,0.03137102080421479,0.061515437894975454,0.22570532915360503,0.12852664576802508,0.09090909090909091
dense_bge,M3_class,laplace_eb_k10|std1,dev,319,0.009584598943918103,0.7876780930567872,0.007397399146728755,0.882451818794666,0.0160689287915312,0.7701912598480065,0.03134796238244514,0.3166144200626959,0.01567398119122257,0.45768025078369906,0.0,0.05329153605015674,-0.009404388714733543,0.07523510971786834,0.0031847703419508977,0.8830566881779219,0.0024684475133411564,0.9303006177598779,0.007352054063055582,0.8754530776257052,0.03134796238244514,0.3166144200626959,0.01567398119122257,0.45768025078369906,0.0,0.05329153605015674,-0.009404388714733543,0.07523510971786834,-0.007995385597795715,0.026449551541346553,0.21078578874588438,0.23197492163009403,0.13166144200626959,0.09404388714733543
dense_bge,M3_class,laplace|std2,dev,319,0.0024673019340232622,0.7805607960468923,-0.011517033681600446,0.8635373859663369,0.00271707120874085,0.7568394022652161,0.04075235109717868,0.32601880877742945,0.0219435736677116,0.46394984326018807,-0.009404388714733543,0.0438871473354232,-0.012539184952978056,0.07210031347962383,0.0005401744737894184,0.8804120923097605,-0.007685499878886351,0.9201466703676505,-9.020324037366415e-05,0.8680108203222759,0.04075235109717868,0.32601880877742945,0.0219435736677116,0.46394984326018807,-0.009404388714733543,0.0438871473354232,-0.012539184952978056,0.07210031347962383,-0.022867879617468785,0.027970012299261014,0.680922277372319,0.4106583072100313,0.2225705329153605,0.18808777429467086
dense_bge,M3_class,laplace_eb_k2|std2,dev,319,0.025005892444647217,0.8030993865575162,0.008578492976655033,0.8836329126245923,0.018077391561202496,0.7721997226176778,0.050156739811912224,0.335423197492163,0.02821316614420063,0.4702194357366771,0.0,0.05329153605015674,-0.009404388714733543,0.07523510971786834,0.010504956155735124,0.8903768739917062,0.0020581653873001145,0.9298903356338369,0.008031714224142714,0.8761327377867922,0.050156739811912224,0.335423197492163,0.02821316614420063,0.4702194357366771,0.0,0.05329153605015674,-0.009404388714733543,0.07523510971786834,0.002889639175961197,0.04687633871430744,0.016562380013478588,0.3448275862068966,0.20376175548589343,0.14106583072100312
dense_bge,M3_class,laplace_eb_k10|std2,dev,319,0.01721185661829004,0.795305350731159,0.003532454838573372,0.8785868744865106,0.016361981144519432,0.7704843122009947,0.03761755485893417,0.322884012539185,0.0219435736677116,0.46394984326018807,-0.006269592476489028,0.047021943573667714,-0.012539184952978056,0.07210031347962383,0.006419730410680502,0.8862916482466515,-0.000979970615111922,0.926852199631425,0.006602313638107156,0.8747033372007567,0.03761755485893417,0.322884012539185,0.0219435736677116,0.46394984326018807,-0.006269592476489028,0.047021943573667714,-0.012539184952978056,0.07210031347962383,-0.004401924109033843,0.038517975921926545,0.12164714270365896,0.3385579937304075,0.18808777429467086,0.15047021943573669
dense_bge,M4_intersection,laplace|abs,dev,319,0.05107584274534521,0.8291693368582143,0.008632020002995913,0.8836864396509332,0.05051106721349644,0.8046333982699718,0.06583072100313479,0.3510971786833856,0.047021943573667714,0.4890282131661442,-0.012539184952978056,0.04075235109717868,-0.0219435736677116,0.06269592476489028,0.02165386146138828,0.9015257792973593,0.0049760961046786895,0.9328082663512155,0.024137403935100596,0.8922384274977503,0.06583072100313479,0.3510971786833856,0.047021943573667714,0.4890282131661442,-0.012539184952978056,0.04075235109717868,-0.0219435736677116,0.06269592476489028,0.027016374979425092,0.07557288440364794,0.022218683439950284,0.6551724137931034,0.34169278996865204,0.3072100313479624
dense_bge,M4_intersection,laplace_eb_k2|abs,dev,319,0.06390114596878474,0.8419946400816538,0.02192730244050579,0.8969817220884431,0.06766633460047103,0.8217886656569464,0.08150470219435736,0.3667711598746082,0.05642633228840126,0.49843260188087773,-0.006269592476489028,0.047021943573667714,-0.012539184952978056,0.07210031347962383,0.02839375383054201,0.9082656716665131,0.01052681088073874,0.9383589811272756,0.032523418780778274,0.9006244423434279,0.08150470219435736,0.3667711598746082,0.05642633228840126,0.49843260188087773,-0.006269592476489028,0.047021943573667714,-0.012539184952978056,0.07210031347962383,0.041358350056769515,0.08815379790482936,2.5499376695808285e-05,0.445141065830721,0.2664576802507837,0.1786833855799373
dense_bge,M4_intersection,laplace_eb_k10|abs,dev,319,0.07177551005467726,0.8498690041675463,0.02091545641982817,0.8959698760677655,0.06804472143093247,0.8221670524874077,0.08463949843260188,0.36990595611285265,0.06269592476489028,0.5047021943573667,0.0,0.05329153605015674,-0.012539184952978056,0.07210031347962383,0.03057326642697134,0.9104451842629424,0.009996150728303437,0.9378283209748403,0.03237870972732018,0.9004797332899698,0.08463949843260188,0.36990595611285265,0.06269592476489028,0.5047021943573667,0.0,0.05329153605015674,-0.012539184952978056,0.07210031347962383,0.04977625934757456,0.09575124262134342,6.267722597802361e-07,0.5172413793103449,0.3385579937304075,0.1786833855799373
dense_bge,M4_intersection,laplace|std0.5,dev,319,0.029658679818284923,0.807752173931154,0.011015350308537857,0.8860697699564751,0.027468225074972853,0.7815905561314482,0.034482758620689655,0.31974921630094044,0.0219435736677116,0.46394984326018807,0.0,0.05329153605015674,-0.003134796238244514,0.08150470219435736,0.013844452868434703,0.8937163707044057,0.00481213409698869,0.9326443043435255,0.01407820858925488,0.8821792321519045,0.034482758620689655,0.31974921630094044,0.0219435736677116,0.46394984326018807,0.0,0.05329153605015674,-0.003134796238244514,0.08150470219435736,0.0162871936015014,0.04380789888923443,0.0010115120555222162,0.1755485893416928,0.11285266457680251,0.06269592476489028
dense_bge,M4_intersection,laplace_eb_k2|std0.5,dev,319,0.02391682962265134,0.8020103237355204,0.01122534036823201,0.8862797600161693,0.02321593443801784,0.777338265494493,0.018808777429467086,0.30407523510971785,0.0219435736677116,0.46394984326018807,-0.003134796238244514,0.050156739811912224,-0.003134796238244514,0.08150470219435736,0.0108401816466759,0.890712099482647,0.004917178408105545,0.9327493486546424,0.011860697919672184,0.8799617214823218,0.018808777429467086,0.30407523510971785,0.0219435736677116,0.46394984326018807,-0.003134796238244514,0.050156739811912224,-0.003134796238244514,0.08150470219435736,0.01265044199962601,0.036703406823185895,0.00017495058558660543,0.10658307210031348,0.08463949843260188,0.0219435736677116
dense_bge,M4_intersection,laplace_eb_k10|std0.5,dev,319,0.027402373784014424,0.8054958678968834,0.00818007479080212,0.8832344944387394,0.019768930836157363,0.7738912618926326,0.03134796238244514,0.3166144200626959,0.018808777429467086,0.4608150470219436,0.0,0.05329153605015674,-0.003134796238244514,0.08150470219435736,0.012405965956027231,0.8922778837919982,0.003478186444429021,0.9313103566909658,0.009676819535258422,0.8777778430979081,0.03134796238244514,0.3166144200626959,0.018808777429467086,0.4608150470219436,0.0,0.05329153605015674,-0.003134796238244514,0.08150470219435736,0.015515626035046802,0.04053836314235361,4.457479622930852e-05,0.11912225705329153,0.09404388714733543,0.025078369905956112
dense_bge,M4_intersection,laplace|std1,dev,319,0.046134420568386215,0.8242279146812552,0.015040186832317365,0.8900946064802546,0.04117077527842178,0.7952931063348971,0.06896551724137931,0.3542319749216301,0.04075235109717868,0.4827586206896552,0.0,0.05329153605015674,-0.003134796238244514,0.08150470219435736,0.02184710009344693,0.901719017929418,0.0071628979380975325,0.9349950681846344,0.020959964814978336,0.8890609883776279,0.06896551724137931,0.3542319749216301,0.04075235109717868,0.4827586206896552,0.0,0.05329153605015674,-0.003134796238244514,0.08150470219435736,0.029220117835567383,0.06471479355290438,5.1794438346903405e-05,0.25705329153605017,0.16614420062695925,0.09090909090909091
dense_bge,M4_intersection,laplace_eb_k2|std1,dev,319,0.045604258939203425,0.8236977530520725,0.01643430640144408,0.8914887260493813,0.04082818440275506,0.7949505154592303,0.05956112852664577,0.3448275862068966,0.03761755485893417,0.47962382445141066,0.003134796238244514,0.05642633228840126,-0.006269592476489028,0.07836990595611286,0.020853189465394214,0.9007251073013652,0.00744283778540393,0.9352750080319407,0.02010074162557955,0.8882017651882291,0.05956112852664577,0.3448275862068966,0.03761755485893417,0.47962382445141066,0.003134796238244514,0.05642633228840126,-0.006269592476489028,0.07836990595611286,0.02959899733129153,0.06437212138387102,1.337258861436996e-06,0.19435736677115986,0.14733542319749215,0.047021943573667714
dense_bge,M4_intersection,laplace_eb_k10|std1,dev,319,0.044308357991768646,0.8224018521046377,0.011141996632175386,0.8861964162801127,0.035433824600937976,0.7895561556574132,0.05956112852664577,0.3448275862068966,0.03134796238244514,0.47335423197492166,0.0,0.05329153605015674,-0.006269592476489028,0.07836990595611286,0.02026335273790509,0.9001352705738761,0.005048487066848899,0.9328806573133858,0.01774412344989358,0.8858451470125432,0.05956112852664577,0.3448275862068966,0.03134796238244514,0.47335423197492166,0.0,0.05329153605015674,-0.006269592476489028,0.07836990595611286,0.028703425431092708,0.06245852756813214,5.49040152548345e-06,0.20689655172413793,0.14733542319749215,0.05956112852664577
dense_bge,M4_intersection,laplace|std2,dev,319,0.05739651731329278,0.8354900114261619,0.015435122303828177,0.8904895419517654,0.055510123006322167,0.8096324540627975,0.09404388714733543,0.3793103448275862,0.050156739811912224,0.49216300940438873,0.0,0.05329153605015674,-0.009404388714733543,0.07523510971786834,0.027145882478702033,0.907017800314673,0.007719138572955954,0.9355513088194928,0.02732754190887404,0.8954285654715235,0.09404388714733543,0.3793103448275862,0.050156739811912224,0.49216300940438873,0.0,0.05329153605015674,-0.009404388714733543,0.07523510971786834,0.03735470330068217,0.07881787103545329,3.6053464306921085e-05,0.3981191222570533,0.2445141065830721,0.1536050156739812
dense_bge,M4_intersection,laplace_eb_k2|std2,dev,319,0.062260824719846806,0.8403543188327158,0.02164563261042568,0.8967000522583629,0.05619314638518241,0.8103154774416576,0.09090909090909091,0.3761755485893417,0.05642633228840126,0.49843260188087773,0.003134796238244514,0.05642633228840126,-0.006269592476489028,0.07836990595611286,0.028724136210534264,0.9085960540465053,0.010220597343385032,0.9380527675899218,0.027679068429343,0.8957800919919926,0.09090909090909091,0.3761755485893417,0.05642633228840126,0.49843260188087773,0.003134796238244514,0.05642633228840126,-0.006269592476489028,0.07836990595611286,0.0437064969772035,0.08342063943402939,2.2966113425903335e-08,0.27586206896551724,0.20376175548589343,0.07210031347962383
dense_bge,M4_intersection,laplace_eb_k10|std2,dev,319,0.05755738860293989,0.8356508827158089,0.01977784847577911,0.8948322681237164,0.05279307594540351,0.8069154070018788,0.09090909090909091,0.3761755485893417,0.05956112852664577,0.5015673981191222,0.003134796238244514,0.05642633228840126,-0.006269592476489028,0.07836990595611286,0.026891542078933,0.906763459914904,0.00945321519546748,0.9372853854420043,0.025827924846481755,0.8939289484091313,0.09090909090909091,0.3761755485893417,0.05956112852664577,0.5015673981191222,0.003134796238244514,0.05642633228840126,-0.006269592476489028,0.07836990595611286,0.039790530867150585,0.0772812651890712,3.3649755881877875e-07,0.29153605015673983,0.1974921630094044,0.09404388714733543
dense_bge,M5_backoff,laplace|abs,dev,319,0.03344990889947616,0.8115434030123452,0.010314893339494927,0.8853693129874322,0.05362374376867632,0.8077460748251516,0.0438871473354232,0.329153605015674,0.04075235109717868,0.4827586206896552,-0.01567398119122257,0.03761755485893417,-0.025078369905956112,0.05956112852664577,0.011336739814393572,0.8912086576503646,0.00442705473929737,0.9322592249858342,0.02473011198088667,0.8928311355435364,0.0438871473354232,0.329153605015674,0.04075235109717868,0.4827586206896552,-0.01567398119122257,0.03761755485893417,-0.025078369905956112,0.05956112852664577,0.008282316856518342,0.06036098204045131,0.2530807534716757,0.6833855799373041,0.3448275862068966,0.3322884012539185
dense_bge,M5_backoff,laplace_eb_k2|abs,dev,319,0.04364691223937516,0.8217404063522442,0.011779969575636812,0.886834389223574,0.05539717570087379,0.8095195067573491,0.050156739811912224,0.335423197492163,0.0438871473354232,0.48589341692789967,-0.009404388714733543,0.0438871473354232,-0.012539184952978056,0.07210031347962383,0.01922612662973075,0.8990980444657017,0.0060161714643520246,0.9338483417108888,0.026679931370815892,0.8947809549334655,0.050156739811912224,0.335423197492163,0.0438871473354232,0.48589341692789967,-0.009404388714733543,0.0438871473354232,-0.012539184952978056,0.07210031347962383,0.020017413404072433,0.06837608374007112,0.012229800253968439,0.49216300940438873,0.26959247648902823,0.219435736677116
dense_bge,M5_backoff,laplace_eb_k10|abs,dev,319,0.049954962837845555,0.8280484569507146,0.009648887995268484,0.8847033076432058,0.05412835195707303,0.8082506830135484,0.05642633228840126,0.34169278996865204,0.0438871473354232,0.48589341692789967,-0.006269592476489028,0.047021943573667714,-0.01567398119122257,0.06896551724137931,0.020707995913992853,0.9005799137499639,0.004883760475439711,0.9327159307219766,0.02593390556712136,0.8940349291297711,0.05642633228840126,0.34169278996865204,0.0438871473354232,0.48589341692789967,-0.006269592476489028,0.047021943573667714,-0.01567398119122257,0.06896551724137931,0.025845283294989956,0.07405122298204271,0.002729665758551177,0.5987460815047022,0.3510971786833856,0.2445141065830721
dense_bge,M5_backoff,laplace|std0.5,dev,319,0.029997369829203268,0.8080908639420723,0.011156125969273917,0.8862105456172112,0.029513664480567355,0.7836359955370426,0.034482758620689655,0.31974921630094044,0.018808777429467086,0.4608150470219436,0.0,0.05329153605015674,-0.003134796238244514,0.08150470219435736,0.014089285206271564,0.8939612030422426,0.004755651876096815,0.9325878221226337,0.014965529426885624,0.8830665529895351,0.034482758620689655,0.31974921630094044,0.018808777429467086,0.4608150470219436,0.0,0.05329153605015674,-0.003134796238244514,0.08150470219435736,0.016498003070911267,0.044185047490423,0.0003696097722466716,0.1724137931034483,0.11598746081504702,0.05642633228840126
dense_bge,M5_backoff,laplace_eb_k2|std0.5,dev,319,0.0233331168286479,0.8014266109415169,0.009033002076104144,0.8840874217240414,0.02619699266356734,0.7803193237200426,0.018808777429467086,0.30407523510971785,0.01567398119122257,0.45768025078369906,-0.003134796238244514,0.050156739811912224,-0.003134796238244514,0.08150470219435736,0.01040697705035673,0.8902788948863277,0.003597107613721985,0.9314292778602589,0.013100174116116706,0.8812011976787664,0.018808777429467086,0.30407523510971785,0.01567398119122257,0.45768025078369906,-0.003134796238244514,0.050156739811912224,-0.003134796238244514,0.08150470219435736,0.011974108942016538,0.03613123104420013,0.0002675442821893155,0.11285266457680251,0.0877742946708464,0.025078369905956112
dense_bge,M5_backoff,laplace_eb_k10|std0.5,dev,319,0.02713007479906082,0.8052235689119298,0.007278317381222046,0.8823327370291594,0.022646390275334865,0.7767687213318102,0.03134796238244514,0.3166144200626959,0.012539184952978056,0.45454545454545453,0.0,0.05329153605015674,-0.003134796238244514,0.08150470219435736,0.012309249105124638,0.8921811669410956,0.0029141546043109,0.9307463248508477,0.011220277644997481,0.8793213012076471,0.03134796238244514,0.3166144200626959,0.012539184952978056,0.45454545454545453,0.0,0.05329153605015674,-0.003134796238244514,0.08150470219435736,0.015234380028558002,0.040152202133778306,5.845859562065152e-05,0.12539184952978055,0.09717868338557993,0.02821316614420063
dense_bge,M5_backoff,laplace|std1,dev,319,0.05078395675622557,0.8288774508690946,0.014631877965687958,0.8896862976136253,0.043031947718798924,0.7971542787752741,0.06896551724137931,0.3542319749216301,0.034482758620689655,0.47648902821316613,0.0,0.05329153605015674,-0.003134796238244514,0.08150470219435736,0.024252166942369226,0.9041240847783403,0.006283548184696784,0.9341157184312336,0.02133780985042967,0.8894388334130794,0.06896551724137931,0.3542319749216301,0.034482758620689655,0.47648902821316613,0.0,0.05329153605015674,-0.003134796238244514,0.08150470219435736,0.033564592706372375,0.06960536883939582,2.6714289949752376e-06,0.25705329153605017,0.1755485893416928,0.08150470219435736
dense_bge,M5_backoff,laplace_eb_k2|std1,dev,319,0.04645737963597229,0.8245508737488413,0.010902792238703342,0.8859572118866407,0.0417006103806548,0.7958229414371301,0.05956112852664577,0.3448275862068966,0.0219435736677116,0.46394984326018807,0.003134796238244514,0.05642633228840126,-0.006269592476489028,0.07836990595611286,0.02108391129111048,0.9009558291270815,0.004599357286590768,0.9324315275331276,0.020555976771262,0.8886570003339116,0.05956112852664577,0.3448275862068966,0.0219435736677116,0.46394984326018807,0.003134796238244514,0.05642633228840126,-0.006269592476489028,0.07836990595611286,0.030749927133578676,0.06527650979432191,2.6161535652456777e-06,0.21316614420062696,0.15673981191222572,0.05642633228840126
dense_bge,M5_backoff,laplace_eb_k10|std1,dev,319,0.04508015908137384,0.8231736531942428,0.011612927278381157,0.8866673469263184,0.038070779158310454,0.7921931102147857,0.06269592476489028,0.34796238244514105,0.0219435736677116,0.46394984326018807,0.0,0.05329153605015674,-0.006269592476489028,0.07836990595611286,0.02044049839614701,0.900312416232118,0.004627606338094395,0.9324597765846312,0.0188573314104708,0.8869583549731204,0.06269592476489028,0.34796238244514105,0.0219435736677116,0.46394984326018807,0.0,0.05329153605015674,-0.006269592476489028,0.07836990595611286,0.02920190782627809,0.06353355201083852,1.4026192854212107e-05,0.22570532915360503,0.1536050156739812,0.07210031347962383
dense_bge,M5_backoff,laplace|std2,dev,319,0.059944743331416646,0.8380382374442857,0.017848918664044346,0.8929033383119817,0.05946891024755459,0.8135912413040298,0.0877742946708464,0.3730407523510972,0.04075235109717868,0.4827586206896552,-0.003134796238244514,0.050156739811912224,-0.012539184952978056,0.07210031347962383,0.02836211067755768,0.9082340285135287,0.0076906823999829425,0.9355228526465198,0.028438402249895297,0.8965394258125449,0.0877742946708464,0.3730407523510972,0.04075235109717868,0.4827586206896552,-0.003134796238244514,0.050156739811912224,-0.012539184952978056,0.07210031347962383,0.039825698023889695,0.0818080763513555,3.3257856131776772e-06,0.4106583072100313,0.26332288401253917,0.14733542319749215
dense_bge,M5_backoff,laplace_eb_k2|std2,dev,319,0.05894221808048999,0.837035712193359,0.018855815140244356,0.8939102347881817,0.05589802919136693,0.8100203602478421,0.08150470219435736,0.3667711598746082,0.04075235109717868,0.4827586206896552,0.0,0.05329153605015674,-0.006269592476489028,0.07836990595611286,0.0279556022355549,0.9078275200715259,0.008092484036956836,0.9359246542834937,0.027555060106385094,0.8956560836690348,0.08150470219435736,0.3667711598746082,0.04075235109717868,0.4827586206896552,0.0,0.05329153605015674,-0.006269592476489028,0.07836990595611286,0.03996671215342037,0.08052427069397883,4.356987823487045e-07,0.3166144200626959,0.219435736677116,0.09717868338557993
dense_bge,M5_backoff,laplace_eb_k10|std2,dev,319,0.05670507338633732,0.8347985674992063,0.017626860368774977,0.8926812800167122,0.053484045020465186,0.8076063760769404,0.08463949843260188,0.36990595611285265,0.050156739811912224,0.49216300940438873,0.0,0.05329153605015674,-0.006269592476489028,0.07836990595611286,0.026570088904479455,0.9064420067404505,0.007998073923176733,0.9358302441697136,0.02626201286211283,0.8943630364247623,0.08463949843260188,0.36990595611285265,0.050156739811912224,0.49216300940438873,0.0,0.05329153605015674,-0.006269592476489028,0.07836990595611286,0.03807168008940628,0.07781975531547701,2.9276959727130164e-06,0.3322884012539185,0.21316614420062696,0.11912225705329153
hybrid_bge_rrf,none,laplace|abs,dev,319,0.0,0.7740572627902405,0.0,0.8789205868322647,0.0,0.7492798344001501,0.0,0.2884012539184953,0.0,0.4608150470219436,0.0,0.06269592476489028,0.0,0.09404388714733543,0.0,0.8773821538144891,0.0,0.9287142248176108,0.0,0.8659991358141165,0.0,0.2884012539184953,0.0,0.4608150470219436,0.0,0.06269592476489028,0.0,0.09404388714733543,0.0,0.0,,0.0,0.0,0.0
hybrid_bge_rrf,M1_global,laplace|std0.5,dev,319,0.005963478996462209,0.7800207417867027,-0.001629588745978185,0.8772909980862865,1.935963533514801e-05,0.7492991940354852,0.009404388714733543,0.29780564263322884,-0.003134796238244514,0.45768025078369906,0.0,0.06269592476489028,0.0,0.09404388714733543,0.0031887935620490285,0.8805709473765382,-0.00038546734842760807,0.9283287574691832,-2.017492037208169e-05,0.8659789608937446,0.009404388714733543,0.29780564263322884,-0.003134796238244514,0.45768025078369906,0.0,0.06269592476489028,0.0,0.09404388714733543,-0.005454059423978052,0.018078476195238224,0.12364826622844463,0.109717868338558,0.06896551724137931,0.04075235109717868
hybrid_bge_rrf,M1_global,laplace_eb_k2|std0.5,dev,319,-0.0028234331818957313,0.7712338296083447,-0.00735810791437155,0.8715624789178932,0.004793117153326916,0.7540729515534771,0.003134796238244514,0.29153605015673983,-0.006269592476489028,0.45454545454545453,-0.003134796238244514,0.05956112852664577,0.0,0.09404388714733543,-0.0013769944446587637,0.8760051593698305,-0.003290403972972523,0.9254238208446383,0.0023288509875629393,0.8683279868016798,0.003134796238244514,0.29153605015673983,-0.006269592476489028,0.45454545454545453,-0.003134796238244514,0.05956112852664577,0.0,0.09404388714733543,-0.018830153237456064,0.01346855220621375,0.8841698781232774,0.23510971786833856,0.12225705329153605,0.10658307210031348
hybrid_bge_rrf,M1_global,laplace_eb_k10|std0.5,dev,319,0.0018571817716087295,0.7759144445618492,-0.007467477859748195,0.8714531089725166,0.0055217171934517926,0.7548015515936018,0.009404388714733543,0.29780564263322884,-0.009404388714733543,0.45141065830721006,-0.003134796238244514,0.05956112852664577,0.0,0.09404388714733543,0.0007069759234365624,0.8780891297379257,-0.0032263377617145405,0.9254878870558962,0.0026503835912782196,0.8686495194053949,0.009404388714733543,0.29780564263322884,-0.009404388714733543,0.45141065830721006,-0.003134796238244514,0.05956112852664577,0.0,0.09404388714733543,-0.013448113736734494,0.01722635437842446,0.44864027960928776,0.21630094043887146,0.12225705329153605,0.09090909090909091
hybrid_bge_rrf,M1_global,laplace|std1,dev,319,-0.0017520286446454758,0.772305234145595,-0.004498508189539177,0.8744220786427256,0.0011299102610928854,0.750409744661243,-0.012539184952978056,0.27586206896551724,0.003134796238244514,0.46394984326018807,-0.018808777429467086,0.0438871473354232,-0.003134796238244514,0.09090909090909091,-9.084065506077112e-05,0.8772913131594284,-0.0017151370130736253,0.9269990878045372,0.0007492839542675908,0.8667484197683842,-0.012539184952978056,0.27586206896551724,0.003134796238244514,0.46394984326018807,-0.018808777429467086,0.0438871473354232,-0.003134796238244514,0.09090909090909091,-0.015386460959724499,0.013006595762732621,0.9747245802791367,0.23824451410658307,0.13166144200626959,0.10344827586206896
hybrid_bge_rrf,M1_global,laplace_eb_k2|std1,dev,319,-0.01180067469240356,0.7622565880978369,-0.011237768216940303,0.8676828186153245,0.005320025798295354,0.7545998601984455,-0.012539184952978056,0.27586206896551724,-0.003134796238244514,0.45768025078369906,-0.02821316614420063,0.034482758620689655,-0.009404388714733543,0.08463949843260188,-0.005145842285365521,0.8722363115291236,-0.004977832113313824,0.923736392704297,0.0033394378367636282,0.8693385736508803,-0.012539184952978056,0.27586206896551724,-0.003134796238244514,0.45768025078369906,-0.02821316614420063,0.034482758620689655,-0.009404388714733543,0.08463949843260188,-0.03050186492876386,0.007369739587964678,0.379121361335618,0.4200626959247649,0.20689655172413793,0.2006269592476489
hybrid_bge_rrf,M1_global,laplace_eb_k10|std1,dev,319,-0.012579453659468684,0.7614778091307718,-0.00965808607567814,0.8692625007565866,0.00620516253209039,0.7554849969322405,-0.006269592476489028,0.28213166144200624,-0.003134796238244514,0.45768025078369906,-0.0219435736677116,0.04075235109717868,-0.003134796238244514,0.09090909090909091,-0.005296918946000102,0.8720852348684891,-0.0041515800085934725,0.9245626448090174,0.003541662083897844,0.8695407978980145,-0.006269592476489028,0.28213166144200624,-0.003134796238244514,0.45768025078369906,-0.0219435736677116,0.04075235109717868,-0.003134796238244514,0.09090909090909091,-0.031599230699965196,0.0066225720464389145,0.24118584836245494,0.4012539184952978,0.19435736677115986,0.19435736677115986
hybrid_bge_rrf,M1_global,laplace|std2,dev,319,-0.014024929006271602,0.7600323337839688,-0.008974343958693239,0.8699462428735715,-0.0006320171104890085,0.7486478172896612,-0.025078369905956112,0.26332288401253917,0.0,0.4608150470219436,-0.034482758620689655,0.02821316614420063,-0.009404388714733543,0.08463949843260188,-0.006845673423575757,0.8705364803909135,-0.0043249523564939584,0.9243892724611169,-0.0003677613309184583,0.8656313744831982,-0.025078369905956112,0.26332288401253917,0.0,0.4608150470219436,-0.034482758620689655,0.02821316614420063,-0.009404388714733543,0.08463949843260188,-0.03390569749950989,0.006658076546315456,0.29822638022847925,0.4200626959247649,0.20376175548589343,0.21003134796238246
hybrid_bge_rrf,M1_global,laplace_eb_k2|std2,dev,319,-0.03722075333229053,0.73683650945795,-0.025717552085655238,0.8532030347466095,-0.007796515996179614,0.7414833184039705,-0.034482758620689655,0.25391849529780564,-0.012539184952978056,0.4482758620689655,-0.04075235109717868,0.0219435736677116,-0.018808777429467086,0.07523510971786834,-0.01600102692562211,0.861381126888867,-0.01200422663300015,0.9167099981846106,-0.0025298811051539115,0.8634692547089626,-0.034482758620689655,0.25391849529780564,-0.012539184952978056,0.4482758620689655,-0.04075235109717868,0.0219435736677116,-0.018808777429467086,0.07523510971786834,-0.06282549723574081,-0.010594992193051853,0.019681172228898702,0.6520376175548589,0.29780564263322884,0.34169278996865204
hybrid_bge_rrf,M1_global,laplace_eb_k10|std2,dev,319,-0.036696937530765715,0.7373603252594747,-0.02034662154774681,0.8585739652845179,-0.0041881735608869245,0.7450916608392633,-0.034482758620689655,0.25391849529780564,-0.012539184952978056,0.4482758620689655,-0.034482758620689655,0.02821316614420063,-0.009404388714733543,0.08463949843260188,-0.014808773340476344,0.8625733804740129,-0.008614140805032186,0.9201000840125787,-0.0006667554752206324,0.8653323803388959,-0.034482758620689655,0.25391849529780564,-0.012539184952978056,0.4482758620689655,-0.034482758620689655,0.02821316614420063,-0.009404388714733543,0.08463949843260188,-0.062426142865751044,-0.010020783649272887,0.028332907234863123,0.6394984326018809,0.29780564263322884,0.329153605015674
hybrid_bge_rrf,M2_team,laplace|std0.5,dev,319,0.02736257145117069,0.8014198342414112,-0.0019506624312983784,0.8769699244009663,0.022077708572242703,0.7713575429723927,0.03134796238244514,0.31974921630094044,0.009404388714733543,0.4702194357366771,-0.006269592476489028,0.05642633228840126,0.0,0.09404388714733543,0.013620122753340623,0.8910022765678298,-0.00015543527363983442,0.928558789543971,0.010979033301242842,0.8769781691153594,0.03134796238244514,0.31974921630094044,0.009404388714733543,0.4702194357366771,-0.006269592476489028,0.05642633228840126,0.0,0.09404388714733543,0.011284721860527805,0.04417064055438419,0.00862791763707805,0.30407523510971785,0.18181818181818182,0.11285266457680251
hybrid_bge_rrf,M2_team,laplace_eb_k2|std0.5,dev,319,0.03779446480789902,0.8118517275981395,-0.0003189841594815628,0.8786016026727832,0.02685768944342682,0.7761375238435769,0.03761755485893417,0.32601880877742945,0.006269592476489028,0.4670846394984326,-0.006269592476489028,0.05642633228840126,0.0,0.09404388714733543,0.018284490769933385,0.8956666445844226,0.00011184858304206107,0.9288260734006529,0.013248425759491875,0.8792475615736086,0.03761755485893417,0.32601880877742945,0.006269592476489028,0.4670846394984326,-0.006269592476489028,0.05642633228840126,0.0,0.09404388714733543,0.02152846614395189,0.0554782105323663,2.8870056648716547e-05,0.2445141065830721,0.16927899686520376,0.06583072100313479
hybrid_bge_rrf,M2_team,laplace_eb_k10|std0.5,dev,319,0.03708558620704005,0.8111428489972805,-0.0009190361701582666,0.8780015506621065,0.023644780010265244,0.7729246144104154,0.047021943573667714,0.335423197492163,0.0,0.4608150470219436,0.006269592476489028,0.06896551724137931,0.0,0.09404388714733543,0.01810384945809654,0.8954860032725858,0.00044612693936099825,0.9291603517569719,0.011782865240282403,0.8777820010543991,0.047021943573667714,0.335423197492163,0.0,0.4608150470219436,0.006269592476489028,0.06896551724137931,0.0,0.09404388714733543,0.02169206005909413,0.05461946660214828,3.5369228884959854e-05,0.23510971786833856,0.16300940438871472,0.06269592476489028
hybrid_bge_rrf,M2_team,laplace|std1,dev,319,0.04017047198681996,0.8142277347770605,-0.004378289451419747,0.874542297380845,0.03273756459215218,0.7820173989923022,0.05329153605015674,0.34169278996865204,0.009404388714733543,0.4702194357366771,-0.009404388714733543,0.05329153605015674,-0.006269592476489028,0.0877742946708464,0.020867806336722777,0.898249960151212,-0.0011598026864580973,0.9275544221311527,0.01619849903830167,0.8821976348524184,0.05329153605015674,0.34169278996865204,0.009404388714733543,0.4702194357366771,-0.009404388714733543,0.05329153605015674,-0.006269592476489028,0.0877742946708464,0.02111444661691551,0.059637895218303955,0.0005107782240456883,0.45768025078369906,0.2852664576802508,0.15673981191222572
hybrid_bge_rrf,M2_team,laplace_eb_k2|std1,dev,319,0.04199402358931807,0.8160512863795586,-0.0005105010768089175,0.8784100857554559,0.03996933930813332,0.7892491737082834,0.05642633228840126,0.3448275862068966,0.012539184952978056,0.47335423197492166,-0.006269592476489028,0.05642633228840126,-0.006269592476489028,0.0877742946708464,0.02288877338077581,0.900270927195265,0.0003486081350559725,0.9290628329526668,0.019282351728517062,0.8852814875426339,0.05642633228840126,0.3448275862068966,0.012539184952978056,0.47335423197492166,-0.006269592476489028,0.05642633228840126,-0.006269592476489028,0.0877742946708464,0.022410114806110396,0.06174857488141443,0.00041209845799954206,0.3824451410658307,0.23824451410658307,0.13479623824451412
hybrid_bge_rrf,M2_team,laplace_eb_k10|std1,dev,319,0.04218045612767946,0.81623771891792,0.0001656154760372676,0.879086202308302,0.037070432910257745,0.7863502673104079,0.05642633228840126,0.3448275862068966,0.012539184952978056,0.47335423197492166,-0.003134796238244514,0.05956112852664577,0.0,0.09404388714733543,0.021899223047364094,0.8992813768618533,0.000840399706251569,0.9295546245238624,0.018261817107006303,0.884260952921123,0.05642633228840126,0.3448275862068966,0.012539184952978056,0.47335423197492166,-0.003134796238244514,0.05956112852664577,0.0,0.09404388714733543,0.022799635645247365,0.06236607362414042,4.921818046494589e-05,0.3793103448275862,0.25391849529780564,0.11285266457680251
hybrid_bge_rrf,M2_team,laplace|std2,dev,319,0.020016161532237613,0.7940734243224781,-0.013973309141715119,0.8649472776905496,0.028099566341894543,0.7773794007420446,0.018808777429467086,0.3072100313479624,-0.009404388714733543,0.45141065830721006,-0.03134796238244514,0.03134796238244514,-0.018808777429467086,0.07523510971786834,0.011100816222193846,0.8884829700366831,-0.005427339794493768,0.9232868850231171,0.014012615882490873,0.8800117516966074,0.018808777429467086,0.3072100313479624,-0.009404388714733543,0.45141065830721006,-0.03134796238244514,0.03134796238244514,-0.018808777429467086,0.07523510971786834,-0.004627807524207057,0.042714354494545706,0.23630066796724547,0.677115987460815,0.36363636363636365,0.30407523510971785
hybrid_bge_rrf,M2_team,laplace_eb_k2|std2,dev,319,0.029332142685274346,0.8033894054755149,-0.0023159943871363577,0.8766045924451283,0.04296396538895499,0.7922437997891051,0.047021943573667714,0.335423197492163,0.012539184952978056,0.47335423197492166,-0.018808777429467086,0.0438871473354232,-0.009404388714733543,0.08463949843260188,0.015529788867059547,0.8929119426815487,-0.0004573726915640517,0.9282568521260468,0.02131890966600759,0.8873180454801243,0.047021943573667714,0.335423197492163,0.012539184952978056,0.47335423197492166,-0.018808777429467086,0.0438871473354232,-0.009404388714733543,0.08463949843260188,0.006054408065857933,0.051842179580308415,0.06109658108705696,0.5329153605015674,0.2884012539184953,0.23197492163009403
hybrid_bge_rrf,M2_team,laplace_eb_k10|std2,dev,319,0.033444510521746726,0.8075017733119872,-0.0033285239927447327,0.8755920628395201,0.043161999142282054,0.7924418335424321,0.0438871473354232,0.3322884012539185,0.009404388714733543,0.4702194357366771,-0.0219435736677116,0.04075235109717868,-0.006269592476489028,0.0877742946708464,0.017718058488212035,0.8951002123027012,-0.0008570633151314476,0.9278571615024794,0.020985847020223974,0.8869849828343407,0.0438871473354232,0.3322884012539185,0.009404388714733543,0.4702194357366771,-0.0219435736677116,0.04075235109717868,-0.006269592476489028,0.0877742946708464,0.00994605761149834,0.05596442476884231,0.013545311667368724,0.5454545454545454,0.31347962382445144,0.21316614420062696
hybrid_bge_rrf,M3_class,laplace|std0.5,dev,319,0.004869989186618769,0.7789272519768592,0.004996179319848087,0.8839167661521128,0.015737720128137112,0.7650175545282871,0.018808777429467086,0.3072100313479624,0.018808777429467086,0.47962382445141066,-0.009404388714733543,0.05329153605015674,-0.003134796238244514,0.09090909090909091,0.0003642284758038655,0.877746382290293,0.002870528301848887,0.9315847531194598,0.007542059021683695,0.8735411948358004,0.018808777429467086,0.3072100313479624,0.018808777429467086,0.47962382445141066,-0.009404388714733543,0.05329153605015674,-0.003134796238244514,0.09090909090909091,-0.01389328378448292,0.02364727410029467,0.4199161878707499,0.219435736677116,0.11912225705329153,0.09404388714733543
hybrid_bge_rrf,M3_class,laplace_eb_k2|std0.5,dev,319,0.01144139900756854,0.785498661797809,0.002443401697661062,0.8813639885299258,0.01479977693724034,0.7640796113373904,0.018808777429467086,0.3072100313479624,0.01567398119122257,0.47648902821316613,-0.006269592476489028,0.05642633228840126,-0.003134796238244514,0.09090909090909091,0.003951296350425314,0.8813334501649145,0.001166176833329156,0.92988040165094,0.006641000285043985,0.8726401360991606,0.018808777429467086,0.3072100313479624,0.01567398119122257,0.47648902821316613,-0.006269592476489028,0.05642633228840126,-0.003134796238244514,0.09090909090909091,-0.0058323416794682365,0.028531722137616906,0.09759911172533035,0.20689655172413793,0.12539184952978055,0.07836990595611286
hybrid_bge_rrf,M3_class,laplace_eb_k10|std0.5,dev,319,0.016186298808334016,0.7902435615985745,0.0026232422706101753,0.8815438291028749,0.013751131177041968,0.7630309655771922,0.02821316614420063,0.3166144200626959,0.01567398119122257,0.47648902821316613,0.0,0.06269592476489028,-0.003134796238244514,0.09090909090909091,0.006803185588513796,0.884185339403003,0.0013090069391137006,0.9300232317567245,0.0064021008328584315,0.8724012366469751,0.02821316614420063,0.3166144200626959,0.01567398119122257,0.47648902821316613,0.0,0.06269592476489028,-0.003134796238244514,0.09090909090909091,0.00010224314505777396,0.03205981482766265,0.011488950396819323,0.1724137931034483,0.11912225705329153,0.047021943573667714
hybrid_bge_rrf,M3_class,laplace|std1,dev,319,0.004339777937503444,0.778397040727744,0.005010767416520553,0.8839313542487853,0.016793421265847253,0.7660732556659973,0.02821316614420063,0.3166144200626959,0.018808777429467086,0.47962382445141066,-0.018808777429467086,0.0438871473354232,-0.006269592476489028,0.0877742946708464,0.0011393326950671157,0.8785214865095563,0.002320704415300423,0.9310349292329112,0.007561066550520894,0.8735602023646376,0.02821316614420063,0.3166144200626959,0.018808777429467086,0.47962382445141066,-0.018808777429467086,0.0438871473354232,-0.006269592476489028,0.0877742946708464,-0.0186841892598191,0.026306023250179222,0.3401670796308063,0.3448275862068966,0.19122257053291536,0.15047021943573669
hybrid_bge_rrf,M3_class,laplace_eb_k2|std1,dev,319,0.010670350099618905,0.7847276128898594,0.005342684896388398,0.8842632717286532,0.022443724909452806,0.7717235593096029,0.025078369905956112,0.31347962382445144,0.025078369905956112,0.48589341692789967,-0.01567398119122257,0.047021943573667714,-0.006269592476489028,0.0877742946708464,0.004189205767592666,0.8815713595820819,0.002759156555965029,0.9314733813735758,0.009544171976818934,0.8755433077909355,0.025078369905956112,0.31347962382445144,0.025078369905956112,0.48589341692789967,-0.01567398119122257,0.047021943573667714,-0.006269592476489028,0.0877742946708464,-0.011378640107530225,0.030280377632912046,0.07603410568515136,0.31347962382445144,0.19122257053291536,0.12225705329153605
hybrid_bge_rrf,M3_class,laplace_eb_k10|std1,dev,319,0.008287839731639456,0.7823451025218799,0.006078689776617905,0.8849992766088827,0.019026940073058895,0.768306774473209,0.0219435736677116,0.3103448275862069,0.025078369905956112,0.48589341692789967,-0.009404388714733543,0.05329153605015674,-0.006269592476489028,0.0877742946708464,0.002852994446470446,0.8802351482609596,0.0032631988435703387,0.9319774236611812,0.00837521887498216,0.8743743546890987,0.0219435736677116,0.3103448275862069,0.025078369905956112,0.48589341692789967,-0.009404388714733543,0.05329153605015674,-0.006269592476489028,0.0877742946708464,-0.013146529316925516,0.027824523941056105,0.1086511955919397,0.2884012539184953,0.1786833855799373,0.109717868338558
hybrid_bge_rrf,M3_class,laplace|std2,dev,319,-0.0035833396881725346,0.770473923102068,-0.02837725464826841,0.8505433321839964,0.002214611172208964,0.7514944455723591,0.03761755485893417,0.32601880877742945,0.01567398119122257,0.47648902821316613,-0.025078369905956112,0.03761755485893417,-0.018808777429467086,0.07523510971786834,-0.003414531112838315,0.8739676227016508,-0.014007867503689373,0.9147063573139215,0.0002824818079000741,0.8662816176220168,0.03761755485893417,0.32601880877742945,0.01567398119122257,0.47648902821316613,-0.025078369905956112,0.03761755485893417,-0.018808777429467086,0.07523510971786834,-0.029192411829498492,0.022463429572066512,0.7388697346866092,0.5109717868338558,0.23824451410658307,0.2664576802507837
hybrid_bge_rrf,M3_class,laplace_eb_k2|std2,dev,319,0.0014071460100924334,0.7754644088003328,-0.0010255092644018812,0.8778950775678629,0.015589647695749158,0.7648694820958992,0.04075235109717868,0.329153605015674,0.025078369905956112,0.48589341692789967,-0.018808777429467086,0.0438871473354232,-0.01567398119122257,0.07836990595611286,0.00030500705713014994,0.8776871608716194,-0.0016229079808561032,0.9270913168367547,0.006218147464680448,0.8722172832787972,0.04075235109717868,0.329153605015674,0.025078369905956112,0.48589341692789967,-0.018808777429467086,0.0438871473354232,-0.01567398119122257,0.07836990595611286,-0.024476325310486425,0.027557543431610126,0.6806816858582541,0.45768025078369906,0.23197492163009403,0.2225705329153605
hybrid_bge_rrf,M3_class,laplace_eb_k10|std2,dev,319,0.0006586973056150454,0.7747159600958555,-0.0019667701194278873,0.8769538167128369,0.013563361201073307,0.7628431956012234,0.0438871473354232,0.3322884012539185,0.0219435736677116,0.4827586206896552,-0.0219435736677116,0.04075235109717868,-0.012539184952978056,0.08150470219435736,-0.0003875064251938584,0.8769946473892953,-0.001973428509452126,0.9267407963081588,0.005359156135481355,0.871358291949598,0.0438871473354232,0.3322884012539185,0.0219435736677116,0.4827586206896552,-0.0219435736677116,0.04075235109717868,-0.012539184952978056,0.08150470219435736,-0.02543594338245059,0.026053156603279514,0.557656797919452,0.45141065830721006,0.2445141065830721,0.20689655172413793
hybrid_bge_rrf,M4_intersection,laplace|std0.5,dev,319,0.04408688630710201,0.8181441490973425,0.006057848190439159,0.8849784350227039,0.03280318008508054,0.7820830144852307,0.07210031347962383,0.3605015673981191,0.0219435736677116,0.4827586206896552,0.0,0.06269592476489028,0.0,0.09404388714733543,0.021837817650977347,0.8992199714654665,0.004550569670327405,0.9332647944879382,0.01623053212524582,0.8822296679393625,0.07210031347962383,0.3605015673981191,0.0219435736677116,0.4827586206896552,0.0,0.06269592476489028,0.0,0.09404388714733543,0.025691565632423075,0.06332313504980928,1.9243528850137492e-05,0.2507836990595611,0.1755485893416928,0.07523510971786834
hybrid_bge_rrf,M4_intersection,laplace_eb_k2|std0.5,dev,319,0.046239640598760505,0.820296903389001,0.006750416139076496,0.8856710029713413,0.03145109145058359,0.7807309258507337,0.05642633228840126,0.3448275862068966,0.025078369905956112,0.48589341692789967,-0.006269592476489028,0.05642633228840126,0.0,0.09404388714733543,0.022851777114090876,0.9002339309285801,0.004121481064345022,0.9328357058819559,0.015289013568884152,0.8812881493830008,0.05642633228840126,0.3448275862068966,0.025078369905956112,0.48589341692789967,-0.006269592476489028,0.05642633228840126,0.0,0.09404388714733543,0.029691755192406872,0.06499067999212343,1.2272945976258556e-06,0.1724137931034483,0.13479623824451412,0.03761755485893417
hybrid_bge_rrf,M4_intersection,laplace_eb_k10|std0.5,dev,319,0.03985051455729434,0.8139077773475348,0.003520838706097259,0.882441425538362,0.027383055292700527,0.7766628896928506,0.05642633228840126,0.3448275862068966,0.01567398119122257,0.47648902821316613,0.0,0.06269592476489028,0.0,0.09404388714733543,0.019348342777419612,0.8967304965919088,0.0022898166904628836,0.9310040415080737,0.013235185531239528,0.8792343213453562,0.05642633228840126,0.3448275862068966,0.01567398119122257,0.47648902821316613,0.0,0.06269592476489028,0.0,0.09404388714733543,0.02376214759219963,0.05705669123247312,4.357658289139148e-06,0.16927899686520376,0.12539184952978055,0.0438871473354232
hybrid_bge_rrf,M4_intersection,laplace|std1,dev,319,0.051951774819330734,0.8260090376095712,0.011894959921373469,0.8908155467536382,0.047333014710896806,0.796612849111047,0.08463949843260188,0.3730407523510972,0.04075235109717868,0.5015673981191222,-0.01567398119122257,0.047021943573667714,-0.006269592476489028,0.0877742946708464,0.026502541987499847,0.903884695801989,0.0071997612621343245,0.9359139860797452,0.023344608403298547,0.889343744217415,0.08463949843260188,0.3730407523510972,0.04075235109717868,0.5015673981191222,-0.01567398119122257,0.047021943573667714,-0.006269592476489028,0.0877742946708464,0.03184855209319008,0.07260920587214743,8.197757568879366e-06,0.38557993730407525,0.2601880877742947,0.12539184952978055
hybrid_bge_rrf,M4_intersection,laplace_eb_k2|std1,dev,319,0.049735222210331026,0.8237924850005715,0.013457334340552926,0.8923779211728177,0.049073357971204115,0.7983531923713542,0.06583072100313479,0.3542319749216301,0.034482758620689655,0.4952978056426332,-0.003134796238244514,0.05956112852664577,-0.006269592476489028,0.0877742946708464,0.024667705114358646,0.9020498589288478,0.007038276210473996,0.9357525010280848,0.023142244019852168,0.8891413798339688,0.06583072100313479,0.3542319749216301,0.034482758620689655,0.4952978056426332,-0.003134796238244514,0.05956112852664577,-0.006269592476489028,0.0877742946708464,0.03228388541848121,0.06928227236348447,1.8555087976792786e-06,0.25705329153605017,0.1786833855799373,0.07836990595611286
hybrid_bge_rrf,M4_intersection,laplace_eb_k10|std1,dev,319,0.048071070664728696,0.8221283334549692,0.009001007834945727,0.8879215946672104,0.04416162168904906,0.7934414560891991,0.07836990595611286,0.3667711598746082,0.03134796238244514,0.49216300940438873,-0.003134796238244514,0.05956112852664577,0.0,0.09404388714733543,0.02464497687300918,0.9020271306874984,0.005746506971999022,0.9344607317896099,0.021443126231525386,0.887442262045642,0.07836990595611286,0.3667711598746082,0.03134796238244514,0.49216300940438873,-0.003134796238244514,0.05956112852664577,0.0,0.09404388714733543,0.029202295774389583,0.06809269608024705,2.1793038562386706e-06,0.2727272727272727,0.19435736677115986,0.07836990595611286
hybrid_bge_rrf,M4_intersection,laplace|std2,dev,319,0.05375806461774443,0.8278153274079849,0.008160401147361086,0.8870809879796259,0.05755766058883696,0.806837494988987,0.10031347962382445,0.3887147335423197,0.047021943573667714,0.5078369905956113,-0.018808777429467086,0.0438871473354232,-0.012539184952978056,0.08150470219435736,0.0268151479828694,0.9041973017973586,0.00520770078916161,0.9339219256067725,0.027924613967584593,0.8939237497817012,0.10031347962382445,0.3887147335423197,0.047021943573667714,0.5078369905956113,-0.018808777429467086,0.0438871473354232,-0.012539184952978056,0.08150470219435736,0.031791117690433524,0.07543619220848648,0.00014956155687016558,0.5297805642633229,0.322884012539185,0.20689655172413793
hybrid_bge_rrf,M4_intersection,laplace_eb_k2|std2,dev,319,0.06014285883559702,0.8342001216258375,0.0176042511732227,0.8965248380054874,0.0604217901895973,0.8097016245897475,0.09090909090909091,0.3793103448275862,0.05329153605015674,0.5141065830721003,-0.012539184952978056,0.050156739811912224,-0.006269592476489028,0.0877742946708464,0.029809779881683637,0.9071919336961728,0.008867612453089986,0.9375818372707008,0.028928392845261438,0.8949275286593781,0.09090909090909091,0.3793103448275862,0.05329153605015674,0.5141065830721003,-0.012539184952978056,0.050156739811912224,-0.006269592476489028,0.0877742946708464,0.03939119411930208,0.0818148704006287,1.1693030962363728e-06,0.3730407523510972,0.23824451410658307,0.13479623824451412
hybrid_bge_rrf,M4_intersection,laplace_eb_k10|std2,dev,319,0.057558812971772816,0.8316160757620132,0.015434535693225442,0.8943551225254902,0.0571899974327476,0.8064698318328976,0.09404388714733543,0.3824451410658307,0.04075235109717868,0.5015673981191222,-0.012539184952978056,0.050156739811912224,-0.006269592476489028,0.0877742946708464,0.029292636343677965,0.9066747901581672,0.00834670167731641,0.9370609264949272,0.027538656216803764,0.8935377920309205,0.09404388714733543,0.3824451410658307,0.04075235109717868,0.5015673981191222,-0.012539184952978056,0.050156739811912224,-0.006269592476489028,0.0877742946708464,0.035671886748000745,0.07938675914999085,2.3517927567675335e-06,0.40752351097178685,0.27586206896551724,0.13166144200626959
hybrid_bge_rrf,M5_backoff,laplace|std0.5,dev,319,0.041534738340721605,0.8155920011309621,0.005524717901941377,0.8844453047342061,0.0351985591425791,0.7844783935427292,0.05956112852664577,0.34796238244514105,0.018808777429467086,0.47962382445141066,-0.006269592476489028,0.05642633228840126,0.0,0.09404388714733543,0.02073570880396613,0.8981178626184553,0.0034065620278863696,0.9321207868454972,0.017389840149206803,0.8833889759633236,0.05956112852664577,0.34796238244514105,0.018808777429467086,0.47962382445141066,-0.006269592476489028,0.05642633228840126,0.0,0.09404388714733543,0.023802439787871787,0.060720697195972756,6.384807710953458e-05,0.26959247648902823,0.1786833855799373,0.09090909090909091
hybrid_bge_rrf,M5_backoff,laplace_eb_k2|std0.5,dev,319,0.04454205255243098,0.8185993153426715,0.0035843319466868913,0.8825049187789517,0.03283426636672319,0.7821141007668733,0.0438871473354232,0.3322884012539185,0.018808777429467086,0.47962382445141066,-0.009404388714733543,0.05329153605015674,0.0,0.09404388714733543,0.022041829682442834,0.899423983496932,0.0018541411172633634,0.9305683659348742,0.016057278930580357,0.882056414744697,0.0438871473354232,0.3322884012539185,0.018808777429467086,0.47962382445141066,-0.009404388714733543,0.05329153605015674,0.0,0.09404388714733543,0.028175854318567953,0.06297265333663614,4.40526054258721e-06,0.21003134796238246,0.14733542319749215,0.06269592476489028
hybrid_bge_rrf,M5_backoff,laplace_eb_k10|std0.5,dev,319,0.038652376741824854,0.8127096395320653,0.0015603591655862742,0.880480945997851,0.027472472408068216,0.7767523068082183,0.050156739811912224,0.3385579937304075,0.012539184952978056,0.47335423197492166,-0.003134796238244514,0.05956112852664577,0.0,0.09404388714733543,0.01896009689961855,0.8963422507141078,0.0008035844022577459,0.9295178092198686,0.01348681786217286,0.8794859536762896,0.050156739811912224,0.3385579937304075,0.012539184952978056,0.47335423197492166,-0.003134796238244514,0.05956112852664577,0.0,0.09404388714733543,0.02296143040925171,0.0568812472739937,0.00013477952644672982,0.21630094043887146,0.13479623824451412,0.08150470219435736
hybrid_bge_rrf,M5_backoff,laplace|std1,dev,319,0.052611969948562334,0.8266692327388028,0.010184248366326,0.8891048351985907,0.052755527284732054,0.8020353616848822,0.07210031347962383,0.3605015673981191,0.03761755485893417,0.49843260188087773,-0.018808777429467086,0.0438871473354232,-0.006269592476489028,0.0877742946708464,0.026127047579863977,0.9035092013943532,0.005704571087158586,0.9344187959047694,0.025708541208673795,0.8917076770227904,0.07210031347962383,0.3605015673981191,0.03761755485893417,0.49843260188087773,-0.018808777429467086,0.0438871473354232,-0.006269592476489028,0.0877742946708464,0.032830613313190246,0.073034831556874,6.930698513762407e-06,0.3949843260188088,0.26332288401253917,0.13166144200626959
hybrid_bge_rrf,M5_backoff,laplace_eb_k2|std1,dev,319,0.048287915048367554,0.822345177838608,0.01086793298071081,0.8897885198129756,0.050267802125140794,0.7995476365252909,0.05642633228840126,0.3448275862068966,0.03134796238244514,0.49216300940438873,-0.006269592476489028,0.05642633228840126,-0.006269592476489028,0.0877742946708464,0.024604828847239385,0.9019869826617286,0.0053860201357300375,0.9341002449533409,0.024052036630696272,0.8900511724448129,0.05642633228840126,0.3448275862068966,0.03134796238244514,0.49216300940438873,-0.006269592476489028,0.05642633228840126,-0.006269592476489028,0.0877742946708464,0.0297673050314188,0.06842004040250303,3.250495826828524e-05,0.322884012539185,0.20376175548589343,0.11912225705329153
hybrid_bge_rrf,M5_backoff,laplace_eb_k10|std1,dev,319,0.04639360824815906,0.8204508710383995,0.008354020062658854,0.8872746068949237,0.04505332903148239,0.7943331634316326,0.06583072100313479,0.3542319749216301,0.03134796238244514,0.49216300940438873,-0.006269592476489028,0.05642633228840126,0.0,0.09404388714733543,0.024180205731556333,0.9015623595460456,0.004515610518500349,0.9332298353361111,0.0218495093542954,0.8878486451684121,0.06583072100313479,0.3542319749216301,0.03134796238244514,0.49216300940438873,-0.006269592476489028,0.05642633228840126,0.0,0.09404388714733543,0.02837970444938419,0.06577462590063067,1.2348115551339923e-05,0.31974921630094044,0.21003134796238246,0.109717868338558
hybrid_bge_rrf,M5_backoff,laplace|std2,dev,319,0.05445136765140725,0.8285086304416477,0.012850893702252906,0.8917714805345176,0.06499665248263217,0.8142764868827824,0.09090909090909091,0.3793103448275862,0.0438871473354232,0.5047021943573667,-0.025078369905956112,0.03761755485893417,-0.012539184952978056,0.08150470219435736,0.02630800578661473,0.9036901596011039,0.006495892908132188,0.935210117725743,0.030948228335305812,0.8969473641494224,0.09090909090909091,0.3793103448275862,0.0438871473354232,0.5047021943573667,-0.025078369905956112,0.03761755485893417,-0.012539184952978056,0.08150470219435736,0.03252463789195476,0.07777777454672748,0.000251023206481867,0.5642633228840125,0.3385579937304075,0.22570532915360503
hybrid_bge_rrf,M5_backoff,laplace_eb_k2|std2,dev,319,0.05107442756711876,0.8251316903573592,0.011671321378979938,0.8905919082112447,0.058740048598626554,0.8080198829987768,0.07210031347962383,0.3605015673981191,0.04075235109717868,0.5015673981191222,-0.01567398119122257,0.047021943573667714,-0.006269592476489028,0.0877742946708464,0.026311826649878092,0.9036939804643673,0.006005233264642076,0.9347194580822529,0.028570514917373658,0.8945696507314904,0.07210031347962383,0.3605015673981191,0.04075235109717868,0.5015673981191222,-0.01567398119122257,0.047021943573667714,-0.006269592476489028,0.0877742946708464,0.029858946716150147,0.07344976886289434,0.00011701452201101075,0.438871473354232,0.26332288401253917,0.1755485893416928
hybrid_bge_rrf,M5_backoff,laplace_eb_k10|std2,dev,319,0.047811074153196104,0.8218683369434365,0.01148987334910605,0.8904104601813708,0.056202832941070986,0.805482667341221,0.07210031347962383,0.3605015673981191,0.04075235109717868,0.5015673981191222,-0.01567398119122257,0.047021943573667714,-0.009404388714733543,0.08463949843260188,0.02567524549355701,0.9030573993080462,0.006759189045915035,0.9354734138635259,0.027184922474678783,0.8931840582887954,0.07210031347962383,0.3605015673981191,0.04075235109717868,0.5015673981191222,-0.01567398119122257,0.047021943573667714,-0.009404388714733543,0.08463949843260188,0.026351867890610215,0.06896546158857852,0.00016993275001140536,0.47335423197492166,0.29780564263322884,0.1755485893416928
ce_rerank,none,laplace|abs,dev,319,0.0,0.7779268806677627,0.0,0.8786561122415207,0.0,0.7511106159491319,0.0,0.2852664576802508,0.0,0.4670846394984326,0.0,0.050156739811912224,0.0,0.08463949843260188,0.0,0.8776396951144766,0.0,0.9281528580898776,0.0,0.8655731801889534,0.0,0.2852664576802508,0.0,0.4670846394984326,0.0,0.050156739811912224,0.0,0.08463949843260188,0.0,0.0,,0.0,0.0,0.0
ce_rerank,M1_global,laplace|std0.5,dev,319,-0.002076819982835118,0.7758500606849276,-0.0018206769863266183,0.8768354352551941,0.00211785991550613,0.7532284758646379,0.006269592476489028,0.29153605015673983,-0.003134796238244514,0.46394984326018807,0.0,0.050156739811912224,-0.003134796238244514,0.08150470219435736,-0.0007389328883359424,0.8769007622261407,-0.0008837057505281742,0.9272691523393494,0.0010116720461172738,0.8665848522350705,0.006269592476489028,0.29153605015673983,-0.003134796238244514,0.46394984326018807,0.0,0.050156739811912224,-0.003134796238244514,0.08150470219435736,-0.009617368667313485,0.004746342113469265,0.9614773061984747,0.13793103448275862,0.06583072100313479,0.06896551724137931
ce_rerank,M1_global,laplace_eb_k2|std0.5,dev,319,-0.0018084551379972118,0.7761184255297655,-0.0018862367703996856,0.8767698754711211,0.007452229224729314,0.7585628451738612,-0.003134796238244514,0.28213166144200624,-0.012539184952978056,0.45454545454545453,0.003134796238244514,0.05329153605015674,-0.006269592476489028,0.07836990595611286,-0.0005413388196951169,0.8770983562947814,-0.0003288218220199537,0.9278240362678576,0.004576984524353171,0.8701501647133065,-0.003134796238244514,0.28213166144200624,-0.012539184952978056,0.45454545454545453,0.003134796238244514,0.05329153605015674,-0.006269592476489028,0.07836990595611286,-0.012625595290786046,0.008253262991371755,0.6388206706580324,0.2225705329153605,0.11912225705329153,0.09717868338557993
ce_rerank,M1_global,laplace_eb_k10|std0.5,dev,319,-0.002321232028515735,0.775605648639247,-0.001798645129024422,0.8768574671124963,0.00690354640394169,0.7580141623530735,-0.009404388714733543,0.27586206896551724,-0.012539184952978056,0.45454545454545453,0.003134796238244514,0.05329153605015674,-0.003134796238244514,0.08150470219435736,-0.0007734564965047806,0.8768662386179717,-0.000259625687494547,0.927893232402383,0.004359148643607256,0.8699323288325606,-0.009404388714733543,0.27586206896551724,-0.012539184952978056,0.45454545454545453,0.003134796238244514,0.05329153605015674,-0.003134796238244514,0.08150470219435736,-0.01295414097653848,0.007577550749303217,0.7664309812773893,0.21316614420062696,0.11285266457680251,0.09404388714733543
ce_rerank,M1_global,laplace|std1,dev,319,-0.005732779896184569,0.7721941007715781,-0.0018873194168353904,0.8767687928246853,0.0018863164378931506,0.752996932387025,-0.01567398119122257,0.26959247648902823,0.0,0.4670846394984326,-0.003134796238244514,0.047021943573667714,-0.003134796238244514,0.08150470219435736,-0.0029743346487840516,0.8746653604656925,-0.0011563863500158615,0.9269964717398617,0.0007920681869722099,0.8663652483759255,-0.01567398119122257,0.26959247648902823,0.0,0.4670846394984326,-0.003134796238244514,0.047021943573667714,-0.003134796238244514,0.08150470219435736,-0.01392102382761838,0.0018383500612921824,0.14744687685445274,0.23510971786833856,0.0877742946708464,0.14106583072100312
ce_rerank,M1_global,laplace_eb_k2|std1,dev,319,-0.0039085865160888265,0.7740182941516739,-0.009709088779915836,0.8689470234616049,0.004310019469606839,0.7554206354187386,-0.0219435736677116,0.26332288401253917,-0.025078369905956112,0.44200626959247646,0.003134796238244514,0.05329153605015674,-0.006269592476489028,0.07836990595611286,-0.0002164239980584028,0.8774232711164182,-0.004803767959152269,0.9233490901307253,0.002574878426554813,0.8681480586155081,-0.0219435736677116,0.26332288401253917,-0.025078369905956112,0.44200626959247646,0.003134796238244514,0.05329153605015674,-0.006269592476489028,0.07836990595611286,-0.019188687911251306,0.009967198055879823,0.841554290154423,0.3730407523510972,0.1755485893416928,0.19122257053291536
ce_rerank,M1_global,laplace_eb_k10|std1,dev,319,-0.003009499777633942,0.7749173808901287,-0.005419606605667306,0.8732365056358534,0.00656701724007025,0.7576776331892021,-0.01567398119122257,0.26959247648902823,-0.01567398119122257,0.45141065830721006,0.003134796238244514,0.05329153605015674,-0.006269592476489028,0.07836990595611286,0.00013148121325573577,0.8777711763277323,-0.002368553865665926,0.9257843042242115,0.003396891818898602,0.8689700720078519,-0.01567398119122257,0.26959247648902823,-0.01567398119122257,0.45141065830721006,0.003134796238244514,0.05329153605015674,-0.006269592476489028,0.07836990595611286,-0.01863432641149875,0.010993668647792451,0.926622592132635,0.3667711598746082,0.1724137931034483,0.18808777429467086
ce_rerank,M1_global,laplace|std2,dev,319,-0.014539975614570152,0.7633869050531925,-0.011760378332347332,0.8668957339091734,-0.0036267533874997514,0.7474838625616321,-0.05329153605015674,0.23197492163009403,-0.02821316614420063,0.438871473354232,-0.009404388714733543,0.04075235109717868,-0.006269592476489028,0.07836990595611286,-0.010385164366246764,0.8672545307482298,-0.0055457518018525226,0.922607106288025,-0.002561040675752216,0.8630121395132011,-0.05329153605015674,0.23197492163009403,-0.02821316614420063,0.438871473354232,-0.009404388714733543,0.04075235109717868,-0.006269592476489028,0.07836990595611286,-0.02718798828232438,-0.003516375697962356,0.019644408474370344,0.36990595611285265,0.14420062695924765,0.21630094043887146
ce_rerank,M1_global,laplace_eb_k2|std2,dev,319,-0.0033745162866332316,0.7745523643811295,-0.02187261828527929,0.8567834939562415,-0.0035267804401888725,0.747583835508943,-0.0438871473354232,0.2413793103448276,-0.06583072100313479,0.4012539184952978,-0.009404388714733543,0.04075235109717868,-0.009404388714733543,0.07523510971786834,-0.0010345716461492556,0.8766051234683273,-0.011182921340099322,0.9169699367497782,-0.00014227615628496378,0.8654309040326683,-0.0438871473354232,0.2413793103448276,-0.06583072100313479,0.4012539184952978,-0.009404388714733543,0.04075235109717868,-0.009404388714733543,0.07523510971786834,-0.022240667319550034,0.01646582225109903,0.2857630978758262,0.5329153605015674,0.23824451410658307,0.2884012539184953
ce_rerank,M1_global,laplace_eb_k10|std2,dev,319,-0.0042282819140667454,0.773698598753696,-0.0213068224092636,0.8573492898322572,-0.0014298948199491144,0.7496807211291828,-0.04075235109717868,0.2445141065830721,-0.05956112852664577,0.40752351097178685,-0.006269592476489028,0.0438871473354232,-0.009404388714733543,0.07523510971786834,-0.0009684577630978767,0.8766712373513786,-0.010599990062952789,0.9175528680269247,0.0005437790039564772,0.8661169591929098,-0.04075235109717868,0.2445141065830721,-0.05956112852664577,0.40752351097178685,-0.006269592476489028,0.0438871473354232,-0.009404388714733543,0.07523510971786834,-0.023113574866544116,0.015181289323047955,0.4796938021648437,0.5047021943573667,0.23824451410658307,0.2601880877742947
ce_rerank,M2_team,laplace|std0.5,dev,319,0.029073880477385086,0.8070007611451477,0.0019432792095555034,0.8805993914510762,0.0200652406390371,0.771175856588169,0.02821316614420063,0.31347962382445144,-0.006269592476489028,0.4608150470219436,0.003134796238244514,0.05329153605015674,0.003134796238244514,0.0877742946708464,0.015683796245102598,0.8933234913595791,0.00219936458668365,0.9303522226765611,0.010584184050933698,0.8761573642398871,0.02821316614420063,0.31347962382445144,-0.006269592476489028,0.4608150470219436,0.003134796238244514,0.05329153605015674,0.003134796238244514,0.0877742946708464,0.017591448786280182,0.04210238932547243,2.3288157608872205e-06,0.2852664576802508,0.2006269592476489,0.07523510971786834
ce_rerank,M2_team,laplace_eb_k2|std0.5,dev,319,0.028561984857421684,0.8064888655251844,0.0031275796619328585,0.8817836919034536,0.023988894540174253,0.7750995104893061,0.034482758620689655,0.31974921630094044,-0.006269592476489028,0.4608150470219436,0.003134796238244514,0.05329153605015674,0.003134796238244514,0.0877742946708464,0.014870761797345918,0.8925104569118225,0.0025285859840416982,0.9306814440739192,0.012961376741014682,0.878534556929968,0.034482758620689655,0.31974921630094044,-0.006269592476489028,0.4608150470219436,0.003134796238244514,0.05329153605015674,0.003134796238244514,0.0877742946708464,0.01620476249033194,0.04219223562114198,7.163884002347456e-05,0.22884012539184953,0.14420062695924765,0.07836990595611286
ce_rerank,M2_team,laplace_eb_k10|std0.5,dev,319,0.023046981041147416,0.8009738617089102,0.002759365195577795,0.8814154774370986,0.02356530450237769,0.7746759204515096,0.03134796238244514,0.3166144200626959,-0.009404388714733543,0.45768025078369906,0.003134796238244514,0.05329153605015674,0.003134796238244514,0.0877742946708464,0.01217676956078102,0.8898164646752575,0.0023867702783088324,0.9305396283681864,0.01255141541501945,0.8781245956039727,0.03134796238244514,0.3166144200626959,-0.009404388714733543,0.45768025078369906,0.003134796238244514,0.05329153605015674,0.003134796238244514,0.0877742946708464,0.011001010071544625,0.035432236443702886,0.0002608374393493159,0.20689655172413793,0.14106583072100312,0.05956112852664577
ce_rerank,M2_team,laplace|std1,dev,319,0.03405077232275637,0.811977652990519,0.0009263209227857919,0.8795824331643066,0.032726081369625744,0.7838366973187576,0.02821316614420063,0.31347962382445144,-0.006269592476489028,0.4608150470219436,-0.003134796238244514,0.047021943573667714,0.0,0.08463949843260188,0.017385467373091597,0.8950251624875681,0.001715813964885604,0.9298686720547631,0.017254313555630774,0.8828274937445841,0.02821316614420063,0.31347962382445144,-0.006269592476489028,0.4608150470219436,-0.003134796238244514,0.047021943573667714,0.0,0.08463949843260188,0.01900031904173215,0.05062400729900522,0.00033799557637533755,0.4200626959247649,0.25705329153605017,0.15047021943573669
ce_rerank,M2_team,laplace_eb_k2|std1,dev,319,0.04059009919626212,0.8185169798640248,0.002442153830513311,0.8810982660720341,0.03527832091391834,0.7863889368630501,0.0438871473354232,0.329153605015674,-0.003134796238244514,0.46394984326018807,0.003134796238244514,0.05329153605015674,0.003134796238244514,0.0877742946708464,0.020243701422849793,0.8978833965373263,0.002009809577726645,0.9301626676676041,0.018463926517103903,0.8840371067060574,0.0438871473354232,0.329153605015674,-0.003134796238244514,0.46394984326018807,0.003134796238244514,0.05329153605015674,0.003134796238244514,0.0877742946708464,0.024453314426457245,0.05838008028890085,1.165924828268731e-05,0.31974921630094044,0.20689655172413793,0.10658307210031348
ce_rerank,M2_team,laplace_eb_k10|std1,dev,319,0.032290938108879196,0.8102178187766419,0.0034279287748949657,0.8820840410164157,0.03213660030225787,0.7832472162513897,0.034482758620689655,0.31974921630094044,-0.006269592476489028,0.4608150470219436,-0.003134796238244514,0.047021943573667714,0.0,0.08463949843260188,0.017613872932416143,0.8952535680468927,0.0026276881418258046,0.9307805462317034,0.01695658687887521,0.8825297670678286,0.034482758620689655,0.31974921630094044,-0.006269592476489028,0.4608150470219436,-0.003134796238244514,0.047021943573667714,0.0,0.08463949843260188,0.016795899542077768,0.04871477994799238,0.0005062186544211189,0.3322884012539185,0.20376175548589343,0.11912225705329153
ce_rerank,M2_team,laplace|std2,dev,319,0.023279766228085027,0.8012066468958478,0.0009681873467274968,0.8796242995882483,0.030764212990675978,0.7818748289398079,0.012539184952978056,0.29780564263322884,-0.012539184952978056,0.45454545454545453,-0.012539184952978056,0.03761755485893417,-0.01567398119122257,0.06896551724137931,0.010590970609629042,0.8882306657241056,0.0012046766692194446,0.929357534759097,0.015861642435426624,0.8814348226243799,0.012539184952978056,0.29780564263322884,-0.012539184952978056,0.45454545454545453,-0.012539184952978056,0.03761755485893417,-0.01567398119122257,0.06896551724137931,0.0038828044014524517,0.0439492609357712,0.5387408985120936,0.5862068965517241,0.27899686520376177,0.29153605015673983
ce_rerank,M2_team,laplace_eb_k2|std2,dev,319,0.038755912065132285,0.816682792732895,0.0019304754685458719,0.8805865877100667,0.0450201806031331,0.7961307965522649,0.025078369905956112,0.3103448275862069,-0.009404388714733543,0.45768025078369906,0.0,0.050156739811912224,-0.006269592476489028,0.07836990595611286,0.01932135093548455,0.8969610460499611,0.0018465736629820915,0.9299994317528596,0.022754356535998256,0.8883275367249516,0.025078369905956112,0.3103448275862069,-0.009404388714733543,0.45768025078369906,0.0,0.050156739811912224,-0.006269592476489028,0.07836990595611286,0.019886730551766377,0.058257982822070835,0.021255133153561562,0.45768025078369906,0.23510971786833856,0.21630094043887146
ce_rerank,M2_team,laplace_eb_k10|std2,dev,319,0.03522625441741794,0.8131531350851806,0.0025745708273496,0.8812306830688704,0.042289711942540074,0.7934003278916719,0.018808777429467086,0.30407523510971785,-0.003134796238244514,0.46394984326018807,-0.006269592476489028,0.0438871473354232,-0.003134796238244514,0.08150470219435736,0.018521255180006118,0.8961609502944826,0.0018054358077273474,0.9299582938976049,0.021187045544292484,0.8867602257332456,0.018808777429467086,0.30407523510971785,-0.003134796238244514,0.46394984326018807,-0.006269592476489028,0.0438871473354232,-0.003134796238244514,0.08150470219435736,0.016731948046988826,0.0553897344299992,0.06584889839839848,0.4890282131661442,0.2507836990595611,0.22570532915360503
ce_rerank,M3_class,laplace|std0.5,dev,319,0.018329740271299237,0.7962566209390619,0.0032616608942564003,0.8819177731357771,0.01432256060871398,0.7654331765578458,0.018808777429467086,0.30407523510971785,0.0,0.4670846394984326,-0.003134796238244514,0.047021943573667714,-0.003134796238244514,0.08150470219435736,0.007928247829216027,0.8855679429436926,0.0012735253591148832,0.9294263834489924,0.006448115880212816,0.872021296069166,0.018808777429467086,0.30407523510971785,0.0,0.4670846394984326,-0.003134796238244514,0.047021943573667714,-0.003134796238244514,0.08150470219435736,0.0036225723925989626,0.033286417273331516,0.005749494297263595,0.23510971786833856,0.14733542319749215,0.0877742946708464
ce_rerank,M3_class,laplace_eb_k2|std0.5,dev,319,0.009671153436447012,0.7875980341042097,-0.00255085780142243,0.8761052544400983,0.010528129665035066,0.7616387456141669,0.01567398119122257,0.30094043887147337,-0.009404388714733543,0.45768025078369906,0.003134796238244514,0.05329153605015674,-0.003134796238244514,0.08150470219435736,0.003141986165300806,0.8807816812797774,-0.0015651507063719173,0.9265877073835056,0.0045309314159764046,0.8701041116049298,0.01567398119122257,0.30094043887147337,-0.009404388714733543,0.45768025078369906,0.003134796238244514,0.05329153605015674,-0.003134796238244514,0.08150470219435736,-0.00303384176160568,0.02170254839613426,0.008542398662062958,0.21003134796238246,0.13793103448275862,0.07210031347962383
ce_rerank,M3_class,laplace_eb_k10|std0.5,dev,319,0.010449648767616308,0.7883765294353791,0.0009258684226338019,0.8795819806641546,0.010004936593079643,0.7611155525422115,0.009404388714733543,0.2946708463949843,-0.009404388714733543,0.45768025078369906,0.003134796238244514,0.05329153605015674,0.0,0.08463949843260188,0.003990381769252048,0.8816300768837286,-0.00028350659672369405,0.9278693514931539,0.004494450327744681,0.8700676305166979,0.009404388714733543,0.2946708463949843,-0.009404388714733543,0.45768025078369906,0.003134796238244514,0.05329153605015674,0.0,0.08463949843260188,-0.002104677008260567,0.02265242716782145,0.012982180321995683,0.21630094043887146,0.13793103448275862,0.07836990595611286
ce_rerank,M3_class,laplace|std1,dev,319,0.020477747048330157,0.7984046277160929,0.002012767621715988,0.8806688798632367,0.022867869189867406,0.7739784851389993,0.02821316614420063,0.31347962382445144,0.0,0.4670846394984326,-0.006269592476489028,0.0438871473354232,-0.006269592476489028,0.07836990595611286,0.008518958073050998,0.8861586531875275,1.847519769937641e-05,0.928171333287577,0.010248205112439342,0.8758213853013928,0.02821316614420063,0.31347962382445144,0.0,0.4670846394984326,-0.006269592476489028,0.0438871473354232,-0.006269592476489028,0.07836990595611286,0.0015803576905432167,0.03840014455623947,0.07699920455394588,0.36990595611285265,0.1974921630094044,0.1724137931034483
ce_rerank,M3_class,laplace_eb_k2|std1,dev,319,0.016879892718268785,0.7948067733860315,0.0013767878603785763,0.8800329001018994,0.017949481734708186,0.76906009768384,0.02821316614420063,0.31347962382445144,-0.003134796238244514,0.46394984326018807,0.003134796238244514,0.05329153605015674,-0.006269592476489028,0.07836990595611286,0.007251751740524387,0.884891446855001,-0.0009525528522120747,0.9272003052376655,0.007469403145828967,0.8730425833347821,0.02821316614420063,0.31347962382445144,-0.003134796238244514,0.46394984326018807,0.003134796238244514,0.05329153605015674,-0.006269592476489028,0.07836990595611286,-0.0007023706646828814,0.03418231684492673,0.01897915747605954,0.3166144200626959,0.18495297805642633,0.13166144200626959
ce_rerank,M3_class,laplace_eb_k10|std1,dev,319,0.017739089982449822,0.7956659706502125,0.002234387500532742,0.8808904997420535,0.01846152935352258,0.7695721453026544,0.02821316614420063,0.31347962382445144,-0.006269592476489028,0.4608150470219436,-0.003134796238244514,0.047021943573667714,-0.006269592476489028,0.07836990595611286,0.007879412566606528,0.8855191076810831,-0.0005565558481365909,0.9275963022417409,0.008129098292054803,0.8737022784810081,0.02821316614420063,0.31347962382445144,-0.006269592476489028,0.4608150470219436,-0.003134796238244514,0.047021943573667714,-0.006269592476489028,0.07836990595611286,0.0007710892631202283,0.03407962697333303,0.010480522039129725,0.322884012539185,0.19435736677115986,0.12852664576802508
ce_rerank,M3_class,laplace|std2,dev,319,-0.0047431051450836995,0.773183775522679,-0.014893344063370206,0.8637627681781506,0.007680625067936214,0.7587912410170681,0.01567398119122257,0.30094043887147337,0.006269592476489028,0.47335423197492166,-0.012539184952978056,0.03761755485893417,-0.01567398119122257,0.06896551724137931,-0.004810071944443036,0.8728296231700335,-0.007815399326874545,0.920337458763003,0.002749829213821028,0.8683230094027743,0.01567398119122257,0.30094043887147337,0.006269592476489028,0.47335423197492166,-0.012539184952978056,0.03761755485893417,-0.01567398119122257,0.06896551724137931,-0.03233484726364149,0.020584256197311263,0.4055339049210793,0.5391849529780565,0.22884012539184953,0.3103448275862069
ce_rerank,M3_class,laplace_eb_k2|std2,dev,319,0.02566156646114158,0.8035884471289043,-0.0014052593082096135,0.8772508529333112,0.024076056785204195,0.7751866727343361,0.03134796238244514,0.3166144200626959,0.006269592476489028,0.47335423197492166,0.0,0.050156739811912224,-0.01567398119122257,0.06896551724137931,0.010963434149105347,0.8886031292635819,-0.002253303146661262,0.9258995549432163,0.010278645111101926,0.8758518253000552,0.03134796238244514,0.3166144200626959,0.006269592476489028,0.47335423197492166,0.0,0.050156739811912224,-0.01567398119122257,0.06896551724137931,0.004505352031287728,0.045456997104876606,0.027125374375869465,0.43573667711598746,0.23510971786833856,0.2006269592476489
ce_rerank,M3_class,laplace_eb_k10|std2,dev,319,0.0229973376824938,0.8009242183502565,0.0034600905256585266,0.8821162027671793,0.022840255623840983,0.7739508715729729,0.025078369905956112,0.3103448275862069,0.006269592476489028,0.47335423197492166,-0.006269592476489028,0.0438871473354232,-0.01567398119122257,0.06896551724137931,0.009354224399339443,0.886993919513816,-0.0005383418645230954,0.9276145162253544,0.009900492579212014,0.8754736727681652,0.025078369905956112,0.3103448275862069,0.006269592476489028,0.47335423197492166,-0.006269592476489028,0.0438871473354232,-0.01567398119122257,0.06896551724137931,0.0018037271560359528,0.043271724932876676,0.024496890196934542,0.445141065830721,0.2507836990595611,0.19435736677115986
ce_rerank,M4_intersection,laplace|std0.5,dev,319,0.03860054886826901,0.8165274295360317,0.008611616062520066,0.8872677283040409,0.03214195465382924,0.783252570602961,0.05956112852664577,0.3448275862068966,0.012539184952978056,0.47962382445141066,0.003134796238244514,0.05329153605015674,0.0,0.08463949843260188,0.019786026130275667,0.8974257212447522,0.0052660985800166114,0.9334189566698942,0.01692796491530248,0.8825011451042558,0.05956112852664577,0.3448275862068966,0.012539184952978056,0.47962382445141066,0.003134796238244514,0.05329153605015674,0.0,0.08463949843260188,0.02585800394392499,0.05193012440547954,4.9098775031608305e-08,0.25391849529780564,0.1974921630094044,0.05642633228840126
ce_rerank,M4_intersection,laplace_eb_k2|std0.5,dev,319,0.029034471203540933,0.8069613518713036,0.00683320614985164,0.8854893183913725,0.02466274476537136,0.7757733607145033,0.05329153605015674,0.3385579937304075,0.006269592476489028,0.47335423197492166,0.006269592476489028,0.05642633228840126,0.0,0.08463949843260188,0.014469798549215622,0.8921094936636922,0.003036059929659374,0.9311889180195368,0.012359957915488457,0.8779331381044417,0.05329153605015674,0.3385579937304075,0.006269592476489028,0.47335423197492166,0.006269592476489028,0.05642633228840126,0.0,0.08463949843260188,0.018271612546473835,0.040572783776024635,1.0914785493952752e-06,0.1786833855799373,0.13793103448275862,0.04075235109717868
ce_rerank,M4_intersection,laplace_eb_k10|std0.5,dev,319,0.030095373948913384,0.8080222546166761,0.0070005737501999425,0.8856566859917208,0.02439379912091647,0.7755044150700483,0.05329153605015674,0.3385579937304075,0.0,0.4670846394984326,0.003134796238244514,0.05329153605015674,0.003134796238244514,0.0877742946708464,0.01560004704798277,0.8932397421624593,0.004385185092220485,0.932538043182098,0.01288576851070488,0.8784589486996583,0.05329153605015674,0.3385579937304075,0.0,0.4670846394984326,0.003134796238244514,0.05329153605015674,0.003134796238244514,0.0877742946708464,0.019529395837768866,0.04212938649200346,9.134281440833517e-07,0.19122257053291536,0.14733542319749215,0.0438871473354232
ce_rerank,M4_intersection,laplace|std1,dev,319,0.04840556333618104,0.8263324440039438,0.011760492636865957,0.8904166048783867,0.04652730311649533,0.7976379190656272,0.08463949843260188,0.36990595611285265,0.0219435736677116,0.4890282131661442,0.006269592476489028,0.05642633228840126,-0.003134796238244514,0.08150470219435736,0.02395623492596665,0.9015959300404432,0.006764213493251502,0.934917071583129,0.023563255430388976,0.8891364356193423,0.08463949843260188,0.36990595611285265,0.0219435736677116,0.4890282131661442,0.006269592476489028,0.05642633228840126,-0.003134796238244514,0.08150470219435736,0.031385943927104386,0.06652875410387038,8.606725886996395e-07,0.3573667711598746,0.2507836990595611,0.10658307210031348
ce_rerank,M4_intersection,laplace_eb_k2|std1,dev,319,0.04069620380207289,0.8186230844698356,0.013643215068829097,0.8922993273103499,0.04054873394531703,0.791659349894449,0.06896551724137931,0.3542319749216301,0.025078369905956112,0.49216300940438873,0.003134796238244514,0.05329153605015674,0.0,0.08463949843260188,0.019390739617302873,0.8970304347317795,0.006098013686535874,0.9342508717764134,0.019892848771193933,0.8854660289601473,0.06896551724137931,0.3542319749216301,0.025078369905956112,0.49216300940438873,0.003134796238244514,0.05329153605015674,0.0,0.08463949843260188,0.02579747591062586,0.05722498417507891,1.935874534798296e-06,0.2476489028213166,0.1755485893416928,0.07210031347962383
ce_rerank,M4_intersection,laplace_eb_k10|std1,dev,319,0.04277578360608379,0.8207026642738465,0.011742184528362789,0.8903982967698836,0.03788580702366687,0.7889964229727988,0.06583072100313479,0.3510971786833856,0.012539184952978056,0.47962382445141066,0.0,0.050156739811912224,0.0,0.08463949843260188,0.02164781887703181,0.8992875139915084,0.006983217400816914,0.9351360754906944,0.01938503020235737,0.8849582103913106,0.06583072100313479,0.3510971786833856,0.012539184952978056,0.47962382445141066,0.0,0.050156739811912224,0.0,0.08463949843260188,0.027388032876118594,0.05924165306560298,1.6068503037982151e-06,0.27586206896551724,0.19122257053291536,0.08463949843260188
ce_rerank,M4_intersection,laplace|std2,dev,319,0.05155885635311701,0.8294857370208797,0.013999696482311596,0.8926558087238323,0.05726651606211281,0.8083771320112446,0.07836990595611286,0.36363636363636365,0.0219435736677116,0.4890282131661442,-0.003134796238244514,0.047021943573667714,-0.01567398119122257,0.06896551724137931,0.023996176951357563,0.9016358720658341,0.007763191263503789,0.9359160493533814,0.02755019087402798,0.8931233710629813,0.07836990595611286,0.36363636363636365,0.0219435736677116,0.4890282131661442,-0.003134796238244514,0.047021943573667714,-0.01567398119122257,0.06896551724137931,0.03257316881878342,0.0716578872372224,0.00011302144966412145,0.4890282131661442,0.2946708463949843,0.19435736677115986
ce_rerank,M4_intersection,laplace_eb_k2|std2,dev,319,0.053617110937179815,0.8315439916049425,0.019258661983902553,0.8979147742254233,0.05641392704484793,0.8075245429939798,0.08463949843260188,0.36990595611285265,0.04075235109717868,0.5078369905956113,0.006269592476489028,0.05642633228840126,-0.009404388714733543,0.07523510971786834,0.025240651866111637,0.9028803469805882,0.008503601842539437,0.936656459932417,0.026621930427312104,0.8921951106162654,0.08463949843260188,0.36990595611285265,0.04075235109717868,0.5078369905956113,0.006269592476489028,0.05642633228840126,-0.009404388714733543,0.07523510971786834,0.036122412203014084,0.07241192726844624,1.7793379468673815e-06,0.36363636363636365,0.23197492163009403,0.13166144200626959
ce_rerank,M4_intersection,laplace_eb_k10|std2,dev,319,0.053770959984546174,0.8316978406523089,0.0178696382382073,0.896525750479728,0.05292986448865886,0.8040404804377905,0.08150470219435736,0.3667711598746082,0.034482758620689655,0.5015673981191222,0.0,0.050156739811912224,-0.006269592476489028,0.07836990595611286,0.026266223304324016,0.9039059184188005,0.009348250481775936,0.9375011085716535,0.026201173373524296,0.8917743535624776,0.08150470219435736,0.3667711598746082,0.034482758620689655,0.5015673981191222,0.0,0.050156739811912224,-0.006269592476489028,0.07836990595611286,0.036082014670379484,0.07249799279910642,4.385822038774782e-06,0.4012539184952978,0.25391849529780564,0.14733542319749215
ce_rerank,M5_backoff,laplace|std0.5,dev,319,0.042927834050595574,0.8208547147183582,0.008668685501272028,0.8873247977427928,0.03415876603261991,0.7852693819817518,0.05956112852664577,0.3448275862068966,0.012539184952978056,0.47962382445141066,0.003134796238244514,0.05329153605015674,0.0,0.08463949843260188,0.022039137009916634,0.8996788321243931,0.005326240413988646,0.9334790985038661,0.01786764624724194,0.8834408264361953,0.05956112852664577,0.3448275862068966,0.012539184952978056,0.47962382445141066,0.003134796238244514,0.05329153605015674,0.0,0.08463949843260188,0.028812816048911,0.057826062568045886,1.818657856702433e-08,0.25705329153605017,0.2006269592476489,0.05642633228840126
ce_rerank,M5_backoff,laplace_eb_k2|std0.5,dev,319,0.030314217540537675,0.8082410982083004,0.0052507459930491674,0.8839068582345699,0.025691566636149413,0.7768021825852812,0.050156739811912224,0.335423197492163,0.006269592476489028,0.47335423197492166,0.006269592476489028,0.05642633228840126,0.0,0.08463949843260188,0.01566387876447839,0.893303573878955,0.002511348283402972,0.9306642063732805,0.013087327596162185,0.8786605077851154,0.050156739811912224,0.335423197492163,0.006269592476489028,0.47335423197492166,0.006269592476489028,0.05642633228840126,0.0,0.08463949843260188,0.019298629717883833,0.042554377355148595,4.841171098703148e-06,0.18808777429467086,0.13479623824451412,0.05329153605015674
ce_rerank,M5_backoff,laplace_eb_k10|std0.5,dev,319,0.028699893422634997,0.8066267740903977,0.0052188152803522665,0.883874927521873,0.025638121232203555,0.7767487371813354,0.05642633228840126,0.34169278996865204,0.0,0.4670846394984326,0.003134796238244514,0.05329153605015674,0.003134796238244514,0.0877742946708464,0.015445474640329056,0.8930851697548056,0.0037505150215005425,0.931903373111378,0.013806072690270165,0.8793792528792235,0.05642633228840126,0.34169278996865204,0.0,0.4670846394984326,0.003134796238244514,0.05329153605015674,0.003134796238244514,0.0877742946708464,0.016382178677053286,0.042129205771047486,1.8421741382141295e-05,0.20689655172413793,0.14733542319749215,0.05956112852664577
ce_rerank,M5_backoff,laplace|std1,dev,319,0.049010194697910715,0.8269370753656734,0.0136756917058861,0.8923318039474069,0.049958076434309204,0.801068692383441,0.08463949843260188,0.36990595611285265,0.025078369905956112,0.49216300940438873,0.003134796238244514,0.05329153605015674,-0.003134796238244514,0.08150470219435736,0.024098094447653123,0.9017377895621297,0.007788259594418039,0.9359411176842956,0.025378841292521798,0.8909520214814751,0.08463949843260188,0.36990595611285265,0.025078369905956112,0.49216300940438873,0.003134796238244514,0.05329153605015674,-0.003134796238244514,0.08150470219435736,0.03173728160396639,0.0676176087276829,1.5510424369520856e-06,0.36363636363636365,0.2507836990595611,0.11285266457680251
ce_rerank,M5_backoff,laplace_eb_k2|std1,dev,319,0.037659813804686255,0.8155866944724489,0.009151537450129709,0.8878076496916505,0.04019999325298777,0.7913106092021197,0.06269592476489028,0.34796238244514105,0.0219435736677116,0.4890282131661442,0.0,0.050156739811912224,0.0,0.08463949843260188,0.018248097369663395,0.89588779248414,0.004207271860684721,0.9323601299505623,0.020226567367027545,0.8857997475559809,0.06269592476489028,0.34796238244514105,0.0219435736677116,0.4890282131661442,0.0,0.050156739811912224,0.0,0.08463949843260188,0.022971905701936787,0.054873093935226006,4.105477753665559e-05,0.26959247648902823,0.1755485893416928,0.09404388714733543
ce_rerank,M5_backoff,laplace_eb_k10|std1,dev,319,0.04231465030987061,0.8202415309776333,0.010182320604503716,0.8888384328460245,0.038889643681880824,0.7900002596310127,0.05642633228840126,0.34169278996865204,0.01567398119122257,0.4827586206896552,-0.003134796238244514,0.047021943573667714,0.0,0.08463949843260188,0.021950602438008896,0.8995902975524854,0.006162686407752919,0.9343155444976304,0.020355245312179516,0.8859284255011329,0.05642633228840126,0.34169278996865204,0.01567398119122257,0.4827586206896552,-0.003134796238244514,0.047021943573667714,0.0,0.08463949843260188,0.027287711545848362,0.05910032545814879,9.338028730887562e-06,0.29780564263322884,0.1974921630094044,0.10031347962382445
ce_rerank,M5_backoff,laplace|std2,dev,319,0.053667039239668174,0.8315939199074309,0.013617967176586856,0.8922740794181077,0.06073390463232807,0.81184452058146,0.07210031347962383,0.3573667711598746,0.02821316614420063,0.4952978056426332,-0.009404388714733543,0.04075235109717868,-0.01567398119122257,0.06896551724137931,0.025005465858034953,0.9026451609725115,0.007303627867683722,0.9354564859575613,0.0287914086285056,0.8943645888174588,0.07210031347962383,0.3573667711598746,0.02821316614420063,0.4952978056426332,-0.009404388714733543,0.04075235109717868,-0.01567398119122257,0.06896551724137931,0.03342168729016586,0.07490578659264176,0.00018189610238993138,0.5015673981191222,0.29153605015673983,0.21003134796238246
ce_rerank,M5_backoff,laplace_eb_k2|std2,dev,319,0.046825177874124164,0.8247520585418868,0.0162651147868566,0.8949212270283774,0.05569202294894334,0.8068026388980752,0.06583072100313479,0.3510971786833856,0.02821316614420063,0.4952978056426332,0.0,0.050156739811912224,-0.009404388714733543,0.07523510971786834,0.022562933752902997,0.9002026288673796,0.00730855123002701,0.9354614093199045,0.026873573408605158,0.8924467535975587,0.06583072100313479,0.3510971786833856,0.02821316614420063,0.4952978056426332,0.0,0.050156739811912224,-0.009404388714733543,0.07523510971786834,0.028933996484734607,0.06648155710598606,0.0001178330004378097,0.3949843260188088,0.23510971786833856,0.15987460815047022
ce_rerank,M5_backoff,laplace_eb_k10|std2,dev,319,0.046499616697103625,0.8244264973648663,0.013153202528116472,0.8918093147696372,0.05442824822771698,0.805538864176849,0.05956112852664577,0.3448275862068966,0.025078369905956112,0.49216300940438873,-0.006269592476489028,0.0438871473354232,-0.006269592476489028,0.07836990595611286,0.023417771329700385,0.901057466444177,0.006869787052507311,0.9350226451423849,0.02732713956817938,0.8929003197571326,0.05956112852664577,0.3448275862068966,0.025078369905956112,0.49216300940438873,-0.006269592476489028,0.0438871473354232,-0.006269592476489028,0.07836990595611286,0.027938021882364182,0.06620907715775748,0.0002517277956332246,0.445141065830721,0.26332288401253917,0.18181818181818182
