fraction,n_keep,seed,lift,routing,mean_delta_top1,mean_delta_best5,pct_top1_changed,coverage_global,coverage_class,coverage_team,coverage_intersection
0.01,8,1000,laplace,M1_global,-0.022007001593101736,-0.01980097872149608,0.34796238244514105,0.7218495297805643,0.38749216300940437,0.2252978056426332,0.16855799373040753
0.01,8,1000,laplace,M2_team,0.001995595925280293,-0.000988477496517863,0.09404388714733543,0.7218495297805643,0.38749216300940437,0.2252978056426332,0.16855799373040753
0.01,8,1000,laplace,M4_intersection,-0.0006781967596200566,-0.00039597406843239235,0.06583072100313479,0.7218495297805643,0.38749216300940437,0.2252978056426332,0.16855799373040753
0.01,8,1000,laplace,M5_backoff2,-0.0174325952849418,-0.00930159013473128,0.2507836990595611,0.7218495297805643,0.38749216300940437,0.2252978056426332,0.16855799373040753
0.01,8,1000,laplace_eb,M1_global,-0.02875080516672807,-0.030524216989364743,0.3949843260188088,0.7218495297805643,0.38749216300940437,0.2252978056426332,0.16855799373040753
0.01,8,1000,laplace_eb,M2_team,0.002089118205454656,-0.0032675736189635945,0.10344827586206896,0.7218495297805643,0.38749216300940437,0.2252978056426332,0.16855799373040753
0.01,8,1000,laplace_eb,M4_intersection,0.0003405352558088153,-0.0005286065949167951,0.07836990595611286,0.7218495297805643,0.38749216300940437,0.2252978056426332,0.16855799373040753
0.01,8,1000,laplace_eb,M5_backoff2,-0.022799281806314253,-0.021777501347296665,0.3103448275862069,0.7218495297805643,0.38749216300940437,0.2252978056426332,0.16855799373040753
0.01,8,1001,laplace,M1_global,-0.017098338953379928,-0.00451906445818635,0.42946708463949845,0.7923510971786834,0.33717868338557994,0.12300940438871476,0.06376175548589341
0.01,8,1001,laplace,M2_team,-0.0047306129270960175,-0.0022714820027725075,0.06269592476489028,0.7923510971786834,0.33717868338557994,0.12300940438871476,0.06376175548589341
0.01,8,1001,laplace,M4_intersection,-0.0019441936457045025,0.000379712230359499,0.018808777429467086,0.7923510971786834,0.33717868338557994,0.12300940438871476,0.06376175548589341
0.01,8,1001,laplace,M5_backoff2,-0.009585940749107109,-0.004523049934904403,0.2727272727272727,0.7923510971786834,0.33717868338557994,0.12300940438871476,0.06376175548589341
0.01,8,1001,laplace_eb,M1_global,-0.029929908979275385,-0.02088129050959614,0.46394984326018807,0.7923510971786834,0.33717868338557994,0.12300940438871476,0.06376175548589341
0.01,8,1001,laplace_eb,M2_team,-0.002734808992816363,-0.007736008929608384,0.07210031347962383,0.7923510971786834,0.33717868338557994,0.12300940438871476,0.06376175548589341
0.01,8,1001,laplace_eb,M4_intersection,-0.0008213794717220677,5.529442550994012e-05,0.0219435736677116,0.7923510971786834,0.33717868338557994,0.12300940438871476,0.06376175548589341
0.01,8,1001,laplace_eb,M5_backoff2,-0.01642658986548271,-0.016407050939749774,0.2946708463949843,0.7923510971786834,0.33717868338557994,0.12300940438871476,0.06376175548589341
0.01,8,1002,laplace,M1_global,-0.05001715168964153,-0.03955042268788927,0.3448275862068966,0.6212539184952979,0.35460815047021943,0.287460815047022,0.21388714733542322
0.01,8,1002,laplace,M2_team,-0.03766541888347614,-0.026652856867141486,0.1755485893416928,0.6212539184952979,0.35460815047021943,0.287460815047022,0.21388714733542322
0.01,8,1002,laplace,M4_intersection,-0.0414633124973333,-0.028718509363903896,0.14420062695924765,0.6212539184952979,0.35460815047021943,0.287460815047022,0.21388714733542322
0.01,8,1002,laplace,M5_backoff2,-0.012009303397893158,-0.006083369722186959,0.20689655172413793,0.6212539184952979,0.35460815047021943,0.287460815047022,0.21388714733542322
0.01,8,1002,laplace_eb,M1_global,-0.049523173174514296,-0.049277484814014554,0.3981191222570533,0.6212539184952979,0.35460815047021943,0.287460815047022,0.21388714733542322
0.01,8,1002,laplace_eb,M2_team,-0.04465827112287563,-0.047503271166433735,0.1755485893416928,0.6212539184952979,0.35460815047021943,0.287460815047022,0.21388714733542322
0.01,8,1002,laplace_eb,M4_intersection,-0.042254571256966425,-0.044764861324364115,0.15047021943573669,0.6212539184952979,0.35460815047021943,0.287460815047022,0.21388714733542322
0.01,8,1002,laplace_eb,M5_backoff2,-0.03862852848435644,-0.013776919731525792,0.25705329153605017,0.6212539184952979,0.35460815047021943,0.287460815047022,0.21388714733542322
0.01,8,1003,laplace,M1_global,-0.06974780310797841,-0.05301438243972097,0.3793103448275862,0.8137617554858935,0.4448275862068965,0.28626959247648903,0.19253918495297806
0.01,8,1003,laplace,M2_team,-0.034050584867082796,-0.009686055228254265,0.1536050156739812,0.8137617554858935,0.4448275862068965,0.28626959247648903,0.19253918495297806
0.01,8,1003,laplace,M4_intersection,-0.0014003909026567465,-6.797713545796265e-05,0.08463949843260188,0.8137617554858935,0.4448275862068965,0.28626959247648903,0.19253918495297806
0.01,8,1003,laplace,M5_backoff2,-0.06083573856417288,-0.03518638743502219,0.2727272727272727,0.8137617554858935,0.4448275862068965,0.28626959247648903,0.19253918495297806
0.01,8,1003,laplace_eb,M1_global,-0.08245935616868791,-0.05524334199376241,0.44200626959247646,0.8137617554858935,0.4448275862068965,0.28626959247648903,0.19253918495297806
0.01,8,1003,laplace_eb,M2_team,-0.03562370110828675,-0.009379177631629298,0.23197492163009403,0.8137617554858935,0.4448275862068965,0.28626959247648903,0.19253918495297806
0.01,8,1003,laplace_eb,M4_intersection,0.0007547393768184984,-0.008584540746055053,0.12539184952978055,0.8137617554858935,0.4448275862068965,0.28626959247648903,0.19253918495297806
0.01,8,1003,laplace_eb,M5_backoff2,-0.07334404466761317,-0.034303726447413335,0.2852664576802508,0.8137617554858935,0.4448275862068965,0.28626959247648903,0.19253918495297806
0.01,8,1004,laplace,M1_global,-0.008996579282242676,-0.003940684388050091,0.4169278996865204,0.7103134796238244,0.2757680250783699,0.15219435736677114,0.07125391849529782
0.01,8,1004,laplace,M2_team,0.003678913540600983,-0.001040617406928801,0.05329153605015674,0.7103134796238244,0.2757680250783699,0.15219435736677114,0.07125391849529782
0.01,8,1004,laplace,M4_intersection,-0.00021629269033390152,-3.742069286238811e-05,0.01567398119122257,0.7103134796238244,0.2757680250783699,0.15219435736677114,0.07125391849529782
0.01,8,1004,laplace,M5_backoff2,-0.006631827548286384,-0.0029978881995879744,0.29153605015673983,0.7103134796238244,0.2757680250783699,0.15219435736677114,0.07125391849529782
0.01,8,1004,laplace_eb,M1_global,-0.02329218712252883,-0.020239907512470474,0.3949843260188088,0.7103134796238244,0.2757680250783699,0.15219435736677114,0.07125391849529782
0.01,8,1004,laplace_eb,M2_team,-0.001018581719234072,-0.0033589634215196473,0.07210031347962383,0.7103134796238244,0.2757680250783699,0.15219435736677114,0.07125391849529782
0.01,8,1004,laplace_eb,M4_intersection,0.001566720933749758,-0.0001407276874051946,0.034482758620689655,0.7103134796238244,0.2757680250783699,0.15219435736677114,0.07125391849529782
0.01,8,1004,laplace_eb,M5_backoff2,-0.024637979563313966,-0.02235900444857379,0.2413793103448276,0.7103134796238244,0.2757680250783699,0.15219435736677114,0.07125391849529782
0.01,8,1005,laplace,M1_global,-0.05096182120864668,-0.06484874139385163,0.41379310344827586,0.8203448275862069,0.43692789968652035,0.29677115987460817,0.2452037617554859
0.01,8,1005,laplace,M2_team,-0.00048041560900248704,-0.0051163500379245485,0.13166144200626959,0.8203448275862069,0.43692789968652035,0.29677115987460817,0.2452037617554859
0.01,8,1005,laplace,M4_intersection,0.0023037763224873797,0.00021033731747570455,0.09404388714733543,0.8203448275862069,0.43692789968652035,0.29677115987460817,0.2452037617554859
0.01,8,1005,laplace,M5_backoff2,-0.017402870749885387,-0.000937279208700485,0.2852664576802508,0.8203448275862069,0.43692789968652035,0.29677115987460817,0.2452037617554859
0.01,8,1005,laplace_eb,M1_global,-0.06723515847026368,-0.07143853305836083,0.4827586206896552,0.8203448275862069,0.43692789968652035,0.29677115987460817,0.2452037617554859
0.01,8,1005,laplace_eb,M2_team,-0.0006956821745465916,-0.00878698381136951,0.18181818181818182,0.8203448275862069,0.43692789968652035,0.29677115987460817,0.2452037617554859
0.01,8,1005,laplace_eb,M4_intersection,0.007886945267082382,0.0006449202011371481,0.14733542319749215,0.8203448275862069,0.43692789968652035,0.29677115987460817,0.2452037617554859
0.01,8,1005,laplace_eb,M5_backoff2,-0.04815041649864759,-0.012473960374963695,0.41379310344827586,0.8203448275862069,0.43692789968652035,0.29677115987460817,0.2452037617554859
0.01,8,1006,laplace,M1_global,-0.06465039654491837,-0.01935209908455517,0.5047021943573667,0.8275235109717869,0.3582445141065831,0.2941692789968652,0.1524137931034483
0.01,8,1006,laplace,M2_team,-0.029334706245544937,-0.007808951842000119,0.18181818181818182,0.8275235109717869,0.3582445141065831,0.2941692789968652,0.1524137931034483
0.01,8,1006,laplace,M4_intersection,-0.027091227728745032,-0.007580065615124837,0.11285266457680251,0.8275235109717869,0.3582445141065831,0.2941692789968652,0.1524137931034483
0.01,8,1006,laplace,M5_backoff2,-0.061751575702596984,-0.00524330550226672,0.34796238244514105,0.8275235109717869,0.3582445141065831,0.2941692789968652,0.1524137931034483
0.01,8,1006,laplace_eb,M1_global,-0.07839274038575286,-0.014432629961578824,0.5768025078369906,0.8275235109717869,0.3582445141065831,0.2941692789968652,0.1524137931034483
0.01,8,1006,laplace_eb,M2_team,-0.038244878844033964,-0.028689624654088274,0.21316614420062696,0.8275235109717869,0.3582445141065831,0.2941692789968652,0.1524137931034483
0.01,8,1006,laplace_eb,M4_intersection,-0.0300150688352256,-0.02688621334895071,0.13479623824451412,0.8275235109717869,0.3582445141065831,0.2941692789968652,0.1524137931034483
0.01,8,1006,laplace_eb,M5_backoff2,-0.05586248330281446,-0.007463686705383014,0.335423197492163,0.8275235109717869,0.3582445141065831,0.2941692789968652,0.1524137931034483
0.01,8,1007,laplace,M1_global,-0.07921330136798765,-0.05743209826161495,0.3730407523510972,0.6989028213166145,0.3393416927899687,0.2869905956112852,0.2064576802507837
0.01,8,1007,laplace,M2_team,-0.03022593979177804,-0.033862417487888874,0.13793103448275862,0.6989028213166145,0.3393416927899687,0.2869905956112852,0.2064576802507837
0.01,8,1007,laplace,M4_intersection,-0.023489822881722525,-0.027714967260540093,0.10031347962382445,0.6989028213166145,0.3393416927899687,0.2869905956112852,0.2064576802507837
0.01,8,1007,laplace,M5_backoff2,-0.06985935297879306,-0.057112958363978464,0.2727272727272727,0.6989028213166145,0.3393416927899687,0.2869905956112852,0.2064576802507837
0.01,8,1007,laplace_eb,M1_global,-0.08302277710790919,-0.07267303335068742,0.4106583072100313,0.6989028213166145,0.3393416927899687,0.2869905956112852,0.2064576802507837
0.01,8,1007,laplace_eb,M2_team,-0.02941876164050685,-0.03438181077425009,0.18495297805642633,0.6989028213166145,0.3393416927899687,0.2869905956112852,0.2064576802507837
0.01,8,1007,laplace_eb,M4_intersection,-0.01926534844790133,-0.026597860838552253,0.13166144200626959,0.6989028213166145,0.3393416927899687,0.2869905956112852,0.2064576802507837
0.01,8,1007,laplace_eb,M5_backoff2,-0.08079215688017842,-0.06617788909744693,0.3510971786833856,0.6989028213166145,0.3393416927899687,0.2869905956112852,0.2064576802507837
0.01,8,1008,laplace,M1_global,-0.06016068457155766,-0.03852315924384377,0.4012539184952978,0.751191222570533,0.38990595611285267,0.293448275862069,0.16335423197492163
0.01,8,1008,laplace,M2_team,-0.005782201348987866,-0.007373139075350986,0.11285266457680251,0.751191222570533,0.38990595611285267,0.293448275862069,0.16335423197492163
0.01,8,1008,laplace,M4_intersection,0.004060746196855945,-0.0014114377080086257,0.06583072100313479,0.751191222570533,0.38990595611285267,0.293448275862069,0.16335423197492163
0.01,8,1008,laplace,M5_backoff2,-0.06109971686216731,-0.030289983347665552,0.30407523510971785,0.751191222570533,0.38990595611285267,0.293448275862069,0.16335423197492163
0.01,8,1008,laplace_eb,M1_global,-0.06296181831754114,-0.04444434673621737,0.44200626959247646,0.751191222570533,0.38990595611285267,0.293448275862069,0.16335423197492163
0.01,8,1008,laplace_eb,M2_team,-0.015722240423520904,-0.020080941084036633,0.18495297805642633,0.751191222570533,0.38990595611285267,0.293448275862069,0.16335423197492163
0.01,8,1008,laplace_eb,M4_intersection,-0.0016017000550012977,-0.005623091070629587,0.10031347962382445,0.751191222570533,0.38990595611285267,0.293448275862069,0.16335423197492163
0.01,8,1008,laplace_eb,M5_backoff2,-0.07266578251104744,-0.04732497947343091,0.3605015673981191,0.751191222570533,0.38990595611285267,0.293448275862069,0.16335423197492163
0.01,8,1009,laplace,M1_global,-0.034151525695028724,-0.0026968305107194428,0.3793103448275862,0.679435736677116,0.2501253918495298,0.1855485893416928,0.07968652037617555
0.01,8,1009,laplace,M2_team,-0.015761277051554952,-0.010331171012971095,0.13793103448275862,0.679435736677116,0.2501253918495298,0.1855485893416928,0.07968652037617555
0.01,8,1009,laplace,M4_intersection,-0.01566214004654122,-0.009901291711203356,0.05329153605015674,0.679435736677116,0.2501253918495298,0.1855485893416928,0.07968652037617555
0.01,8,1009,laplace,M5_backoff2,-0.016150831428814832,-0.0046281451155025756,0.2445141065830721,0.679435736677116,0.2501253918495298,0.1855485893416928,0.07968652037617555
0.01,8,1009,laplace_eb,M1_global,-0.0475857864049348,-0.020333382029518437,0.4106583072100313,0.679435736677116,0.2501253918495298,0.1855485893416928,0.07968652037617555
0.01,8,1009,laplace_eb,M2_team,-0.023118634442550634,-0.015006848356940529,0.15673981191222572,0.679435736677116,0.2501253918495298,0.1855485893416928,0.07968652037617555
0.01,8,1009,laplace_eb,M4_intersection,-0.015551636631959659,-0.011629584440990675,0.05956112852664577,0.679435736677116,0.2501253918495298,0.1855485893416928,0.07968652037617555
0.01,8,1009,laplace_eb,M5_backoff2,-0.05324674152468439,-0.018041491975604926,0.30407523510971785,0.679435736677116,0.2501253918495298,0.1855485893416928,0.07968652037617555
0.02,17,1000,laplace,M1_global,-0.06780943188080593,-0.023096449042562407,0.5203761755485894,0.8878369905956112,0.5465830721003135,0.4023824451410658,0.27815047021943573
0.02,17,1000,laplace,M2_team,-0.02630831025610897,-0.024079485559911937,0.18808777429467086,0.8878369905956112,0.5465830721003135,0.4023824451410658,0.27815047021943573
0.02,17,1000,laplace,M4_intersection,-0.024085235119239663,-0.02177400396535389,0.13166144200626959,0.8878369905956112,0.5465830721003135,0.4023824451410658,0.27815047021943573
0.02,17,1000,laplace,M5_backoff2,-0.030908090567514066,-0.0229690843334766,0.4169278996865204,0.8878369905956112,0.5465830721003135,0.4023824451410658,0.27815047021943573
0.02,17,1000,laplace_eb,M1_global,-0.06315210198860931,-0.02819463300013617,0.5642633228840125,0.8878369905956112,0.5465830721003135,0.4023824451410658,0.27815047021943573
0.02,17,1000,laplace_eb,M2_team,-0.036157564916954515,-0.027787152782876662,0.23197492163009403,0.8878369905956112,0.5465830721003135,0.4023824451410658,0.27815047021943573
0.02,17,1000,laplace_eb,M4_intersection,-0.02386328008107631,-0.03229990050336784,0.16300940438871472,0.8878369905956112,0.5465830721003135,0.4023824451410658,0.27815047021943573
0.02,17,1000,laplace_eb,M5_backoff2,-0.05176893680073251,-0.031738708829244476,0.445141065830721,0.8878369905956112,0.5465830721003135,0.4023824451410658,0.27815047021943573
0.02,17,1001,laplace,M1_global,-0.06946562179203691,-0.04604044878931255,0.5391849529780565,0.9158620689655171,0.618871473354232,0.44407523510971797,0.3294984326018809
0.02,17,1001,laplace,M2_team,-0.030474121083847033,-0.005975537165579004,0.2664576802507837,0.9158620689655171,0.618871473354232,0.44407523510971797,0.3294984326018809
0.02,17,1001,laplace,M4_intersection,-0.028998167724071253,-0.00338277921407574,0.21630094043887146,0.9158620689655171,0.618871473354232,0.44407523510971797,0.3294984326018809
0.02,17,1001,laplace,M5_backoff2,-0.06508792637844445,-0.047951148221485294,0.49216300940438873,0.9158620689655171,0.618871473354232,0.44407523510971797,0.3294984326018809
0.02,17,1001,laplace_eb,M1_global,-0.061804222451014953,-0.05200821544309395,0.5830721003134797,0.9158620689655171,0.618871473354232,0.44407523510971797,0.3294984326018809
0.02,17,1001,laplace_eb,M2_team,-0.03410155709167259,-0.011378271312549197,0.3072100313479624,0.9158620689655171,0.618871473354232,0.44407523510971797,0.3294984326018809
0.02,17,1001,laplace_eb,M4_intersection,-0.030295991131504503,-0.006979867769259271,0.2476489028213166,0.9158620689655171,0.618871473354232,0.44407523510971797,0.3294984326018809
0.02,17,1001,laplace_eb,M5_backoff2,-0.0844196760355492,-0.0554358509360436,0.47962382445141066,0.9158620689655171,0.618871473354232,0.44407523510971797,0.3294984326018809
0.02,17,1002,laplace,M1_global,-0.08838016188303505,-0.05205547851641724,0.567398119122257,0.8878056426332288,0.5934482758620689,0.5081191222570532,0.31880877742946706
0.02,17,1002,laplace,M2_team,-0.042485145238873354,-0.026509038940492467,0.2727272727272727,0.8878056426332288,0.5934482758620689,0.5081191222570532,0.31880877742946706
0.02,17,1002,laplace,M4_intersection,-0.035456131664936816,-0.019353370494603363,0.18181818181818182,0.8878056426332288,0.5934482758620689,0.5081191222570532,0.31880877742946706
0.02,17,1002,laplace,M5_backoff2,-0.07603268404739404,-0.06894388967733772,0.47962382445141066,0.8878056426332288,0.5934482758620689,0.5081191222570532,0.31880877742946706
0.02,17,1002,laplace_eb,M1_global,-0.0662622082055923,-0.023304118398214956,0.5862068965517241,0.8878056426332288,0.5934482758620689,0.5081191222570532,0.31880877742946706
0.02,17,1002,laplace_eb,M2_team,-0.05984375798683555,-0.03865415334327841,0.28213166144200624,0.8878056426332288,0.5934482758620689,0.5081191222570532,0.31880877742946706
0.02,17,1002,laplace_eb,M4_intersection,-0.040602814277698254,-0.03728369625758228,0.20376175548589343,0.8878056426332288,0.5934482758620689,0.5081191222570532,0.31880877742946706
0.02,17,1002,laplace_eb,M5_backoff2,-0.08954749117403943,-0.07010555890940573,0.45454545454545453,0.8878056426332288,0.5934482758620689,0.5081191222570532,0.31880877742946706
0.02,17,1003,laplace,M1_global,-0.09681444037063368,-0.05888185260064176,0.5924764890282131,0.9241379310344829,0.6530721003134796,0.49730407523510967,0.3484326018808777
0.02,17,1003,laplace,M2_team,-0.03566182229586156,-0.02942089031108868,0.3072100313479624,0.9241379310344829,0.6530721003134796,0.49730407523510967,0.3484326018808777
0.02,17,1003,laplace,M4_intersection,-0.023954227520006952,-0.025947492698143268,0.21316614420062696,0.9241379310344829,0.6530721003134796,0.49730407523510967,0.3484326018808777
0.02,17,1003,laplace,M5_backoff2,-0.06151623387461919,-0.05036584463052241,0.47962382445141066,0.9241379310344829,0.6530721003134796,0.49730407523510967,0.3484326018808777
0.02,17,1003,laplace_eb,M1_global,-0.09639085227839625,-0.06683792902571281,0.6081504702194357,0.9241379310344829,0.6530721003134796,0.49730407523510967,0.3484326018808777
0.02,17,1003,laplace_eb,M2_team,-0.03920535329834421,-0.040904787547162334,0.34796238244514105,0.9241379310344829,0.6530721003134796,0.49730407523510967,0.3484326018808777
0.02,17,1003,laplace_eb,M4_intersection,-0.020691261232646654,-0.02881354177633423,0.2413793103448276,0.9241379310344829,0.6530721003134796,0.49730407523510967,0.3484326018808777
0.02,17,1003,laplace_eb,M5_backoff2,-0.06986485497564732,-0.06145668277359308,0.5360501567398119,0.9241379310344829,0.6530721003134796,0.49730407523510967,0.3484326018808777
0.02,17,1004,laplace,M1_global,-0.05624929635689176,-0.04765692432659173,0.5235109717868338,0.9289341692789969,0.5496238244514106,0.3028526645768025,0.17047021943573668
0.02,17,1004,laplace,M2_team,-0.01600345758995666,-0.010454180098626307,0.1755485893416928,0.9289341692789969,0.5496238244514106,0.3028526645768025,0.17047021943573668
0.02,17,1004,laplace,M4_intersection,0.001946892484228439,0.0013329341867500712,0.0877742946708464,0.9289341692789969,0.5496238244514106,0.3028526645768025,0.17047021943573668
0.02,17,1004,laplace,M5_backoff2,-0.0528610024986596,-0.03925150020929713,0.40752351097178685,0.9289341692789969,0.5496238244514106,0.3028526645768025,0.17047021943573668
0.02,17,1004,laplace_eb,M1_global,-0.06690675243268192,-0.06016655261613732,0.5454545454545454,0.9289341692789969,0.5496238244514106,0.3028526645768025,0.17047021943573668
0.02,17,1004,laplace_eb,M2_team,-0.01354513243775009,-0.011173957941300444,0.22884012539184953,0.9289341692789969,0.5496238244514106,0.3028526645768025,0.17047021943573668
0.02,17,1004,laplace_eb,M4_intersection,0.006387796194575797,0.0003543249491987557,0.12539184952978055,0.9289341692789969,0.5496238244514106,0.3028526645768025,0.17047021943573668
0.02,17,1004,laplace_eb,M5_backoff2,-0.05954944311428033,-0.052360216511828025,0.4106583072100313,0.9289341692789969,0.5496238244514106,0.3028526645768025,0.17047021943573668
0.02,17,1005,laplace,M1_global,-0.0822959005318839,-0.0714515941363517,0.5078369905956113,0.9225705329153605,0.48805642633228846,0.42231974921630094,0.23144200626959247
0.02,17,1005,laplace,M2_team,-0.002381267709231302,-0.008861708697106771,0.23197492163009403,0.9225705329153605,0.48805642633228846,0.42231974921630094,0.23144200626959247
0.02,17,1005,laplace,M4_intersection,-0.0007539138338035177,-0.00019103139171779715,0.09717868338557993,0.9225705329153605,0.48805642633228846,0.42231974921630094,0.23144200626959247
0.02,17,1005,laplace,M5_backoff2,-0.07604997156649174,-0.06388367208006987,0.4482758620689655,0.9225705329153605,0.48805642633228846,0.42231974921630094,0.23144200626959247
0.02,17,1005,laplace_eb,M1_global,-0.09510199607679837,-0.056013386217778,0.5203761755485894,0.9225705329153605,0.48805642633228846,0.42231974921630094,0.23144200626959247
0.02,17,1005,laplace_eb,M2_team,-0.0060872729972799,-0.009800973730774883,0.27586206896551724,0.9225705329153605,0.48805642633228846,0.42231974921630094,0.23144200626959247
0.02,17,1005,laplace_eb,M4_intersection,0.006600870152345646,0.0012776994593091146,0.13166144200626959,0.9225705329153605,0.48805642633228846,0.42231974921630094,0.23144200626959247
0.02,17,1005,laplace_eb,M5_backoff2,-0.07430046963794477,-0.06514163684321796,0.45454545454545453,0.9225705329153605,0.48805642633228846,0.42231974921630094,0.23144200626959247
0.02,17,1006,laplace,M1_global,-0.04817893321050746,-0.038029630309362024,0.4890282131661442,0.795141065830721,0.5158307210031349,0.43184952978056435,0.29385579937304074
0.02,17,1006,laplace,M2_team,-0.0470472876461322,-0.03755347089707665,0.25705329153605017,0.795141065830721,0.5158307210031349,0.43184952978056435,0.29385579937304074
0.02,17,1006,laplace,M4_intersection,-0.03844054290867151,-0.028885365279864367,0.20689655172413793,0.795141065830721,0.5158307210031349,0.43184952978056435,0.29385579937304074
0.02,17,1006,laplace,M5_backoff2,-0.045761295036649254,-0.03218291685872691,0.4043887147335423,0.795141065830721,0.5158307210031349,0.43184952978056435,0.29385579937304074
0.02,17,1006,laplace_eb,M1_global,-0.0508705223428792,-0.04333300444773372,0.48589341692789967,0.795141065830721,0.5158307210031349,0.43184952978056435,0.29385579937304074
0.02,17,1006,laplace_eb,M2_team,-0.05711999073110778,-0.051610619203424,0.29780564263322884,0.795141065830721,0.5158307210031349,0.43184952978056435,0.29385579937304074
0.02,17,1006,laplace_eb,M4_intersection,-0.04422267524052563,-0.03367657235423599,0.23510971786833856,0.795141065830721,0.5158307210031349,0.43184952978056435,0.29385579937304074
0.02,17,1006,laplace_eb,M5_backoff2,-0.04982982106436756,-0.03854569344311299,0.41379310344827586,0.795141065830721,0.5158307210031349,0.43184952978056435,0.29385579937304074
0.02,17,1007,laplace,M1_global,-0.07135170482122412,-0.06513790211707447,0.5141065830721003,0.8574294670846394,0.46141065830721,0.3959561128526646,0.2455485893416928
0.02,17,1007,laplace,M2_team,-0.004872383065171376,-0.005986955285446023,0.1755485893416928,0.8574294670846394,0.46141065830721,0.3959561128526646,0.2455485893416928
0.02,17,1007,laplace,M4_intersection,-0.0008868169635067166,0.001855690277482275,0.11912225705329153,0.8574294670846394,0.46141065830721,0.3959561128526646,0.2455485893416928
0.02,17,1007,laplace,M5_backoff2,-0.01567731588658494,-0.011278954419222746,0.40752351097178685,0.8574294670846394,0.46141065830721,0.3959561128526646,0.2455485893416928
0.02,17,1007,laplace_eb,M1_global,-0.07412105300069603,-0.07064353672314587,0.5203761755485894,0.8574294670846394,0.46141065830721,0.3959561128526646,0.2455485893416928
0.02,17,1007,laplace_eb,M2_team,-0.015969286471325027,-0.007987523994475696,0.21003134796238246,0.8574294670846394,0.46141065830721,0.3959561128526646,0.2455485893416928
0.02,17,1007,laplace_eb,M4_intersection,-0.003492214556398063,0.0014619806717182029,0.13793103448275862,0.8574294670846394,0.46141065830721,0.3959561128526646,0.2455485893416928
0.02,17,1007,laplace_eb,M5_backoff2,-0.04702784104687293,-0.026743195367083653,0.44200626959247646,0.8574294670846394,0.46141065830721,0.3959561128526646,0.2455485893416928
0.02,17,1008,laplace,M1_global,-0.06960807147444602,-0.02644261801878113,0.554858934169279,0.9607210031347964,0.5221316614420063,0.4670219435736678,0.3015673981191222
0.02,17,1008,laplace,M2_team,-0.01051087352829667,-0.0051911140684050075,0.20689655172413793,0.9607210031347964,0.5221316614420063,0.4670219435736678,0.3015673981191222
0.02,17,1008,laplace,M4_intersection,-0.003613949195718317,-0.0011976168820850529,0.11598746081504702,0.9607210031347964,0.5221316614420063,0.4670219435736678,0.3015673981191222
0.02,17,1008,laplace,M5_backoff2,-0.043618160588987945,-0.03461996127258648,0.3949843260188088,0.9607210031347964,0.5221316614420063,0.4670219435736678,0.3015673981191222
0.02,17,1008,laplace_eb,M1_global,-0.05744314610631115,-0.0379617399649934,0.6018808777429467,0.9607210031347964,0.5221316614420063,0.4670219435736678,0.3015673981191222
0.02,17,1008,laplace_eb,M2_team,-0.024352447623182612,-0.0118210894934436,0.2601880877742947,0.9607210031347964,0.5221316614420063,0.4670219435736678,0.3015673981191222
0.02,17,1008,laplace_eb,M4_intersection,-0.006381759822929167,-0.0010060154158493568,0.16614420062695925,0.9607210031347964,0.5221316614420063,0.4670219435736678,0.3015673981191222
0.02,17,1008,laplace_eb,M5_backoff2,-0.05956114617214307,-0.04002548137615467,0.4263322884012539,0.9607210031347964,0.5221316614420063,0.4670219435736678,0.3015673981191222
0.02,17,1009,laplace,M1_global,-0.08328431293508476,-0.033889292596275905,0.5705329153605015,0.8660501567398119,0.5530407523510972,0.3852351097178683,0.25260188087774293
0.02,17,1009,laplace,M2_team,-0.02386399741550224,-0.013736711400429657,0.21316614420062696,0.8660501567398119,0.5530407523510972,0.3852351097178683,0.25260188087774293
0.02,17,1009,laplace,M4_intersection,-0.01852166577940077,-0.005278226069895825,0.14106583072100312,0.8660501567398119,0.5530407523510972,0.3852351097178683,0.25260188087774293
0.02,17,1009,laplace,M5_backoff2,-0.069779150094545,-0.05858251994306391,0.4827586206896552,0.8660501567398119,0.5530407523510972,0.3852351097178683,0.25260188087774293
0.02,17,1009,laplace_eb,M1_global,-0.10207749542351054,-0.07108810700499525,0.5799373040752351,0.8660501567398119,0.5530407523510972,0.3852351097178683,0.25260188087774293
0.02,17,1009,laplace_eb,M2_team,-0.027912006681335384,-0.016873616643460192,0.25705329153605017,0.8660501567398119,0.5530407523510972,0.3852351097178683,0.25260188087774293
0.02,17,1009,laplace_eb,M4_intersection,-0.021690357628287193,-0.017474661613332814,0.18495297805642633,0.8660501567398119,0.5530407523510972,0.3852351097178683,0.25260188087774293
0.02,17,1009,laplace_eb,M5_backoff2,-0.09923111322718355,-0.07083375754307804,0.5172413793103449,0.8660501567398119,0.5530407523510972,0.3852351097178683,0.25260188087774293
0.05,43,1000,laplace,M1_global,-0.09651461191078338,-0.054814282022299814,0.6739811912225705,0.9921630094043887,0.7418495297805643,0.6610971786833856,0.4819435736677116
0.05,43,1000,laplace,M2_team,-0.031227023764090103,-0.035195856258786955,0.40752351097178685,0.9921630094043887,0.7418495297805643,0.6610971786833856,0.4819435736677116
0.05,43,1000,laplace,M4_intersection,-0.019583533526774857,-0.019329285266631076,0.2946708463949843,0.9921630094043887,0.7418495297805643,0.6610971786833856,0.4819435736677116
0.05,43,1000,laplace,M5_backoff2,-0.08528319168193586,-0.07039035156042224,0.6332288401253918,0.9921630094043887,0.7418495297805643,0.6610971786833856,0.4819435736677116
0.05,43,1000,laplace_eb,M1_global,-0.10559412695724389,-0.06265441297924257,0.6802507836990596,0.9921630094043887,0.7418495297805643,0.6610971786833856,0.4819435736677116
0.05,43,1000,laplace_eb,M2_team,-0.04694892641238658,-0.03769132102544778,0.42946708463949845,0.9921630094043887,0.7418495297805643,0.6610971786833856,0.4819435736677116
0.05,43,1000,laplace_eb,M4_intersection,-0.02085751136268568,-0.028508829285732257,0.31974921630094044,0.9921630094043887,0.7418495297805643,0.6610971786833856,0.4819435736677116
0.05,43,1000,laplace_eb,M5_backoff2,-0.09418463439543419,-0.07540416965103448,0.6175548589341693,0.9921630094043887,0.7418495297805643,0.6610971786833856,0.4819435736677116
0.05,43,1001,laplace,M1_global,-0.06257723319726678,-0.04547577152805268,0.5987460815047022,0.9822257053291535,0.7785266457680251,0.6661755485893418,0.43940438871473353
0.05,43,1001,laplace,M2_team,-0.015142728659239683,-0.00850515114289466,0.335423197492163,0.9822257053291535,0.7785266457680251,0.6661755485893418,0.43940438871473353
0.05,43,1001,laplace,M4_intersection,0.01317423311146823,-0.0005510457817663593,0.2225705329153605,0.9822257053291535,0.7785266457680251,0.6661755485893418,0.43940438871473353
0.05,43,1001,laplace,M5_backoff2,-0.07336411173207259,-0.06717954066853538,0.6018808777429467,0.9822257053291535,0.7785266457680251,0.6661755485893418,0.43940438871473353
0.05,43,1001,laplace_eb,M1_global,-0.06828950760086128,-0.04062701901858877,0.6081504702194357,0.9822257053291535,0.7785266457680251,0.6661755485893418,0.43940438871473353
0.05,43,1001,laplace_eb,M2_team,-0.031141203842753526,-0.036087143757500245,0.38557993730407525,0.9822257053291535,0.7785266457680251,0.6661755485893418,0.43940438871473353
0.05,43,1001,laplace_eb,M4_intersection,0.009639071913722166,2.133930364746285e-05,0.23510971786833856,0.9822257053291535,0.7785266457680251,0.6661755485893418,0.43940438871473353
0.05,43,1001,laplace_eb,M5_backoff2,-0.086499189356558,-0.06997622689670156,0.5579937304075235,0.9822257053291535,0.7785266457680251,0.6661755485893418,0.43940438871473353
0.05,43,1002,laplace,M1_global,-0.09163776877391674,-0.07038387838389058,0.6300940438871473,0.9855485893416928,0.7624137931034483,0.6791849529780564,0.511128526645768
0.05,43,1002,laplace,M2_team,-0.04433251750366441,-0.055869931337601715,0.43573667711598746,0.9855485893416928,0.7624137931034483,0.6791849529780564,0.511128526645768
0.05,43,1002,laplace,M4_intersection,-0.01785246356387497,-0.023886498238973108,0.3072100313479624,0.9855485893416928,0.7624137931034483,0.6791849529780564,0.511128526645768
0.05,43,1002,laplace,M5_backoff2,-0.07144127208097227,-0.0587681060113877,0.6018808777429467,0.9855485893416928,0.7624137931034483,0.6791849529780564,0.511128526645768
0.05,43,1002,laplace_eb,M1_global,-0.09756797251983496,-0.07613129801697865,0.6426332288401254,0.9855485893416928,0.7624137931034483,0.6791849529780564,0.511128526645768
0.05,43,1002,laplace_eb,M2_team,-0.02729610090952682,-0.04719920302259511,0.4482758620689655,0.9855485893416928,0.7624137931034483,0.6791849529780564,0.511128526645768
0.05,43,1002,laplace_eb,M4_intersection,-0.010344482269313268,-0.022819248579886268,0.34169278996865204,0.9855485893416928,0.7624137931034483,0.6791849529780564,0.511128526645768
0.05,43,1002,laplace_eb,M5_backoff2,-0.08150829088678554,-0.07462794088457819,0.567398119122257,0.9855485893416928,0.7624137931034483,0.6791849529780564,0.511128526645768
0.05,43,1003,laplace,M1_global,-0.06933382751425979,-0.040085404737616036,0.6206896551724138,0.9852664576802507,0.7431974921630095,0.6072413793103448,0.43495297805642635
0.05,43,1003,laplace,M2_team,-0.05973487900902859,-0.04207349757789444,0.3730407523510972,0.9852664576802507,0.7431974921630095,0.6072413793103448,0.43495297805642635
0.05,43,1003,laplace,M4_intersection,-0.03367162590443527,-0.02639004447990824,0.2507836990595611,0.9852664576802507,0.7431974921630095,0.6072413793103448,0.43495297805642635
0.05,43,1003,laplace,M5_backoff2,-0.07156725706631861,-0.04709985595324944,0.567398119122257,0.9852664576802507,0.7431974921630095,0.6072413793103448,0.43495297805642635
0.05,43,1003,laplace_eb,M1_global,-0.08028395762404304,-0.053436894682133834,0.6269592476489029,0.9852664576802507,0.7431974921630095,0.6072413793103448,0.43495297805642635
0.05,43,1003,laplace_eb,M2_team,-0.05889459326863289,-0.050498474634553196,0.38557993730407525,0.9852664576802507,0.7431974921630095,0.6072413793103448,0.43495297805642635
0.05,43,1003,laplace_eb,M4_intersection,-0.027845058076340575,-0.026036379199042965,0.2664576802507837,0.9852664576802507,0.7431974921630095,0.6072413793103448,0.43495297805642635
0.05,43,1003,laplace_eb,M5_backoff2,-0.07673469042189443,-0.06123779709436303,0.5705329153605015,0.9852664576802507,0.7431974921630095,0.6072413793103448,0.43495297805642635
0.05,43,1004,laplace,M1_global,-0.0835938725071641,-0.036260880973645514,0.6269592476489029,0.9856426332288402,0.7404388714733543,0.6052351097178683,0.4091222570532916
0.05,43,1004,laplace,M2_team,-0.004213866255126403,-0.007376800977324243,0.3667711598746082,0.9856426332288402,0.7404388714733543,0.6052351097178683,0.4091222570532916
0.05,43,1004,laplace,M4_intersection,-0.01153504783083279,-0.005327766405003946,0.19122257053291536,0.9856426332288402,0.7404388714733543,0.6052351097178683,0.4091222570532916
0.05,43,1004,laplace,M5_backoff2,-0.07636333728752166,-0.04903339839841131,0.6081504702194357,0.9856426332288402,0.7404388714733543,0.6052351097178683,0.4091222570532916
0.05,43,1004,laplace_eb,M1_global,-0.06673865437180644,-0.02327791935410993,0.6394984326018809,0.9856426332288402,0.7404388714733543,0.6052351097178683,0.4091222570532916
0.05,43,1004,laplace_eb,M2_team,-0.017921562268629343,-0.012077218125980102,0.3824451410658307,0.9856426332288402,0.7404388714733543,0.6052351097178683,0.4091222570532916
0.05,43,1004,laplace_eb,M4_intersection,-0.011131650485028293,-0.012690222842566271,0.2413793103448276,0.9856426332288402,0.7404388714733543,0.6052351097178683,0.4091222570532916
0.05,43,1004,laplace_eb,M5_backoff2,-0.06041227121104641,-0.033110759148029696,0.5893416927899686,0.9856426332288402,0.7404388714733543,0.6052351097178683,0.4091222570532916
0.05,43,1005,laplace,M1_global,-0.07737203763336598,-0.05166498438504796,0.5956112852664577,0.912100313479624,0.6767711598746081,0.6187774294670846,0.4509090909090908
0.05,43,1005,laplace,M2_team,-0.030356195162643086,-0.03465631071676655,0.3824451410658307,0.912100313479624,0.6767711598746081,0.6187774294670846,0.4509090909090908
0.05,43,1005,laplace,M4_intersection,-0.026885404318664517,-0.02843531695279208,0.25705329153605017,0.912100313479624,0.6767711598746081,0.6187774294670846,0.4509090909090908
0.05,43,1005,laplace,M5_backoff2,-0.06019943546165119,-0.05630798105348988,0.49216300940438873,0.912100313479624,0.6767711598746081,0.6187774294670846,0.4509090909090908
0.05,43,1005,laplace_eb,M1_global,-0.07728712152117471,-0.05913131714427733,0.6112852664576802,0.912100313479624,0.6767711598746081,0.6187774294670846,0.4509090909090908
0.05,43,1005,laplace_eb,M2_team,-0.04128578513113309,-0.033961262542252256,0.4012539184952978,0.912100313479624,0.6767711598746081,0.6187774294670846,0.4509090909090908
0.05,43,1005,laplace_eb,M4_intersection,-0.03158370695050607,-0.024536627867378785,0.2884012539184953,0.912100313479624,0.6767711598746081,0.6187774294670846,0.4509090909090908
0.05,43,1005,laplace_eb,M5_backoff2,-0.07282156688759693,-0.05006913467073889,0.5203761755485894,0.912100313479624,0.6767711598746081,0.6187774294670846,0.4509090909090908
0.05,43,1006,laplace,M1_global,-0.07141247348492048,-0.060487356819329215,0.6739811912225705,0.9773667711598747,0.7280877742946709,0.6524764890282131,0.47429467084639504
0.05,43,1006,laplace,M2_team,-0.04928864653114241,-0.04942801505981194,0.4482758620689655,0.9773667711598747,0.7280877742946709,0.6524764890282131,0.47429467084639504
0.05,43,1006,laplace,M4_intersection,-0.038430231865670614,-0.04561549649343222,0.3322884012539185,0.9773667711598747,0.7280877742946709,0.6524764890282131,0.47429467084639504
0.05,43,1006,laplace,M5_backoff2,-0.07310775346283255,-0.06428680482516094,0.6112852664576802,0.9773667711598747,0.7280877742946709,0.6524764890282131,0.47429467084639504
0.05,43,1006,laplace_eb,M1_global,-0.08112041123188028,-0.060272183818129536,0.677115987460815,0.9773667711598747,0.7280877742946709,0.6524764890282131,0.47429467084639504
0.05,43,1006,laplace_eb,M2_team,-0.04750738156299606,-0.0559332524908,0.47648902821316613,0.9773667711598747,0.7280877742946709,0.6524764890282131,0.47429467084639504
0.05,43,1006,laplace_eb,M4_intersection,-0.036903780631043694,-0.04769872722207192,0.3448275862068966,0.9773667711598747,0.7280877742946709,0.6524764890282131,0.47429467084639504
0.05,43,1006,laplace_eb,M5_backoff2,-0.08408390572966079,-0.06262481969352053,0.5987460815047022,0.9773667711598747,0.7280877742946709,0.6524764890282131,0.47429467084639504
0.05,43,1007,laplace,M1_global,-0.08019234659296218,-0.05284069048760453,0.664576802507837,0.9836363636363635,0.7919435736677116,0.7050470219435736,0.5436050156739812
0.05,43,1007,laplace,M2_team,-0.053202193732545665,-0.03696149377426757,0.4200626959247649,0.9836363636363635,0.7919435736677116,0.7050470219435736,0.5436050156739812
0.05,43,1007,laplace,M4_intersection,-0.026052758518057557,-0.028045165781690782,0.3103448275862069,0.9836363636363635,0.7919435736677116,0.7050470219435736,0.5436050156739812
0.05,43,1007,laplace,M5_backoff2,-0.0733957525377737,-0.05422903027467219,0.6018808777429467,0.9836363636363635,0.7919435736677116,0.7050470219435736,0.5436050156739812
0.05,43,1007,laplace_eb,M1_global,-0.07220163301427536,-0.05987275597350351,0.6238244514106583,0.9836363636363635,0.7919435736677116,0.7050470219435736,0.5436050156739812
0.05,43,1007,laplace_eb,M2_team,-0.04721357568304367,-0.05209949776109857,0.47335423197492166,0.9836363636363635,0.7919435736677116,0.7050470219435736,0.5436050156739812
0.05,43,1007,laplace_eb,M4_intersection,-0.023905107944176114,-0.03236641022478899,0.34796238244514105,0.9836363636363635,0.7919435736677116,0.7050470219435736,0.5436050156739812
0.05,43,1007,laplace_eb,M5_backoff2,-0.0761829594786638,-0.05488099540849464,0.5956112852664577,0.9836363636363635,0.7919435736677116,0.7050470219435736,0.5436050156739812
0.05,43,1008,laplace,M1_global,-0.07749389650352696,-0.04014088668886771,0.6551724137931034,0.9817241379310345,0.7641692789968653,0.7153291536050157,0.5204702194357367
0.05,43,1008,laplace,M2_team,-0.037211375690552884,-0.04740601768687975,0.46394984326018807,0.9817241379310345,0.7641692789968653,0.7153291536050157,0.5204702194357367
0.05,43,1008,laplace,M4_intersection,-0.02001571269898579,-0.03672282944278657,0.30094043887147337,0.9817241379310345,0.7641692789968653,0.7153291536050157,0.5204702194357367
0.05,43,1008,laplace,M5_backoff2,-0.06873125133329425,-0.08054840690850464,0.5768025078369906,0.9817241379310345,0.7641692789968653,0.7153291536050157,0.5204702194357367
0.05,43,1008,laplace_eb,M1_global,-0.08191001537871959,-0.04534960795065452,0.664576802507837,0.9817241379310345,0.7641692789968653,0.7153291536050157,0.5204702194357367
0.05,43,1008,laplace_eb,M2_team,-0.05008227202959569,-0.04943974862651765,0.4200626959247649,0.9817241379310345,0.7641692789968653,0.7153291536050157,0.5204702194357367
0.05,43,1008,laplace_eb,M4_intersection,-0.02177883217514122,-0.03173899930846355,0.32601880877742945,0.9817241379310345,0.7641692789968653,0.7153291536050157,0.5204702194357367
0.05,43,1008,laplace_eb,M5_backoff2,-0.06777140989806212,-0.0777520672607945,0.5611285266457681,0.9817241379310345,0.7641692789968653,0.7153291536050157,0.5204702194357367
0.05,43,1009,laplace,M1_global,-0.06892200833811282,-0.0452720221120362,0.664576802507837,0.9948902821316614,0.7779937304075235,0.6546394984326018,0.4994043887147335
0.05,43,1009,laplace,M2_team,-0.0542297544640994,-0.01894637895602044,0.4169278996865204,0.9948902821316614,0.7779937304075235,0.6546394984326018,0.4994043887147335
0.05,43,1009,laplace,M4_intersection,-0.02962900774092136,-0.0019055096707000254,0.3103448275862069,0.9948902821316614,0.7779937304075235,0.6546394984326018,0.4994043887147335
0.05,43,1009,laplace,M5_backoff2,-0.08091072748680847,-0.01810098217572538,0.6269592476489029,0.9948902821316614,0.7779937304075235,0.6546394984326018,0.4994043887147335
0.05,43,1009,laplace_eb,M1_global,-0.0644620981499506,-0.05208156143423158,0.6175548589341693,0.9948902821316614,0.7779937304075235,0.6546394984326018,0.4994043887147335
0.05,43,1009,laplace_eb,M2_team,-0.06730776552262725,-0.029464605179699985,0.43573667711598746,0.9948902821316614,0.7779937304075235,0.6546394984326018,0.4994043887147335
0.05,43,1009,laplace_eb,M4_intersection,-0.03633081121224221,-0.011076386072045209,0.335423197492163,0.9948902821316614,0.7779937304075235,0.6546394984326018,0.4994043887147335
0.05,43,1009,laplace_eb,M5_backoff2,-0.07576911762169909,-0.03323338701620371,0.5799373040752351,0.9948902821316614,0.7779937304075235,0.6546394984326018,0.4994043887147335
0.1,87,1000,laplace,M1_global,-0.08391464927867288,-0.052054874809184415,0.6363636363636364,0.9934796238244513,0.8486206896551726,0.7462068965517241,0.5894043887147334
0.1,87,1000,laplace,M2_team,-0.059858646827711956,-0.06819328511583395,0.47648902821316613,0.9934796238244513,0.8486206896551726,0.7462068965517241,0.5894043887147334
0.1,87,1000,laplace,M4_intersection,-0.05221195740852984,-0.05187329593870707,0.4012539184952978,0.9934796238244513,0.8486206896551726,0.7462068965517241,0.5894043887147334
0.1,87,1000,laplace,M5_backoff2,-0.08837794625787151,-0.09092945411661202,0.6614420062695925,0.9934796238244513,0.8486206896551726,0.7462068965517241,0.5894043887147334
0.1,87,1000,laplace_eb,M1_global,-0.09851975569670851,-0.06723299743987177,0.6426332288401254,0.9934796238244513,0.8486206896551726,0.7462068965517241,0.5894043887147334
0.1,87,1000,laplace_eb,M2_team,-0.05772606086067645,-0.07021115482040334,0.49216300940438873,0.9934796238244513,0.8486206896551726,0.7462068965517241,0.5894043887147334
0.1,87,1000,laplace_eb,M4_intersection,-0.05072605361151845,-0.048272075417647164,0.39184952978056425,0.9934796238244513,0.8486206896551726,0.7462068965517241,0.5894043887147334
0.1,87,1000,laplace_eb,M5_backoff2,-0.08815608279878817,-0.08510441835210615,0.6394984326018809,0.9934796238244513,0.8486206896551726,0.7462068965517241,0.5894043887147334
0.1,87,1001,laplace,M1_global,-0.07800519037816592,-0.06440055580535278,0.6238244514106583,0.9893730407523511,0.8283385579937305,0.7905956112852666,0.6452978056426332
0.1,87,1001,laplace,M2_team,-0.055757738498030784,-0.04572377001230246,0.47962382445141066,0.9893730407523511,0.8283385579937305,0.7905956112852666,0.6452978056426332
0.1,87,1001,laplace,M4_intersection,-0.042625538817954285,-0.040939984557023246,0.3981191222570533,0.9893730407523511,0.8283385579937305,0.7905956112852666,0.6452978056426332
0.1,87,1001,laplace,M5_backoff2,-0.07035013233372783,-0.05197248030979432,0.6238244514106583,0.9893730407523511,0.8283385579937305,0.7905956112852666,0.6452978056426332
0.1,87,1001,laplace_eb,M1_global,-0.07077619168311824,-0.0715533093225246,0.6238244514106583,0.9893730407523511,0.8283385579937305,0.7905956112852666,0.6452978056426332
0.1,87,1001,laplace_eb,M2_team,-0.047967773841746546,-0.045558719519163744,0.5235109717868338,0.9893730407523511,0.8283385579937305,0.7905956112852666,0.6452978056426332
0.1,87,1001,laplace_eb,M4_intersection,-0.03461114034570496,-0.04486468453018643,0.45141065830721006,0.9893730407523511,0.8283385579937305,0.7905956112852666,0.6452978056426332
0.1,87,1001,laplace_eb,M5_backoff2,-0.07219879449488227,-0.059946739701641764,0.6112852664576802,0.9893730407523511,0.8283385579937305,0.7905956112852666,0.6452978056426332
0.1,87,1002,laplace,M1_global,-0.08186438494014515,-0.060912996156836006,0.5799373040752351,0.997398119122257,0.8821630094043886,0.7699686520376174,0.6017868338557993
0.1,87,1002,laplace,M2_team,-0.05095878169874786,-0.03298243011426776,0.45768025078369906,0.997398119122257,0.8821630094043886,0.7699686520376174,0.6017868338557993
0.1,87,1002,laplace,M4_intersection,-0.03010155511640456,-0.017653388943418065,0.36990595611285265,0.997398119122257,0.8821630094043886,0.7699686520376174,0.6017868338557993
0.1,87,1002,laplace,M5_backoff2,-0.08433046480378013,-0.07815129457035783,0.6269592476489029,0.997398119122257,0.8821630094043886,0.7699686520376174,0.6017868338557993
0.1,87,1002,laplace_eb,M1_global,-0.10813869357249206,-0.08141710555478697,0.6081504702194357,0.997398119122257,0.8821630094043886,0.7699686520376174,0.6017868338557993
0.1,87,1002,laplace_eb,M2_team,-0.05514589726317639,-0.034222636009832164,0.4952978056426332,0.997398119122257,0.8821630094043886,0.7699686520376174,0.6017868338557993
0.1,87,1002,laplace_eb,M4_intersection,-0.03290700684754079,-0.018294360103278326,0.4043887147335423,0.997398119122257,0.8821630094043886,0.7699686520376174,0.6017868338557993
0.1,87,1002,laplace_eb,M5_backoff2,-0.06773643551808914,-0.07631733761312072,0.5987460815047022,0.997398119122257,0.8821630094043886,0.7699686520376174,0.6017868338557993
0.1,87,1003,laplace,M1_global,-0.08757661421984714,-0.06289353396825283,0.6238244514106583,0.9965203761755486,0.8305015673981191,0.7874921630094044,0.6003761755485892
0.1,87,1003,laplace,M2_team,-0.035286270058640865,-0.042800955264172214,0.49216300940438873,0.9965203761755486,0.8305015673981191,0.7874921630094044,0.6003761755485892
0.1,87,1003,laplace,M4_intersection,-0.012713039883625545,-0.0021340936702620647,0.36990595611285265,0.9965203761755486,0.8305015673981191,0.7874921630094044,0.6003761755485892
0.1,87,1003,laplace,M5_backoff2,-0.057351232404152054,-0.062244027526027354,0.6363636363636364,0.9965203761755486,0.8305015673981191,0.7874921630094044,0.6003761755485892
0.1,87,1003,laplace_eb,M1_global,-0.08831072429364378,-0.07706688811599648,0.664576802507837,0.9965203761755486,0.8305015673981191,0.7874921630094044,0.6003761755485892
0.1,87,1003,laplace_eb,M2_team,-0.03392634485909558,-0.04000055948768663,0.5109717868338558,0.9965203761755486,0.8305015673981191,0.7874921630094044,0.6003761755485892
0.1,87,1003,laplace_eb,M4_intersection,-0.010625295749745772,0.0020276183805495594,0.36363636363636365,0.9965203761755486,0.8305015673981191,0.7874921630094044,0.6003761755485892
0.1,87,1003,laplace_eb,M5_backoff2,-0.0580546015692542,-0.07158779065623926,0.6112852664576802,0.9965203761755486,0.8305015673981191,0.7874921630094044,0.6003761755485892
0.1,87,1004,laplace,M1_global,-0.0772934348021742,-0.055120541244091284,0.6081504702194357,0.9958934169278997,0.8775862068965516,0.767335423197492,0.5833228840125392
0.1,87,1004,laplace,M2_team,-0.04324237751222703,-0.03950048203004939,0.47648902821316613,0.9958934169278997,0.8775862068965516,0.767335423197492,0.5833228840125392
0.1,87,1004,laplace,M4_intersection,-0.04002184918307959,-0.03284353942706667,0.38557993730407525,0.9958934169278997,0.8775862068965516,0.767335423197492,0.5833228840125392
0.1,87,1004,laplace,M5_backoff2,-0.05933473312345605,-0.04869140838754588,0.6144200626959248,0.9958934169278997,0.8775862068965516,0.767335423197492,0.5833228840125392
0.1,87,1004,laplace_eb,M1_global,-0.09886436630332358,-0.06902485632784314,0.6394984326018809,0.9958934169278997,0.8775862068965516,0.767335423197492,0.5833228840125392
0.1,87,1004,laplace_eb,M2_team,-0.044512637812048665,-0.04317584096638013,0.48589341692789967,0.9958934169278997,0.8775862068965516,0.767335423197492,0.5833228840125392
0.1,87,1004,laplace_eb,M4_intersection,-0.03415500920347659,-0.031753292464911,0.3730407523510972,0.9958934169278997,0.8775862068965516,0.767335423197492,0.5833228840125392
0.1,87,1004,laplace_eb,M5_backoff2,-0.06996466662022387,-0.05705197986951069,0.5893416927899686,0.9958934169278997,0.8775862068965516,0.767335423197492,0.5833228840125392
0.1,87,1005,laplace,M1_global,-0.08222787567417263,-0.04908419641020904,0.670846394984326,0.9978996865203763,0.8846081504702192,0.8242006269592477,0.6454231974921629
0.1,87,1005,laplace,M2_team,-0.049379561353346396,-0.05533215660473396,0.5047021943573667,0.9978996865203763,0.8846081504702192,0.8242006269592477,0.6454231974921629
0.1,87,1005,laplace,M4_intersection,-0.03835733623760621,-0.03864721986567339,0.38557993730407525,0.9978996865203763,0.8846081504702192,0.8242006269592477,0.6454231974921629
0.1,87,1005,laplace,M5_backoff2,-0.062017386650730824,-0.0471975341859656,0.6175548589341693,0.9978996865203763,0.8846081504702192,0.8242006269592477,0.6454231974921629
0.1,87,1005,laplace_eb,M1_global,-0.09455618868380505,-0.05780814088250402,0.6896551724137931,0.9978996865203763,0.8846081504702192,0.8242006269592477,0.6454231974921629
0.1,87,1005,laplace_eb,M2_team,-0.04953552905154826,-0.04884507943843973,0.5141065830721003,0.9978996865203763,0.8846081504702192,0.8242006269592477,0.6454231974921629
0.1,87,1005,laplace_eb,M4_intersection,-0.03866111237824337,-0.04035031617995714,0.4012539184952978,0.9978996865203763,0.8846081504702192,0.8242006269592477,0.6454231974921629
0.1,87,1005,laplace_eb,M5_backoff2,-0.062049923470494886,-0.0507400112933126,0.5799373040752351,0.9978996865203763,0.8846081504702192,0.8242006269592477,0.6454231974921629
0.1,87,1006,laplace,M1_global,-0.06166031928061505,-0.04565236579661833,0.6394984326018809,0.9954858934169281,0.8484639498432601,0.775485893416928,0.6005329153605016
0.1,87,1006,laplace,M2_team,-0.04866953079696733,-0.04071516578660863,0.4827586206896552,0.9954858934169281,0.8484639498432601,0.775485893416928,0.6005329153605016
0.1,87,1006,laplace,M4_intersection,-0.035047149443327444,-0.025726815936707403,0.3510971786833856,0.9954858934169281,0.8484639498432601,0.775485893416928,0.6005329153605016
0.1,87,1006,laplace,M5_backoff2,-0.0636450663897965,-0.057022054087031974,0.6300940438871473,0.9954858934169281,0.8484639498432601,0.775485893416928,0.6005329153605016
0.1,87,1006,laplace_eb,M1_global,-0.07939910242877037,-0.0554666714421634,0.64576802507837,0.9954858934169281,0.8484639498432601,0.775485893416928,0.6005329153605016
0.1,87,1006,laplace_eb,M2_team,-0.043579896193780124,-0.04983387854779402,0.4890282131661442,0.9954858934169281,0.8484639498432601,0.775485893416928,0.6005329153605016
0.1,87,1006,laplace_eb,M4_intersection,-0.032989942366520066,-0.027030866067611313,0.3667711598746082,0.9954858934169281,0.8484639498432601,0.775485893416928,0.6005329153605016
0.1,87,1006,laplace_eb,M5_backoff2,-0.0667690441689708,-0.07072476337322248,0.6050156739811913,0.9954858934169281,0.8484639498432601,0.775485893416928,0.6005329153605016
0.1,87,1007,laplace,M1_global,-0.07894216985865073,-0.06749596439745732,0.6677115987460815,0.9949843260188087,0.8708777429467085,0.7443887147335423,0.5964890282131661
0.1,87,1007,laplace,M2_team,-0.0576369695388785,-0.051625269427194864,0.49216300940438873,0.9949843260188087,0.8708777429467085,0.7443887147335423,0.5964890282131661
0.1,87,1007,laplace,M4_intersection,-0.037532125567567756,-0.05016129667108709,0.38557993730407525,0.9949843260188087,0.8708777429467085,0.7443887147335423,0.5964890282131661
0.1,87,1007,laplace,M5_backoff2,-0.06299303284609767,-0.0728738827391478,0.6300940438871473,0.9949843260188087,0.8708777429467085,0.7443887147335423,0.5964890282131661
0.1,87,1007,laplace_eb,M1_global,-0.0916477113284848,-0.0763244065558275,0.6363636363636364,0.9949843260188087,0.8708777429467085,0.7443887147335423,0.5964890282131661
0.1,87,1007,laplace_eb,M2_team,-0.062030448808939105,-0.05503658707425886,0.47962382445141066,0.9949843260188087,0.8708777429467085,0.7443887147335423,0.5964890282131661
0.1,87,1007,laplace_eb,M4_intersection,-0.033316944179863764,-0.03611067740894784,0.3542319749216301,0.9949843260188087,0.8708777429467085,0.7443887147335423,0.5964890282131661
0.1,87,1007,laplace_eb,M5_backoff2,-0.07327917656134289,-0.06988870691169392,0.54858934169279,0.9949843260188087,0.8708777429467085,0.7443887147335423,0.5964890282131661
0.1,87,1008,laplace,M1_global,-0.06919140792612372,-0.04193688765588599,0.5830721003134797,0.9978996865203763,0.8562382445141066,0.8090282131661442,0.6699686520376175
0.1,87,1008,laplace,M2_team,-0.04455035107449678,-0.04296835551628125,0.5109717868338558,0.9978996865203763,0.8562382445141066,0.8090282131661442,0.6699686520376175
0.1,87,1008,laplace,M4_intersection,-0.035944173515403535,-0.022665851729043226,0.3949843260188088,0.9978996865203763,0.8562382445141066,0.8090282131661442,0.6699686520376175
0.1,87,1008,laplace,M5_backoff2,-0.054258032640599904,-0.04297308749913422,0.64576802507837,0.9978996865203763,0.8562382445141066,0.8090282131661442,0.6699686520376175
0.1,87,1008,laplace_eb,M1_global,-0.06424801202263204,-0.054280339270176184,0.6112852664576802,0.9978996865203763,0.8562382445141066,0.8090282131661442,0.6699686520376175
0.1,87,1008,laplace_eb,M2_team,-0.05338264422543744,-0.02781750817657638,0.5517241379310345,0.9978996865203763,0.8562382445141066,0.8090282131661442,0.6699686520376175
0.1,87,1008,laplace_eb,M4_intersection,-0.03633970769595203,-0.025374829488861897,0.4106583072100313,0.9978996865203763,0.8562382445141066,0.8090282131661442,0.6699686520376175
0.1,87,1008,laplace_eb,M5_backoff2,-0.06265614316054273,-0.044044214823402955,0.5862068965517241,0.9978996865203763,0.8562382445141066,0.8090282131661442,0.6699686520376175
0.1,87,1009,laplace,M1_global,-0.06955320169699603,-0.05749987383434391,0.5830721003134797,0.9982131661442005,0.8520062695924766,0.807398119122257,0.6370532915360502
0.1,87,1009,laplace,M2_team,-0.030825290466924445,-0.037853843319378674,0.4827586206896552,0.9982131661442005,0.8520062695924766,0.807398119122257,0.6370532915360502
0.1,87,1009,laplace,M4_intersection,-0.018960694370785475,-0.02504100984540479,0.38557993730407525,0.9982131661442005,0.8520062695924766,0.807398119122257,0.6370532915360502
0.1,87,1009,laplace,M5_backoff2,-0.03766705622446948,-0.036415252846236514,0.6112852664576802,0.9982131661442005,0.8520062695924766,0.807398119122257,0.6370532915360502
0.1,87,1009,laplace_eb,M1_global,-0.08192793110554869,-0.061563788303013504,0.6269592476489029,0.9982131661442005,0.8520062695924766,0.807398119122257,0.6370532915360502
0.1,87,1009,laplace_eb,M2_team,-0.04565346510759715,-0.039471743809392085,0.5266457680250783,0.9982131661442005,0.8520062695924766,0.807398119122257,0.6370532915360502
0.1,87,1009,laplace_eb,M4_intersection,-0.015209533075647295,-0.022609383054661526,0.3981191222570533,0.9982131661442005,0.8520062695924766,0.807398119122257,0.6370532915360502
0.1,87,1009,laplace_eb,M5_backoff2,-0.04614706553495416,-0.04705765726611158,0.6112852664576802,0.9982131661442005,0.8520062695924766,0.807398119122257,0.6370532915360502
0.25,219,1000,laplace,M1_global,-0.06874206696044315,-0.05289770102239328,0.5141065830721003,0.9998119122257053,0.9448275862068964,0.8986833855799373,0.8097492163009404
0.25,219,1000,laplace,M2_team,-0.04857439130871647,-0.0443889449195802,0.5862068965517241,0.9998119122257053,0.9448275862068964,0.8986833855799373,0.8097492163009404
0.25,219,1000,laplace,M4_intersection,-0.05060224233890028,-0.045932094084805454,0.5015673981191222,0.9998119122257053,0.9448275862068964,0.8986833855799373,0.8097492163009404
0.25,219,1000,laplace,M5_backoff2,-0.05692630958360938,-0.050865890604201526,0.6394984326018809,0.9998119122257053,0.9448275862068964,0.8986833855799373,0.8097492163009404
0.25,219,1000,laplace_eb,M1_global,-0.08408810566164857,-0.07257482222628818,0.6426332288401254,0.9998119122257053,0.9448275862068964,0.8986833855799373,0.8097492163009404
0.25,219,1000,laplace_eb,M2_team,-0.04455390178998436,-0.04975659458614816,0.567398119122257,0.9998119122257053,0.9448275862068964,0.8986833855799373,0.8097492163009404
0.25,219,1000,laplace_eb,M4_intersection,-0.03375234808714412,-0.047934395205638254,0.445141065830721,0.9998119122257053,0.9448275862068964,0.8986833855799373,0.8097492163009404
0.25,219,1000,laplace_eb,M5_backoff2,-0.04602632455551139,-0.054654591649677314,0.5768025078369906,0.9998119122257053,0.9448275862068964,0.8986833855799373,0.8097492163009404
0.25,219,1001,laplace,M1_global,-0.08255287417470475,-0.06577856754621368,0.5736677115987461,0.9997805642633231,0.9437931034482758,0.9015987460815047,0.7765830721003134
0.25,219,1001,laplace,M2_team,-0.07793504041750976,-0.07888205097199981,0.5799373040752351,0.9997805642633231,0.9437931034482758,0.9015987460815047,0.7765830721003134
0.25,219,1001,laplace,M4_intersection,-0.043794545470547154,-0.0627302453622549,0.4702194357366771,0.9997805642633231,0.9437931034482758,0.9015987460815047,0.7765830721003134
0.25,219,1001,laplace,M5_backoff2,-0.06119390156668929,-0.05831546119201146,0.5924764890282131,0.9997805642633231,0.9437931034482758,0.9015987460815047,0.7765830721003134
0.25,219,1001,laplace_eb,M1_global,-0.09869506162208823,-0.0799323771627719,0.6551724137931034,0.9997805642633231,0.9437931034482758,0.9015987460815047,0.7765830721003134
0.25,219,1001,laplace_eb,M2_team,-0.07369590433880827,-0.06071665294491759,0.5517241379310345,0.9997805642633231,0.9437931034482758,0.9015987460815047,0.7765830721003134
0.25,219,1001,laplace_eb,M4_intersection,-0.04439610140076999,-0.046358389633950024,0.45141065830721006,0.9997805642633231,0.9437931034482758,0.9015987460815047,0.7765830721003134
0.25,219,1001,laplace_eb,M5_backoff2,-0.05059114601871811,-0.06216946314307963,0.5454545454545454,0.9997805642633231,0.9437931034482758,0.9015987460815047,0.7765830721003134
0.25,219,1002,laplace,M1_global,-0.07705977737763459,-0.05390114713238325,0.5360501567398119,0.9999373040752352,0.9500313479623823,0.8879310344827587,0.7795611285266458
0.25,219,1002,laplace,M2_team,-0.07737021649192119,-0.05655927820639177,0.567398119122257,0.9999373040752352,0.9500313479623823,0.8879310344827587,0.7795611285266458
0.25,219,1002,laplace,M4_intersection,-0.05930269111333222,-0.048566339905359156,0.47648902821316613,0.9999373040752352,0.9500313479623823,0.8879310344827587,0.7795611285266458
0.25,219,1002,laplace,M5_backoff2,-0.07807856972174584,-0.05768686257372829,0.6238244514106583,0.9999373040752352,0.9500313479623823,0.8879310344827587,0.7795611285266458
0.25,219,1002,laplace_eb,M1_global,-0.08865394614940526,-0.06821593544139384,0.6677115987460815,0.9999373040752352,0.9500313479623823,0.8879310344827587,0.7795611285266458
0.25,219,1002,laplace_eb,M2_team,-0.0695381602593537,-0.0491653847096482,0.567398119122257,0.9999373040752352,0.9500313479623823,0.8879310344827587,0.7795611285266458
0.25,219,1002,laplace_eb,M4_intersection,-0.051803313814640796,-0.039786665604032316,0.43573667711598746,0.9999373040752352,0.9500313479623823,0.8879310344827587,0.7795611285266458
0.25,219,1002,laplace_eb,M5_backoff2,-0.0662435235391403,-0.0446070711067104,0.542319749216301,0.9999373040752352,0.9500313479623823,0.8879310344827587,0.7795611285266458
0.25,219,1003,laplace,M1_global,-0.05232759612994882,-0.05220631045233867,0.5266457680250783,0.9995924764890283,0.9365203761755486,0.882539184952978,0.7736363636363636
0.25,219,1003,laplace,M2_team,-0.06753848664766195,-0.05425345061527898,0.5579937304075235,0.9995924764890283,0.9365203761755486,0.882539184952978,0.7736363636363636
0.25,219,1003,laplace,M4_intersection,-0.045496123956755785,-0.0478025037666847,0.46394984326018807,0.9995924764890283,0.9365203761755486,0.882539184952978,0.7736363636363636
0.25,219,1003,laplace,M5_backoff2,-0.06883435968461456,-0.06801029469899623,0.6206896551724138,0.9995924764890283,0.9365203761755486,0.882539184952978,0.7736363636363636
0.25,219,1003,laplace_eb,M1_global,-0.08633541576213971,-0.07104977110523415,0.6614420062695925,0.9995924764890283,0.9365203761755486,0.882539184952978,0.7736363636363636
0.25,219,1003,laplace_eb,M2_team,-0.07217601297837814,-0.05689916430409052,0.5454545454545454,0.9995924764890283,0.9365203761755486,0.882539184952978,0.7736363636363636
0.25,219,1003,laplace_eb,M4_intersection,-0.027661430973524585,-0.039602244255311066,0.43573667711598746,0.9995924764890283,0.9365203761755486,0.882539184952978,0.7736363636363636
0.25,219,1003,laplace_eb,M5_backoff2,-0.05662379323922355,-0.06911985982548106,0.5454545454545454,0.9995924764890283,0.9365203761755486,0.882539184952978,0.7736363636363636
0.25,219,1004,laplace,M1_global,-0.056355723463068934,-0.044087038004659934,0.5047021943573667,1.0,0.9484326018808777,0.9042633228840127,0.8093103448275862
0.25,219,1004,laplace,M2_team,-0.05183047812934206,-0.0369366508759675,0.5830721003134797,1.0,0.9484326018808777,0.9042633228840127,0.8093103448275862
0.25,219,1004,laplace,M4_intersection,-0.02930445617596184,-0.037049350693681773,0.4702194357366771,1.0,0.9484326018808777,0.9042633228840127,0.8093103448275862
0.25,219,1004,laplace,M5_backoff2,-0.048852926032576814,-0.04705034004857174,0.5924764890282131,1.0,0.9484326018808777,0.9042633228840127,0.8093103448275862
0.25,219,1004,laplace_eb,M1_global,-0.07543533625881127,-0.06313786933601463,0.6332288401253918,1.0,0.9484326018808777,0.9042633228840127,0.8093103448275862
0.25,219,1004,laplace_eb,M2_team,-0.03479214121228475,-0.0345211474219086,0.5705329153605015,1.0,0.9484326018808777,0.9042633228840127,0.8093103448275862
0.25,219,1004,laplace_eb,M4_intersection,-0.03074590360810017,-0.028153977423999752,0.4608150470219436,1.0,0.9484326018808777,0.9042633228840127,0.8093103448275862
0.25,219,1004,laplace_eb,M5_backoff2,-0.05998896402204672,-0.04141286557370966,0.567398119122257,1.0,0.9484326018808777,0.9042633228840127,0.8093103448275862
0.25,219,1005,laplace,M1_global,-0.051273993715690594,-0.050811298822160796,0.47962382445141066,1.0,0.9447648902821316,0.8676489028213166,0.7690282131661442
0.25,219,1005,laplace,M2_team,-0.06299581910048532,-0.05453414107938545,0.5642633228840125,1.0,0.9447648902821316,0.8676489028213166,0.7690282131661442
0.25,219,1005,laplace,M4_intersection,-0.02991380421065238,-0.04207421984044736,0.44200626959247646,1.0,0.9447648902821316,0.8676489028213166,0.7690282131661442
0.25,219,1005,laplace,M5_backoff2,-0.055543373394348776,-0.04286390398176486,0.5642633228840125,1.0,0.9447648902821316,0.8676489028213166,0.7690282131661442
0.25,219,1005,laplace_eb,M1_global,-0.08208117140077498,-0.06322241226520658,0.6426332288401254,1.0,0.9447648902821316,0.8676489028213166,0.7690282131661442
0.25,219,1005,laplace_eb,M2_team,-0.05917885002671364,-0.060555734884776294,0.5611285266457681,1.0,0.9447648902821316,0.8676489028213166,0.7690282131661442
0.25,219,1005,laplace_eb,M4_intersection,-0.02490222357143429,-0.03900652628707288,0.4012539184952978,1.0,0.9447648902821316,0.8676489028213166,0.7690282131661442
0.25,219,1005,laplace_eb,M5_backoff2,-0.05463209473834516,-0.05401385129432319,0.5141065830721003,1.0,0.9447648902821316,0.8676489028213166,0.7690282131661442
0.25,219,1006,laplace,M1_global,-0.049196655181788354,-0.05315689616442474,0.45454545454545453,0.9999373040752352,0.952257053291536,0.9178369905956112,0.8186206896551723
0.25,219,1006,laplace,M2_team,-0.07609343621003964,-0.0524803643876856,0.6144200626959248,0.9999373040752352,0.952257053291536,0.9178369905956112,0.8186206896551723
0.25,219,1006,laplace,M4_intersection,-0.06412978819498448,-0.06219943124672462,0.49216300940438873,0.9999373040752352,0.952257053291536,0.9178369905956112,0.8186206896551723
0.25,219,1006,laplace,M5_backoff2,-0.08171853509535984,-0.07543893387325132,0.6144200626959248,0.9999373040752352,0.952257053291536,0.9178369905956112,0.8186206896551723
0.25,219,1006,laplace_eb,M1_global,-0.09093886388459924,-0.06430784960899233,0.6614420062695925,0.9999373040752352,0.952257053291536,0.9178369905956112,0.8186206896551723
0.25,219,1006,laplace_eb,M2_team,-0.06685135162035499,-0.04819285351094034,0.5736677115987461,0.9999373040752352,0.952257053291536,0.9178369905956112,0.8186206896551723
0.25,219,1006,laplace_eb,M4_intersection,-0.04904607420664596,-0.041545923227053076,0.46394984326018807,0.9999373040752352,0.952257053291536,0.9178369905956112,0.8186206896551723
0.25,219,1006,laplace_eb,M5_backoff2,-0.08039126866336527,-0.050564055625921506,0.5736677115987461,0.9999373040752352,0.952257053291536,0.9178369905956112,0.8186206896551723
0.25,219,1007,laplace,M1_global,-0.050063027448508435,-0.045430036407653064,0.5172413793103449,1.0,0.9389655172413792,0.9011285266457681,0.7696551724137931
0.25,219,1007,laplace,M2_team,-0.050385467311057926,-0.04359850362176806,0.5768025078369906,1.0,0.9389655172413792,0.9011285266457681,0.7696551724137931
0.25,219,1007,laplace,M4_intersection,-0.03810818495701847,-0.040734388237836594,0.4482758620689655,1.0,0.9389655172413792,0.9011285266457681,0.7696551724137931
0.25,219,1007,laplace,M5_backoff2,-0.05445108131788741,-0.0496842905552036,0.5736677115987461,1.0,0.9389655172413792,0.9011285266457681,0.7696551724137931
0.25,219,1007,laplace_eb,M1_global,-0.07805184269072868,-0.059060818115745595,0.6300940438871473,1.0,0.9389655172413792,0.9011285266457681,0.7696551724137931
0.25,219,1007,laplace_eb,M2_team,-0.047868414101742654,-0.03881815398187847,0.5517241379310345,1.0,0.9389655172413792,0.9011285266457681,0.7696551724137931
0.25,219,1007,laplace_eb,M4_intersection,-0.03177900506084242,-0.03627999262376265,0.43260188087774293,1.0,0.9389655172413792,0.9011285266457681,0.7696551724137931
0.25,219,1007,laplace_eb,M5_backoff2,-0.051586567152723625,-0.053260236978530884,0.5391849529780565,1.0,0.9389655172413792,0.9011285266457681,0.7696551724137931
0.25,219,1008,laplace,M1_global,-0.051344214456862415,-0.042233235550150974,0.5297805642633229,0.9998119122257055,0.9155799373040752,0.8826959247648904,0.7701253918495299
0.25,219,1008,laplace,M2_team,-0.07196417678626353,-0.06174664699171778,0.567398119122257,0.9998119122257055,0.9155799373040752,0.8826959247648904,0.7701253918495299
0.25,219,1008,laplace,M4_intersection,-0.06348053315730304,-0.05890882482349312,0.47648902821316613,0.9998119122257055,0.9155799373040752,0.8826959247648904,0.7701253918495299
0.25,219,1008,laplace,M5_backoff2,-0.08632573848561059,-0.06342163878174785,0.6175548589341693,0.9998119122257055,0.9155799373040752,0.8826959247648904,0.7701253918495299
0.25,219,1008,laplace_eb,M1_global,-0.07192437734957026,-0.05504615375988162,0.6426332288401254,0.9998119122257055,0.9155799373040752,0.8826959247648904,0.7701253918495299
0.25,219,1008,laplace_eb,M2_team,-0.07442792891568524,-0.059823540497723045,0.5862068965517241,0.9998119122257055,0.9155799373040752,0.8826959247648904,0.7701253918495299
0.25,219,1008,laplace_eb,M4_intersection,-0.05541289888532558,-0.04276787421920083,0.43573667711598746,0.9998119122257055,0.9155799373040752,0.8826959247648904,0.7701253918495299
0.25,219,1008,laplace_eb,M5_backoff2,-0.08094657178629529,-0.05867926356000212,0.5517241379310345,0.9998119122257055,0.9155799373040752,0.8826959247648904,0.7701253918495299
0.25,219,1009,laplace,M1_global,-0.08493356001461187,-0.08541862526470591,0.5454545454545454,0.9998746081504704,0.9355799373040751,0.8719122257053291,0.7363636363636363
0.25,219,1009,laplace,M2_team,-0.07523472081624602,-0.06606157721957442,0.542319749216301,0.9998746081504704,0.9355799373040751,0.8719122257053291,0.7363636363636363
0.25,219,1009,laplace,M4_intersection,-0.058503505648303554,-0.052745316469557234,0.45768025078369906,0.9998746081504704,0.9355799373040751,0.8719122257053291,0.7363636363636363
0.25,219,1009,laplace,M5_backoff2,-0.07484816043961758,-0.06869730278616042,0.5956112852664577,0.9998746081504704,0.9355799373040751,0.8719122257053291,0.7363636363636363
0.25,219,1009,laplace_eb,M1_global,-0.10779586113218603,-0.09717869062595606,0.6520376175548589,0.9998746081504704,0.9355799373040751,0.8719122257053291,0.7363636363636363
0.25,219,1009,laplace_eb,M2_team,-0.07500741044555712,-0.06348560274021005,0.5141065830721003,0.9998746081504704,0.9355799373040751,0.8719122257053291,0.7363636363636363
0.25,219,1009,laplace_eb,M4_intersection,-0.05644945905406647,-0.044681981439500765,0.4012539184952978,0.9998746081504704,0.9355799373040751,0.8719122257053291,0.7363636363636363
0.25,219,1009,laplace_eb,M5_backoff2,-0.07002083089517949,-0.05884583462555207,0.5360501567398119,0.9998746081504704,0.9355799373040751,0.8719122257053291,0.7363636363636363
0.5,439,1000,laplace,M1_global,-0.06294318434540007,-0.05630411796248445,0.47962382445141066,1.0,0.9702507836990595,0.932319749216301,0.8631347962382446
0.5,439,1000,laplace,M2_team,-0.07015725601242627,-0.0651055282466464,0.5611285266457681,1.0,0.9702507836990595,0.932319749216301,0.8631347962382446
0.5,439,1000,laplace,M4_intersection,-0.0580826770152231,-0.07280483187926601,0.5297805642633229,1.0,0.9702507836990595,0.932319749216301,0.8631347962382446
0.5,439,1000,laplace,M5_backoff2,-0.06739121451273233,-0.06718824859883718,0.5862068965517241,1.0,0.9702507836990595,0.932319749216301,0.8631347962382446
0.5,439,1000,laplace_eb,M1_global,-0.09721532334401316,-0.08755727784947542,0.6238244514106583,1.0,0.9702507836990595,0.932319749216301,0.8631347962382446
0.5,439,1000,laplace_eb,M2_team,-0.06895930251124137,-0.06298362064324202,0.54858934169279,1.0,0.9702507836990595,0.932319749216301,0.8631347962382446
0.5,439,1000,laplace_eb,M4_intersection,-0.047444771414733605,-0.04979596653702117,0.45454545454545453,1.0,0.9702507836990595,0.932319749216301,0.8631347962382446
0.5,439,1000,laplace_eb,M5_backoff2,-0.05512139942718897,-0.05414415003737686,0.5329153605015674,1.0,0.9702507836990595,0.932319749216301,0.8631347962382446
0.5,439,1001,laplace,M1_global,-0.04972745093946173,-0.0482631778362029,0.43260188087774293,1.0,0.9681191222570532,0.9468965517241379,0.8785893416927899
0.5,439,1001,laplace,M2_team,-0.07202383230052024,-0.055846509514931225,0.6112852664576802,1.0,0.9681191222570532,0.9468965517241379,0.8785893416927899
0.5,439,1001,laplace,M4_intersection,-0.057406037497015956,-0.06670121558968176,0.5172413793103449,1.0,0.9681191222570532,0.9468965517241379,0.8785893416927899
0.5,439,1001,laplace,M5_backoff2,-0.06378977380249194,-0.0706284153143814,0.5454545454545454,1.0,0.9681191222570532,0.9468965517241379,0.8785893416927899
0.5,439,1001,laplace_eb,M1_global,-0.08681847889641983,-0.06441268189386888,0.6269592476489029,1.0,0.9681191222570532,0.9468965517241379,0.8785893416927899
0.5,439,1001,laplace_eb,M2_team,-0.07132253740975475,-0.054346198665684665,0.5830721003134797,1.0,0.9681191222570532,0.9468965517241379,0.8785893416927899
0.5,439,1001,laplace_eb,M4_intersection,-0.04815311044407863,-0.06140251462362403,0.46394984326018807,1.0,0.9681191222570532,0.9468965517241379,0.8785893416927899
0.5,439,1001,laplace_eb,M5_backoff2,-0.057877117154833665,-0.06930821372610649,0.5203761755485894,1.0,0.9681191222570532,0.9468965517241379,0.8785893416927899
0.5,439,1002,laplace,M1_global,-0.05664253171801941,-0.04648220660544488,0.43260188087774293,1.0,0.9746708463949844,0.9448589341692791,0.8903134796238245
0.5,439,1002,laplace,M2_team,-0.056097686372487146,-0.057670061491126176,0.5987460815047022,1.0,0.9746708463949844,0.9448589341692791,0.8903134796238245
0.5,439,1002,laplace,M4_intersection,-0.046183161028780534,-0.06606403880732187,0.54858934169279,1.0,0.9746708463949844,0.9448589341692791,0.8903134796238245
0.5,439,1002,laplace,M5_backoff2,-0.05319663131358481,-0.06542300502988611,0.5893416927899686,1.0,0.9746708463949844,0.9448589341692791,0.8903134796238245
0.5,439,1002,laplace_eb,M1_global,-0.07716929855344812,-0.06397585080335133,0.6332288401253918,1.0,0.9746708463949844,0.9448589341692791,0.8903134796238245
0.5,439,1002,laplace_eb,M2_team,-0.05911275743270369,-0.049992584649671955,0.5830721003134797,1.0,0.9746708463949844,0.9448589341692791,0.8903134796238245
0.5,439,1002,laplace_eb,M4_intersection,-0.03755070083427205,-0.05728463141895761,0.47962382445141066,1.0,0.9746708463949844,0.9448589341692791,0.8903134796238245
0.5,439,1002,laplace_eb,M5_backoff2,-0.04787217189198751,-0.0654459920796481,0.5266457680250783,1.0,0.9746708463949844,0.9448589341692791,0.8903134796238245
0.5,439,1003,laplace,M1_global,-0.05454957909111319,-0.04896465625882523,0.43573667711598746,1.0,0.9612225705329154,0.9348902821316615,0.8587460815047023
0.5,439,1003,laplace,M2_team,-0.07259105198482362,-0.05865197836605359,0.5799373040752351,1.0,0.9612225705329154,0.9348902821316615,0.8587460815047023
0.5,439,1003,laplace,M4_intersection,-0.04373343411517741,-0.04615056668889934,0.49843260188087773,1.0,0.9612225705329154,0.9348902821316615,0.8587460815047023
0.5,439,1003,laplace,M5_backoff2,-0.06009724246904394,-0.04922226870134706,0.567398119122257,1.0,0.9612225705329154,0.9348902821316615,0.8587460815047023
0.5,439,1003,laplace_eb,M1_global,-0.09799771666012962,-0.07260054377926554,0.6144200626959248,1.0,0.9612225705329154,0.9348902821316615,0.8587460815047023
0.5,439,1003,laplace_eb,M2_team,-0.06342457749860414,-0.059634583964243204,0.5329153605015674,1.0,0.9612225705329154,0.9348902821316615,0.8587460815047023
0.5,439,1003,laplace_eb,M4_intersection,-0.04157315102350376,-0.03865042721216208,0.42946708463949845,1.0,0.9612225705329154,0.9348902821316615,0.8587460815047023
0.5,439,1003,laplace_eb,M5_backoff2,-0.0576384186768046,-0.04647195357887723,0.4952978056426332,1.0,0.9612225705329154,0.9348902821316615,0.8587460815047023
0.5,439,1004,laplace,M1_global,-0.059149117971008476,-0.0616781721387911,0.48589341692789967,1.0,0.9711598746081505,0.9367084639498433,0.8619122257053293
0.5,439,1004,laplace,M2_team,-0.0615178770779816,-0.05752895954634329,0.5987460815047022,1.0,0.9711598746081505,0.9367084639498433,0.8619122257053293
0.5,439,1004,laplace,M4_intersection,-0.055471246892755684,-0.06478608364595514,0.5235109717868338,1.0,0.9711598746081505,0.9367084639498433,0.8619122257053293
0.5,439,1004,laplace,M5_backoff2,-0.05673070437622295,-0.07130054816556948,0.5830721003134797,1.0,0.9711598746081505,0.9367084639498433,0.8619122257053293
0.5,439,1004,laplace_eb,M1_global,-0.08786609045997683,-0.08573094519515023,0.6238244514106583,1.0,0.9711598746081505,0.9367084639498433,0.8619122257053293
0.5,439,1004,laplace_eb,M2_team,-0.05475819733309148,-0.055846746485435105,0.5454545454545454,1.0,0.9711598746081505,0.9367084639498433,0.8619122257053293
0.5,439,1004,laplace_eb,M4_intersection,-0.043374057275281055,-0.05394177124791758,0.45141065830721006,1.0,0.9711598746081505,0.9367084639498433,0.8619122257053293
0.5,439,1004,laplace_eb,M5_backoff2,-0.05123273165295117,-0.05857000693818992,0.5172413793103449,1.0,0.9711598746081505,0.9367084639498433,0.8619122257053293
0.5,439,1005,laplace,M1_global,-0.06243738974663531,-0.05449375655023282,0.4231974921630094,1.0,0.9745454545454545,0.9421630094043888,0.874075235109718
0.5,439,1005,laplace,M2_team,-0.0628223153397581,-0.06209293577738317,0.5642633228840125,1.0,0.9745454545454545,0.9421630094043888,0.874075235109718
0.5,439,1005,laplace,M4_intersection,-0.04651100271407713,-0.05076630399518626,0.5203761755485894,1.0,0.9745454545454545,0.9421630094043888,0.874075235109718
0.5,439,1005,laplace,M5_backoff2,-0.05782527188101906,-0.049365311790970055,0.5611285266457681,1.0,0.9745454545454545,0.9421630094043888,0.874075235109718
0.5,439,1005,laplace_eb,M1_global,-0.09209148477190714,-0.07885652065837645,0.6112852664576802,1.0,0.9745454545454545,0.9421630094043888,0.874075235109718
0.5,439,1005,laplace_eb,M2_team,-0.06825732057884942,-0.06548945526344276,0.5078369905956113,1.0,0.9745454545454545,0.9421630094043888,0.874075235109718
0.5,439,1005,laplace_eb,M4_intersection,-0.05072512964610022,-0.036549040609766326,0.438871473354232,1.0,0.9745454545454545,0.9421630094043888,0.874075235109718
0.5,439,1005,laplace_eb,M5_backoff2,-0.05593576365176787,-0.056176260300564544,0.49216300940438873,1.0,0.9745454545454545,0.9421630094043888,0.874075235109718
0.5,439,1006,laplace,M1_global,-0.057638351306272526,-0.05806671722929306,0.4043887147335423,1.0,0.9714420062695924,0.9410031347962384,0.8692789968652038
0.5,439,1006,laplace,M2_team,-0.05623659102660735,-0.05395688452877595,0.5987460815047022,1.0,0.9714420062695924,0.9410031347962384,0.8692789968652038
0.5,439,1006,laplace,M4_intersection,-0.04670656268079079,-0.05184018485785278,0.554858934169279,1.0,0.9714420062695924,0.9410031347962384,0.8692789968652038
0.5,439,1006,laplace,M5_backoff2,-0.052541811544693375,-0.04845539368338719,0.5736677115987461,1.0,0.9714420062695924,0.9410031347962384,0.8692789968652038
0.5,439,1006,laplace_eb,M1_global,-0.08415027659935263,-0.08678749002819898,0.6238244514106583,1.0,0.9714420062695924,0.9410031347962384,0.8692789968652038
0.5,439,1006,laplace_eb,M2_team,-0.05157204534052681,-0.05107202803640156,0.5391849529780565,1.0,0.9714420062695924,0.9410031347962384,0.8692789968652038
0.5,439,1006,laplace_eb,M4_intersection,-0.0448433009317863,-0.03407486404371112,0.4702194357366771,1.0,0.9714420062695924,0.9410031347962384,0.8692789968652038
0.5,439,1006,laplace_eb,M5_backoff2,-0.04991540292914384,-0.03830926806949149,0.5141065830721003,1.0,0.9714420062695924,0.9410031347962384,0.8692789968652038
0.5,439,1007,laplace,M1_global,-0.044177194525922725,-0.04009025705084905,0.4482758620689655,1.0,0.9668965517241379,0.939216300940439,0.8514420062695925
0.5,439,1007,laplace,M2_team,-0.06935321420524561,-0.05646542205145366,0.6332288401253918,1.0,0.9668965517241379,0.939216300940439,0.8514420062695925
0.5,439,1007,laplace,M4_intersection,-0.05660592428288863,-0.0636622719349906,0.5329153605015674,1.0,0.9668965517241379,0.939216300940439,0.8514420062695925
0.5,439,1007,laplace,M5_backoff2,-0.061115603450230295,-0.06469966074142336,0.5893416927899686,1.0,0.9668965517241379,0.939216300940439,0.8514420062695925
0.5,439,1007,laplace_eb,M1_global,-0.08877668717765136,-0.07070636249448065,0.6175548589341693,1.0,0.9668965517241379,0.939216300940439,0.8514420062695925
0.5,439,1007,laplace_eb,M2_team,-0.06580693502457911,-0.053307915042186606,0.5924764890282131,1.0,0.9668965517241379,0.939216300940439,0.8514420062695925
0.5,439,1007,laplace_eb,M4_intersection,-0.04869800891295122,-0.05086480160491967,0.47648902821316613,1.0,0.9668965517241379,0.939216300940439,0.8514420062695925
0.5,439,1007,laplace_eb,M5_backoff2,-0.058251273844589634,-0.05752682433606689,0.5329153605015674,1.0,0.9668965517241379,0.939216300940439,0.8514420062695925
0.5,439,1008,laplace,M1_global,-0.04594333200105306,-0.051012800451730116,0.44200626959247646,1.0,0.9653605015673983,0.9368025078369905,0.8711912225705328
0.5,439,1008,laplace,M2_team,-0.0660178415056867,-0.051056658119243516,0.5956112852664577,1.0,0.9653605015673983,0.9368025078369905,0.8711912225705328
0.5,439,1008,laplace,M4_intersection,-0.044800158590078354,-0.06667357949440755,0.5360501567398119,1.0,0.9653605015673983,0.9368025078369905,0.8711912225705328
0.5,439,1008,laplace,M5_backoff2,-0.047303028346322544,-0.06771838991993273,0.5799373040752351,1.0,0.9653605015673983,0.9368025078369905,0.8711912225705328
0.5,439,1008,laplace_eb,M1_global,-0.07721997789314548,-0.07102235726615104,0.6238244514106583,1.0,0.9653605015673983,0.9368025078369905,0.8711912225705328
0.5,439,1008,laplace_eb,M2_team,-0.06644766344499065,-0.049285089474486704,0.567398119122257,1.0,0.9653605015673983,0.9368025078369905,0.8711912225705328
0.5,439,1008,laplace_eb,M4_intersection,-0.041170670239248995,-0.05777561701950982,0.45141065830721006,1.0,0.9653605015673983,0.9368025078369905,0.8711912225705328
0.5,439,1008,laplace_eb,M5_backoff2,-0.043206227855716005,-0.06273264230045032,0.5172413793103449,1.0,0.9653605015673983,0.9368025078369905,0.8711912225705328
0.5,439,1009,laplace,M1_global,-0.051399561456845475,-0.046065458403112,0.42946708463949845,1.0,0.9731034482758619,0.9389341692789968,0.8761128526645768
0.5,439,1009,laplace,M2_team,-0.05915973294631441,-0.05324229565346876,0.5924764890282131,1.0,0.9731034482758619,0.9389341692789968,0.8761128526645768
0.5,439,1009,laplace,M4_intersection,-0.048559536404183666,-0.06142446987307557,0.5141065830721003,1.0,0.9731034482758619,0.9389341692789968,0.8761128526645768
0.5,439,1009,laplace,M5_backoff2,-0.05081560036465292,-0.06577729697698335,0.5579937304075235,1.0,0.9731034482758619,0.9389341692789968,0.8761128526645768
0.5,439,1009,laplace_eb,M1_global,-0.09621327798988752,-0.06406970798595572,0.6269592476489029,1.0,0.9731034482758619,0.9389341692789968,0.8761128526645768
0.5,439,1009,laplace_eb,M2_team,-0.050975196098552604,-0.045440139161381975,0.5768025078369906,1.0,0.9731034482758619,0.9389341692789968,0.8761128526645768
0.5,439,1009,laplace_eb,M4_intersection,-0.038754529094901576,-0.055289434228197536,0.44200626959247646,1.0,0.9731034482758619,0.9389341692789968,0.8761128526645768
0.5,439,1009,laplace_eb,M5_backoff2,-0.04777808023797681,-0.062010632646868596,0.4890282131661442,1.0,0.9731034482758619,0.9389341692789968,0.8761128526645768
0.75,658,1000,laplace,M1_global,-0.0533971180292693,-0.05524669148518374,0.44200626959247646,1.0,0.9810031347962382,0.9612539184952977,0.9137931034482759
0.75,658,1000,laplace,M2_team,-0.07035324588231158,-0.057160100172679626,0.6018808777429467,1.0,0.9810031347962382,0.9612539184952977,0.9137931034482759
0.75,658,1000,laplace,M4_intersection,-0.04733270003831125,-0.05906060319335483,0.5517241379310345,1.0,0.9810031347962382,0.9612539184952977,0.9137931034482759
0.75,658,1000,laplace,M5_backoff2,-0.04276224402097699,-0.05617757790888365,0.5799373040752351,1.0,0.9810031347962382,0.9612539184952977,0.9137931034482759
0.75,658,1000,laplace_eb,M1_global,-0.08701473564423363,-0.07166347267298863,0.6363636363636364,1.0,0.9810031347962382,0.9612539184952977,0.9137931034482759
0.75,658,1000,laplace_eb,M2_team,-0.07278745020024455,-0.050692853041950814,0.5642633228840125,1.0,0.9810031347962382,0.9612539184952977,0.9137931034482759
0.75,658,1000,laplace_eb,M4_intersection,-0.03547882149725872,-0.05159237541748812,0.47335423197492166,1.0,0.9810031347962382,0.9612539184952977,0.9137931034482759
0.75,658,1000,laplace_eb,M5_backoff2,-0.03910509007617971,-0.054522998420796054,0.5141065830721003,1.0,0.9810031347962382,0.9612539184952977,0.9137931034482759
0.75,658,1001,laplace,M1_global,-0.054698998499720076,-0.0507647692690075,0.4482758620689655,1.0,0.9801880877742947,0.9586833855799375,0.9183385579937303
0.75,658,1001,laplace,M2_team,-0.05424219702712047,-0.051382348782216494,0.6112852664576802,1.0,0.9801880877742947,0.9586833855799375,0.9183385579937303
0.75,658,1001,laplace,M4_intersection,-0.05526679825493161,-0.061791073659370685,0.567398119122257,1.0,0.9801880877742947,0.9586833855799375,0.9183385579937303
0.75,658,1001,laplace,M5_backoff2,-0.04848767811181403,-0.06366961552151318,0.5768025078369906,1.0,0.9801880877742947,0.9586833855799375,0.9183385579937303
0.75,658,1001,laplace_eb,M1_global,-0.08869495433185916,-0.06972942709175396,0.6175548589341693,1.0,0.9801880877742947,0.9586833855799375,0.9183385579937303
0.75,658,1001,laplace_eb,M2_team,-0.05297457455981488,-0.043654155908707165,0.5768025078369906,1.0,0.9801880877742947,0.9586833855799375,0.9183385579937303
0.75,658,1001,laplace_eb,M4_intersection,-0.046504986078294466,-0.0418909928268026,0.47335423197492166,1.0,0.9801880877742947,0.9586833855799375,0.9183385579937303
0.75,658,1001,laplace_eb,M5_backoff2,-0.05064802384441923,-0.042664940921490466,0.49843260188087773,1.0,0.9801880877742947,0.9586833855799375,0.9183385579937303
0.75,658,1002,laplace,M1_global,-0.05349427873858464,-0.0537218947115363,0.39184952978056425,1.0,0.9773040752351096,0.9551097178683385,0.9046081504702196
0.75,658,1002,laplace,M2_team,-0.07729138738729736,-0.06098295729548953,0.5987460815047022,1.0,0.9773040752351096,0.9551097178683385,0.9046081504702196
0.75,658,1002,laplace,M4_intersection,-0.0620530251074921,-0.06894113800742409,0.54858934169279,1.0,0.9773040752351096,0.9551097178683385,0.9046081504702196
0.75,658,1002,laplace,M5_backoff2,-0.056114355353258996,-0.06350088184903782,0.5611285266457681,1.0,0.9773040752351096,0.9551097178683385,0.9046081504702196
0.75,658,1002,laplace_eb,M1_global,-0.09610824040531364,-0.07182863546202549,0.6206896551724138,1.0,0.9773040752351096,0.9551097178683385,0.9046081504702196
0.75,658,1002,laplace_eb,M2_team,-0.07456165578998743,-0.05757004190761841,0.5454545454545454,1.0,0.9773040752351096,0.9551097178683385,0.9046081504702196
0.75,658,1002,laplace_eb,M4_intersection,-0.04925588290659612,-0.05956838590598031,0.44200626959247646,1.0,0.9773040752351096,0.9551097178683385,0.9046081504702196
0.75,658,1002,laplace_eb,M5_backoff2,-0.05356293415714954,-0.06115556987101755,0.4890282131661442,1.0,0.9773040752351096,0.9551097178683385,0.9046081504702196
0.75,658,1003,laplace,M1_global,-0.05027584760773892,-0.047093012910277864,0.4263322884012539,1.0,0.9786206896551725,0.9645768025078372,0.9123824451410658
0.75,658,1003,laplace,M2_team,-0.06775194916839136,-0.04807289696786097,0.6081504702194357,1.0,0.9786206896551725,0.9645768025078372,0.9123824451410658
0.75,658,1003,laplace,M4_intersection,-0.05584992929639114,-0.05967976909632967,0.542319749216301,1.0,0.9786206896551725,0.9645768025078372,0.9123824451410658
0.75,658,1003,laplace,M5_backoff2,-0.05315697528305099,-0.058821187731240614,0.5642633228840125,1.0,0.9786206896551725,0.9645768025078372,0.9123824451410658
0.75,658,1003,laplace_eb,M1_global,-0.08022046478050629,-0.06651057984948532,0.6332288401253918,1.0,0.9786206896551725,0.9645768025078372,0.9123824451410658
0.75,658,1003,laplace_eb,M2_team,-0.06172399744858562,-0.05008564076640389,0.5768025078369906,1.0,0.9786206896551725,0.9645768025078372,0.9123824451410658
0.75,658,1003,laplace_eb,M4_intersection,-0.04102956722008771,-0.04699653396412123,0.45141065830721006,1.0,0.9786206896551725,0.9645768025078372,0.9123824451410658
0.75,658,1003,laplace_eb,M5_backoff2,-0.05158996692972497,-0.049407705337649974,0.49216300940438873,1.0,0.9786206896551725,0.9645768025078372,0.9123824451410658
0.75,658,1004,laplace,M1_global,-0.057439761685914005,-0.057273629270377206,0.4231974921630094,1.0,0.9803134796238245,0.9589028213166142,0.9167398119122256
0.75,658,1004,laplace,M2_team,-0.07449568718157966,-0.0657733735339395,0.5830721003134797,1.0,0.9803134796238245,0.9589028213166142,0.9167398119122256
0.75,658,1004,laplace,M4_intersection,-0.058839014366409245,-0.06988415659221363,0.5579937304075235,1.0,0.9803134796238245,0.9589028213166142,0.9167398119122256
0.75,658,1004,laplace,M5_backoff2,-0.054227876123683204,-0.0696537692718745,0.5768025078369906,1.0,0.9803134796238245,0.9589028213166142,0.9167398119122256
0.75,658,1004,laplace_eb,M1_global,-0.10121085414178319,-0.08680247008613658,0.6175548589341693,1.0,0.9803134796238245,0.9589028213166142,0.9167398119122256
0.75,658,1004,laplace_eb,M2_team,-0.06622114330296607,-0.05844218328268177,0.554858934169279,1.0,0.9803134796238245,0.9589028213166142,0.9167398119122256
0.75,658,1004,laplace_eb,M4_intersection,-0.047144525769081985,-0.061503358582344174,0.4702194357366771,1.0,0.9803134796238245,0.9589028213166142,0.9167398119122256
0.75,658,1004,laplace_eb,M5_backoff2,-0.05115533294302169,-0.059661959359264674,0.49843260188087773,1.0,0.9803134796238245,0.9589028213166142,0.9167398119122256
0.75,658,1005,laplace,M1_global,-0.04898917961129948,-0.059119935506563574,0.3730407523510972,1.0,0.9777429467084641,0.9587774294670846,0.9105329153605016
0.75,658,1005,laplace,M2_team,-0.058519442918999444,-0.052863152376536666,0.5987460815047022,1.0,0.9777429467084641,0.9587774294670846,0.9105329153605016
0.75,658,1005,laplace,M4_intersection,-0.053571086248447156,-0.0679076440095154,0.542319749216301,1.0,0.9777429467084641,0.9587774294670846,0.9105329153605016
0.75,658,1005,laplace,M5_backoff2,-0.048292397646974995,-0.06408505786362113,0.5579937304075235,1.0,0.9777429467084641,0.9587774294670846,0.9105329153605016
0.75,658,1005,laplace_eb,M1_global,-0.09067045762948107,-0.07719406686419604,0.5830721003134797,1.0,0.9777429467084641,0.9587774294670846,0.9105329153605016
0.75,658,1005,laplace_eb,M2_team,-0.06258416515672842,-0.05018789795312015,0.5830721003134797,1.0,0.9777429467084641,0.9587774294670846,0.9105329153605016
0.75,658,1005,laplace_eb,M4_intersection,-0.043118582565489234,-0.04785680705477078,0.46394984326018807,1.0,0.9777429467084641,0.9587774294670846,0.9105329153605016
0.75,658,1005,laplace_eb,M5_backoff2,-0.04837622639480803,-0.0507896493034303,0.4827586206896552,1.0,0.9777429467084641,0.9587774294670846,0.9105329153605016
0.75,658,1006,laplace,M1_global,-0.051322243208515236,-0.053475001108683765,0.3981191222570533,1.0,0.9803761755485894,0.9561128526645768,0.909373040752351
0.75,658,1006,laplace,M2_team,-0.06397711977269209,-0.04806355095021777,0.6050156739811913,1.0,0.9803761755485894,0.9561128526645768,0.909373040752351
0.75,658,1006,laplace,M4_intersection,-0.05577370376095503,-0.06170657150984558,0.554858934169279,1.0,0.9803761755485894,0.9561128526645768,0.909373040752351
0.75,658,1006,laplace,M5_backoff2,-0.05000356457496885,-0.067599820352647,0.5642633228840125,1.0,0.9803761755485894,0.9561128526645768,0.909373040752351
0.75,658,1006,laplace_eb,M1_global,-0.08602154092588768,-0.06846716976651578,0.6112852664576802,1.0,0.9803761755485894,0.9561128526645768,0.909373040752351
0.75,658,1006,laplace_eb,M2_team,-0.06750989335130748,-0.04741786980890555,0.554858934169279,1.0,0.9803761755485894,0.9561128526645768,0.909373040752351
0.75,658,1006,laplace_eb,M4_intersection,-0.04636563165668036,-0.04666437232008548,0.45768025078369906,1.0,0.9803761755485894,0.9561128526645768,0.909373040752351
0.75,658,1006,laplace_eb,M5_backoff2,-0.05350647389094658,-0.047521437877397925,0.4827586206896552,1.0,0.9803761755485894,0.9561128526645768,0.909373040752351
0.75,658,1007,laplace,M1_global,-0.05768522499917443,-0.05682018109623541,0.43573667711598746,1.0,0.978871473354232,0.961065830721003,0.9177429467084641
0.75,658,1007,laplace,M2_team,-0.06847569525101715,-0.04899026514220761,0.5924764890282131,1.0,0.978871473354232,0.961065830721003,0.9177429467084641
0.75,658,1007,laplace,M4_intersection,-0.05251803299336224,-0.06728624204483152,0.54858934169279,1.0,0.978871473354232,0.961065830721003,0.9177429467084641
0.75,658,1007,laplace,M5_backoff2,-0.04802110925503659,-0.06839188569018086,0.542319749216301,1.0,0.978871473354232,0.961065830721003,0.9177429467084641
0.75,658,1007,laplace_eb,M1_global,-0.0966336690356552,-0.07325189591014647,0.6144200626959248,1.0,0.978871473354232,0.961065830721003,0.9177429467084641
0.75,658,1007,laplace_eb,M2_team,-0.06874158332667381,-0.05005997704301134,0.554858934169279,1.0,0.978871473354232,0.961065830721003,0.9177429467084641
0.75,658,1007,laplace_eb,M4_intersection,-0.03800204063424122,-0.0567795423131004,0.438871473354232,1.0,0.978871473354232,0.961065830721003,0.9177429467084641
0.75,658,1007,laplace_eb,M5_backoff2,-0.04746250993919597,-0.055714979067117816,0.4670846394984326,1.0,0.978871473354232,0.961065830721003,0.9177429467084641
0.75,658,1008,laplace,M1_global,-0.05543433439255135,-0.050756566810383694,0.438871473354232,1.0,0.9804388714733542,0.9652978056426332,0.9216614420062695
0.75,658,1008,laplace,M2_team,-0.07529415889733637,-0.05360288619060875,0.5862068965517241,1.0,0.9804388714733542,0.9652978056426332,0.9216614420062695
0.75,658,1008,laplace,M4_intersection,-0.06087039790603808,-0.06705114427591939,0.5579937304075235,1.0,0.9804388714733542,0.9652978056426332,0.9216614420062695
0.75,658,1008,laplace,M5_backoff2,-0.0557439079315498,-0.06428063854715294,0.567398119122257,1.0,0.9804388714733542,0.9652978056426332,0.9216614420062695
0.75,658,1008,laplace_eb,M1_global,-0.07744968055417545,-0.0651877477624947,0.6018808777429467,1.0,0.9804388714733542,0.9652978056426332,0.9216614420062695
0.75,658,1008,laplace_eb,M2_team,-0.07492454218032965,-0.05061956749627583,0.5454545454545454,1.0,0.9804388714733542,0.9652978056426332,0.9216614420062695
0.75,658,1008,laplace_eb,M4_intersection,-0.04836786088758502,-0.0439458537998618,0.4670846394984326,1.0,0.9804388714733542,0.9652978056426332,0.9216614420062695
0.75,658,1008,laplace_eb,M5_backoff2,-0.05150706121306808,-0.04779712365338795,0.49216300940438873,1.0,0.9804388714733542,0.9652978056426332,0.9216614420062695
0.75,658,1009,laplace,M1_global,-0.04556484428178928,-0.04459473009580355,0.4482758620689655,1.0,0.9808777429467084,0.9626332288401255,0.9161128526645769
0.75,658,1009,laplace,M2_team,-0.06541296995031796,-0.05694759410563681,0.5893416927899686,1.0,0.9808777429467084,0.9626332288401255,0.9161128526645769
0.75,658,1009,laplace,M4_intersection,-0.05434129486403495,-0.04560317566215431,0.5517241379310345,1.0,0.9808777429467084,0.9626332288401255,0.9161128526645769
0.75,658,1009,laplace,M5_backoff2,-0.04620075731488604,-0.041807891012732884,0.554858934169279,1.0,0.9808777429467084,0.9626332288401255,0.9161128526645769
0.75,658,1009,laplace_eb,M1_global,-0.08015991832628892,-0.06238766140698639,0.6175548589341693,1.0,0.9808777429467084,0.9626332288401255,0.9161128526645769
0.75,658,1009,laplace_eb,M2_team,-0.06382492468415009,-0.044744468641505344,0.5611285266457681,1.0,0.9808777429467084,0.9626332288401255,0.9161128526645769
0.75,658,1009,laplace_eb,M4_intersection,-0.02593370402074159,-0.035753438652122285,0.45454545454545453,1.0,0.9808777429467084,0.9626332288401255,0.9161128526645769
0.75,658,1009,laplace_eb,M5_backoff2,-0.026604472317945993,-0.03755630613494443,0.47648902821316613,1.0,0.9808777429467084,0.9626332288401255,0.9161128526645769
1.0,878,1000,laplace,M1_global,-0.05366657437248663,-0.052031096713296296,0.40752351097178685,1.0,0.9831034482758622,0.9697492163009404,0.9318808777429468
1.0,878,1000,laplace,M2_team,-0.07404151069566747,-0.05604283100572126,0.5924764890282131,1.0,0.9831034482758622,0.9697492163009404,0.9318808777429468
1.0,878,1000,laplace,M4_intersection,-0.05999795607872144,-0.06564575200170558,0.5642633228840125,1.0,0.9831034482758622,0.9697492163009404,0.9318808777429468
1.0,878,1000,laplace,M5_backoff2,-0.04734813121839377,-0.06249992867061711,0.5642633228840125,1.0,0.9831034482758622,0.9697492163009404,0.9318808777429468
1.0,878,1000,laplace_eb,M1_global,-0.09259146766088973,-0.07392142974657699,0.6144200626959248,1.0,0.9831034482758622,0.9697492163009404,0.9318808777429468
1.0,878,1000,laplace_eb,M2_team,-0.07446185355789983,-0.05207819423892281,0.5517241379310345,1.0,0.9831034482758622,0.9697492163009404,0.9318808777429468
1.0,878,1000,laplace_eb,M4_intersection,-0.046297758829350756,-0.058181003623621594,0.45454545454545453,1.0,0.9831034482758622,0.9697492163009404,0.9318808777429468
1.0,878,1000,laplace_eb,M5_backoff2,-0.048870433589040675,-0.05921097618285391,0.4827586206896552,1.0,0.9831034482758622,0.9697492163009404,0.9318808777429468
1.0,878,1001,laplace,M1_global,-0.05366657437248663,-0.052031096713296296,0.40752351097178685,1.0,0.9831034482758622,0.9697492163009404,0.9318808777429468
1.0,878,1001,laplace,M2_team,-0.07404151069566747,-0.05604283100572126,0.5924764890282131,1.0,0.9831034482758622,0.9697492163009404,0.9318808777429468
1.0,878,1001,laplace,M4_intersection,-0.05999795607872144,-0.06564575200170558,0.5642633228840125,1.0,0.9831034482758622,0.9697492163009404,0.9318808777429468
1.0,878,1001,laplace,M5_backoff2,-0.04734813121839377,-0.06249992867061711,0.5642633228840125,1.0,0.9831034482758622,0.9697492163009404,0.9318808777429468
1.0,878,1001,laplace_eb,M1_global,-0.09259146766088973,-0.07392142974657699,0.6144200626959248,1.0,0.9831034482758622,0.9697492163009404,0.9318808777429468
1.0,878,1001,laplace_eb,M2_team,-0.07446185355789983,-0.05207819423892281,0.5517241379310345,1.0,0.9831034482758622,0.9697492163009404,0.9318808777429468
1.0,878,1001,laplace_eb,M4_intersection,-0.046297758829350756,-0.058181003623621594,0.45454545454545453,1.0,0.9831034482758622,0.9697492163009404,0.9318808777429468
1.0,878,1001,laplace_eb,M5_backoff2,-0.048870433589040675,-0.05921097618285391,0.4827586206896552,1.0,0.9831034482758622,0.9697492163009404,0.9318808777429468
1.0,878,1002,laplace,M1_global,-0.05366657437248663,-0.052031096713296296,0.40752351097178685,1.0,0.9831034482758622,0.9697492163009404,0.9318808777429468
1.0,878,1002,laplace,M2_team,-0.07404151069566747,-0.05604283100572126,0.5924764890282131,1.0,0.9831034482758622,0.9697492163009404,0.9318808777429468
1.0,878,1002,laplace,M4_intersection,-0.05999795607872144,-0.06564575200170558,0.5642633228840125,1.0,0.9831034482758622,0.9697492163009404,0.9318808777429468
1.0,878,1002,laplace,M5_backoff2,-0.04734813121839377,-0.06249992867061711,0.5642633228840125,1.0,0.9831034482758622,0.9697492163009404,0.9318808777429468
1.0,878,1002,laplace_eb,M1_global,-0.09259146766088973,-0.07392142974657699,0.6144200626959248,1.0,0.9831034482758622,0.9697492163009404,0.9318808777429468
1.0,878,1002,laplace_eb,M2_team,-0.07446185355789983,-0.05207819423892281,0.5517241379310345,1.0,0.9831034482758622,0.9697492163009404,0.9318808777429468
1.0,878,1002,laplace_eb,M4_intersection,-0.046297758829350756,-0.058181003623621594,0.45454545454545453,1.0,0.9831034482758622,0.9697492163009404,0.9318808777429468
1.0,878,1002,laplace_eb,M5_backoff2,-0.048870433589040675,-0.05921097618285391,0.4827586206896552,1.0,0.9831034482758622,0.9697492163009404,0.9318808777429468
1.0,878,1003,laplace,M1_global,-0.05366657437248663,-0.052031096713296296,0.40752351097178685,1.0,0.9831034482758622,0.9697492163009404,0.9318808777429468
1.0,878,1003,laplace,M2_team,-0.07404151069566747,-0.05604283100572126,0.5924764890282131,1.0,0.9831034482758622,0.9697492163009404,0.9318808777429468
1.0,878,1003,laplace,M4_intersection,-0.05999795607872144,-0.06564575200170558,0.5642633228840125,1.0,0.9831034482758622,0.9697492163009404,0.9318808777429468
1.0,878,1003,laplace,M5_backoff2,-0.04734813121839377,-0.06249992867061711,0.5642633228840125,1.0,0.9831034482758622,0.9697492163009404,0.9318808777429468
1.0,878,1003,laplace_eb,M1_global,-0.09259146766088973,-0.07392142974657699,0.6144200626959248,1.0,0.9831034482758622,0.9697492163009404,0.9318808777429468
1.0,878,1003,laplace_eb,M2_team,-0.07446185355789983,-0.05207819423892281,0.5517241379310345,1.0,0.9831034482758622,0.9697492163009404,0.9318808777429468
1.0,878,1003,laplace_eb,M4_intersection,-0.046297758829350756,-0.058181003623621594,0.45454545454545453,1.0,0.9831034482758622,0.9697492163009404,0.9318808777429468
1.0,878,1003,laplace_eb,M5_backoff2,-0.048870433589040675,-0.05921097618285391,0.4827586206896552,1.0,0.9831034482758622,0.9697492163009404,0.9318808777429468
1.0,878,1004,laplace,M1_global,-0.05366657437248663,-0.052031096713296296,0.40752351097178685,1.0,0.9831034482758622,0.9697492163009404,0.9318808777429468
1.0,878,1004,laplace,M2_team,-0.07404151069566747,-0.05604283100572126,0.5924764890282131,1.0,0.9831034482758622,0.9697492163009404,0.9318808777429468
1.0,878,1004,laplace,M4_intersection,-0.05999795607872144,-0.06564575200170558,0.5642633228840125,1.0,0.9831034482758622,0.9697492163009404,0.9318808777429468
1.0,878,1004,laplace,M5_backoff2,-0.04734813121839377,-0.06249992867061711,0.5642633228840125,1.0,0.9831034482758622,0.9697492163009404,0.9318808777429468
1.0,878,1004,laplace_eb,M1_global,-0.09259146766088973,-0.07392142974657699,0.6144200626959248,1.0,0.9831034482758622,0.9697492163009404,0.9318808777429468
1.0,878,1004,laplace_eb,M2_team,-0.07446185355789983,-0.05207819423892281,0.5517241379310345,1.0,0.9831034482758622,0.9697492163009404,0.9318808777429468
1.0,878,1004,laplace_eb,M4_intersection,-0.046297758829350756,-0.058181003623621594,0.45454545454545453,1.0,0.9831034482758622,0.9697492163009404,0.9318808777429468
1.0,878,1004,laplace_eb,M5_backoff2,-0.048870433589040675,-0.05921097618285391,0.4827586206896552,1.0,0.9831034482758622,0.9697492163009404,0.9318808777429468
1.0,878,1005,laplace,M1_global,-0.05366657437248663,-0.052031096713296296,0.40752351097178685,1.0,0.9831034482758622,0.9697492163009404,0.9318808777429468
1.0,878,1005,laplace,M2_team,-0.07404151069566747,-0.05604283100572126,0.5924764890282131,1.0,0.9831034482758622,0.9697492163009404,0.9318808777429468
1.0,878,1005,laplace,M4_intersection,-0.05999795607872144,-0.06564575200170558,0.5642633228840125,1.0,0.9831034482758622,0.9697492163009404,0.9318808777429468
1.0,878,1005,laplace,M5_backoff2,-0.04734813121839377,-0.06249992867061711,0.5642633228840125,1.0,0.9831034482758622,0.9697492163009404,0.9318808777429468
1.0,878,1005,laplace_eb,M1_global,-0.09259146766088973,-0.07392142974657699,0.6144200626959248,1.0,0.9831034482758622,0.9697492163009404,0.9318808777429468
1.0,878,1005,laplace_eb,M2_team,-0.07446185355789983,-0.05207819423892281,0.5517241379310345,1.0,0.9831034482758622,0.9697492163009404,0.9318808777429468
1.0,878,1005,laplace_eb,M4_intersection,-0.046297758829350756,-0.058181003623621594,0.45454545454545453,1.0,0.9831034482758622,0.9697492163009404,0.9318808777429468
1.0,878,1005,laplace_eb,M5_backoff2,-0.048870433589040675,-0.05921097618285391,0.4827586206896552,1.0,0.9831034482758622,0.9697492163009404,0.9318808777429468
1.0,878,1006,laplace,M1_global,-0.05366657437248663,-0.052031096713296296,0.40752351097178685,1.0,0.9831034482758622,0.9697492163009404,0.9318808777429468
1.0,878,1006,laplace,M2_team,-0.07404151069566747,-0.05604283100572126,0.5924764890282131,1.0,0.9831034482758622,0.9697492163009404,0.9318808777429468
1.0,878,1006,laplace,M4_intersection,-0.05999795607872144,-0.06564575200170558,0.5642633228840125,1.0,0.9831034482758622,0.9697492163009404,0.9318808777429468
1.0,878,1006,laplace,M5_backoff2,-0.04734813121839377,-0.06249992867061711,0.5642633228840125,1.0,0.9831034482758622,0.9697492163009404,0.9318808777429468
1.0,878,1006,laplace_eb,M1_global,-0.09259146766088973,-0.07392142974657699,0.6144200626959248,1.0,0.9831034482758622,0.9697492163009404,0.9318808777429468
1.0,878,1006,laplace_eb,M2_team,-0.07446185355789983,-0.05207819423892281,0.5517241379310345,1.0,0.9831034482758622,0.9697492163009404,0.9318808777429468
1.0,878,1006,laplace_eb,M4_intersection,-0.046297758829350756,-0.058181003623621594,0.45454545454545453,1.0,0.9831034482758622,0.9697492163009404,0.9318808777429468
1.0,878,1006,laplace_eb,M5_backoff2,-0.048870433589040675,-0.05921097618285391,0.4827586206896552,1.0,0.9831034482758622,0.9697492163009404,0.9318808777429468
1.0,878,1007,laplace,M1_global,-0.05366657437248663,-0.052031096713296296,0.40752351097178685,1.0,0.9831034482758622,0.9697492163009404,0.9318808777429468
1.0,878,1007,laplace,M2_team,-0.07404151069566747,-0.05604283100572126,0.5924764890282131,1.0,0.9831034482758622,0.9697492163009404,0.9318808777429468
1.0,878,1007,laplace,M4_intersection,-0.05999795607872144,-0.06564575200170558,0.5642633228840125,1.0,0.9831034482758622,0.9697492163009404,0.9318808777429468
1.0,878,1007,laplace,M5_backoff2,-0.04734813121839377,-0.06249992867061711,0.5642633228840125,1.0,0.9831034482758622,0.9697492163009404,0.9318808777429468
1.0,878,1007,laplace_eb,M1_global,-0.09259146766088973,-0.07392142974657699,0.6144200626959248,1.0,0.9831034482758622,0.9697492163009404,0.9318808777429468
1.0,878,1007,laplace_eb,M2_team,-0.07446185355789983,-0.05207819423892281,0.5517241379310345,1.0,0.9831034482758622,0.9697492163009404,0.9318808777429468
1.0,878,1007,laplace_eb,M4_intersection,-0.046297758829350756,-0.058181003623621594,0.45454545454545453,1.0,0.9831034482758622,0.9697492163009404,0.9318808777429468
1.0,878,1007,laplace_eb,M5_backoff2,-0.048870433589040675,-0.05921097618285391,0.4827586206896552,1.0,0.9831034482758622,0.9697492163009404,0.9318808777429468
1.0,878,1008,laplace,M1_global,-0.05366657437248663,-0.052031096713296296,0.40752351097178685,1.0,0.9831034482758622,0.9697492163009404,0.9318808777429468
1.0,878,1008,laplace,M2_team,-0.07404151069566747,-0.05604283100572126,0.5924764890282131,1.0,0.9831034482758622,0.9697492163009404,0.9318808777429468
1.0,878,1008,laplace,M4_intersection,-0.05999795607872144,-0.06564575200170558,0.5642633228840125,1.0,0.9831034482758622,0.9697492163009404,0.9318808777429468
1.0,878,1008,laplace,M5_backoff2,-0.04734813121839377,-0.06249992867061711,0.5642633228840125,1.0,0.9831034482758622,0.9697492163009404,0.9318808777429468
1.0,878,1008,laplace_eb,M1_global,-0.09259146766088973,-0.07392142974657699,0.6144200626959248,1.0,0.9831034482758622,0.9697492163009404,0.9318808777429468
1.0,878,1008,laplace_eb,M2_team,-0.07446185355789983,-0.05207819423892281,0.5517241379310345,1.0,0.9831034482758622,0.9697492163009404,0.9318808777429468
1.0,878,1008,laplace_eb,M4_intersection,-0.046297758829350756,-0.058181003623621594,0.45454545454545453,1.0,0.9831034482758622,0.9697492163009404,0.9318808777429468
1.0,878,1008,laplace_eb,M5_backoff2,-0.048870433589040675,-0.05921097618285391,0.4827586206896552,1.0,0.9831034482758622,0.9697492163009404,0.9318808777429468
1.0,878,1009,laplace,M1_global,-0.05366657437248663,-0.052031096713296296,0.40752351097178685,1.0,0.9831034482758622,0.9697492163009404,0.9318808777429468
1.0,878,1009,laplace,M2_team,-0.07404151069566747,-0.05604283100572126,0.5924764890282131,1.0,0.9831034482758622,0.9697492163009404,0.9318808777429468
1.0,878,1009,laplace,M4_intersection,-0.05999795607872144,-0.06564575200170558,0.5642633228840125,1.0,0.9831034482758622,0.9697492163009404,0.9318808777429468
1.0,878,1009,laplace,M5_backoff2,-0.04734813121839377,-0.06249992867061711,0.5642633228840125,1.0,0.9831034482758622,0.9697492163009404,0.9318808777429468
1.0,878,1009,laplace_eb,M1_global,-0.09259146766088973,-0.07392142974657699,0.6144200626959248,1.0,0.9831034482758622,0.9697492163009404,0.9318808777429468
1.0,878,1009,laplace_eb,M2_team,-0.07446185355789983,-0.05207819423892281,0.5517241379310345,1.0,0.9831034482758622,0.9697492163009404,0.9318808777429468
1.0,878,1009,laplace_eb,M4_intersection,-0.046297758829350756,-0.058181003623621594,0.45454545454545453,1.0,0.9831034482758622,0.9697492163009404,0.9318808777429468
1.0,878,1009,laplace_eb,M5_backoff2,-0.048870433589040675,-0.05921097618285391,0.4827586206896552,1.0,0.9831034482758622,0.9697492163009404,0.9318808777429468
