seq_id,title,team,intent_class,request_type,is_form_reply,reply_len,desc_len,top1_faiss,top2_faiss,top5_mean,top5_min,top5_max,retrieval_margin,retrieval_spread,top1_team,top1_class,top5_teams,top5_classes
R-1,Access to BancoBPM VPN from GFT VPN,(GI-UX) Group,vpn_access,Service request,1,1116,80,0.842183530330658,0.7925077676773071,0.7699951529502869,0.7273752689361572,0.842183530330658,0.04967576265335083,0.11480826139450073,(GI-UX) Group,vpn_access,"(GI-UX) Group|(GI-UX) Network Access|(GI-UX) Network Access|(GI-IaaS) Network Cloud (Azure, Remote Access)|(GI-UX) Network Access",vpn_access|vpn_access|vpn_access|other|vpn_access
R-10,Problem with password of access Windows,(GI-UX) Group,software_support,Service request,1,422,353,0.7272046208381653,0.7038938999176025,0.6739996075630188,0.6371409296989441,0.7272046208381653,0.023310720920562744,0.09006369113922119,(GI-UX) Group,software_support,(GI-UX) Group|(GI-UX) File & Print|(GI-UX) Group|(GI-UX) Group|(GI-UX) Group,software_support|other|software_support|password_reset|password_reset
R-1000,Gft Italia_new_entry_20240617_774321_Ferri [Ticket to manage device assignments],(GI-UX) File & Print,onboarding,Service request,0,127,693,0.9864957928657532,0.9861676692962646,0.9857603907585144,0.9851669073104858,0.9864957928657532,0.0003281235694885254,0.001328885555267334,(GI-UX) File & Print,onboarding,(GI-UX) File & Print|(GI-UX) File & Print|(GI-UX) File & Print|(GI-UX) File & Print|(GI-UX) File & Print,onboarding|onboarding|onboarding|onboarding|onboarding
R-1001,Gft Italia_new_entry_20240617_815672_Serra,(GI-UX) Account Management,onboarding,Service request,1,1176,694,0.9870437383651733,0.9868594408035278,0.9862410426139832,0.9852969646453857,0.9870437383651733,0.0001842975616455078,0.0017467737197875977,(GI-UX) Account Management,onboarding,(GI-UX) Account Management|(GI-UX) Account Management|(GI-UX) Account Management|(GI-UX) Account Management|(GI-UX) Account Management,onboarding|onboarding|onboarding|onboarding|onboarding
R-1005,Gft Italia_new_entry_20240617_972340_Certano (ex external),(GI-UX) Account Management,onboarding,Service request,1,1515,730,0.9789108633995056,0.9777414202690125,0.9775600433349609,0.9765298366546631,0.9789108633995056,0.001169443130493164,0.0023810267448425293,(GI-UX) Account Management,onboarding,(GI-UX) Account Management|(GI-UX) Account Management|(GI-UX) Account Management|(GI-UX) Account Management|(GI-UX) Account Management,onboarding|onboarding|onboarding|onboarding|onboarding
R-101,screen saver,(GI-UX) Group,hardware_support,Incident,1,232,134,0.3840170204639435,0.36132803559303284,0.34825897216796875,0.3275113105773926,0.3840170204639435,0.022688984870910645,0.0565057098865509,(GI-UX) Group,software_license,(GI-UX) Group|(GI-UX) Group|(GI-CF) Robot Process Automation|(GI-UX) Group|(GI-UX) Network Access,software_license|password_reset|admin_rights|hardware_support|vpn_access
R-1011,Network authorization for new colleagues,"(GI-IaaS) Network Cloud (Azure, Remote Access)",vpn_access,Service request,1,1110,220,0.941399872303009,0.7039318084716797,0.6624485850334167,0.5326151251792908,0.941399872303009,0.23746806383132935,0.40878474712371826,"(GI-IaaS) Network Cloud (Azure, Remote Access)",vpn_access,"(GI-IaaS) Network Cloud (Azure, Remote Access)|(GI-UX) Network Access|(GI-UX) Network Access|(GI-IaaS) Development Platform|(GI-UX) Account Management",vpn_access|vpn_access|vpn_access|other|collaboration
R-1012,Salescloud active users report,(GI-SaaS) Salesforce,other,Service request,0,66,155,0.9484521150588989,0.9174054861068726,0.6315425634384155,0.3525717854499817,0.9484521150588989,0.031046628952026367,0.5958803296089172,(GI-SaaS) Salesforce,other,(GI-SaaS) Salesforce|(GI-SaaS) Salesforce|(GI-SaaS) Salesforce|(GI-SaaS) Salesforce|(GI-UX) Account Management,other|other|other|other|collaboration
R-1013,Gft Italia_new_entry_20240624_815683_Smith [Ticket to manage device assignments],(GI-UX) File & Print,onboarding,Service request,0,127,721,0.9761976003646851,0.9717811942100525,0.9724718332290649,0.9712197780609131,0.9761976003646851,0.004416406154632568,0.004977822303771973,(GI-UX) Group,onboarding,(GI-UX) Group|(GI-UX) File & Print|(GI-UX) File & Print|(GI-UX) File & Print|(GI-UX) File & Print,onboarding|onboarding|onboarding|onboarding|onboarding
R-1015,I need to access a Santorini server through SFTP,"(GI-IaaS) Network On-Prem (LAN,WLAN,WAN 2nd level)",vpn_access,Service request,1,1111,223,0.546313464641571,0.5446195006370544,0.46998801827430725,0.3991256654262543,0.546313464641571,0.0016939640045166016,0.14718779921531677,"(GI-IaaS) Network On-Prem (LAN,WLAN,WAN 2nd level)",vpn_access,"(GI-IaaS) Network On-Prem (LAN,WLAN,WAN 2nd level)|(GI-IaaS) Network Cloud (Azure, Remote Access)|(GI-IaaS) Network Cloud (Azure, Remote Access)|(GI-IaaS) Development Platform|(GI-UX) Network Access",vpn_access|vpn_access|other|other|vpn_access
R-1017,I can't access Jira,(GI-IaaS) Development Platform,other,Service request,0,1249,172,0.8010159730911255,0.7603980302810669,0.7517431974411011,0.728002667427063,0.8010159730911255,0.040617942810058594,0.0730133056640625,(GI-SM) Service Desk,other,(GI-SM) Service Desk|(GI-IaaS) Development Platform|(GI-UX) Network Access|(GI-UX) File & Print|(GI-UX) File & Print,other|software_license|other|access_problem|access_problem
R-1018,Gft Italia_new_entry_20240624_548239_Singhe Kumarasinghe [Ticket to manage devic,(GI-UX) File & Print,onboarding,Service request,0,127,739,0.9414817690849304,0.9384061098098755,0.9382947087287903,0.9368739128112793,0.9414817690849304,0.0030756592750549316,0.004607856273651123,(GI-UX) Account Management,onboarding,(GI-UX) Account Management|(GI-UX) Group|(GI-UX) File & Print|(GI-UX) Group|(GI-UX) File & Print,onboarding|onboarding|onboarding|onboarding|onboarding
R-102,Old static config. on Ita Edge Switches removal,"(GI-IaaS) Network On-Prem (LAN,WLAN,WAN 2nd level)",other,Service request,0,112,772,0.35883742570877075,0.35182830691337585,0.3422127366065979,0.33284467458724976,0.35883742570877075,0.0070091187953948975,0.025992751121520996,(GI-SM) PMS,other,(GI-SM) PMS|(GI-IaaS) Backend Application Srv. & Project Support|(GI-IaaS) Backend Application Srv. & Project Support|(GI-UX) Group|(GI-SaaS) Salesforce,other|offboarding|offboarding|onboarding|other
R-1022,I cannot connect to VPN PQR,(GI-UX) Windows,software_support,Service request,1,422,115,0.6688774228096008,0.649601399898529,0.6237193942070007,0.5860762000083923,0.6688774228096008,0.019276022911071777,0.0828012228012085,(GI-UX) Network Access,software_support,(GI-UX) Network Access|(GI-UX) Group|(GI-UX) File & Print|(GI-UX) Group|(GI-UX) Network Access,software_support|software_support|other|software_support|other
R-1025,European onboarding,(GI-UX) Account Management,collaboration,Service request,1,2032,411,0.99057936668396,0.9895209670066833,0.9127660989761353,0.6664037704467773,0.99057936668396,0.0010583996772766113,0.3241755962371826,(GI-UX) Account Management,collaboration,(GI-UX) Account Management|(GI-UX) Account Management|(GI-UX) Account Management|(GI-UX) Account Management|(GI-UX) Account Management,collaboration|collaboration|collaboration|collaboration|collaboration
R-1027,gft_italia_new_entry_20240604_527398_TURRINI,(GI-UX) Account Management,onboarding,Service request,1,1167,509,0.9755610823631287,0.9621560573577881,0.9633455276489258,0.9583253860473633,0.9755610823631287,0.013405025005340576,0.01723569631576538,(GI-UX) Account Management,onboarding,(GI-UX) Account Management|(GI-UX) Account Management|(GI-UX) Account Management|(GI-UX) Account Management|(GI-UX) Group,onboarding|onboarding|onboarding|onboarding|onboarding
R-1028,Administrator rights to install software on my new pc,(GI-CF) Robot Process Automation,admin_rights,Service request,1,4674,97,0.8511726260185242,0.8462202548980713,0.8332757949829102,0.8155391216278076,0.8511726260185242,0.004952371120452881,0.03563350439071655,(GI-UX) Windows,other,(GI-UX) Windows|(GI-UX) Group|(GI-UX) Windows|(GI-CF) Robot Process Automation|(GI-CF) Robot Process Automation,other|admin_rights|admin_rights|admin_rights|admin_rights
R-1030,I can no longer access XFT VPN,(GI-UX) Group,software_support,Service request,1,428,62,0.7198173403739929,0.6477605104446411,0.6460018157958984,0.6061311960220337,0.7198173403739929,0.0720568299293518,0.11368614435195923,(GI-UX) Network Access,other,(GI-UX) Network Access|(GI-UX) Windows|(GI-UX) Network Access|(GI-UX) Network Access|(GI-UX) Group,other|software_support|vpn_access|vpn_access|other
R-1031,Not accessible links,"(GI-SaaS) Marketing, Communications & Web",other,Service request,0,141,369,0.565631628036499,0.4782045781612396,0.48178356885910034,0.4369460940361023,0.565631628036499,0.0874270498752594,0.12868553400039673,(GI-UX) Network Access,vpn_access,(GI-UX) Network Access|(GI-UX) Network Access|(GI-UX) Group|(GI-IaaS) Development Platform|(GI-SM) Service Desk,vpn_access|vpn_access|vpn_access|other|other
R-1034,missed invoice from Isaac to Apex Systems,(GI-SaaS) Salesforce,other,Incident,1,495,115,0.6243112087249756,0.576321005821228,0.5439506769180298,0.4975901246070862,0.6243112087249756,0.04799020290374756,0.1267210841178894,(GI-SaaS) SAP & Synertrade,other,(GI-SaaS) SAP & Synertrade|(GI-SaaS) SAP & Synertrade|(GI-SaaS) SAP & Synertrade|(GI-SaaS) Salesforce|(GI-SaaS) SAP & Synertrade,other|other|other|other|other
R-1037,gft_italia_new_entry_20240604_546788_LOMBARDO [Ticket to manage device assignmen,(GI-UX) Group,onboarding,Service request,0,139,494,0.9822306632995605,0.9805178642272949,0.9797207117080688,0.9777050018310547,0.9822306632995605,0.001712799072265625,0.004525661468505859,(GI-UX) File & Print,onboarding,(GI-UX) File & Print|(GI-UX) File & Print|(GI-UX) File & Print|(GI-UX) File & Print|(GI-UX) Group,onboarding|onboarding|onboarding|onboarding|onboarding
R-104,Virtual Machine (Pulse secure) doesn't work,(GI-UX) File & Print,software_support,Service request,1,422,152,0.46886396408081055,0.45263808965682983,0.4354458749294281,0.40510794520378113,0.46886396408081055,0.016225874423980713,0.06375601887702942,(GI-UX) Group,software_license,(GI-UX) Group|(GI-UX) File & Print|(GI-UX) File & Print|(GI-UX) Group|(GI-UX) Group,software_license|hardware_support|software_support|hardware_support|software_license
R-1041,INFOCERT - Digital signature for OSCARO,(GI-IaaS) Admin - Local IT purchase,other,Service request,0,110,477,0.5966393947601318,0.5816342830657959,0.5465520024299622,0.4885695278644562,0.5966393947601318,0.015005111694335938,0.10806986689567566,(GI-IaaS) Admin - Local IT purchase,other,(GI-IaaS) Admin - Local IT purchase|(GI-IaaS) Admin - Local IT purchase|(GI-IaaS) Admin - Local IT purchase|(LF) IT Office Access Italy|(GI-IaaS) Admin - Local IT purchase,other|other|other|office_access|other
R-1044,Connect an existing vendor,(GI-SaaS) SAP & Synertrade,enterprise_systems,Service request,1,301,148,0.9221400022506714,0.9131467938423157,0.8909799456596375,0.8694947957992554,0.9221400022506714,0.008993208408355713,0.052645206451416016,(GI-SaaS) SAP & Synertrade,enterprise_systems,(GI-SaaS) SAP & Synertrade|(GI-SaaS) SAP & Synertrade|(GI-SaaS) SAP & Synertrade|(GI-SaaS) SAP & Synertrade|(GI-SaaS) SAP & Synertrade,enterprise_systems|enterprise_systems|enterprise_systems|enterprise_systems|enterprise_systems
R-1045,Admin rights,(GI-UX) Group,admin_rights,Service request,1,4844,56,0.9631629586219788,0.775272011756897,0.7910823225975037,0.7208022475242615,0.9631629586219788,0.1878909468650818,0.24236071109771729,(GI-CF) Robot Process Automation,admin_rights,(GI-CF) Robot Process Automation|(GI-UX) Group|(GI-UX) File & Print|(GI-CF) Robot Process Automation|(GI-CF) Robot Process Automation,admin_rights|software_license|software_support|admin_rights|admin_rights
R-1046,"I need to install VPN client software ""X12.34_VPNClient_preconfigurato.msi"" for ",(GI-UX) Group,other,Service request,0,82,56,0.7470849752426147,0.6889764070510864,0.6736851930618286,0.6303663849830627,0.7470849752426147,0.05810856819152832,0.116718590259552,(GI-UX) Network Access,other,(GI-UX) Network Access|(GI-UX) Group|(GI-UX) Group|(GI-UX) Group|(GI-UX) Group,other|vpn_access|software_license|software_license|software_license
R-1050,GFT ITALIA SRL _ RICCI ANTONIO ( B42K) _ CHANGE TPV,(GI-SaaS) Salesforce,hr_tools,Service request,1,948,277,0.8940491676330566,0.5912798643112183,0.6309426426887512,0.5555235147476196,0.8940491676330566,0.3027693033218384,0.338525652885437,(GI-SaaS) Salesforce,other,(GI-SaaS) Salesforce|(GI-SaaS) Salesforce|(GI-SaaS) Salesforce|(GI-SaaS) Salesforce|(BF) Employee Platform (SAP SF),other|absence|absence|absence|other
R-1053,Can't reach usrixtown,"(GI-IaaS) Network On-Prem (LAN,WLAN,WAN 2nd level)",vpn_access,Service request,1,1067,222,0.5089987516403198,0.4905962347984314,0.4813908040523529,0.46056801080703735,0.5089987516403198,0.018402516841888428,0.04843074083328247,"(GI-IaaS) Network On-Prem (LAN,WLAN,WAN 2nd level)",other,"(GI-IaaS) Network On-Prem (LAN,WLAN,WAN 2nd level)|(GI-IaaS) Network On-Prem (LAN,WLAN,WAN 2nd level)|(GI-IaaS) Development Platform|(GI-UX) Group|(GI-IaaS) Network Cloud (Azure, Remote Access)",other|vpn_access|other|vpn_access|vpn_access
R-1054,"Hi, I need a Visual Studio IDE on my PC",(GI-UX) Group,software_license,Service request,1,2166,61,0.5596016645431519,0.5464931726455688,0.5286709666252136,0.5079401731491089,0.5596016645431519,0.013108491897583008,0.05166149139404297,(GI-CF) Robot Process Automation,admin_rights,(GI-CF) Robot Process Automation|(GI-UX) Group|(GI-IaaS) Admin - License & Asset Management|(GI-UX) Group|(GI-IaaS) Admin - License & Asset Management,admin_rights|software_license|software_license|software_license|software_license
R-1055,Request for administrative rights,(GI-CF) Robot Process Automation,admin_rights,Service request,1,4655,155,0.862061083316803,0.8604828119277954,0.8557065725326538,0.8445853590965271,0.862061083316803,0.0015782713890075684,0.01747572422027588,(GI-CF) Robot Process Automation,admin_rights,(GI-CF) Robot Process Automation|(GI-CF) Robot Process Automation|(GI-UX) Group|(GI-CF) Robot Process Automation|(GI-CF) Robot Process Automation,admin_rights|admin_rights|admin_rights|admin_rights|admin_rights
R-1058,Admin rights permanent,(GI-CF) Robot Process Automation,admin_rights,Service request,1,4665,146,0.7420676946640015,0.7417747378349304,0.736860990524292,0.7308538556098938,0.7420676946640015,0.0002929568290710449,0.011213839054107666,(GI-UX) File & Print,admin_rights,(GI-UX) File & Print|(GI-CF) Robot Process Automation|(BF) Information Security Office|(GI-CF) Robot Process Automation|(GI-CF) Robot Process Automation,admin_rights|admin_rights|admin_rights|admin_rights|admin_rights
R-1061,Gft Italia__new_dismissal__20240630_a21r_Bianchi [Ticket to manage virtual devic,(GI-IaaS) Backend Application Srv. & Project Support,offboarding,Service request,0,128,598,0.9882164597511292,0.9882122278213501,0.9871460795402527,0.9854676127433777,0.9882164597511292,4.231929779052734e-06,0.002748847007751465,(GI-IaaS) Backend Application Srv. & Project Support,offboarding,(GI-IaaS) Backend Application Srv. & Project Support|(GI-IaaS) Backend Application Srv. & Project Support|(GI-IaaS) Backend Application Srv. & Project Support|(GI-IaaS) Backend Application Srv. & Project Support|(GI-IaaS) Backend Application Srv. & Project Support,offboarding|offboarding|offboarding|offboarding|offboarding
R-1063,Gft Italia__new_dismissal__20240630_a21r_Rossi [Ticket to manage device retireme,(GI-UX) Group,offboarding,Service request,0,128,595,0.9868341088294983,0.9846291542053223,0.9845755696296692,0.9830484986305237,0.9868341088294983,0.0022049546241760254,0.0037856101989746094,(GI-UX) Group,offboarding,(GI-UX) Group|(GI-UX) File & Print|(GI-UX) Group|(GI-UX) Group|(GI-UX) File & Print,offboarding|offboarding|offboarding|offboarding|offboarding
R-1064,Gft Italia__new_dismissal__20240630_a21r_Bianchi,(GI-UX) Account Management,offboarding,Service request,1,329,598,0.987368106842041,0.985710620880127,0.9830074310302734,0.980498194694519,0.987368106842041,0.0016574859619140625,0.006869912147521973,(GI-UX) Account Management,offboarding,(GI-UX) Account Management|(GI-UX) Account Management|(GI-UX) Account Management|(GI-UX) Account Management|(GI-UX) Account Management,offboarding|offboarding|offboarding|offboarding|offboarding
R-1065,Gft Italia__new_dismissal__20240625_maei_Asciore [Ticket to manage virtual devic,(GI-IaaS) Backend Application Srv. & Project Support,offboarding,Service request,0,135,603,0.9900985360145569,0.9893132448196411,0.988358199596405,0.9865725636482239,0.9900985360145569,0.0007852911949157715,0.003525972366333008,(GI-IaaS) Backend Application Srv. & Project Support,offboarding,(GI-IaaS) Backend Application Srv. & Project Support|(GI-IaaS) Backend Application Srv. & Project Support|(GI-IaaS) Backend Application Srv. & Project Support|(GI-IaaS) Backend Application Srv. & Project Support|(GI-IaaS) Backend Application Srv. & Project Support,offboarding|offboarding|offboarding|offboarding|offboarding
R-1068,Gft Italia__new_dismissal__20240625_maei_Santoro,(GI-UX) Account Management,offboarding,Service request,1,329,603,0.9829148650169373,0.9826514720916748,0.981279194355011,0.9793015718460083,0.9829148650169373,0.00026339292526245117,0.003613293170928955,(GI-UX) Account Management,offboarding,(GI-UX) Account Management|(GI-UX) Account Management|(GI-UX) Account Management|(GI-UX) Account Management|(GI-UX) Account Management,offboarding|offboarding|offboarding|offboarding|offboarding
R-1070,Gft Italia__new_dismissal__20240620_dngd_Grande [Ticket to manage Admin Location,(LF) IT Office Access Italy,offboarding,Service request,0,133,608,0.9739327430725098,0.9735749363899231,0.9731931686401367,0.972721517086029,0.9739327430725098,0.0003578066825866699,0.0012112259864807129,(LF) IT Office Access Italy,offboarding,(LF) IT Office Access Italy|(LF) IT Office Access Italy|(LF) IT Office Access Italy|(LF) IT Office Access Italy|(LF) IT Office Access Italy,offboarding|offboarding|offboarding|offboarding|offboarding
R-1071,Gft Italia__new_dismissal__20240620_dngd_Grande [Ticket to manage device retirem,(GI-UX) Group,offboarding,Service request,0,135,597,0.988852858543396,0.9859604239463806,0.9861021041870117,0.9850009679794312,0.988852858543396,0.002892434597015381,0.0038518905639648438,(GI-UX) File & Print,offboarding,(GI-UX) File & Print|(GI-UX) File & Print|(GI-UX) Group|(GI-UX) Group|(GI-IaaS) Backend Application Srv. & Project Support,offboarding|offboarding|offboarding|offboarding|offboarding
R-1072,Gft Italia__new_dismissal__20240620_dngd_Serena,(GI-UX) Account Management,offboarding,Service request,1,329,597,0.9670414924621582,0.9649534225463867,0.9640989303588867,0.9618037343025208,0.9670414924621582,0.0020880699157714844,0.005237758159637451,(GI-UX) Account Management,offboarding,(GI-UX) Account Management|(GI-UX) Account Management|(GI-UX) Account Management|(GI-UX) Account Management|(GI-UX) Account Management,offboarding|offboarding|offboarding|offboarding|offboarding
R-1073,Citrix Web Secure Access failed to install,(GI-UX) Group,software_support,Service request,1,422,181,0.8116273880004883,0.7489780187606812,0.7438284158706665,0.7050037384033203,0.8116273880004883,0.06264936923980713,0.10662364959716797,(GI-UX) Group,software_support,(GI-UX) Group|(GI-UX) Windows|(GI-UX) Windows|(GI-UX) Windows|(GI-UX) Group,software_support|software_support|software_support|software_support|software_support
R-1074,Docker licence,(GI-IaaS) Admin - Local IT purchase,software_license,Service request,1,2114,85,0.998753011226654,0.670484185218811,0.7269834280014038,0.653132438659668,0.998753011226654,0.328268826007843,0.3456205725669861,(GI-UX) Group,other,(GI-UX) Group|(GI-IaaS) Admin - License & Asset Management|(GI-UX) Group|(GI-UX) Group|(GI-IaaS) Admin - License & Asset Management,other|software_license|software_license|other|other
R-1075,gft_italia_new_dismiss_20240607_902109_E-CNLD_NEW EMPLOYEE [Ticket to manage vir,(GI-IaaS) Backend Application Srv. & Project Support,offboarding,Service request,0,128,556,0.9119415283203125,0.9006025791168213,0.8905931711196899,0.8785006999969482,0.9119415283203125,0.011338949203491211,0.03344082832336426,(GI-IaaS) Backend Application Srv. & Project Support,offboarding,(GI-IaaS) Backend Application Srv. & Project Support|(GI-UX) File & Print|(GI-UX) File & Print|(LF) IT Office Access Italy|(GI-IaaS) Backend Application Srv. & Project Support,offboarding|offboarding|offboarding|offboarding|offboarding
R-1076,gft_italia_new_dismiss_20240607_714586_E-CNLD_NEW EMPLOYEE [Ticket to manage Adm,(LF) IT Office Access Italy,offboarding,Service request,0,127,556,0.9457792043685913,0.9263238310813904,0.9248899221420288,0.9064239859580994,0.9457792043685913,0.019455373287200928,0.03935521841049194,(LF) IT Office Access Italy,offboarding,(LF) IT Office Access Italy|(LF) IT Office Access Italy|(GI-IaaS) Backend Application Srv. & Project Support|(GI-UX) File & Print|(GI-UX) Account Management,offboarding|offboarding|offboarding|offboarding|offboarding
R-1078,gft_italia_new_dismiss_20240607_902109_B-XYNR_NEW EMPLOYEE,(GI-UX) Account Management,offboarding,Service request,1,329,561,0.9382385015487671,0.9325704574584961,0.9237343668937683,0.9058564901351929,0.9382385015487671,0.005668044090270996,0.03238201141357422,(GI-IaaS) Backend Application Srv. & Project Support,offboarding,(GI-IaaS) Backend Application Srv. & Project Support|(GI-UX) File & Print|(LF) IT Office Access Italy|(GI-UX) Account Management|(LF) IT Office Access Italy,offboarding|offboarding|offboarding|offboarding|offboarding
R-1079,Q2 - RAYSTECH - ACCESSORIES FOR MOBILE PHONE FURNITURE,(GI-IaaS) Admin - Local IT purchase,other,Service request,0,85,176,0.7249375581741333,0.7022300958633423,0.6804583668708801,0.6467795968055725,0.7249375581741333,0.022707462310791016,0.07815796136856079,(GI-IaaS) Admin - Local IT purchase,other,(GI-IaaS) Admin - Local IT purchase|(GI-IaaS) Admin - Local IT purchase|(GI-IaaS) Admin - Local IT purchase|(GI-IaaS) Admin - Local IT purchase|(GI-IaaS) Admin - Local IT purchase,other|other|other|other|other
R-1080,I need to remove from kimble the absence of 7-8-9-10-11 august due to a change,(GI-SaaS) Salesforce,other,Service request,1,926,236,0.8157536387443542,0.6668576002120972,0.6793439984321594,0.623772144317627,0.8157536387443542,0.14889603853225708,0.1919814944267273,(GI-UX) Application,absence,(GI-UX) Application|(GI-UX) Application|(GI-UX) Application|(GI-UX) Application|(GI-UX) Application,absence|absence|absence|absence|absence
R-1081,Wrong approval flow KT317456-029,(GI-SaaS) SAP & Synertrade,other,Service request,0,474,295,0.898497462272644,0.4682725965976715,0.5243617296218872,0.40115803480148315,0.898497462272644,0.43022486567497253,0.4973394274711609,(GI-SaaS) SAP & Synertrade,other,(GI-SaaS) SAP & Synertrade|(GI-SaaS) Salesforce|(GI-SaaS) Salesforce|(GI-SaaS) Salesforce|(GI-SaaS) Salesforce,other|other|enterprise_systems|enterprise_systems|enterprise_systems
R-1084,I need to use USB,(GI-CyberSec) Security Operation Center,other,Service request,1,1456,144,0.48206740617752075,0.4383804202079773,0.4131644368171692,0.3453635275363922,0.48206740617752075,0.04368698596954346,0.13670387864112854,(GI-UX) File & Print,hardware_support,(GI-UX) File & Print|(GI-CyberSec) Cybersecurity|(GI-UX) File & Print|(GI-UX) File & Print|(GI-CyberSec) Cybersecurity,hardware_support|other|other|admin_rights|other
R-1085,Catalogue system,(GI-SaaS) SAP & Synertrade,other,Service request,0,132,177,0.47715920209884644,0.47039759159088135,0.4583362638950348,0.44583117961883545,0.47715920209884644,0.006761610507965088,0.031328022480010986,(GI-IaaS) Admin - Local IT purchase,other,"(GI-IaaS) Admin - Local IT purchase|(GI-SaaS) Marketing, Communications & Web|(GI-SaaS) Salesforce|(LF) Facilities Iberia|(GI-UX) Network Access",other|other|admin_rights|other|vpn_access
R-1086,Update Paid Leave on Kimble,(GI-SaaS) Salesforce,absence,Service request,1,533,280,0.665107011795044,0.5946820378303528,0.5957010984420776,0.563582181930542,0.665107011795044,0.07042497396469116,0.10152482986450195,(GI-UX) Application,absence,(GI-UX) Application|(GI-SaaS) Salesforce|(GI-SaaS) Salesforce|(GI-SaaS) Salesforce|(GI-UX) Application,absence|admin_rights|admin_rights|admin_rights|absence
R-1087,need admin permission,(GI-CF) Robot Process Automation,admin_rights,Service request,1,4854,39,0.8338800668716431,0.7765528559684753,0.7550590634346008,0.7031331062316895,0.8338800668716431,0.057327210903167725,0.1307469606399536,(GI-CF) Robot Process Automation,admin_rights,(GI-CF) Robot Process Automation|(GI-CF) Robot Process Automation|(GI-UX) Group|(BF) Information Security Office|(GI-CF) Robot Process Automation,admin_rights|admin_rights|admin_rights|admin_rights|admin_rights
R-1096,gft_italia_new_dismiss_20240531_E-ZYXD_754932,(GI-UX) Account Management,offboarding,Service request,1,329,478,0.973594069480896,0.9717937111854553,0.9705455899238586,0.9687702655792236,0.973594069480896,0.0018003582954406738,0.004823803901672363,(GI-UX) Account Management,offboarding,(GI-UX) Account Management|(GI-UX) Account Management|(GI-UX) Account Management|(GI-UX) Account Management|(GI-UX) Account Management,offboarding|offboarding|offboarding|offboarding|offboarding
R-1097,I need to receive assistance for PC's microphone.,(GI-UX) Group,other,Incident,1,587,140,0.34463030099868774,0.3262080252170563,0.3217190206050873,0.3050099015235901,0.34463030099868774,0.01842227578163147,0.039620399475097656,(GI-IaaS) Admin - Local IT purchase,other,(GI-IaaS) Admin - Local IT purchase|(GI-UX) Office365 & MS-Teams|(GI-UX) File & Print|(GI-SM) Service Desk|(GI-UX) Group,other|other|software_support|software_support|hardware_support
R-1098,"incorrect absence time for May 13th, 2024",(GI-SaaS) Salesforce,other,Incident,1,560,185,0.6518107652664185,0.5926361680030823,0.597098708152771,0.5636493563652039,0.6518107652664185,0.05917459726333618,0.0881614089012146,(GI-UX) Application,absence,(GI-UX) Application|(GI-UX) Application|(GI-SaaS) Salesforce|(GI-SaaS) Salesforce|(GI-UX) Application,absence|absence|absence|absence|absence
R-11,Unable to connect with vmware horizont client,(GI-UX) File & Print,hardware_support,Incident,1,233,137,0.5845530033111572,0.46076440811157227,0.4635661244392395,0.39290639758110046,0.5845530033111572,0.12378859519958496,0.19164660573005676,(GI-UX) Group,software_license,"(GI-UX) Group|(GI-IaaS) Network Cloud (Azure, Remote Access)|(GI-UX) File & Print|(GI-UX) Network Access|(GI-UX) Windows",software_license|vpn_access|software_support|vpn_access|software_support
R-1102,gft:_italia_new_dismiss_20240530_E-MCDS_879653,(GI-UX) Account Management,offboarding,Service request,1,329,482,0.9687963128089905,0.9643506407737732,0.9638568758964539,0.9599437713623047,0.9687963128089905,0.004445672035217285,0.008852541446685791,(GI-UX) Account Management,offboarding,(GI-UX) Account Management|(GI-UX) Account Management|(GI-UX) Account Management|(GI-UX) Account Management|(GI-UX) Account Management,offboarding|offboarding|offboarding|offboarding|offboarding
R-1104,gft_italia_new_entry_20240603_421087_Bianchi,(GI-UX) Account Management,onboarding,Service request,1,1182,562,0.9606616497039795,0.9583362340927124,0.947201132774353,0.9360923767089844,0.9606616497039795,0.00232541561126709,0.024569272994995117,(GI-UX) Account Management,onboarding,(GI-UX) Account Management|(GI-UX) Account Management|(GI-UX) File & Print|(GI-UX) Account Management|(GI-UX) Account Management,onboarding|onboarding|onboarding|onboarding|onboarding
R-1107,Invoice booking problem,(GI-SaaS) SAP & Synertrade,other,Service request,0,175,463,0.5820324420928955,0.5763209462165833,0.5541266202926636,0.505682647228241,0.5820324420928955,0.005711495876312256,0.07634979486465454,(GI-SaaS) SAP & Synertrade,other,(GI-SaaS) SAP & Synertrade|(GI-SaaS) Salesforce|(GI-SaaS) SAP & Synertrade|(GI-SaaS) Salesforce|(GI-SaaS) SAP & Synertrade,other|other|other|other|other
R-1108,Git installation,(GI-UX) Group,software_license,Service request,1,2071,68,0.9791181087493896,0.7093493938446045,0.7535391449928284,0.6888611316680908,0.9791181087493896,0.26976871490478516,0.29025697708129883,(GI-UX) Group,software_support,(GI-UX) Group|(GI-CF) Robot Process Automation|(BF) Information Security Office|(GI-CF) Robot Process Automation|(GI-UX) Group,software_support|admin_rights|admin_rights|admin_rights|admin_rights
R-111,Cabel Addresses,"(GI-IaaS) Network On-Prem (LAN,WLAN,WAN 2nd level)",vpn_access,Service request,1,1193,827,0.4931625723838806,0.4764755964279175,0.4601452946662903,0.4388255178928375,0.4931625723838806,0.016686975955963135,0.05433705449104309,"(GI-IaaS) Network On-Prem (LAN,WLAN,WAN 2nd level)",vpn_access,"(GI-IaaS) Network On-Prem (LAN,WLAN,WAN 2nd level)|(GI-IaaS) Network Cloud (Azure, Remote Access)|(GI-IaaS) Network On-Prem (LAN,WLAN,WAN 2nd level)|(GI-IaaS) Network On-Prem (LAN,WLAN,WAN 2nd level)|(GI-IaaS) Network On-Prem (LAN,WLAN,WAN 2nd level)",vpn_access|vpn_access|vpn_access|vpn_access|vpn_access
R-1110,Administrative access,(GI-CF) Robot Process Automation,admin_rights,Service request,1,4782,56,0.963162899017334,0.7521341443061829,0.7653933167457581,0.6990129947662354,0.963162899017334,0.21102875471115112,0.26414990425109863,(GI-UX) Group,admin_rights,(GI-UX) Group|(GI-UX) Group|(GI-UX) File & Print|(GI-UX) Windows|(GI-CF) Robot Process Automation,admin_rights|software_license|software_support|admin_rights|admin_rights
R-1111,I need a password reset,(GI-UX) Group,password_reset,Service request,1,407,73,0.7947790026664734,0.7522929906845093,0.7248326539993286,0.6557612419128418,0.7947790026664734,0.04248601198196411,0.1390177607536316,(GI-UX) Group,password_reset,(GI-UX) Group|(GI-UX) Group|(GI-UX) Group|(GI-UX) Group|(GI-UX) Group,password_reset|password_reset|password_reset|password_reset|password_reset
R-1113,Gft Italia_new_entry_20240617_815629_Marco Rivera [Ticket to manage device assig,(GI-UX) File & Print,onboarding,Service request,0,130,684,0.9756441116333008,0.9739880561828613,0.9731563329696655,0.9715392589569092,0.9756441116333008,0.0016560554504394531,0.0041048526763916016,(GI-UX) File & Print,onboarding,(GI-UX) File & Print|(GI-UX) File & Print|(GI-UX) File & Print|(GI-UX) Group|(GI-UX) File & Print,onboarding|onboarding|onboarding|onboarding|onboarding
R-1116,I need an annual single user subscription for BrowserStack,(GI-IaaS) Admin - Local IT purchase,other,Service request,1,2257,91,0.39519190788269043,0.3818959593772888,0.36390185356140137,0.34167808294296265,0.39519190788269043,0.013295948505401611,0.05351382493972778,(GI-IaaS) Cloud Services,enterprise_systems,(GI-IaaS) Cloud Services|(GI-IaaS) Development Platform|(GI-UX) Group|(GI-UX) Network Access|(GI-IaaS) Development Platform,enterprise_systems|other|vpn_access|vpn_access|software_license
R-1117,Docker licence,(GI-UX) Group,other,Service request,0,2224,86,0.9987530708312988,0.6699340343475342,0.7250224351882935,0.6479902267456055,0.9987530708312988,0.32881903648376465,0.35076284408569336,(GI-IaaS) Admin - Local IT purchase,software_license,(GI-IaaS) Admin - Local IT purchase|(GI-IaaS) Admin - License & Asset Management|(GI-UX) Group|(GI-UX) Group|(GI-IaaS) Admin - License & Asset Management,software_license|software_license|other|software_license|other
R-112,monitor out of order,(GI-UX) Group,hardware_support,Incident,1,231,145,0.32379674911499023,0.31537431478500366,0.30252861976623535,0.27997830510139465,0.32379674911499023,0.008422434329986572,0.04381844401359558,(GI-IaaS) Admin - Local IT purchase,other,(GI-IaaS) Admin - Local IT purchase|(GI-UX) Group|(GI-UX) File & Print|(GI-UX) Group|(GI-UX) Group,other|hardware_support|hardware_support|hardware_support|other
R-1121,I need admin rights for downloading software,(GI-CF) Robot Process Automation,admin_rights,Service request,1,4724,82,0.8843464255332947,0.8706099987030029,0.8566047549247742,0.8324440717697144,0.8843464255332947,0.013736426830291748,0.05190235376358032,(GI-CF) Robot Process Automation,admin_rights,(GI-CF) Robot Process Automation|(GI-UX) File & Print|(GI-CF) Robot Process Automation|(GI-UX) Group|(BF) Information Security Office,admin_rights|admin_rights|admin_rights|admin_rights|admin_rights
R-1122,gft_italia_new_dismiss_20240517_C-QWXY_123456 [Ticket to manage virtual devices ,(GI-IaaS) Backend Application Srv. & Project Support,offboarding,Service request,0,128,474,0.9767712354660034,0.9723262786865234,0.9729889631271362,0.9718021154403687,0.9767712354660034,0.0044449567794799805,0.004969120025634766,(GI-IaaS) Backend Application Srv. & Project Support,offboarding,(GI-IaaS) Backend Application Srv. & Project Support|(GI-IaaS) Backend Application Srv. & Project Support|(GI-IaaS) Backend Application Srv. & Project Support|(GI-IaaS) Backend Application Srv. & Project Support|(GI-IaaS) Backend Application Srv. & Project Support,offboarding|offboarding|offboarding|offboarding|offboarding
R-1123,gft_italia_new_dismiss_20240517_E-ZYTK_302195 [Ticket to manage Admin Location I,(LF) IT Office Access Italy,offboarding,Service request,0,120,469,0.9844167828559875,0.98236083984375,0.9805782437324524,0.9773877263069153,0.9844167828559875,0.002055943012237549,0.007029056549072266,(LF) IT Office Access Italy,offboarding,(LF) IT Office Access Italy|(LF) IT Office Access Italy|(LF) IT Office Access Italy|(LF) IT Office Access Italy|(LF) IT Office Access Italy,offboarding|offboarding|offboarding|offboarding|offboarding
R-1125,gft_italia_new_dismiss_20240517_E-XJLG_573482,(GI-UX) Account Management,offboarding,Service request,1,329,472,0.9741328954696655,0.9730297923088074,0.9713283777236938,0.9687703251838684,0.9741328954696655,0.0011031031608581543,0.005362570285797119,(GI-UX) Account Management,offboarding,(GI-UX) Account Management|(GI-UX) Account Management|(GI-UX) Account Management|(GI-UX) Account Management|(GI-UX) Account Management,offboarding|offboarding|offboarding|offboarding|offboarding
R-1126,Badge to KFP Italy - urgente,(LF) IT Office Access Italy,office_access,Service request,1,415,44,0.8062597513198853,0.7900028228759766,0.7844077348709106,0.7734314203262329,0.8062597513198853,0.01625692844390869,0.032828330993652344,(LF) IT Office Access Italy,office_access,(LF) IT Office Access Italy|(LF) IT Office Access Italy|(LF) IT Office Access Italy|(LF) IT Office Access Italy|(LF) IT Office Access Italy,office_access|office_access|office_access|office_access|office_access
R-1127,I need administrator rights on my computer for 2 weeks,(GI-CF) Robot Process Automation,admin_rights,Service request,1,4708,99,0.8508259654045105,0.8134721517562866,0.8020308613777161,0.7739580273628235,0.8508259654045105,0.03735381364822388,0.07686793804168701,(GI-CF) Robot Process Automation,admin_rights,(GI-CF) Robot Process Automation|(GI-CF) Robot Process Automation|(GI-CF) Robot Process Automation|(BF) Information Security Office|(GI-CF) Robot Process Automation,admin_rights|admin_rights|admin_rights|admin_rights|admin_rights
R-113,Access to Banca Libera poun,(GI-UX) File & Print,software_support,Service request,1,422,475,0.6256760358810425,0.5974857807159424,0.5941001176834106,0.5736275911331177,0.6256760358810425,0.028190255165100098,0.052048444747924805,(GI-UX) File & Print,software_support,(GI-UX) File & Print|(GI-UX) Windows|(GI-UX) Group|(GI-UX) Windows|(GI-UX) Windows,software_support|software_support|software_support|software_support|software_support
R-1130,Cannot send email from QA9_ZFT@randomdomain.com (ISP customer mail) to GFT.COM,(GI-IaaS) Backend M365 (2nd level),other,Incident,0,1044,1032,0.48173266649246216,0.46515998244285583,0.4632900357246399,0.4524679183959961,0.48173266649246216,0.016572684049606323,0.029264748096466064,(GI-UX) Account Management,email_support,(GI-UX) Account Management|(GI-UX) Account Management|(GI-IaaS) Backend M365 (2nd level)|(GI-IaaS) Backend M365 (2nd level)|(GI-CyberSec) Security Operation Center,email_support|email_support|other|other|email_support
R-1131,Request for Kimble permissions,(GI-SaaS) Salesforce,admin_rights,Service request,1,3413,186,0.9357874989509583,0.6884241104125977,0.7001838088035583,0.594681978225708,0.9357874989509583,0.2473633885383606,0.34110552072525024,(GI-SaaS) Salesforce,admin_rights,(GI-SaaS) Salesforce|(GI-SaaS) Salesforce|(GI-SaaS) Salesforce|(GI-SaaS) Salesforce|(GI-SaaS) Salesforce,admin_rights|other|admin_rights|admin_rights|absence
R-1132,Setup corporates computer,(GI-CF) Robot Process Automation,admin_rights,Service request,1,4716,133,0.8386784791946411,0.8193438649177551,0.8024519681930542,0.7819613218307495,0.8386784791946411,0.019334614276885986,0.0567171573638916,(GI-CF) Robot Process Automation,admin_rights,(GI-CF) Robot Process Automation|(GI-CF) Robot Process Automation|(GI-UX) Group|(BF) Information Security Office|(GI-CF) Robot Process Automation,admin_rights|admin_rights|admin_rights|admin_rights|admin_rights
R-1135,Gft Italia__new_dismissal__20240718_a71f_Coi [Ticket to manage virtual devices r,(GI-IaaS) Backend Application Srv. & Project Support,offboarding,Service request,0,129,612,0.9683220386505127,0.9668750166893005,0.9638819694519043,0.9606648683547974,0.9683220386505127,0.0014470219612121582,0.007657170295715332,(GI-UX) File & Print,offboarding,(GI-UX) File & Print|(GI-IaaS) Backend Application Srv. & Project Support|(GI-IaaS) Backend Application Srv. & Project Support|(GI-IaaS) Backend Application Srv. & Project Support|(GI-IaaS) Backend Application Srv. & Project Support,offboarding|offboarding|offboarding|offboarding|offboarding
R-114,Offboard employee Jaxon Taylor on 2024-07-26 [Ticket to manage virtual devices r,(GI-IaaS) Backend Application Srv. & Project Support,offboarding,Service request,0,121,213,0.7364969849586487,0.735231876373291,0.728060245513916,0.712477445602417,0.7364969849586487,0.001265108585357666,0.02401953935623169,(GI-IaaS) Backend Application Srv. & Project Support,offboarding,(GI-IaaS) Backend Application Srv. & Project Support|(GI-IaaS) Backend Application Srv. & Project Support|(GI-IaaS) Backend Application Srv. & Project Support|(GI-UX) File & Print|(LF) IT Office Access Italy,offboarding|offboarding|offboarding|offboarding|offboarding
R-1140,Gft Italia__new_dismissal__20240531_mmti_Rossi [Ticket to manage virtual devices,(GI-IaaS) Backend Application Srv. & Project Support,offboarding,Service request,0,128,598,0.9916883707046509,0.9900985956192017,0.9894322156906128,0.9874090552330017,0.9916883707046509,0.0015897750854492188,0.00427931547164917,(GI-IaaS) Backend Application Srv. & Project Support,offboarding,(GI-IaaS) Backend Application Srv. & Project Support|(GI-IaaS) Backend Application Srv. & Project Support|(GI-IaaS) Backend Application Srv. & Project Support|(GI-IaaS) Backend Application Srv. & Project Support|(GI-IaaS) Backend Application Srv. & Project Support,offboarding|offboarding|offboarding|offboarding|offboarding
R-1141,Gft Italia__new_dismissal__20240531_mmti_Caruso [Ticket to manage Admin Location,(LF) IT Office Access Italy,offboarding,Service request,0,128,602,0.9867624044418335,0.9861403703689575,0.9854194521903992,0.9841954112052917,0.9867624044418335,0.0006220340728759766,0.002566993236541748,(LF) IT Office Access Italy,offboarding,(LF) IT Office Access Italy|(LF) IT Office Access Italy|(LF) IT Office Access Italy|(LF) IT Office Access Italy|(LF) IT Office Access Italy,offboarding|offboarding|offboarding|offboarding|offboarding
R-1142,Gft Italia__new_dismissal__20240531_mmti_Rinaldi [Ticket to manage device retire,(GI-UX) File & Print,offboarding,Service request,0,129,593,0.98932945728302,0.9888527989387512,0.9878721237182617,0.9862587451934814,0.98932945728302,0.00047665834426879883,0.0030707120895385742,(GI-UX) File & Print,offboarding,(GI-UX) File & Print|(GI-UX) Group|(GI-UX) Group|(GI-UX) Group|(GI-UX) File & Print,offboarding|offboarding|offboarding|offboarding|offboarding
R-1144,admin rights after device change,(GI-UX) Windows,admin_rights,Service request,1,4645,252,0.7285420298576355,0.718270480632782,0.6978508234024048,0.6693252325057983,0.7285420298576355,0.010271549224853516,0.05921679735183716,(GI-CF) Robot Process Automation,admin_rights,(GI-CF) Robot Process Automation|(GI-CF) Robot Process Automation|(GI-CF) Robot Process Automation|(GI-CF) Robot Process Automation|(GI-CF) Robot Process Automation,admin_rights|admin_rights|admin_rights|admin_rights|admin_rights
R-1145,unipolsai.crm.support@bfg.com migration to a Shared mailbox,(GI-IaaS) Backend M365 (2nd level),other,Service request,0,173,412,0.5530648231506348,0.517708957195282,0.5175948143005371,0.5009903907775879,0.5530648231506348,0.03535586595535278,0.052074432373046875,(GI-IaaS) Backend M365 (2nd level),email_support,(GI-IaaS) Backend M365 (2nd level)|(GI-UX) Account Management|(GI-UX) Account Management|(GI-UX) Account Management|(GI-IaaS) Backend M365 (2nd level),email_support|email_support|email_support|email_support|other
R-1146,GFT Italy - Element activation problem,(GI-SaaS) Salesforce,enterprise_systems,Incident,1,877,204,0.9668254256248474,0.94066321849823,0.9444777369499207,0.9373131990432739,0.9668254256248474,0.02616220712661743,0.029512226581573486,(GI-SaaS) Salesforce,enterprise_systems,(GI-SaaS) Salesforce|(GI-SaaS) Salesforce|(GI-SaaS) Salesforce|(GI-SaaS) Salesforce|(GI-SaaS) Salesforce,enterprise_systems|enterprise_systems|enterprise_systems|enterprise_systems|enterprise_systems
R-1149,Pim role management for Alice Briar (ALBR),(GI-IaaS) Backend System Management (2nd level),other,Service request,0,600,1333,0.9052488803863525,0.6750156879425049,0.6783286333084106,0.5483509302139282,0.9052488803863525,0.23023319244384766,0.3568979501724243,(GI-IaaS) Backend System Management (2nd level),other,(GI-IaaS) Backend System Management (2nd level)|(GI-IaaS) Backend System Management (2nd level)|(GI-IaaS) Backend System Management (2nd level)|(GI-UX) System Management & Anti Virus|(GI-IaaS) Development Platform,other|other|other|other|other
R-1151,Can i install the program AutoHotKey?,(GI-UX) Group,software_support,Service request,1,422,549,0.4400874376296997,0.4335579574108124,0.43176165223121643,0.4259242117404938,0.4400874376296997,0.006529480218887329,0.014163225889205933,(GI-CF) Robot Process Automation,admin_rights,(GI-CF) Robot Process Automation|(GI-UX) File & Print|(GI-CF) Robot Process Automation|(GI-CF) Robot Process Automation|(GI-CF) Robot Process Automation,admin_rights|software_support|admin_rights|admin_rights|other
R-1152,Gft Italia_new_entry_20240708_421085_Bianchi [Ticket to manage device assignment,(GI-UX) File & Print,onboarding,Service request,0,127,731,0.9700448513031006,0.9686339497566223,0.9675575494766235,0.9635355472564697,0.9700448513031006,0.0014109015464782715,0.006509304046630859,(GI-UX) File & Print,onboarding,(GI-UX) File & Print|(GI-UX) File & Print|(GI-UX) File & Print|(GI-UX) Group|(GI-UX) File & Print,onboarding|onboarding|onboarding|onboarding|onboarding
R-1153,Gft Italia_new_entry_20240708_643298_Rossi,(GI-UX) Account Management,onboarding,Service request,1,1180,734,0.971535325050354,0.9708884954452515,0.9699981808662415,0.9684006571769714,0.971535325050354,0.0006468296051025391,0.0031346678733825684,(GI-UX) Account Management,onboarding,(GI-UX) Account Management|(GI-UX) Account Management|(GI-UX) Account Management|(GI-UX) Account Management|(GI-UX) File & Print,onboarding|onboarding|onboarding|onboarding|onboarding
R-1154,GFT ITALIA SRL_CASERTA CATERINA_CC,(GI-SaaS) Salesforce,absence,Service request,1,560,92,0.6456609964370728,0.6411608457565308,0.6394054889678955,0.6342871189117432,0.6456609964370728,0.004500150680541992,0.01137387752532959,(BF) Employee Platform (SAP SF),other,(BF) Employee Platform (SAP SF)|(GI-UX) Application|(GI-SaaS) Salesforce|(GI-SaaS) Salesforce|(BF) Employee Platform (SAP SF),other|absence|other|absence|other
R-1155,European project Partners Onboarding,(GI-UX) Account Management,collaboration,Service request,1,2085,616,0.6818625926971436,0.6812092065811157,0.6719964146614075,0.6591925621032715,0.6818625926971436,0.000653386116027832,0.02267003059387207,(GI-UX) Account Management,collaboration,(GI-UX) Account Management|(GI-UX) Account Management|(GI-UX) Account Management|(GI-UX) Account Management|(GI-UX) Account Management,collaboration|collaboration|collaboration|collaboration|collaboration
R-1156,European onboarding,(GI-UX) Account Management,collaboration,Service request,1,1998,371,0.9941612482070923,0.9905794858932495,0.9106118083000183,0.659192681312561,0.9941612482070923,0.0035817623138427734,0.33496856689453125,(GI-UX) Account Management,collaboration,(GI-UX) Account Management|(GI-UX) Account Management|(GI-UX) Account Management|(GI-UX) Account Management|(GI-UX) Account Management,collaboration|collaboration|collaboration|collaboration|collaboration
R-1157,Administrator rights,(GI-CF) Robot Process Automation,admin_rights,Service request,1,4844,69,0.8116583824157715,0.6865366697311401,0.6934425830841064,0.6519124507904053,0.8116583824157715,0.12512171268463135,0.1597459316253662,(GI-CF) Robot Process Automation,admin_rights,(GI-CF) Robot Process Automation|(GI-UX) File & Print|(GI-UX) File & Print|(GI-UX) File & Print|(GI-CF) Robot Process Automation,admin_rights|software_support|admin_rights|admin_rights|admin_rights
R-1158,Connection lock VPN Site2Site VZN -> Green Bank,(GI-UX) Network Access,vpn_access,Incident,1,757,226,0.6385684609413147,0.5845431089401245,0.5779554843902588,0.544140100479126,0.6385684609413147,0.054025352001190186,0.09442836046218872,(GI-UX) Network Access,vpn_access,(GI-UX) Network Access|(GI-UX) Network Access|(GI-UX) Group|(GI-UX) Group|(GI-UX) Network Access,vpn_access|other|password_reset|vpn_access|vpn_access
R-116,Offboard employee Christian Franco on 2024-07-26 [Ticket to manage device retire,(GI-UX) File & Print,offboarding,Service request,0,128,216,0.7712169289588928,0.7606264352798462,0.7527648210525513,0.7404489517211914,0.7712169289588928,0.01059049367904663,0.030767977237701416,(LF) IT Office Access Italy,offboarding,(LF) IT Office Access Italy|(GI-IaaS) Backend Application Srv. & Project Support|(GI-IaaS) Backend Application Srv. & Project Support|(GI-IaaS) Backend Application Srv. & Project Support|(GI-IaaS) Backend Application Srv. & Project Support,offboarding|offboarding|offboarding|offboarding|offboarding
R-1160,We can no longer connect to CSE services,"(GI-IaaS) Network Cloud (Azure, Remote Access)",vpn_access,Incident,1,886,119,0.6891915798187256,0.6716325283050537,0.6633118391036987,0.6386383771896362,0.6891915798187256,0.017559051513671875,0.050553202629089355,(GI-UX) Network Access,vpn_access,(GI-UX) Network Access|(GI-UX) Windows|(GI-UX) Windows|(GI-UX) Windows|(GI-UX) Windows,vpn_access|software_support|software_support|software_support|software_support
R-1161,Gft Italia_new_entry_20240604_401237_Doe [Ticket to manage device assignments],(GI-UX) File & Print,onboarding,Service request,0,136,688,0.9917943477630615,0.9916590452194214,0.9900768399238586,0.988467812538147,0.9917943477630615,0.00013530254364013672,0.0033265352249145508,(GI-UX) File & Print,onboarding,(GI-UX) File & Print|(GI-UX) File & Print|(GI-UX) File & Print|(GI-UX) Group|(GI-UX) File & Print,onboarding|onboarding|onboarding|onboarding|onboarding
R-1164,Gft Italia_new_entry_20240603_815538_Gray [Ticket to manage device assignments],(GI-UX) Group,onboarding,Service request,0,127,750,0.9762493371963501,0.9638835787773132,0.9646326303482056,0.9608314037322998,0.9762493371963501,0.012365758419036865,0.015417933464050293,(GI-UX) Account Management,onboarding,(GI-UX) Account Management|(GI-UX) File & Print|(GI-UX) File & Print|(GI-UX) File & Print|(GI-UX) File & Print,onboarding|onboarding|onboarding|onboarding|onboarding
R-1165,Gft Italia_new_entry_20240603_815538_Bianchi,(GI-UX) Account Management,onboarding,Service request,1,1176,750,0.9762492179870605,0.9635837078094482,0.965384840965271,0.9612115621566772,0.9762492179870605,0.012665510177612305,0.0150376558303833,(GI-UX) Group,onboarding,(GI-UX) Group|(GI-UX) Account Management|(GI-UX) Account Management|(GI-UX) Account Management|(GI-UX) Account Management,onboarding|onboarding|onboarding|onboarding|onboarding
R-1166,upgrade,(GI-UX) Group,hardware_support,Incident,1,233,106,0.5304023027420044,0.46788984537124634,0.4664166569709778,0.44143518805503845,0.5304023027420044,0.06251245737075806,0.08896711468696594,(GI-UX) Network Access,other,(GI-UX) Network Access|(GI-UX) Group|(GI-UX) File & Print|(GI-UX) Group|(GI-UX) Group,other|password_reset|hardware_support|password_reset|software_support
R-1167,INSTALLATION OF MY PERSONAL PRINTER DRIVER,(GI-UX) Group,software_license,Service request,1,2105,90,0.8744674324989319,0.603814423084259,0.6280816793441772,0.4737648367881775,0.8744674324989319,0.27065300941467285,0.4007025957107544,(GI-UX) Windows,other,(GI-UX) Windows|(GI-UX) Group|(GI-UX) Group|(GI-UX) Group|(GI-UX) Group,other|other|software_license|hardware_support|other
R-1168,INSTALLATION OF MY PERSONAL PRINTER DRIVER,(GI-UX) Windows,other,Service request,0,2232,57,0.8744673728942871,0.6254040598869324,0.6504895091056824,0.5235854387283325,0.8744673728942871,0.24906331300735474,0.3508819341659546,(GI-UX) Group,software_license,(GI-UX) Group|(GI-UX) Group|(GI-UX) Group|(GI-UX) Group|(GI-UX) Group,software_license|other|software_license|hardware_support|other
R-1169,Access to BPER network via FGH VPN,(GI-UX) Network Access,vpn_access,Service request,1,1226,98,0.7749524712562561,0.7701283693313599,0.7669265866279602,0.756980299949646,0.7749524712562561,0.00482410192489624,0.017972171306610107,(GI-UX) Network Access,vpn_access,(GI-UX) Network Access|(GI-UX) Network Access|(GI-UX) Group|(GI-UX) Group|(GI-UX) Network Access,vpn_access|vpn_access|vpn_access|vpn_access|vpn_access
R-117,I can no longer join video calls organized by external users who use Teams,(GI-SM) Service Desk,software_support,Incident,1,422,406,0.6758729219436646,0.6607678532600403,0.5653516054153442,0.4925535321235657,0.6758729219436646,0.015105068683624268,0.18331938982009888,(GI-UX) File & Print,software_support,(GI-UX) File & Print|(GI-UX) Unified Communication|(GI-UX) Account Management|(GI-UX) Group|(GI-UX) Unified Communication,software_support|other|collaboration|hardware_support|email_support
R-1170,Please add colleagues to Humaine Subscription,(GI-IaaS) Cloud Services,other,Service request,1,537,138,0.6760122776031494,0.4744183421134949,0.5130705833435059,0.4661809206008911,0.6760122776031494,0.20159393548965454,0.2098313570022583,(GI-IaaS) Cloud Services,other,(GI-IaaS) Cloud Services|(GI-UX) Unified Communication|(GI-SaaS) Salesforce|(GI-SaaS) Salesforce|(GI-UX) Network Access,other|email_support|other|other|vpn_access
R-1171,Med -Use SRL _ Rachel Johnson (B19F) _ CHANGE TPV,(GI-SaaS) Salesforce,other,Service request,1,939,281,0.8940490484237671,0.5414239168167114,0.5986518859863281,0.5082047581672668,0.8940490484237671,0.35262513160705566,0.38584429025650024,(GI-SaaS) Salesforce,hr_tools,(GI-SaaS) Salesforce|(GI-SaaS) Salesforce|(GI-SaaS) Salesforce|(GI-SaaS) Salesforce|(GI-UX) Group,hr_tools|absence|absence|absence|onboarding
R-1172,I would like my Acrobat Pro license renewed,(GI-IaaS) Admin - License & Asset Management,software_license,Service request,1,2225,86,0.7241519689559937,0.7113419771194458,0.6977912187576294,0.678203821182251,0.7241519689559937,0.012809991836547852,0.045948147773742676,(GI-IaaS) Admin - License & Asset Management,software_license,(GI-IaaS) Admin - License & Asset Management|(GI-IaaS) Admin - License & Asset Management|(GI-UX) Group|(GI-IaaS) Admin - License & Asset Management|(GI-IaaS) Admin - License & Asset Management,software_license|software_license|software_license|software_license|software_license
R-1175,Need to install XYZ Bank Certificate,(GI-UX) Windows,admin_rights,Service request,1,4718,87,0.7404862642288208,0.7079814076423645,0.6876765489578247,0.6106634140014648,0.7404862642288208,0.0325048565864563,0.12982285022735596,(GI-CF) Robot Process Automation,admin_rights,(GI-CF) Robot Process Automation|(GI-UX) Group|(GI-CF) Robot Process Automation|(GI-UX) File & Print|(GI-UX) Group,admin_rights|admin_rights|admin_rights|software_support|software_license
R-1176,I have an issue reaching tirfid destination (calvino client),(GI-UX) Network Access,other,Incident,1,235,93,0.5407821536064148,0.5276414752006531,0.5226397514343262,0.5077883005142212,0.5407821536064148,0.013140678405761719,0.032993853092193604,(GI-UX) Network Access,vpn_access,"(GI-UX) Network Access|(GI-UX) Network Access|(GI-UX) Group|(GI-IaaS) Network Cloud (Azure, Remote Access)|(GI-UX) Network Access",vpn_access|other|other|vpn_access|vpn_access
R-1177,I need to add the following endpoints to the Globex VPN tunnel to get access fro,"(GI-IaaS) Network On-Prem (LAN,WLAN,WAN 2nd level)",vpn_access,Service request,1,1175,216,0.6394710540771484,0.609839916229248,0.6067842245101929,0.5808424353599548,0.6394710540771484,0.02963113784790039,0.058628618717193604,"(GI-IaaS) Network On-Prem (LAN,WLAN,WAN 2nd level)",vpn_access,"(GI-IaaS) Network On-Prem (LAN,WLAN,WAN 2nd level)|(GI-IaaS) Network On-Prem (LAN,WLAN,WAN 2nd level)|(GI-IaaS) Network On-Prem (LAN,WLAN,WAN 2nd level)|(GI-IaaS) Network On-Prem (LAN,WLAN,WAN 2nd level)|(GI-IaaS) Network On-Prem (LAN,WLAN,WAN 2nd level)",vpn_access|vpn_access|vpn_access|vpn_access|vpn_access
R-1178,No access to Learning HUB for e-jkls,"(GI-SaaS) Marketing, Communications & Web",other,Incident,1,527,165,0.5056099891662598,0.47637221217155457,0.473543643951416,0.450190931558609,0.5056099891662598,0.0292377769947052,0.05541905760765076,(BF) Employee Platform (SAP SF),other,(BF) Employee Platform (SAP SF)|(GI-SaaS) Salesforce|(GI-UX) Group|(GI-UX) Network Access|(GI-UX) Network Access,other|other|vpn_access|vpn_access|vpn_access
R-1179,Idiken Hicham (a-sxyz) not found in Kimble,(GI-SaaS) Salesforce,other,Service request,1,727,126,0.5516427755355835,0.49720498919487,0.5008672475814819,0.47920483350753784,0.5516427755355835,0.0544377863407135,0.07243794202804565,(GI-UX) Application,absence,(GI-UX) Application|(GI-SaaS) Salesforce|(GI-SaaS) Salesforce|(GI-UX) Application|(GI-UX) Application,absence|absence|other|absence|absence
R-1181,GFT VPN,(GI-UX) Network Access,vpn_access,Service request,1,1020,241,0.8120355606079102,0.7927212715148926,0.6683908700942993,0.5683134198188782,0.8120355606079102,0.019314289093017578,0.24372214078903198,(GI-UX) Network Access,vpn_access,"(GI-UX) Network Access|(GI-IaaS) Network Cloud (Azure, Remote Access)|(GI-UX) Group|(GI-UX) Network Access|(GI-UX) Group",vpn_access|vpn_access|vpn_access|vpn_access|vpn_access
R-1184,Admin Rights to install sw mandatory for my role,(GI-UX) Group,admin_rights,Service request,1,4507,52,0.7266700267791748,0.7145471572875977,0.7032212018966675,0.6894160509109497,0.7266700267791748,0.012122869491577148,0.0372539758682251,(GI-CF) Robot Process Automation,admin_rights,(GI-CF) Robot Process Automation|(GI-CF) Robot Process Automation|(GI-CF) Robot Process Automation|(GI-CF) Robot Process Automation|(BF) Information Security Office,admin_rights|admin_rights|admin_rights|admin_rights|admin_rights
R-1186,Can't access to jira portal,(GI-UX) Network Access,other,Service request,0,478,268,0.7538253664970398,0.7349398136138916,0.714783787727356,0.6776823997497559,0.7538253664970398,0.018885552883148193,0.07614296674728394,(GI-IaaS) Development Platform,other,(GI-IaaS) Development Platform|(GI-IaaS) Development Platform|(GI-UX) File & Print|(GI-UX) File & Print|(GI-IaaS) Development Platform,other|other|access_problem|access_problem|access_problem
R-1188,I need administration rights,(GI-CF) Robot Process Automation,admin_rights,Service request,1,4657,68,1.0000001192092896,0.6200926899909973,0.6710793972015381,0.5706820487976074,1.0000001192092896,0.37990742921829224,0.42931807041168213,(GI-CF) Robot Process Automation,admin_rights,(GI-CF) Robot Process Automation|(GI-CF) Robot Process Automation|(GI-UX) Windows|(GI-UX) File & Print|(GI-CF) Robot Process Automation,admin_rights|admin_rights|other|admin_rights|admin_rights
R-1189,GTR ITALIA SRL_MARTINO FABIO,(GI-SaaS) Salesforce,absence,Service request,1,554,123,0.7275978922843933,0.6897866725921631,0.6737701296806335,0.6362687349319458,0.7275978922843933,0.037811219692230225,0.09132915735244751,(GI-SaaS) Salesforce,absence,(GI-SaaS) Salesforce|(GI-SaaS) Salesforce|(GI-UX) Application|(GI-SaaS) Salesforce|(GI-UX) Application,absence|absence|other|absence|absence
R-1190,I can't start Chrome,(GI-UX) Windows,software_support,Service request,1,422,59,0.35002970695495605,0.2948930859565735,0.2981502413749695,0.2657299041748047,0.35002970695495605,0.05513662099838257,0.08429980278015137,(GI-UX) File & Print,other,(GI-UX) File & Print|(GI-UX) Group|(GI-UX) Group|(GI-UX) File & Print|(GI-UX) File & Print,other|hardware_support|hardware_support|software_support|hardware_support
R-1191,Renew GCP Project,(GI-IaaS) Admin - Local IT purchase,enterprise_systems,Service request,1,908,35,1.000000238418579,0.536921501159668,0.6254796981811523,0.5193217992782593,1.000000238418579,0.46307873725891113,0.4806784391403198,(GI-IaaS) Admin - Local IT purchase,enterprise_systems,(GI-IaaS) Admin - Local IT purchase|(GI-IaaS) Admin - License & Asset Management|(GI-IaaS) Cloud Services|(GI-IaaS) Cloud Services|(GI-IaaS) Cloud Services,enterprise_systems|software_license|other|other|other
R-1192,I need administration rights,(GI-CF) Robot Process Automation,admin_rights,Service request,1,4678,68,1.0000001192092896,0.6200926899909973,0.6710793972015381,0.5706820487976074,1.0000001192092896,0.37990742921829224,0.42931807041168213,(GI-CF) Robot Process Automation,admin_rights,(GI-CF) Robot Process Automation|(GI-CF) Robot Process Automation|(GI-UX) Windows|(GI-UX) File & Print|(GI-CF) Robot Process Automation,admin_rights|admin_rights|other|admin_rights|admin_rights
R-1194,Building&Offices Iberia,(LF) Facilities Iberia,other,Service request,0,331,303,0.982218861579895,0.5440608859062195,0.6180081963539124,0.5119621753692627,0.982218861579895,0.43815797567367554,0.4702566862106323,(LF) Facilities Iberia,other,(LF) Facilities Iberia|(LF) IT Office Access Italy|(GI-UX) Group|(GI-UX) Account Management|(LF) IT Office Access Italy,other|other|onboarding|onboarding|offboarding
R-1197,I need to access the new servers on CorpoServe VPN,"(GI-IaaS) Network On-Prem (LAN,WLAN,WAN 2nd level)",vpn_access,Service request,1,1218,317,0.724431037902832,0.6792505979537964,0.6598061323165894,0.6098399758338928,0.724431037902832,0.045180439949035645,0.11459106206893921,"(GI-IaaS) Network On-Prem (LAN,WLAN,WAN 2nd level)",vpn_access,"(GI-IaaS) Network On-Prem (LAN,WLAN,WAN 2nd level)|(GI-IaaS) Network On-Prem (LAN,WLAN,WAN 2nd level)|(GI-IaaS) Network On-Prem (LAN,WLAN,WAN 2nd level)|(GI-IaaS) Network On-Prem (LAN,WLAN,WAN 2nd level)|(GI-IaaS) Network On-Prem (LAN,WLAN,WAN 2nd level)",vpn_access|vpn_access|vpn_access|vpn_access|vpn_access
R-1198,Pim role management for Jordan Parker (JPLO),(GI-IaaS) Backend System Management (2nd level),other,Service request,0,595,667,0.9052488207817078,0.6830651164054871,0.6811016201972961,0.5163916349411011,0.9052488207817078,0.2221837043762207,0.3888571858406067,(GI-IaaS) Backend System Management (2nd level),other,(GI-IaaS) Backend System Management (2nd level)|(GI-IaaS) Backend System Management (2nd level)|(GI-IaaS) Backend System Management (2nd level)|(GI-UX) System Management & Anti Virus|(GI-IaaS) Development Platform,other|other|other|other|other
R-1199,Kimble and Sales Cloud report different information,(GI-SaaS) Salesforce,other,Incident,1,495,998,0.6280243396759033,0.538497805595398,0.49168118834495544,0.4228215217590332,0.6280243396759033,0.08952653408050537,0.20520281791687012,(GI-SaaS) Salesforce,other,(GI-SaaS) Salesforce|(GI-SaaS) Salesforce|(GI-SaaS) Salesforce|(GI-SaaS) Salesforce|(GI-SaaS) Salesforce,other|enterprise_systems|enterprise_systems|enterprise_systems|enterprise_systems
R-12,license required for henrik.nygaard@xpv.com for jira,(GI-IaaS) Development Platform,software_license,Service request,1,1265,52,0.7365123629570007,0.7365123629570007,0.7309979796409607,0.7179486751556396,0.7365123629570007,0.0,0.018563687801361084,(GI-IaaS) Development Platform,software_license,(GI-IaaS) Development Platform|(GI-IaaS) Development Platform|(GI-IaaS) Development Platform|(GI-IaaS) Development Platform|(GI-IaaS) Development Platform,software_license|software_license|software_license|software_license|software_license
R-1201,I need to access the new servers on Metronome VPN,"(GI-IaaS) Network On-Prem (LAN,WLAN,WAN 2nd level)",vpn_access,Service request,1,1210,224,0.6862154006958008,0.6792504787445068,0.6360699534416199,0.5860766172409058,0.6862154006958008,0.006964921951293945,0.10013878345489502,"(GI-IaaS) Network On-Prem (LAN,WLAN,WAN 2nd level)",vpn_access,"(GI-IaaS) Network On-Prem (LAN,WLAN,WAN 2nd level)|(GI-IaaS) Network On-Prem (LAN,WLAN,WAN 2nd level)|(GI-IaaS) Network On-Prem (LAN,WLAN,WAN 2nd level)|(GI-IaaS) Network On-Prem (LAN,WLAN,WAN 2nd level)|(GI-IaaS) Network On-Prem (LAN,WLAN,WAN 2nd level)",vpn_access|vpn_access|vpn_access|vpn_access|vpn_access
R-1204,Substitution old PC,(GI-UX) Group,other,Service request,0,151,2790,0.9912682771682739,0.9900470972061157,0.9897499084472656,0.9886763095855713,0.9912682771682739,0.0012211799621582031,0.0025919675827026367,(GI-UX) Group,other,(GI-UX) Group|(GI-UX) Group|(GI-UX) Group|(GI-UX) Group|(GI-UX) Group,other|other|other|other|other
R-1205,Substitution old PC,(GI-UX) Group,other,Service request,0,160,2810,0.9929070472717285,0.9925111532211304,0.9908692240715027,0.9893296957015991,0.9929070472717285,0.00039589405059814453,0.0035773515701293945,(GI-UX) Group,other,(GI-UX) Group|(GI-UX) Group|(GI-UX) Group|(GI-UX) Group|(GI-UX) Group,other|other|other|other|other
R-1206,Substitution old PC,(GI-UX) Group,other,Service request,0,281,2809,0.9936197996139526,0.9926371574401855,0.9920011758804321,0.9898476600646973,0.9936197996139526,0.0009826421737670898,0.003772139549255371,(GI-UX) Group,other,(GI-UX) Group|(GI-UX) Group|(GI-UX) Group|(GI-UX) Group|(GI-UX) Group,other|other|other|other|other
R-1207,I need to map new domains on PIONEER network,"(GI-IaaS) Network On-Prem (LAN,WLAN,WAN 2nd level)",vpn_access,Service request,1,1196,62,0.6399769186973572,0.4737170338630676,0.48179587721824646,0.426845908164978,0.6399769186973572,0.16625988483428955,0.21313101053237915,"(GI-IaaS) Network On-Prem (LAN,WLAN,WAN 2nd level)",vpn_access,"(GI-IaaS) Network On-Prem (LAN,WLAN,WAN 2nd level)|(GI-IaaS) Network On-Prem (LAN,WLAN,WAN 2nd level)|(GI-IaaS) Network On-Prem (LAN,WLAN,WAN 2nd level)|(GI-UX) Group|(GI-UX) Network Access",vpn_access|vpn_access|vpn_access|vpn_access|vpn_access
R-1208,Substitution old PC,(GI-UX) Group,other,Service request,0,126,2871,0.9929070472717285,0.9919477105140686,0.9918292164802551,0.9911885857582092,0.9929070472717285,0.0009593367576599121,0.0017184615135192871,(GI-UX) Group,other,(GI-UX) Group|(GI-UX) Group|(GI-UX) Group|(GI-UX) Group|(GI-UX) Group,other|other|other|other|other
R-1209,Substitution old PC,(GI-UX) Group,other,Service request,0,57,2829,0.994223952293396,0.9920663833618164,0.9910823702812195,0.9885433316230774,0.994223952293396,0.00215756893157959,0.0056806206703186035,(GI-UX) Group,other,(GI-UX) Group|(GI-UX) Group|(GI-UX) Group|(GI-UX) Group|(GI-UX) Group,other|other|other|other|other
R-121,I need admin rights,(GI-CF) Robot Process Automation,admin_rights,Service request,1,4630,122,0.6873083710670471,0.6107237339019775,0.6147803664207458,0.5903890132904053,0.6873083710670471,0.07658463716506958,0.09691935777664185,(GI-UX) File & Print,other,(GI-UX) File & Print|(GI-SM) Service Desk|(GI-CF) Robot Process Automation|(GI-UX) Group|(GI-CF) Robot Process Automation,other|software_support|admin_rights|software_license|admin_rights
R-1214,Authorization request,(GI-UX) Network Access,vpn_access,Service request,1,1303,160,0.5963414907455444,0.596076250076294,0.5711162686347961,0.5327701568603516,0.5963414907455444,0.0002652406692504883,0.06357133388519287,(GI-UX) Group,vpn_access,"(GI-UX) Group|(GI-IaaS) Network On-Prem (LAN,WLAN,WAN 2nd level)|(GI-UX) Network Access|(GI-IaaS) Network On-Prem (LAN,WLAN,WAN 2nd level)|(GI-UX) File & Print",vpn_access|vpn_access|vpn_access|vpn_access|software_support
R-1216,Access customer env webapp,(GI-UX) Network Access,other,Service request,0,261,79,0.5687000155448914,0.43632787466049194,0.44979429244995117,0.4117359519004822,0.5687000155448914,0.13237214088439941,0.15696406364440918,(GI-UX) Network Access,vpn_access,"(GI-UX) Network Access|(GI-UX) File & Print|(GI-IaaS) Network On-Prem (LAN,WLAN,WAN 2nd level)|(GI-CF) Robot Process Automation|(GI-IaaS) Network Cloud (Azure, Remote Access)",vpn_access|software_support|vpn_access|admin_rights|vpn_access
R-1217,Access to azure vm l4c8bank.qzt.com,(GI-UX) Network Access,vpn_access,Service request,1,1073,103,0.8246051669120789,0.6566665768623352,0.6384540796279907,0.5595953464508057,0.8246051669120789,0.16793859004974365,0.2650098204612732,(GI-UX) Network Access,vpn_access,"(GI-UX) Network Access|(GI-IaaS) Network Cloud (Azure, Remote Access)|(GI-UX) Network Access|(GI-UX) Network Access|(GI-UX) Group",vpn_access|vpn_access|vpn_access|vpn_access|other
R-1219,admin permissions,(GI-CF) Robot Process Automation,admin_rights,Service request,1,4819,55,0.8338800668716431,0.7566505074501038,0.7654421925544739,0.7444226741790771,0.8338800668716431,0.0772295594215393,0.08945739269256592,(GI-CF) Robot Process Automation,admin_rights,(GI-CF) Robot Process Automation|(GI-CF) Robot Process Automation|(GI-CF) Robot Process Automation|(BF) Information Security Office|(GI-CF) Robot Process Automation,admin_rights|admin_rights|admin_rights|admin_rights|admin_rights
R-1223,Access to exyqzx.priv from VPN,(GI-UX) Network Access,vpn_access,Service request,1,1079,160,0.577343761920929,0.5714448690414429,0.5660442113876343,0.5523618459701538,0.577343761920929,0.005898892879486084,0.024981915950775146,(GI-UX) Network Access,other,(GI-UX) Network Access|(GI-UX) Group|(GI-UX) Network Access|(GI-UX) Network Access|(GI-UX) Network Access,other|vpn_access|vpn_access|vpn_access|vpn_access
R-1225,Reset password for external account x-Melinda.DeSoto,(GI-UX) Group,password_reset,Service request,1,418,79,0.7966305017471313,0.773956298828125,0.7405785322189331,0.6866432428359985,0.7966305017471313,0.022674202919006348,0.10998725891113281,(GI-UX) Group,password_reset,(GI-UX) Group|(GI-UX) Group|(GI-UX) Group|(GI-UX) Group|(GI-UX) Group,password_reset|password_reset|password_reset|password_reset|password_reset
R-1226,Gft Italia__new_dismissal__20240604_mepf_Pacifico [Ticket to manage virtual devi,(GI-IaaS) Backend Application Srv. & Project Support,offboarding,Service request,0,253,602,0.9839313626289368,0.9833438396453857,0.9827777147293091,0.9805415272712708,0.9839313626289368,0.0005875229835510254,0.0033898353576660156,(GI-IaaS) Backend Application Srv. & Project Support,offboarding,(GI-IaaS) Backend Application Srv. & Project Support|(GI-IaaS) Backend Application Srv. & Project Support|(GI-IaaS) Backend Application Srv. & Project Support|(GI-IaaS) Backend Application Srv. & Project Support|(GI-IaaS) Backend Application Srv. & Project Support,offboarding|offboarding|offboarding|offboarding|offboarding
R-1227,Gft Italia__new_dismissal__20240604_mepf_Santino [Ticket to manage Admin Locatio,(LF) IT Office Access Italy,offboarding,Service request,0,128,599,0.9791238903999329,0.9774191379547119,0.9753775596618652,0.9702315330505371,0.9791238903999329,0.0017047524452209473,0.008892357349395752,(LF) IT Office Access Italy,offboarding,(LF) IT Office Access Italy|(LF) IT Office Access Italy|(LF) IT Office Access Italy|(LF) IT Office Access Italy|(LF) IT Office Access Italy,offboarding|offboarding|offboarding|offboarding|offboarding
R-1228,Gft Italia__new_dismissal__20240604_xcdi_Grimaldi [Ticket to manage device retir,(GI-UX) Group,offboarding,Service request,0,141,598,0.984306812286377,0.9823954701423645,0.9818128347396851,0.9800321459770203,0.984306812286377,0.0019113421440124512,0.0042746663093566895,(GI-UX) File & Print,offboarding,(GI-UX) File & Print|(GI-UX) File & Print|(GI-UX) Group|(GI-UX) File & Print|(GI-IaaS) Backend Application Srv. & Project Support,offboarding|offboarding|offboarding|offboarding|offboarding
R-1229,Gft Italia__new_dismissal__20240604_mepf_Ricci,(GI-UX) Account Management,offboarding,Service request,1,329,594,0.9855655431747437,0.9832767844200134,0.9824880361557007,0.980258047580719,0.9855655431747437,0.0022887587547302246,0.005307495594024658,(GI-UX) Account Management,offboarding,(GI-UX) Account Management|(GI-UX) Account Management|(GI-UX) Account Management|(GI-UX) Account Management|(GI-UX) Account Management,offboarding|offboarding|offboarding|offboarding|offboarding
R-1230,I need Admin rights on my PC,(BF) Information Security Office,admin_rights,Service request,1,4603,131,0.8617227077484131,0.7741916179656982,0.7259825468063354,0.6472158432006836,0.8617227077484131,0.08753108978271484,0.2145068645477295,(GI-CF) Robot Process Automation,admin_rights,(GI-CF) Robot Process Automation|(GI-CF) Robot Process Automation|(BF) Information Security Office|(GI-CF) Robot Process Automation|(GI-UX) Group,admin_rights|admin_rights|admin_rights|admin_rights|software_support
R-1231,I need to customize Jira project (ABC Consulting - ABC001),(GI-IaaS) Development Platform,project_tools,Service request,1,297,1135,0.49626195430755615,0.4766104221343994,0.46031665802001953,0.4282042384147644,0.49626195430755615,0.01965153217315674,0.06805771589279175,(GI-IaaS) Development Platform,project_tools,(GI-IaaS) Development Platform|(GI-IaaS) Development Platform|(GI-IaaS) Development Platform|(GI-IaaS) Development Platform|(GI-IaaS) Development Platform,project_tools|project_tools|project_tools|project_tools|project_tools
R-1233,I need a Jira license,(GI-IaaS) Development Platform,software_license,Service request,1,1250,91,0.8821048736572266,0.8739049434661865,0.8717325329780579,0.8629684448242188,0.8821048736572266,0.008199930191040039,0.019136428833007812,(GI-IaaS) Development Platform,software_license,(GI-IaaS) Development Platform|(GI-IaaS) Development Platform|(GI-IaaS) Development Platform|(GI-IaaS) Development Platform|(GI-IaaS) Development Platform,software_license|software_license|software_license|software_license|software_license
R-1236,I can't access ISP-PGA-Italy page site,(GI-IaaS) Development Platform,other,Service request,1,206,229,0.5564673542976379,0.548019289970398,0.5272905230522156,0.5086150765419006,0.5564673542976379,0.00844806432723999,0.047852277755737305,"(GI-IaaS) Network Cloud (Azure, Remote Access)",other,"(GI-IaaS) Network Cloud (Azure, Remote Access)|(GI-UX) Group|(GI-IaaS) Development Platform|(GI-IaaS) Network On-Prem (LAN,WLAN,WAN 2nd level)|(GI-UX) Network Access",other|vpn_access|other|other|vpn_access
R-1238,I need to access this URL https://example.com/tat-evo/tat/,(GI-UX) Network Access,vpn_access,Service request,1,1088,58,0.9118083715438843,0.7181163430213928,0.6759303212165833,0.5831089019775391,0.9118083715438843,0.19369202852249146,0.3286994695663452,(GI-UX) Network Access,vpn_access,(GI-UX) Network Access|(GI-UX) Network Access|(GI-UX) Group|(GI-UX) Group|(GI-UX) Network Access,vpn_access|vpn_access|vpn_access|vpn_access|vpn_access
R-124,Access to BPER network via GFT VPN,(GI-UX) Group,vpn_access,Service request,1,1243,176,0.91184401512146,0.9118343591690063,0.9051200747489929,0.8970747590065002,0.91184401512146,9.655952453613281e-06,0.014769256114959717,(GI-UX) Group,vpn_access,(GI-UX) Group|(GI-UX) Network Access|(GI-UX) Network Access|(GI-UX) Group|(GI-UX) Network Access,vpn_access|vpn_access|vpn_access|vpn_access|vpn_access
R-1242,Access to Renus Network from LFT VPN,(GI-UX) Network Access,vpn_access,Service request,1,1060,144,0.6228986382484436,0.6026136875152588,0.5998804569244385,0.5827527046203613,0.6228986382484436,0.020284950733184814,0.040145933628082275,(GI-UX) Network Access,vpn_access,(GI-UX) Network Access|(GI-UX) Group|(GI-UX) Group|(GI-UX) Network Access|(GI-UX) Network Access,vpn_access|vpn_access|vpn_access|vpn_access|vpn_access
R-1243,Adding some new PDU and ROUTER on iTop,(GI-SM) Service Desk,other,Service request,0,928,120,0.5464298129081726,0.49064743518829346,0.43679189682006836,0.3764898180961609,0.5464298129081726,0.05578237771987915,0.16993999481201172,(GI-SM) Service Desk,other,(GI-SM) Service Desk|(GI-IaaS) Admin - Local IT purchase|(GI-UX) Network Access|(GI-SaaS) SAP & Synertrade|(GI-SaaS) SAP & Synertrade,other|other|vpn_access|enterprise_systems|enterprise_systems
R-1245,Request for Activation of Driver for GSM SIM Slot on DELL Laptop,(GI-UX) Windows,software_support,Service request,1,422,644,0.43851733207702637,0.4308716654777527,0.42631739377975464,0.41621726751327515,0.43851733207702637,0.007645666599273682,0.02230006456375122,(GI-UX) Mobile Device Management,hardware_support,(GI-UX) Mobile Device Management|(GI-UX) Network Access|(GI-UX) Mobile Device Management|(GI-UX) Group|(GI-UX) Group,hardware_support|vpn_access|hardware_support|other|software_license
R-1247,MS TEAMS - Sharepoint lost files,(GI-UX) Office365 & MS-Teams,other,Incident,1,217,212,0.8317610621452332,0.5507352948188782,0.5707183480262756,0.4366243779659271,0.8317610621452332,0.281025767326355,0.39513668417930603,(GI-UX) Office365 & MS-Teams,software_support,(GI-UX) Office365 & MS-Teams|(GI-UX) Group|(GI-UX) Group|(GI-UX) Group|(GI-UX) File & Print,software_support|software_support|hardware_support|software_support|software_support
R-1249,Need to install weblogic,(GI-CF) Robot Process Automation,admin_rights,Service request,1,4822,37,0.7511392831802368,0.6222147941589355,0.6446658372879028,0.6137223243713379,0.7511392831802368,0.12892448902130127,0.13741695880889893,(GI-CF) Robot Process Automation,admin_rights,(GI-CF) Robot Process Automation|(GI-UX) Group|(GI-CF) Robot Process Automation|(GI-CF) Robot Process Automation|(BF) Information Security Office,admin_rights|software_license|admin_rights|admin_rights|admin_rights
R-1251,Need to access BPER url,(GI-UX) Network Access,vpn_access,Service request,1,1095,113,0.5831088423728943,0.5747469663619995,0.538332462310791,0.4716784358024597,0.5831088423728943,0.008361876010894775,0.11143040657043457,(GI-UX) Network Access,vpn_access,(GI-UX) Network Access|(GI-UX) Network Access|(GI-UX) Network Access|(GI-UX) Network Access|(GI-UX) Network Access,vpn_access|vpn_access|vpn_access|vpn_access|vpn_access
R-1254,gft_italia_new_dismiss:20240515_123456_A-BCDE [Ticket to manage Admin Location I,(LF) IT Office Access Italy,offboarding,Service request,0,128,472,0.9777041673660278,0.9740934371948242,0.9732577204704285,0.9697777032852173,0.9777041673660278,0.0036107301712036133,0.007926464080810547,(LF) IT Office Access Italy,offboarding,(LF) IT Office Access Italy|(LF) IT Office Access Italy|(LF) IT Office Access Italy|(LF) IT Office Access Italy|(LF) IT Office Access Italy,offboarding|offboarding|offboarding|offboarding|offboarding
R-1257,Please create a new Distribution List called ISP TF Governance (email ISP.TF.Gov,(GI-UX) Account Management,other,Service request,1,1506,106,0.8798790574073792,0.5320414304733276,0.5857917070388794,0.49207067489624023,0.8798790574073792,0.3478376269340515,0.3878083825111389,(GI-UX) Account Management,email_support,(GI-UX) Account Management|(GI-UX) Account Management|(GI-UX) Account Management|(GI-IaaS) Backend M365 (2nd level)|(GI-UX) Group,email_support|email_support|email_support|email_support|email_support
R-1259,gft_italia_new_entry_20240521_528439_HERNANDEZ,(GI-UX) Account Management,onboarding,Service request,1,1238,504,0.9686480760574341,0.9433361291885376,0.9464471936225891,0.9350029230117798,0.9686480760574341,0.025311946868896484,0.0336451530456543,(GI-UX) File & Print,onboarding,(GI-UX) File & Print|(GI-UX) Account Management|(GI-UX) Account Management|(GI-UX) Account Management|(GI-UX) Account Management,onboarding|onboarding|onboarding|onboarding|onboarding
R-126,I can't turn on my pc,(GI-UX) File & Print,other,Incident,0,200,78,0.5789697170257568,0.46834230422973633,0.46489039063453674,0.3941987156867981,0.5789697170257568,0.11062741279602051,0.18477100133895874,(GI-UX) Group,hardware_support,(GI-UX) Group|(GI-UX) Group|(GI-UX) File & Print|(GI-UX) Group|(GI-UX) Group,hardware_support|hardware_support|hardware_support|hardware_support|hardware_support
R-1261,gft_italia_new_entry_20240521_123456_ROSSI,(GI-UX) Account Management,onboarding,Service request,1,1165,488,0.9716503620147705,0.9651257991790771,0.9641728401184082,0.9601644277572632,0.9716503620147705,0.006524562835693359,0.011485934257507324,(GI-UX) Account Management,onboarding,(GI-UX) Account Management|(GI-UX) Group|(GI-UX) Account Management|(GI-UX) Account Management|(GI-UX) Account Management,onboarding|onboarding|onboarding|onboarding|onboarding
R-1262,Citrix Workspace App,(GI-UX) Group,software_license,Service request,1,2179,78,0.8590604066848755,0.7685315608978271,0.7512123584747314,0.6432155966758728,0.8590604066848755,0.09052884578704834,0.21584481000900269,(GI-UX) File & Print,software_support,(GI-UX) File & Print|(GI-UX) Group|(GI-UX) Group|(GI-UX) Group|(GI-UX) Windows,software_support|software_license|software_license|hardware_support|software_support
R-1264,gft_italia_new_entry_20240521_902109_E-CNLD_REHIRE,(GI-UX) Account Management,onboarding,Service request,1,1165,676,0.9063380360603333,0.9000267386436462,0.8922529220581055,0.8762863874435425,0.9063380360603333,0.006311297416687012,0.03005164861679077,(GI-UX) File & Print,other,(GI-UX) File & Print|(GI-UX) Account Management|(GI-UX) Group|(GI-UX) Group|(GI-UX) Account Management,other|onboarding|onboarding|onboarding|onboarding
R-1267,Q2-VODAFONE . 30xsamsA55+11xS24+3xIP15+1xS24PLUS+1xIP15PRO,(GI-IaaS) Admin - Local IT purchase,other,Service request,0,102,171,0.7293404340744019,0.6693305969238281,0.6585092544555664,0.595673680305481,0.7293404340744019,0.06000983715057373,0.1336667537689209,(GI-IaaS) Admin - Local IT purchase,other,(GI-IaaS) Admin - Local IT purchase|(GI-IaaS) Admin - Local IT purchase|(GI-IaaS) Admin - Local IT purchase|(GI-IaaS) Admin - Local IT purchase|(GI-IaaS) Admin - Local IT purchase,other|other|other|other|other
R-1268,I need support regarding all assignment,(GI-SaaS) Salesforce,other,Service request,1,730,255,0.5051367282867432,0.4913409650325775,0.48696598410606384,0.4789046347141266,0.5051367282867432,0.01379576325416565,0.026232093572616577,(BF) Employee Platform (SAP SF),other,(BF) Employee Platform (SAP SF)|(GI-SaaS) Salesforce|(GI-UX) File & Print|(GI-UX) Group|(GI-UX) File & Print,other|admin_rights|offboarding|onboarding|offboarding
R-1269,gft_italia_new_entry_20240520_596834_OLINER [Ticket to manage device assignments,(GI-UX) Group,onboarding,Service request,0,127,511,0.9763669371604919,0.9751861095428467,0.9739591479301453,0.9722597599029541,0.9763669371604919,0.0011808276176452637,0.004107177257537842,(GI-UX) File & Print,onboarding,(GI-UX) File & Print|(GI-UX) Group|(GI-UX) File & Print|(GI-UX) File & Print|(GI-UX) Group,onboarding|onboarding|onboarding|onboarding|onboarding
R-127,GFT Italy_new work schedule to be created,(BF) Employee Platform (SAP SF),other,Service request,0,408,146,0.7914109826087952,0.6342871189117432,0.616753876209259,0.5510114431381226,0.7914109826087952,0.157123863697052,0.2403995394706726,(BF) Employee Platform (SAP SF),other,(BF) Employee Platform (SAP SF)|(GI-SaaS) Salesforce|(GI-SaaS) Salesforce|(LF) IT Office Access Italy|(LF) IT Office Access Italy,other|absence|hr_tools|offboarding|offboarding
R-1270,gft_italia_new_entry_20240520_123456_ABXCDE,(GI-UX) Account Management,onboarding,Service request,1,1180,549,0.9388724565505981,0.9357646107673645,0.9224998354911804,0.9104283452033997,0.9388724565505981,0.0031078457832336426,0.028444111347198486,(GI-UX) Account Management,onboarding,(GI-UX) Account Management|(GI-UX) Account Management|(GI-UX) Account Management|(GI-UX) Group|(GI-UX) Account Management,onboarding|onboarding|onboarding|onboarding|onboarding
R-1272,I must install some tools for client's requirements,(GI-UX) Group,software_license,Service request,1,2268,194,0.7254316806793213,0.711803138256073,0.7022237181663513,0.6816623210906982,0.7254316806793213,0.013628542423248291,0.04376935958862305,(GI-CF) Robot Process Automation,admin_rights,(GI-CF) Robot Process Automation|(GI-CF) Robot Process Automation|(GI-UX) Group|(GI-CF) Robot Process Automation|(GI-CF) Robot Process Automation,admin_rights|admin_rights|software_license|admin_rights|admin_rights
R-1273,I need administrator rights on my computer,(GI-UX) Group,admin_rights,Service request,1,4512,246,0.6929903030395508,0.6871732473373413,0.6818273067474365,0.673262357711792,0.6929903030395508,0.005817055702209473,0.01972794532775879,(BF) Information Security Office,admin_rights,(BF) Information Security Office|(GI-UX) File & Print|(BF) Information Security Office|(GI-CF) Robot Process Automation|(BF) Information Security Office,admin_rights|admin_rights|admin_rights|admin_rights|admin_rights
R-1274,GFT VPN not present on my PC,(GI-UX) Windows,software_support,Service request,1,422,46,0.7173705101013184,0.7067393064498901,0.6825450658798218,0.6477605104446411,0.7173705101013184,0.010631203651428223,0.06960999965667725,(GI-UX) Network Access,vpn_access,(GI-UX) Network Access|(GI-UX) Network Access|(GI-UX) Network Access|(GI-UX) Network Access|(GI-UX) Group,vpn_access|other|vpn_access|other|software_support
R-1276,Renewal Creative Cloud Acrobat Pro DC,(GI-IaaS) Admin - License & Asset Management,software_license,Service request,1,2220,84,0.8244788646697998,0.7372453808784485,0.7417715787887573,0.704789400100708,0.8244788646697998,0.08723348379135132,0.1196894645690918,(GI-IaaS) Admin - License & Asset Management,software_license,(GI-IaaS) Admin - License & Asset Management|(GI-IaaS) Admin - License & Asset Management|(GI-UX) Group|(GI-IaaS) Admin - License & Asset Management|(GI-IaaS) Admin - License & Asset Management,software_license|software_license|software_license|software_license|software_license
R-1277,All invoices from Olisystems to NeoTech are in status rejected,(GI-SaaS) SAP & Synertrade,other,Incident,0,291,308,0.6824581027030945,0.5712493658065796,0.5490831136703491,0.46438664197921753,0.6824581027030945,0.11120873689651489,0.21807146072387695,(GI-SaaS) SAP & Synertrade,other,(GI-SaaS) SAP & Synertrade|(GI-SaaS) SAP & Synertrade|(GI-SaaS) SAP & Synertrade|(GI-SaaS) Salesforce|(GI-SaaS) SAP & Synertrade,other|other|other|other|other
R-1278,New headphone,(GI-UX) File & Print,hardware_support,Incident,1,228,21,0.6291141510009766,0.5199823379516602,0.4517787992954254,0.30165451765060425,0.6291141510009766,0.1091318130493164,0.3274596333503723,(GI-UX) Group,hardware_support,(GI-UX) Group|(GI-UX) Mobile Device Management|(GI-UX) File & Print|(GI-UX) Group|(GI-UX) Group,hardware_support|hardware_support|other|hardware_support|hardware_support
R-1279,I need administrator rights in order to download some security token and run cmd,(GI-CF) Robot Process Automation,admin_rights,Service request,1,4695,80,0.9161782264709473,0.7233216762542725,0.7389330863952637,0.6694828271865845,0.9161782264709473,0.1928565502166748,0.2466953992843628,(GI-CF) Robot Process Automation,admin_rights,(GI-CF) Robot Process Automation|(GI-UX) File & Print|(BF) Information Security Office|(GI-CF) Robot Process Automation|(BF) Information Security Office,admin_rights|admin_rights|admin_rights|admin_rights|admin_rights
R-128,Administrator rights,(GI-CF) Robot Process Automation,admin_rights,Service request,1,4491,309,0.9995213150978088,0.5752608776092529,0.6434675455093384,0.5439575910568237,0.9995213150978088,0.4242604374885559,0.4555637240409851,(GI-CF) Robot Process Automation,admin_rights,(GI-CF) Robot Process Automation|(GI-CF) Robot Process Automation|(BF) Information Security Office|(GI-CF) Robot Process Automation|(GI-UX) Group,admin_rights|admin_rights|admin_rights|admin_rights|admin_rights
R-1281,Attendance Log - Community meetings,(GI-UX) Account Management,other,Service request,1,1290,576,0.5229096412658691,0.4434276223182678,0.4484763741493225,0.41558676958084106,0.5229096412658691,0.07948201894760132,0.10732287168502808,(BF) Employee Platform (SAP SF),other,(BF) Employee Platform (SAP SF)|(LF) IT Office Access Italy|(GI-IaaS) Development Platform|(LF) IT Office Access Italy|(LF) IT Office Access Italy,other|offboarding|software_license|offboarding|offboarding
R-1283,set folder to download,(GI-UX) Group,software_support,Service request,1,422,679,0.42133772373199463,0.40226656198501587,0.38513296842575073,0.3597857356071472,0.42133772373199463,0.01907116174697876,0.06155198812484741,(GI-UX) Group,software_support,(GI-UX) Group|(GI-CyberSec) Security Operation Center|(GI-UX) Group|(GI-CF) Robot Process Automation|(GI-UX) Group,software_support|email_support|vpn_access|admin_rights|software_support
R-1285,Adobe Creative Cloud Acrobat PRO DC,(GI-IaaS) Admin - License & Asset Management,software_license,Service request,1,2117,93,0.983076810836792,0.946051836013794,0.8372880816459656,0.7474706172943115,0.983076810836792,0.03702497482299805,0.23560619354248047,(GI-UX) Group,software_license,(GI-UX) Group|(GI-IaaS) Admin - License & Asset Management|(GI-IaaS) Admin - License & Asset Management|(GI-IaaS) Admin - License & Asset Management|(GI-IaaS) Admin - License & Asset Management,software_license|software_license|software_license|software_license|software_license
R-1286,How to change members in a distribution list that I own,(GI-UX) Group,email_support,Service request,1,621,303,0.709074854850769,0.629895806312561,0.5684813857078552,0.4852622449398041,0.709074854850769,0.07917904853820801,0.22381260991096497,(GI-UX) Unified Communication,email_support,(GI-UX) Unified Communication|(GI-UX) Unified Communication|(GI-UX) Account Management|(GI-UX) Account Management|(GI-UX) File & Print,email_support|other|email_support|other|software_support
R-1287,request for admin rights,(GI-CF) Robot Process Automation,admin_rights,Service request,1,4774,107,0.8562878370285034,0.8483615517616272,0.8184235692024231,0.7638108134269714,0.8562878370285034,0.00792628526687622,0.09247702360153198,(GI-CF) Robot Process Automation,admin_rights,(GI-CF) Robot Process Automation|(GI-CF) Robot Process Automation|(GI-CF) Robot Process Automation|(GI-CF) Robot Process Automation|(GI-CF) Robot Process Automation,admin_rights|admin_rights|admin_rights|admin_rights|admin_rights
R-1289,Reset wifi driver,(GI-UX) Group,hardware_support,Incident,1,233,86,0.5228422284126282,0.45474788546562195,0.4430917203426361,0.389942467212677,0.5228422284126282,0.06809434294700623,0.13289976119995117,(GI-UX) File & Print,hardware_support,(GI-UX) File & Print|(GI-UX) Group|(GI-UX) Group|(GI-UX) File & Print|(GI-UX) Windows,hardware_support|other|software_license|software_support|software_support
R-129,Administrator rights,(GI-CF) Robot Process Automation,admin_rights,Service request,1,4494,308,0.9995213150978088,0.5817513465881348,0.649510383605957,0.5511021614074707,0.9995213150978088,0.4177699685096741,0.44841915369033813,(GI-CF) Robot Process Automation,admin_rights,(GI-CF) Robot Process Automation|(GI-CF) Robot Process Automation|(BF) Information Security Office|(GI-UX) Group|(GI-CF) Robot Process Automation,admin_rights|admin_rights|admin_rights|admin_rights|admin_rights
R-1293,I need help resizing a docker volume in Docker Desktop,(GI-UX) Group,software_license,Service request,1,2186,229,0.5851267576217651,0.5526001453399658,0.5164997577667236,0.4508160650730133,0.5851267576217651,0.032526612281799316,0.13431069254875183,(GI-CF) Robot Process Automation,admin_rights,(GI-CF) Robot Process Automation|(BF) Information Security Office|(GI-CF) Robot Process Automation|(GI-UX) Group|(GI-IaaS) Admin - Local IT purchase,admin_rights|admin_rights|admin_rights|hardware_support|software_license
R-1294,New endpoint for Fictorum VPN,"(GI-IaaS) Network On-Prem (LAN,WLAN,WAN 2nd level)",vpn_access,Service request,1,1068,127,0.7222284078598022,0.6810351610183716,0.6325445175170898,0.5808423161506653,0.7222284078598022,0.041193246841430664,0.14138609170913696,"(GI-IaaS) Network On-Prem (LAN,WLAN,WAN 2nd level)",vpn_access,"(GI-IaaS) Network On-Prem (LAN,WLAN,WAN 2nd level)|(GI-IaaS) Network On-Prem (LAN,WLAN,WAN 2nd level)|(GI-IaaS) Network On-Prem (LAN,WLAN,WAN 2nd level)|(GI-IaaS) Network On-Prem (LAN,WLAN,WAN 2nd level)|(GI-IaaS) Network On-Prem (LAN,WLAN,WAN 2nd level)",vpn_access|vpn_access|vpn_access|vpn_access|vpn_access
R-1295,I need access to nexus.ytr.com,(GI-IaaS) Development Platform,other,Service request,1,677,131,0.5267391204833984,0.5029128789901733,0.4978965222835541,0.48344510793685913,0.5267391204833984,0.023826241493225098,0.04329401254653931,(GI-UX) Network Access,vpn_access,(GI-UX) Network Access|(GI-UX) Group|(GI-UX) Network Access|(GI-UX) Network Access|(GI-UX) Group,vpn_access|vpn_access|vpn_access|vpn_access|hardware_support
R-1296,New group randomemail@randomcorp.com,(GI-UX) Account Management,email_support,Service request,1,1408,188,0.660148561000824,0.5818274021148682,0.578620433807373,0.5320414304733276,0.660148561000824,0.07832115888595581,0.12810713052749634,(GI-UX) Account Management,email_support,(GI-UX) Account Management|(GI-UX) Unified Communication|(GI-UX) Account Management|(GI-UX) Account Management|(GI-UX) Account Management,email_support|other|collaboration|email_support|other
R-1298,Admin rights on new DELL laptop,(GI-CF) Robot Process Automation,admin_rights,Service request,1,4627,132,0.8156112432479858,0.78196120262146,0.7805994153022766,0.7483999133110046,0.8156112432479858,0.03365004062652588,0.0672113299369812,(GI-UX) Group,admin_rights,(GI-UX) Group|(GI-CF) Robot Process Automation|(GI-CF) Robot Process Automation|(GI-CF) Robot Process Automation|(GI-CF) Robot Process Automation,admin_rights|admin_rights|admin_rights|admin_rights|admin_rights
R-1299,GFT Italy - Element activation problem,(GI-SaaS) Salesforce,enterprise_systems,Incident,1,903,225,0.9747117757797241,0.9740529656410217,0.9527174234390259,0.904176652431488,0.9747117757797241,0.0006588101387023926,0.07053512334823608,(GI-SaaS) Salesforce,enterprise_systems,(GI-SaaS) Salesforce|(GI-SaaS) Salesforce|(GI-SaaS) Salesforce|(GI-SaaS) Salesforce|(GI-SaaS) Salesforce,enterprise_systems|enterprise_systems|enterprise_systems|enterprise_systems|enterprise_systems
R-13,can't access to Citrix XYZ VPN Europe,(GI-UX) Windows,software_support,Service request,1,422,37,0.8325817584991455,0.8015229105949402,0.7870744466781616,0.7368316650390625,0.8325817584991455,0.031058847904205322,0.09575009346008301,(GI-UX) Windows,software_support,(GI-UX) Windows|(GI-UX) Windows|(GI-UX) Network Access|(GI-UX) Network Access|(GI-UX) Group,software_support|software_support|other|software_support|software_support
R-130,problem open citrix programs,(GI-UX) Group,other,Service request,1,421,62,0.7785466909408569,0.7413738965988159,0.7268664836883545,0.6879422068595886,0.7785466909408569,0.037172794342041016,0.09060448408126831,(GI-UX) File & Print,software_support,(GI-UX) File & Print|(GI-UX) Group|(GI-UX) File & Print|(GI-UX) Group|(GI-UX) Group,software_support|software_support|hardware_support|software_license|hardware_support
R-1300,Request for Kimble permissions,(GI-SaaS) Salesforce,admin_rights,Service request,1,3406,186,0.9357873201370239,0.7088799476623535,0.6900123357772827,0.571576714515686,0.9357873201370239,0.2269073724746704,0.3642106056213379,(GI-SaaS) Salesforce,admin_rights,(GI-SaaS) Salesforce|(GI-SaaS) Salesforce|(GI-SaaS) Salesforce|(GI-SaaS) Salesforce|(GI-SaaS) Salesforce,admin_rights|other|admin_rights|admin_rights|absence
R-1301,I need a headphones,(GI-UX) Group,hardware_support,Incident,1,256,147,0.6291142702102661,0.5606632828712463,0.48071804642677307,0.3216480314731598,0.6291142702102661,0.06845098733901978,0.3074662387371063,(GI-UX) File & Print,hardware_support,(GI-UX) File & Print|(GI-UX) Mobile Device Management|(GI-UX) File & Print|(GI-UX) Group|(GI-UX) Group,hardware_support|hardware_support|other|hardware_support|hardware_support
R-1304,Hard Disk Not Detected Alert,(GI-UX) Group,hardware_support,Incident,1,232,219,0.4140298366546631,0.3941986858844757,0.36319443583488464,0.31226325035095215,0.4140298366546631,0.019831150770187378,0.10176658630371094,(GI-UX) Group,software_license,(GI-UX) Group|(GI-UX) File & Print|(GI-UX) Group|(GI-UX) Group|(GI-UX) Group,software_license|other|hardware_support|hardware_support|hardware_support
R-1305,Mac uses all CPU when connected at external montior,(GI-UX) File & Print,hardware_support,Incident,1,228,176,0.25320982933044434,0.24022339284420013,0.23018422722816467,0.2089862823486328,0.25320982933044434,0.012986436486244202,0.04422354698181152,(GI-UX) File & Print,hardware_support,(GI-UX) File & Print|(GI-UX) Group|(GI-UX) File & Print|(GI-CyberSec) Security Operation Center|(GI-UX) Group,hardware_support|hardware_support|hardware_support|other|hardware_support
R-1309,Gft Italia__new_dismissal__20240520_iefo_Bianchi Alessia [Ticket to manage devic,(GI-UX) Group,offboarding,Service request,0,128,597,0.9848976135253906,0.9842334389686584,0.9836190342903137,0.9817577600479126,0.9848976135253906,0.0006641745567321777,0.0031398534774780273,(GI-UX) File & Print,offboarding,(GI-UX) File & Print|(GI-UX) Group|(GI-UX) File & Print|(GI-UX) Group|(GI-UX) Group,offboarding|offboarding|offboarding|offboarding|offboarding
R-131,I require the Jira Service Management License,(GI-IaaS) Development Platform,software_license,Service request,1,1342,118,0.8568643927574158,0.8466678261756897,0.8130170106887817,0.7776355743408203,0.8568643927574158,0.010196566581726074,0.07922881841659546,(GI-IaaS) Development Platform,software_license,(GI-IaaS) Development Platform|(GI-IaaS) Development Platform|(GI-IaaS) Development Platform|(GI-IaaS) Development Platform|(GI-IaaS) Development Platform,software_license|software_license|other|software_license|software_license
R-1313,Need admin rights to reinstall all apps from previous PC,(GI-CF) Robot Process Automation,admin_rights,Service request,1,4560,124,0.7809039950370789,0.7664328217506409,0.7573758363723755,0.7167113423347473,0.7809039950370789,0.014471173286437988,0.06419265270233154,(GI-CF) Robot Process Automation,admin_rights,(GI-CF) Robot Process Automation|(GI-UX) Windows|(GI-CF) Robot Process Automation|(GI-UX) Windows|(GI-CF) Robot Process Automation,admin_rights|other|admin_rights|admin_rights|admin_rights
R-1317,Gft Italia_new_entry_20240604_815367_La Terra [Ticket to manage device assignmen,(GI-UX) File & Print,onboarding,Service request,0,127,671,0.9859862923622131,0.984555721282959,0.9839336276054382,0.9826546907424927,0.9859862923622131,0.0014305710792541504,0.003331601619720459,(GI-UX) File & Print,onboarding,(GI-UX) File & Print|(GI-UX) File & Print|(GI-UX) File & Print|(GI-UX) File & Print|(GI-UX) File & Print,onboarding|onboarding|onboarding|onboarding|onboarding
R-1318,Gft Italia_new_entry_20240604_137482_La Navicella,(GI-UX) Account Management,onboarding,Service request,1,1167,673,0.9675765037536621,0.967060387134552,0.9666725397109985,0.9656170606613159,0.9675765037536621,0.0005161166191101074,0.0019594430923461914,(GI-UX) Account Management,onboarding,(GI-UX) Account Management|(GI-UX) Account Management|(GI-UX) Account Management|(GI-UX) Account Management|(GI-UX) Account Management,onboarding|onboarding|onboarding|onboarding|onboarding
R-1319,Gft Italia_new_entry_20240604_839475_Graziano [Ticket to manage device assignmen,(GI-UX) File & Print,onboarding,Service request,0,132,701,0.9884189367294312,0.9864771366119385,0.9866788983345032,0.9858272075653076,0.9884189367294312,0.0019418001174926758,0.002591729164123535,(GI-UX) File & Print,onboarding,(GI-UX) File & Print|(GI-UX) File & Print|(GI-UX) File & Print|(GI-UX) File & Print|(GI-UX) File & Print,onboarding|onboarding|onboarding|onboarding|onboarding
R-132,I need Confluence License,(GI-IaaS) Development Platform,software_license,Service request,1,1236,58,0.8225483894348145,0.8225483894348145,0.8106319308280945,0.7894237637519836,0.8225483894348145,0.0,0.03312462568283081,(GI-IaaS) Development Platform,software_license,(GI-IaaS) Development Platform|(GI-IaaS) Development Platform|(GI-IaaS) Development Platform|(GI-IaaS) Development Platform|(GI-IaaS) Development Platform,software_license|software_license|software_license|software_license|software_license
R-1323,Badge to GFT Italy - urgente,(LF) IT Office Access Italy,office_access,Service request,1,415,128,0.9360963702201843,0.9201617240905762,0.9156732559204102,0.8971620798110962,0.9360963702201843,0.015934646129608154,0.038934290409088135,(LF) IT Office Access Italy,office_access,(LF) IT Office Access Italy|(LF) IT Office Access Italy|(LF) IT Office Access Italy|(LF) IT Office Access Italy|(LF) IT Office Access Italy,office_access|office_access|office_access|office_access|office_access
R-1324,Salescloud active users report,(GI-SaaS) Salesforce,other,Service request,0,105,198,0.9174056649208069,0.868087649345398,0.6276617050170898,0.4288663864135742,0.9174056649208069,0.049318015575408936,0.48853927850723267,(GI-SaaS) Salesforce,other,(GI-SaaS) Salesforce|(GI-SaaS) Salesforce|(GI-SaaS) Salesforce|(GI-SaaS) Salesforce|(GI-UX) Account Management,other|other|other|other|collaboration
R-1326,Gft Italia_new_entry_20240604_918243_Bianchi Marco,(GI-UX) Account Management,onboarding,Service request,1,1173,689,0.99437415599823,0.9894202947616577,0.9893643260002136,0.9865116477012634,0.99437415599823,0.004953861236572266,0.007862508296966553,(GI-UX) Account Management,onboarding,(GI-UX) Account Management|(GI-UX) Account Management|(GI-UX) Account Management|(GI-UX) Account Management|(GI-UX) Account Management,onboarding|onboarding|onboarding|onboarding|onboarding
R-1329,lzbe,(GI-SaaS) Salesforce,absence,Service request,1,522,198,0.5599392652511597,0.5042710304260254,0.5028232932090759,0.4682592749595642,0.5599392652511597,0.05566823482513428,0.09167999029159546,(GI-SaaS) Salesforce,absence,(GI-SaaS) Salesforce|(GI-SaaS) Salesforce|(GI-UX) Application|(GI-SaaS) Salesforce|(GI-SaaS) Salesforce,absence|absence|absence|other|absence
R-133,I require the Jira License,(GI-IaaS) Development Platform,software_license,Service request,1,1246,92,0.8466677069664001,0.7521651983261108,0.7565768957138062,0.7171951532363892,0.8466677069664001,0.0945025086402893,0.129472553730011,(GI-IaaS) Development Platform,software_license,(GI-IaaS) Development Platform|(GI-IaaS) Development Platform|(GI-IaaS) Development Platform|(GI-IaaS) Development Platform|(GI-IaaS) Development Platform,software_license|software_license|software_license|software_license|software_license
R-1331,Gft Italia__new_dismissal__20240614_a43v_Doe [Ticket to manage virtual devices r,(GI-IaaS) Backend Application Srv. & Project Support,offboarding,Service request,0,128,588,0.9890130758285522,0.9885803461074829,0.9872058033943176,0.985309362411499,0.9890130758285522,0.00043272972106933594,0.0037037134170532227,(GI-IaaS) Backend Application Srv. & Project Support,offboarding,(GI-IaaS) Backend Application Srv. & Project Support|(GI-IaaS) Backend Application Srv. & Project Support|(GI-IaaS) Backend Application Srv. & Project Support|(GI-IaaS) Backend Application Srv. & Project Support|(GI-IaaS) Backend Application Srv. & Project Support,offboarding|offboarding|offboarding|offboarding|offboarding
R-1332,Gft Italia__new_dismissal__20240614_a43v_Anderson [Ticket to manage Admin Locati,(LF) IT Office Access Italy,offboarding,Service request,0,253,601,0.9845517873764038,0.9845361709594727,0.9829033613204956,0.9800840020179749,0.9845517873764038,1.5616416931152344e-05,0.004467785358428955,(LF) IT Office Access Italy,offboarding,(LF) IT Office Access Italy|(LF) IT Office Access Italy|(LF) IT Office Access Italy|(LF) IT Office Access Italy|(LF) IT Office Access Italy,offboarding|offboarding|offboarding|offboarding|offboarding
R-1333,Gft Italia__new_dismissal__20240614_a43v_Manco [Ticket to manage device retireme,(GI-UX) Group,offboarding,Service request,0,127,588,0.9878191351890564,0.9850558638572693,0.9843813180923462,0.9824352264404297,0.9878191351890564,0.0027632713317871094,0.005383908748626709,(GI-UX) File & Print,offboarding,(GI-UX) File & Print|(GI-UX) Group|(GI-UX) Group|(GI-UX) Group|(GI-UX) Group,offboarding|offboarding|offboarding|offboarding|offboarding
R-1335,Gft Italia_new_entry_20240604_123456_DiPaolo [Ticket to manage device assignment,(GI-UX) File & Print,onboarding,Service request,0,128,688,0.9825608730316162,0.9824756979942322,0.9819890856742859,0.9815140962600708,0.9825608730316162,8.51750373840332e-05,0.0010467767715454102,(GI-UX) File & Print,onboarding,(GI-UX) File & Print|(GI-UX) File & Print|(GI-UX) File & Print|(GI-UX) File & Print|(GI-UX) File & Print,onboarding|onboarding|onboarding|onboarding|onboarding
R-1336,Gft Italia_new_entry_20240604_372841_Aiotola,(GI-UX) Account Management,onboarding,Service request,1,1174,679,0.972632884979248,0.9721707105636597,0.9715912938117981,0.9702005386352539,0.972632884979248,0.0004621744155883789,0.0024323463439941406,(GI-UX) Account Management,onboarding,(GI-UX) Account Management|(GI-UX) Account Management|(GI-UX) Account Management|(GI-UX) Account Management|(GI-UX) File & Print,onboarding|onboarding|onboarding|onboarding|onboarding
R-1337,GFT ITALY : employee need Project Head permissions,(GI-SaaS) Salesforce,admin_rights,Service request,1,3425,274,0.9203526973724365,0.9020076990127563,0.7804460525512695,0.6201702952384949,0.9203526973724365,0.018344998359680176,0.30018240213394165,(GI-SaaS) Salesforce,admin_rights,(GI-SaaS) Salesforce|(GI-SaaS) Salesforce|(GI-SaaS) Salesforce|(GI-SaaS) Salesforce|(GI-UX) Account Management,admin_rights|admin_rights|admin_rights|admin_rights|onboarding
R-1338,"Software License DbVisualizer Pro - will expire on 2024-06-12, I need to extend ",(GI-IaaS) Admin - License & Asset Management,software_license,Service request,1,2147,136,0.888452410697937,0.6736419200897217,0.699237585067749,0.6343262791633606,0.888452410697937,0.21481049060821533,0.2541261315345764,(GI-IaaS) Admin - License & Asset Management,software_license,(GI-IaaS) Admin - License & Asset Management|(GI-IaaS) Admin - License & Asset Management|(GI-IaaS) Admin - License & Asset Management|(GI-IaaS) Admin - License & Asset Management|(GI-UX) Group,software_license|software_license|software_license|software_license|software_license
R-1339,Code Ready containers installation,(GI-UX) Group,software_license,Service request,1,2159,97,0.502900242805481,0.4729738235473633,0.4686799943447113,0.43549269437789917,0.502900242805481,0.029926419258117676,0.06740754842758179,(GI-UX) Group,software_license,(GI-UX) Group|(GI-UX) Group|(GI-IaaS) Admin - Local IT purchase|(GI-UX) Group|(GI-UX) Group,software_license|other|software_license|other|other
R-134,I need to install docker on my computer,(GI-UX) Group,software_license,Service request,1,2157,98,0.9413269758224487,0.7048169374465942,0.7155008316040039,0.6088213920593262,0.9413269758224487,0.2365100383758545,0.33250558376312256,(GI-UX) Group,other,(GI-UX) Group|(GI-UX) Group|(GI-UX) Group|(GI-UX) Group|(GI-IaaS) Admin - License & Asset Management,other|software_license|software_license|software_license|other
R-1340,Please add colleague to Humaine Subscription,(GI-IaaS) Cloud Services,other,Service request,1,513,24,0.6760122776031494,0.4960166811943054,0.518814742565155,0.4610505998134613,0.6760122776031494,0.179995596408844,0.2149616777896881,(GI-IaaS) Cloud Services,other,(GI-IaaS) Cloud Services|(GI-SaaS) Salesforce|(GI-IaaS) Backend Application Srv. & Project Support|(GI-UX) Unified Communication|(GI-UX) Network Access,other|absence|offboarding|email_support|vpn_access
R-1341,I need administrator rights to download OBS Studio,(GI-CF) Robot Process Automation,admin_rights,Service request,1,4781,50,0.7762640714645386,0.7606585621833801,0.7482715845108032,0.7262760400772095,0.7762640714645386,0.015605509281158447,0.0499880313873291,(GI-CF) Robot Process Automation,admin_rights,(GI-CF) Robot Process Automation|(GI-UX) File & Print|(GI-CF) Robot Process Automation|(GI-CF) Robot Process Automation|(BF) Information Security Office,admin_rights|admin_rights|admin_rights|admin_rights|admin_rights
R-1342,Teams issue,(GI-UX) Group,software_support,Service request,1,422,73,0.6775767803192139,0.6624512672424316,0.5986397862434387,0.5295411348342896,0.6775767803192139,0.015125513076782227,0.14803564548492432,(GI-UX) Group,hardware_support,(GI-UX) Group|(GI-UX) Group|(GI-UX) File & Print|(GI-SM) Service Desk|(GI-IaaS) Backend M365 (2nd level),hardware_support|software_support|software_support|other|other
R-1344,Problemi collegati con Teams e servizi office,(GI-UX) Group,software_support,Service request,1,422,642,0.7365162372589111,0.5340694189071655,0.5621271729469299,0.5115911364555359,0.7365162372589111,0.2024468183517456,0.22492510080337524,(GI-UX) Group,software_support,(GI-UX) Group|(GI-UX) Mobile Device Management|(GI-UX) File & Print|(GI-UX) Mobile Device Management|(GI-UX) File & Print,software_support|other|other|other|other
R-1345,Request for the creation of two new projects,(GI-IaaS) Development Platform,project_tools,Service request,1,1265,190,0.6973044872283936,0.6657465696334839,0.6427213549613953,0.5967696905136108,0.6973044872283936,0.03155791759490967,0.10053479671478271,(GI-IaaS) Development Platform,project_tools,(GI-IaaS) Development Platform|(GI-IaaS) Development Platform|(GI-IaaS) Development Platform|(GI-IaaS) Development Platform|(GI-IaaS) Development Platform,project_tools|project_tools|software_license|software_license|software_license
R-1346,Need to use my personal HDD device,(GI-CyberSec) Cybersecurity,other,Service request,1,1206,782,0.3988053798675537,0.38714754581451416,0.38013285398483276,0.36968308687210083,0.3988053798675537,0.01165783405303955,0.02912229299545288,(GI-UX) File & Print,software_support,(GI-UX) File & Print|(GI-UX) File & Print|(GI-UX) File & Print|(GI-CF) Robot Process Automation|(GI-UX) Group,software_support|hardware_support|software_support|admin_rights|hardware_support
R-1349,Error import project https://short.link/abcde,(GI-IaaS) Development Platform,other,Service request,0,112,538,0.5901811122894287,0.5793662071228027,0.5444479584693909,0.5146885514259338,0.5901811122894287,0.010814905166625977,0.07549256086349487,(GI-UX) Network Access,vpn_access,"(GI-UX) Network Access|(GI-UX) Network Access|(GI-UX) File & Print|(GI-IaaS) Network Cloud (Azure, Remote Access)|(GI-UX) Group",vpn_access|vpn_access|other|other|vpn_access
R-135,Access to BPER network via GFT VPN,(GI-UX) Group,vpn_access,Service request,1,1089,87,0.9851373434066772,0.9284756183624268,0.9229013323783875,0.8939054608345032,0.9851373434066772,0.05666172504425049,0.09123188257217407,(GI-UX) Network Access,vpn_access,(GI-UX) Network Access|(GI-UX) Network Access|(GI-UX) Group|(GI-UX) Group|(GI-UX) Network Access,vpn_access|vpn_access|vpn_access|vpn_access|vpn_access
R-1350,Install Citrix Workspace App,(GI-UX) File & Print,software_support,Service request,1,422,78,0.8590604066848755,0.703279972076416,0.7251323461532593,0.6793415546417236,0.8590604066848755,0.15578043460845947,0.17971885204315186,(GI-UX) Group,software_license,(GI-UX) Group|(GI-UX) Group|(GI-UX) Group|(GI-UX) Group|(GI-UX) Group,software_license|software_license|software_license|hardware_support|software_license
R-1351,Problema Teams e Outlook,(GI-UX) Group,software_support,Service request,1,422,520,0.7365162372589111,0.557817816734314,0.5841682553291321,0.5403726100921631,0.7365162372589111,0.17869842052459717,0.19614362716674805,(GI-UX) Group,software_support,(GI-UX) Group|(GI-UX) Mobile Device Management|(GI-UX) File & Print|(GI-UX) Group|(GI-UX) File & Print,software_support|other|other|other|other
R-1355,gft_italia_new_dismiss_20240510_E-POQT_814204 [Ticket to manage device retiremen,(GI-UX) Group,offboarding,Service request,0,129,472,0.9843199253082275,0.9828689694404602,0.9827313423156738,0.9819000959396362,0.9843199253082275,0.001450955867767334,0.0024198293685913086,(GI-UX) Group,offboarding,(GI-UX) Group|(GI-UX) File & Print|(GI-UX) Group|(GI-UX) Group|(GI-UX) Group,offboarding|offboarding|offboarding|offboarding|offboarding
R-1358,GFT Italy: element activation problem,(GI-SaaS) Salesforce,enterprise_systems,Service request,1,675,352,0.7637845277786255,0.7516613006591797,0.7436949610710144,0.7299038767814636,0.7637845277786255,0.0121232271194458,0.033880650997161865,(GI-SaaS) Salesforce,enterprise_systems,(GI-SaaS) Salesforce|(GI-SaaS) Salesforce|(GI-SaaS) Salesforce|(GI-SaaS) Salesforce|(GI-SaaS) Salesforce,enterprise_systems|enterprise_systems|enterprise_systems|enterprise_systems|enterprise_systems
R-1359,Admin rights,(GI-IaaS) Admin - License & Asset Management,software_license,Service request,1,2118,43,0.7059663534164429,0.700233519077301,0.6916817426681519,0.6802070736885071,0.7059663534164429,0.005732834339141846,0.02575927972793579,(GI-CF) Robot Process Automation,admin_rights,(GI-CF) Robot Process Automation|(GI-CF) Robot Process Automation|(GI-CF) Robot Process Automation|(GI-CF) Robot Process Automation|(BF) Information Security Office,admin_rights|admin_rights|admin_rights|admin_rights|admin_rights
R-136,Need administrator rights on my computer for software installations,(GI-UX) Group,admin_rights,Service request,1,4675,83,0.9400632381439209,0.9363214373588562,0.9260587692260742,0.9077568054199219,0.9400632381439209,0.0037418007850646973,0.03230643272399902,(GI-CF) Robot Process Automation,admin_rights,(GI-CF) Robot Process Automation|(BF) Information Security Office|(GI-CF) Robot Process Automation|(BF) Information Security Office|(BF) Information Security Office,admin_rights|admin_rights|admin_rights|admin_rights|admin_rights
R-1361,Gft Italia_new_entry_20240604_763291_Ricci [Ticket to manage device assignments],(GI-UX) File & Print,onboarding,Service request,0,127,671,0.9896454811096191,0.9887953996658325,0.9875911474227905,0.9855213165283203,0.9896454811096191,0.0008500814437866211,0.004124164581298828,(GI-UX) File & Print,onboarding,(GI-UX) File & Print|(GI-UX) File & Print|(GI-UX) File & Print|(GI-UX) File & Print|(GI-UX) File & Print,onboarding|onboarding|onboarding|onboarding|onboarding
R-1365,Goivanni Serrao: access to BPER network via JRW VPN,(GI-UX) Network Access,vpn_access,Service request,1,1023,114,0.7167403101921082,0.6904993653297424,0.6945117712020874,0.6873142719268799,0.7167403101921082,0.026240944862365723,0.02942603826522827,(GI-UX) Network Access,vpn_access,(GI-UX) Network Access|(GI-UX) Network Access|(GI-UX) Group|(GI-UX) Group|(GI-UX) Network Access,vpn_access|vpn_access|vpn_access|vpn_access|vpn_access
R-1368,Gft Italia_new_entry_20240520_963742_Martelli [Ticket to manage device assignmen,(GI-UX) File & Print,onboarding,Service request,0,129,701,0.9900925755500793,0.9816039800643921,0.9823160171508789,0.9798439145088196,0.9900925755500793,0.008488595485687256,0.010248661041259766,(GI-UX) File & Print,onboarding,(GI-UX) File & Print|(GI-UX) Group|(GI-UX) File & Print|(GI-UX) File & Print|(GI-UX) File & Print,onboarding|onboarding|onboarding|onboarding|onboarding
R-1369,Gft Italia_new_entry_20240520_475301_Lombardo,(GI-UX) Account Management,onboarding,Service request,1,1515,699,0.9888018369674683,0.987999439239502,0.9876783490180969,0.9866253733634949,0.9888018369674683,0.0008023977279663086,0.0021764636039733887,(GI-UX) Account Management,onboarding,(GI-UX) Account Management|(GI-UX) Account Management|(GI-UX) Account Management|(GI-UX) Account Management|(GI-UX) Account Management,onboarding|onboarding|onboarding|onboarding|onboarding
R-137,I need network access,(GI-UX) Network Access,vpn_access,Service request,1,1105,41,0.9382866024971008,0.9255987405776978,0.6986478567123413,0.5099368095397949,0.9382866024971008,0.012687861919403076,0.4283497929573059,(GI-UX) Network Access,vpn_access,"(GI-UX) Network Access|(GI-UX) Network Access|(GI-UX) Network Access|(GI-UX) Group|(GI-IaaS) Network On-Prem (LAN,WLAN,WAN 2nd level)",vpn_access|vpn_access|vpn_access|vpn_access|vpn_access
R-1370,I CAN'T ENTER A NEW PAID LEAVE REQUEST,(BF) Employee Platform (SAP SF),other,Service request,0,917,108,0.5446635484695435,0.47017428278923035,0.48046502470970154,0.45974278450012207,0.5446635484695435,0.07448926568031311,0.08492076396942139,(GI-SaaS) Salesforce,absence,(GI-SaaS) Salesforce|(GI-SaaS) Salesforce|(GI-UX) Application|(GI-SaaS) Salesforce|(GI-IaaS) Backend Application Srv. & Project Support,absence|absence|absence|absence|offboarding
R-1371,Renew administrator rights,(GI-CF) Robot Process Automation,admin_rights,Service request,1,4853,45,0.8159600496292114,0.6235119104385376,0.6535252332687378,0.5989093780517578,0.8159600496292114,0.19244813919067383,0.2170506715774536,(GI-UX) Group,admin_rights,(GI-UX) Group|(GI-CF) Robot Process Automation|(BF) Information Security Office|(GI-CF) Robot Process Automation|(GI-CF) Robot Process Automation,admin_rights|admin_rights|admin_rights|admin_rights|admin_rights
R-1373,Access to azure vm k8s4bank.example.com,(GI-UX) Network Access,vpn_access,Service request,1,1081,104,0.8246051073074341,0.6077714562416077,0.6340354084968567,0.5686048865318298,0.8246051073074341,0.21683365106582642,0.25600022077560425,(GI-UX) Network Access,vpn_access,"(GI-UX) Network Access|(GI-UX) Network Access|(GI-IaaS) Network Cloud (Azure, Remote Access)|(GI-UX) Network Access|(GI-UX) Group",vpn_access|vpn_access|vpn_access|vpn_access|vpn_access
R-1374,Setup PC,(GI-CF) Robot Process Automation,admin_rights,Service request,1,4661,115,0.9442911148071289,0.7447144389152527,0.7568444013595581,0.6870273947715759,0.9442911148071289,0.19957667589187622,0.257263720035553,(GI-CF) Robot Process Automation,admin_rights,(GI-CF) Robot Process Automation|(GI-UX) Group|(GI-CF) Robot Process Automation|(GI-UX) Windows|(GI-CF) Robot Process Automation,admin_rights|admin_rights|admin_rights|admin_rights|admin_rights
R-1375,Enable user to access client network (Albaleasing),(GI-UX) Network Access,vpn_access,Service request,1,1289,169,0.9767593145370483,0.6453927159309387,0.6901342272758484,0.598744809627533,0.9767593145370483,0.3313665986061096,0.3780145049095154,(GI-UX) Network Access,vpn_access,(GI-UX) Network Access|(GI-UX) Network Access|(GI-UX) Network Access|(GI-UX) Group|(GI-UX) Network Access,vpn_access|vpn_access|vpn_access|vpn_access|vpn_access
R-1376,I need to give PIM ROLES to IT new Joiner JDOE,(GI-IaaS) Backend System Management (2nd level),other,Service request,1,694,356,0.9364036321640015,0.6742380857467651,0.650816798210144,0.47137606143951416,0.9364036321640015,0.26216554641723633,0.4650275707244873,(GI-IaaS) Backend System Management (2nd level),other,(GI-IaaS) Backend System Management (2nd level)|(GI-IaaS) Backend System Management (2nd level)|(GI-IaaS) Backend System Management (2nd level)|(GI-UX) System Management & Anti Virus|(GI-CF) Robot Process Automation,other|other|other|other|admin_rights
R-1379,Renew admin rights,(GI-CF) Robot Process Automation,admin_rights,Service request,1,4726,158,0.8648717403411865,0.8385223150253296,0.8325629234313965,0.8081706762313843,0.8648717403411865,0.026349425315856934,0.056701064109802246,(GI-CF) Robot Process Automation,admin_rights,(GI-CF) Robot Process Automation|(BF) Information Security Office|(BF) Information Security Office|(BF) Information Security Office|(GI-UX) Group,admin_rights|admin_rights|admin_rights|admin_rights|admin_rights
R-1380,GFT ITALY: Software License Creative Cloud Acrobat Pro DC,(GI-IaaS) Admin - License & Asset Management,software_license,Service request,1,2123,139,0.7641008496284485,0.7594380378723145,0.735701322555542,0.6578869819641113,0.7641008496284485,0.004662811756134033,0.10621386766433716,(GI-UX) Group,software_license,(GI-UX) Group|(GI-IaaS) Admin - License & Asset Management|(GI-IaaS) Admin - License & Asset Management|(GI-IaaS) Admin - License & Asset Management|(GI-IaaS) Admin - License & Asset Management,software_license|software_license|software_license|software_license|software_license
R-1385,Gft Italia_new_entry_20240520_8492731_Luca Bianchi [Ticket to manage device assi,(GI-UX) File & Print,onboarding,Service request,0,127,699,0.9863277077674866,0.9810613393783569,0.9817875027656555,0.980404794216156,0.9863277077674866,0.005266368389129639,0.005922913551330566,(GI-UX) File & Print,onboarding,(GI-UX) File & Print|(GI-UX) File & Print|(GI-UX) File & Print|(GI-UX) File & Print|(GI-UX) File & Print,onboarding|onboarding|onboarding|onboarding|onboarding
R-1386,Gft Italia_new_entry_20240520_815288_Rossi Franco,(GI-UX) Account Management,onboarding,Service request,1,1158,696,0.9834964275360107,0.9828962087631226,0.9825557470321655,0.9819883108139038,0.9834964275360107,0.0006002187728881836,0.0015081167221069336,(GI-UX) Account Management,onboarding,(GI-UX) Account Management|(GI-UX) Account Management|(GI-UX) Account Management|(GI-UX) Account Management|(GI-UX) Account Management,onboarding|onboarding|onboarding|onboarding|onboarding
R-1389,I need a new mouse and USB Key,(GI-UX) Group,hardware_support,Incident,1,233,49,0.6702529191970825,0.6068097352981567,0.5811882019042969,0.524273157119751,0.6702529191970825,0.06344318389892578,0.14597976207733154,(GI-UX) Group,hardware_support,(GI-UX) Group|(GI-UX) Group|(GI-UX) Group|(GI-UX) File & Print|(GI-UX) File & Print,hardware_support|hardware_support|hardware_support|hardware_support|hardware_support
R-139,Need PM Permissions for gtsi,(GI-SaaS) Salesforce,admin_rights,Service request,1,3364,174,0.8009181618690491,0.7604079842567444,0.6840437650680542,0.579845666885376,0.8009181618690491,0.04051017761230469,0.2210724949836731,(GI-SaaS) Salesforce,admin_rights,(GI-SaaS) Salesforce|(GI-SaaS) Salesforce|(GI-SaaS) Salesforce|(GI-SaaS) Salesforce|(GI-CF) Robot Process Automation,admin_rights|admin_rights|admin_rights|admin_rights|admin_rights
R-1390,GZL TECH SRL - Paolo Rossi (LIPH),(GI-SaaS) Salesforce,absence,Service request,1,560,137,0.7796486616134644,0.76439368724823,0.7296133041381836,0.6681767702102661,0.7796486616134644,0.015254974365234375,0.11147189140319824,(GI-SaaS) Salesforce,absence,(GI-SaaS) Salesforce|(GI-SaaS) Salesforce|(GI-SaaS) Salesforce|(GI-SaaS) Salesforce|(GI-SaaS) Salesforce,absence|absence|absence|absence|absence
R-1392,GFT ITALIA SRL - Rodriguez Lucas (LRCX),(GI-SaaS) Salesforce,absence,Service request,1,569,134,0.7439719438552856,0.6796144247055054,0.668221116065979,0.6150919198989868,0.7439719438552856,0.06435751914978027,0.12888002395629883,(GI-SaaS) Salesforce,absence,(GI-SaaS) Salesforce|(GI-SaaS) Salesforce|(GI-SaaS) Salesforce|(GI-SaaS) Salesforce|(GI-SaaS) Salesforce,absence|absence|absence|absence|absence
R-1393,Cannot access JIRA project,(GI-SM) Service Desk,other,Service request,0,1255,92,0.801016092300415,0.6663081049919128,0.6725023984909058,0.6170823574066162,0.801016092300415,0.1347079873085022,0.18393373489379883,(GI-IaaS) Development Platform,other,(GI-IaaS) Development Platform|(GI-UX) Network Access|(GI-IaaS) Development Platform|(GI-UX) File & Print|(GI-IaaS) Development Platform,other|other|software_license|access_problem|software_license
R-1396,GZQ ITALIA SRL - MIRRA LUCIA - B58T,(GI-SaaS) Salesforce,absence,Service request,1,553,140,0.7439719438552856,0.7337218523025513,0.7213805317878723,0.6889275312423706,0.7439719438552856,0.010250091552734375,0.05504441261291504,(GI-SaaS) Salesforce,absence,(GI-SaaS) Salesforce|(GI-SaaS) Salesforce|(GI-SaaS) Salesforce|(GI-SaaS) Salesforce|(GI-SaaS) Salesforce,absence|absence|absence|absence|absence
R-1399,Gft Italia_new_entry_20240520_967235_Rossi,(GI-UX) Account Management,onboarding,Service request,1,1167,716,0.989331841468811,0.9887171387672424,0.9876574277877808,0.9861692190170288,0.989331841468811,0.0006147027015686035,0.0031626224517822266,(GI-UX) Account Management,onboarding,(GI-UX) Account Management|(GI-UX) Account Management|(GI-UX) Account Management|(GI-UX) Account Management|(GI-UX) Account Management,onboarding|onboarding|onboarding|onboarding|onboarding
R-1402,Gft Italia_new_entry_20240520_147205_Davolio [Ticket to manage device assignment,(GI-UX) File & Print,onboarding,Service request,0,127,700,0.978441059589386,0.9776120185852051,0.9773762822151184,0.9764755964279175,0.978441059589386,0.0008290410041809082,0.001965463161468506,(GI-UX) File & Print,onboarding,(GI-UX) File & Print|(GI-UX) File & Print|(GI-UX) File & Print|(GI-UX) File & Print|(GI-UX) File & Print,onboarding|onboarding|onboarding|onboarding|onboarding
R-1403,Gft Italia_new_entry_20240520_375981_Radcliffe,(GI-UX) Account Management,onboarding,Service request,1,1179,700,0.9692646265029907,0.9677506685256958,0.9674445986747742,0.9655578136444092,0.9692646265029907,0.0015139579772949219,0.003706812858581543,(GI-UX) Account Management,onboarding,(GI-UX) Account Management|(GI-UX) Account Management|(GI-UX) Account Management|(GI-UX) Account Management|(GI-UX) Account Management,onboarding|onboarding|onboarding|onboarding|onboarding
R-1406,x-alexander.morton@bvq.com is not able to access to VPN,(GI-UX) Group,password_reset,Service request,1,419,173,0.6485156416893005,0.6304706335067749,0.6215551495552063,0.5950771570205688,0.6485156416893005,0.018045008182525635,0.05343848466873169,(GI-UX) Group,vpn_access,(GI-UX) Group|(GI-UX) Network Access|(GI-UX) Network Access|(GI-UX) Group|(GI-UX) Group,vpn_access|vpn_access|other|software_support|other
R-1407,I need admin powers,(GI-CF) Robot Process Automation,admin_rights,Service request,1,4683,103,0.8789092898368835,0.6775664687156677,0.6635633707046509,0.5623723268508911,0.8789092898368835,0.20134282112121582,0.31653696298599243,(GI-UX) Group,other,(GI-UX) Group|(GI-UX) Group|(GI-CF) Robot Process Automation|(GI-CF) Robot Process Automation|(BF) Information Security Office,other|software_license|admin_rights|admin_rights|admin_rights
R-141,Offboard employee Luca Marino on 2024-07-23 [Ticket to manage Admin Location Inf,(LF) IT Office Access Italy,offboarding,Service request,0,140,211,0.9006367325782776,0.8565653562545776,0.8615130186080933,0.8462029695510864,0.9006367325782776,0.04407137632369995,0.05443376302719116,(LF) IT Office Access Italy,offboarding,(LF) IT Office Access Italy|(LF) IT Office Access Italy|(LF) IT Office Access Italy|(LF) IT Office Access Italy|(LF) IT Office Access Italy,offboarding|offboarding|offboarding|offboarding|offboarding
R-1412,Substitution old PC,(GI-UX) Group,other,Service request,0,61,2729,0.9925111532211304,0.9919477105140686,0.9902902841567993,0.9886763095855713,0.9925111532211304,0.0005634427070617676,0.003834843635559082,(GI-UX) Group,other,(GI-UX) Group|(GI-UX) Group|(GI-UX) File & Print|(GI-UX) Group|(GI-UX) Group,other|other|other|other|other
R-1416,Admin rights to update a program,(GI-UX) Windows,software_support,Service request,1,422,157,0.7248247861862183,0.7153940200805664,0.7108572721481323,0.6886537075042725,0.7248247861862183,0.009430766105651855,0.0361710786819458,(GI-UX) File & Print,admin_rights,(GI-UX) File & Print|(GI-CF) Robot Process Automation|(GI-UX) File & Print|(GI-CF) Robot Process Automation|(GI-CF) Robot Process Automation,admin_rights|admin_rights|admin_rights|admin_rights|admin_rights
R-1417,GFT Italia_I would like to change the SURNAME on a new employee EMAIL,(GI-UX) Account Management,other,Service request,1,862,336,0.5841620564460754,0.5463821887969971,0.5396867394447327,0.5025491118431091,0.5841620564460754,0.03777986764907837,0.08161294460296631,(GI-UX) Account Management,collaboration,(GI-UX) Account Management|(GI-UX) Account Management|(GI-UX) Account Management|(GI-UX) Unified Communication|(GI-UX) Group,collaboration|other|email_support|other|password_reset
R-1420,gft_italia_new_dismiss_20240517_E-XY12_428859_NEW EMPLOYEE [Ticket to manage dev,(GI-UX) File & Print,offboarding,Service request,0,137,560,0.9465829133987427,0.9325703978538513,0.93159019947052,0.9219990968704224,0.9465829133987427,0.014012515544891357,0.024583816528320312,(GI-IaaS) Backend Application Srv. & Project Support,offboarding,(GI-IaaS) Backend Application Srv. & Project Support|(GI-UX) Account Management|(LF) IT Office Access Italy|(GI-UX) File & Print|(LF) IT Office Access Italy,offboarding|offboarding|offboarding|offboarding|offboarding
R-1424,I need to backup the iSO of a virtual machine on Diamond Server,(GI-UX) Group,other,Service request,1,437,109,0.40517497062683105,0.40517497062683105,0.37653085589408875,0.3390849828720093,0.40517497062683105,0.0,0.06608998775482178,(GI-UX) File & Print,other,(GI-UX) File & Print|(GI-UX) File & Print|(GI-UX) Group|(GI-UX) Group|(GI-UX) File & Print,other|other|hardware_support|software_license|hardware_support
R-1426,Creation of new jira project: ESTATE - CREDCO,(GI-IaaS) Development Platform,project_tools,Service request,1,1137,168,0.6657466888427734,0.6605938673019409,0.643355131149292,0.6200039386749268,0.6657466888427734,0.0051528215408325195,0.04574275016784668,(GI-IaaS) Development Platform,project_tools,(GI-IaaS) Development Platform|(GI-IaaS) Development Platform|(GI-IaaS) Development Platform|(GI-IaaS) Development Platform|(GI-IaaS) Development Platform,project_tools|project_tools|software_license|software_license|software_license
R-1427,Enable Admin Privileges,(GI-UX) File & Print,admin_rights,Service request,1,4792,64,0.8049141764640808,0.788629412651062,0.7854083776473999,0.7734194397926331,0.8049141764640808,0.0162847638130188,0.031494736671447754,(GI-CF) Robot Process Automation,admin_rights,(GI-CF) Robot Process Automation|(GI-UX) Group|(GI-CF) Robot Process Automation|(GI-UX) Group|(GI-CF) Robot Process Automation,admin_rights|admin_rights|admin_rights|admin_rights|admin_rights
R-143,Travel requisition IT02,(GI-SaaS) Salesforce,admin_rights,Service request,1,3364,159,0.5309873223304749,0.5167693495750427,0.49352288246154785,0.4602484405040741,0.5309873223304749,0.014217972755432129,0.07073888182640076,"(GI-IaaS) Network Cloud (Azure, Remote Access)",vpn_access,"(GI-IaaS) Network Cloud (Azure, Remote Access)|(GI-IaaS) Network Cloud (Azure, Remote Access)|(GI-SaaS) Salesforce|(GI-SaaS) Salesforce|(GI-IaaS) Backend Application Srv. & Project Support",vpn_access|vpn_access|admin_rights|absence|offboarding
R-1430,I need administrator rights on my computer,(GI-UX) Group,software_license,Service request,1,2117,79,0.778533935546875,0.7667039632797241,0.7518370747566223,0.7319055199623108,0.778533935546875,0.011829972267150879,0.04662841558456421,(GI-CF) Robot Process Automation,admin_rights,(GI-CF) Robot Process Automation|(BF) Information Security Office|(GI-CF) Robot Process Automation|(GI-UX) Group|(GI-CF) Robot Process Automation,admin_rights|admin_rights|admin_rights|software_license|admin_rights
R-1431,I need a jira license,(GI-IaaS) Development Platform,software_license,Service request,1,1256,70,0.8135157823562622,0.8106289505958557,0.8057312965393066,0.797648012638092,0.8135157823562622,0.002886831760406494,0.015867769718170166,(GI-IaaS) Development Platform,software_license,(GI-IaaS) Development Platform|(GI-IaaS) Development Platform|(GI-IaaS) Development Platform|(GI-IaaS) Development Platform|(GI-IaaS) Development Platform,software_license|software_license|software_license|software_license|software_license
R-1432,administrator authorization request,(GI-UX) Group,software_license,Service request,1,2194,479,0.9499984979629517,0.7018174529075623,0.7468796968460083,0.6906142830848694,0.9499984979629517,0.2481810450553894,0.2593842148780823,(GI-CF) Robot Process Automation,admin_rights,(GI-CF) Robot Process Automation|(GI-CF) Robot Process Automation|(GI-CF) Robot Process Automation|(GI-UX) Group|(BF) Information Security Office,admin_rights|admin_rights|admin_rights|software_license|admin_rights
R-1433,I need Jira licenses,(GI-IaaS) Development Platform,software_license,Service request,1,1281,47,0.8565173149108887,0.837326169013977,0.8283573389053345,0.8151469230651855,0.8565173149108887,0.01919114589691162,0.041370391845703125,(GI-IaaS) Development Platform,software_license,(GI-IaaS) Development Platform|(GI-IaaS) Development Platform|(GI-IaaS) Development Platform|(GI-IaaS) Development Platform|(GI-IaaS) Development Platform,software_license|software_license|software_license|software_license|software_license
R-1434,i have a problem with LML VPN to access the bper systems,(GI-UX) Network Access,other,Incident,0,153,334,0.5616819858551025,0.539084792137146,0.5370551347732544,0.5201271176338196,0.5616819858551025,0.022597193717956543,0.04155486822128296,(GI-UX) Network Access,vpn_access,"(GI-UX) Network Access|(GI-UX) Group|(GI-UX) Group|(GI-UX) Network Access|(GI-IaaS) Network Cloud (Azure, Remote Access)",vpn_access|password_reset|vpn_access|other|other
R-1435,I need administration rights on my computer for software installation,(BF) Information Security Office,admin_rights,Service request,1,4796,69,0.9363212585449219,0.9223060607910156,0.9067312479019165,0.8895952701568604,0.9363212585449219,0.01401519775390625,0.04672598838806152,(GI-UX) Group,admin_rights,(GI-UX) Group|(BF) Information Security Office|(GI-CF) Robot Process Automation|(GI-CF) Robot Process Automation|(GI-CF) Robot Process Automation,admin_rights|admin_rights|admin_rights|admin_rights|admin_rights
R-1437,I need a Jira license,(GI-IaaS) Development Platform,software_license,Service request,1,1251,21,1.0,1.0,0.9550196528434753,0.9214807152748108,1.0,0.0,0.07851928472518921,(GI-IaaS) Development Platform,software_license,(GI-IaaS) Development Platform|(GI-IaaS) Development Platform|(GI-IaaS) Development Platform|(GI-IaaS) Development Platform|(GI-IaaS) Development Platform,software_license|software_license|software_license|software_license|software_license
R-1438,I need a Confluence license,(GI-IaaS) Development Platform,software_license,Service request,1,1247,27,1.0,1.0,0.9612312316894531,0.918615460395813,1.0,0.0,0.08138453960418701,(GI-IaaS) Development Platform,software_license,(GI-IaaS) Development Platform|(GI-IaaS) Development Platform|(GI-IaaS) Development Platform|(GI-IaaS) Development Platform|(GI-IaaS) Development Platform,software_license|software_license|software_license|software_license|software_license
R-144,Administrator Right Request,(GI-CF) Robot Process Automation,admin_rights,Service request,1,4722,102,0.7367944717407227,0.7239772081375122,0.7175301313400269,0.6894376277923584,0.7367944717407227,0.01281726360321045,0.04735684394836426,(GI-CF) Robot Process Automation,admin_rights,(GI-CF) Robot Process Automation|(GI-CF) Robot Process Automation|(GI-CF) Robot Process Automation|(GI-CF) Robot Process Automation|(GI-CF) Robot Process Automation,admin_rights|admin_rights|admin_rights|admin_rights|admin_rights
R-1442,Administrator Rights,(GI-CF) Robot Process Automation,admin_rights,Service request,1,4693,87,0.9854897260665894,0.8862171173095703,0.89488285779953,0.8560481071472168,0.9854897260665894,0.09927260875701904,0.12944161891937256,(BF) Information Security Office,admin_rights,(BF) Information Security Office|(GI-CF) Robot Process Automation|(GI-CF) Robot Process Automation|(GI-CF) Robot Process Automation|(GI-UX) Group,admin_rights|admin_rights|admin_rights|admin_rights|admin_rights
R-1445,Citrix / VPN is not working,(GI-UX) Windows,software_support,Service request,1,422,166,0.8325817584991455,0.8235536217689514,0.8122561573982239,0.7789838910102844,0.8325817584991455,0.009028136730194092,0.053597867488861084,(GI-UX) Windows,software_support,(GI-UX) Windows|(GI-UX) Group|(GI-UX) Network Access|(GI-UX) Windows|(GI-UX) Windows,software_support|software_support|software_support|software_support|software_support
R-1446,Substitution old PC,(GI-UX) Group,other,Service request,0,88,2835,0.9881777763366699,0.9877905249595642,0.9857195615768433,0.9836353063583374,0.9881777763366699,0.0003872513771057129,0.0045424699783325195,(GI-UX) Group,other,(GI-UX) Group|(GI-UX) Group|(GI-UX) Group|(GI-UX) Group|(GI-UX) File & Print,other|other|other|other|other
R-1448,gft_italia_new_dismiss_20240424_A-XCGT_329482 [Ticket to manage virtual devices ,(GI-IaaS) Backend Application Srv. & Project Support,offboarding,Service request,0,128,470,0.9789272546768188,0.9779585599899292,0.9762441515922546,0.9745773077011108,0.9789272546768188,0.0009686946868896484,0.004349946975708008,(GI-IaaS) Backend Application Srv. & Project Support,offboarding,(GI-IaaS) Backend Application Srv. & Project Support|(GI-IaaS) Backend Application Srv. & Project Support|(GI-IaaS) Backend Application Srv. & Project Support|(GI-IaaS) Backend Application Srv. & Project Support|(GI-IaaS) Backend Application Srv. & Project Support,offboarding|offboarding|offboarding|offboarding|offboarding
R-145,GDC ITALY LTD_FERRARO LUCIA_JRQS,(GI-UX) Application,absence,Service request,1,542,166,0.7493547201156616,0.7342187166213989,0.7323315739631653,0.7136334180831909,0.7493547201156616,0.015136003494262695,0.0357213020324707,(GI-UX) Application,absence,(GI-UX) Application|(GI-SaaS) Salesforce|(GI-SaaS) Salesforce|(GI-UX) Application|(GI-UX) Application,absence|absence|absence|absence|absence
R-1451,gft_italia_new_dismiss_20240424_A-XYKP_715293,(GI-UX) Account Management,offboarding,Service request,1,329,474,0.9730297923088074,0.9715671539306641,0.967406153678894,0.9623126983642578,0.9730297923088074,0.0014626383781433105,0.01071709394454956,(GI-UX) Account Management,offboarding,(GI-UX) Account Management|(GI-UX) Account Management|(GI-UX) Account Management|(GI-UX) Account Management|(GI-UX) Account Management,offboarding|offboarding|offboarding|offboarding|offboarding
R-1452,Salescloud users to be added to Marketing Sharing Public group,(GI-SaaS) Salesforce,other,Service request,0,643,74,1.0,0.4930132031440735,0.583421528339386,0.47250163555145264,1.0,0.5069867968559265,0.5274983644485474,(GI-SaaS) Salesforce,other,(GI-SaaS) Salesforce|(GI-UX) Network Access|(GI-UX) System Management & Anti Virus|(GI-IaaS) Cloud Services|(GI-IaaS) Cloud Services,other|vpn_access|other|other|other
R-1453,I need to provide access to Jira for a new entry,(GI-IaaS) Development Platform,software_license,Service request,1,1224,62,0.7042751908302307,0.69328373670578,0.6946253776550293,0.690471351146698,0.7042751908302307,0.010991454124450684,0.013803839683532715,(GI-IaaS) Development Platform,software_license,(GI-IaaS) Development Platform|(GI-IaaS) Development Platform|(GI-IaaS) Development Platform|(GI-IaaS) Development Platform|(GI-IaaS) Development Platform,software_license|software_license|software_license|software_license|software_license
R-1454,Teams doesn't work on my pc,(GI-UX) Group,hardware_support,Incident,1,233,136,0.9377016425132751,0.6775767207145691,0.6549394726753235,0.5282898545265198,0.9377016425132751,0.26012492179870605,0.40941178798675537,(GI-UX) Group,software_support,(GI-UX) Group|(GI-UX) Group|(GI-UX) Group|(GI-SM) Service Desk|(GI-UX) Office365 & MS-Teams,software_support|software_support|hardware_support|other|other
R-1455,Teams on my pc has crashed,(GI-UX) Group,software_support,Service request,1,422,137,0.9377015829086304,0.6624511480331421,0.6460102200508118,0.5348440408706665,0.9377015829086304,0.2752504348754883,0.40285754203796387,(GI-UX) Group,hardware_support,(GI-UX) Group|(GI-UX) Group|(GI-UX) Office365 & MS-Teams|(GI-SM) Service Desk|(GI-UX) Group,hardware_support|software_support|other|other|hardware_support
R-1456,caricato pc non fuzionante,(GI-UX) File & Print,hardware_support,Incident,1,233,86,0.5615269541740417,0.46417224407196045,0.4578149914741516,0.36075735092163086,0.5615269541740417,0.0973547101020813,0.2007696032524109,(GI-UX) Group,hardware_support,(GI-UX) Group|(GI-UX) Group|(GI-UX) Group|(GI-UX) File & Print|(GI-UX) Group,hardware_support|hardware_support|hardware_support|other|other
R-1459,i need jira licenze,(GI-IaaS) Development Platform,software_license,Service request,1,1240,96,0.7351722717285156,0.7084735035896301,0.6996518969535828,0.681799590587616,0.7351722717285156,0.026698768138885498,0.05337268114089966,(GI-IaaS) Development Platform,software_license,(GI-IaaS) Development Platform|(GI-IaaS) Development Platform|(GI-IaaS) Development Platform|(GI-IaaS) Development Platform|(GI-IaaS) Development Platform,software_license|software_license|software_license|software_license|software_license
R-1462,Gft Italia_new_entry_20240617_616351_Morrison [Ticket to manage device assignmen,(GI-UX) File & Print,onboarding,Service request,0,127,678,0.9850810170173645,0.9844694137573242,0.9842885732650757,0.9837605953216553,0.9850810170173645,0.0006116032600402832,0.0013204216957092285,(GI-UX) File & Print,onboarding,(GI-UX) File & Print|(GI-UX) File & Print|(GI-UX) File & Print|(GI-UX) File & Print|(GI-UX) File & Print,onboarding|onboarding|onboarding|onboarding|onboarding
R-1464,I need password reset for x-Raniero.Galassi,(GI-UX) Group,password_reset,Service request,1,414,122,0.8415769934654236,0.7883632779121399,0.7675989270210266,0.7081836462020874,0.8415769934654236,0.05321371555328369,0.13339334726333618,(GI-UX) Group,password_reset,(GI-UX) Group|(GI-UX) Group|(GI-UX) Group|(GI-UX) Group|(GI-UX) Group,password_reset|password_reset|password_reset|password_reset|password_reset
R-1468,Need password reset for account and PC,(GI-UX) Group,password_reset,Service request,1,416,376,0.7069673538208008,0.7019138336181641,0.6760627031326294,0.6412308812141418,0.7069673538208008,0.005053520202636719,0.06573647260665894,(GI-UX) Group,password_reset,(GI-UX) Group|(GI-UX) Group|(GI-UX) Group|(GI-UX) Group|(GI-UX) Group,password_reset|software_support|password_reset|password_reset|password_reset
R-147,Need to uninstall IntelliJ Idea Ultimate,(GI-UX) Group,software_license,Service request,1,2156,181,0.684127688407898,0.6292053461074829,0.6112951636314392,0.5539355278015137,0.684127688407898,0.05492234230041504,0.13019216060638428,(GI-CF) Robot Process Automation,admin_rights,(GI-CF) Robot Process Automation|(GI-UX) File & Print|(GI-CF) Robot Process Automation|(GI-CF) Robot Process Automation|(GI-CF) Robot Process Automation,admin_rights|software_support|admin_rights|admin_rights|admin_rights
R-1470,Clone Jira project Anti-money laundering in a new project jira to experiment wit,(GI-IaaS) Development Platform,project_tools,Service request,1,1240,264,0.6240835785865784,0.6159611940383911,0.6146363615989685,0.6016177535057068,0.6240835785865784,0.008122384548187256,0.022465825080871582,(GI-IaaS) Development Platform,software_license,(GI-IaaS) Development Platform|(GI-IaaS) Development Platform|(GI-IaaS) Development Platform|(GI-IaaS) Development Platform|(GI-IaaS) Development Platform,software_license|software_license|software_license|project_tools|software_license
R-1471,My PC is frozen,(GI-UX) Group,hardware_support,Incident,1,233,46,0.5489742755889893,0.5489742755889893,0.5097155570983887,0.4556090831756592,0.5489742755889893,0.0,0.09336519241333008,(GI-UX) Group,software_support,(GI-UX) Group|(GI-UX) Group|(GI-UX) Group|(GI-UX) File & Print|(GI-UX) Group,software_support|software_support|hardware_support|hardware_support|software_support
R-1472,Gft Italia_new_entry_20240520_920134_Poggiali [Ticket to manage device assignmen,(GI-UX) File & Print,onboarding,Service request,0,127,690,0.986224889755249,0.9862067103385925,0.9858476519584656,0.9853019714355469,0.986224889755249,1.817941665649414e-05,0.0009229183197021484,(GI-UX) File & Print,onboarding,(GI-UX) File & Print|(GI-UX) File & Print|(GI-UX) File & Print|(GI-UX) File & Print|(GI-UX) File & Print,onboarding|onboarding|onboarding|onboarding|onboarding
R-1474,I need to renew my Admin rights,(BF) Information Security Office,admin_rights,Service request,1,4732,89,0.7859291434288025,0.7855938673019409,0.7802079319953918,0.7653406858444214,0.7859291434288025,0.00033527612686157227,0.020588457584381104,(BF) Information Security Office,admin_rights,(BF) Information Security Office|(BF) Information Security Office|(BF) Information Security Office|(GI-CF) Robot Process Automation|(BF) Information Security Office,admin_rights|admin_rights|admin_rights|admin_rights|admin_rights
R-1478,I need to add RLOU as agent on iTop,(GI-SM) Service Desk,other,Service request,1,338,107,0.758638322353363,0.4696795344352722,0.5013120174407959,0.42516642808914185,0.758638322353363,0.2889587879180908,0.3334718942642212,(GI-SM) Service Desk,other,(GI-SM) Service Desk|(GI-UX) Network Access|(GI-IaaS) Backend System Management (2nd level)|(GI-IaaS) Backend System Management (2nd level)|(GI-UX) Office365 & MS-Teams,other|vpn_access|other|other|other
R-148,Badge to GFT Italy - urgente,(LF) IT Office Access Italy,office_access,Service request,1,415,84,0.9361749291419983,0.9360965490341187,0.9129399061203003,0.8790460824966431,0.9361749291419983,7.838010787963867e-05,0.057128846645355225,(LF) IT Office Access Italy,office_access,(LF) IT Office Access Italy|(LF) IT Office Access Italy|(LF) IT Office Access Italy|(LF) IT Office Access Italy|(LF) IT Office Access Italy,office_access|office_access|office_access|office_access|office_access
R-1480,I need a password reset for user z-yppt,(GI-UX) Group,password_reset,Service request,1,416,88,0.7599406838417053,0.7327244281768799,0.722362756729126,0.695547342300415,0.7599406838417053,0.02721625566482544,0.06439334154129028,(GI-UX) Group,password_reset,(GI-UX) Group|(GI-UX) Group|(GI-UX) Group|(GI-UX) Group|(GI-UX) Group,password_reset|password_reset|password_reset|password_reset|password_reset
R-1482,Need license,(GI-IaaS) Development Platform,other,Service request,1,1224,39,0.6603979468345642,0.6309114694595337,0.6324961185455322,0.6229466795921326,0.6603979468345642,0.029486477375030518,0.03745126724243164,(GI-IaaS) Development Platform,software_license,(GI-IaaS) Development Platform|(GI-IaaS) Development Platform|(GI-IaaS) Development Platform|(GI-UX) Windows|(GI-IaaS) Development Platform,software_license|software_license|software_license|other|software_license
R-1486,Rancher Desktop installation,(GI-UX) Group,software_license,Service request,1,2112,112,0.7006804347038269,0.5985785722732544,0.6141327619552612,0.5861282348632812,0.7006804347038269,0.10210186243057251,0.11455219984054565,(GI-CF) Robot Process Automation,admin_rights,(GI-CF) Robot Process Automation|(GI-CF) Robot Process Automation|(GI-CF) Robot Process Automation|(GI-UX) File & Print|(GI-UX) Group,admin_rights|admin_rights|admin_rights|admin_rights|admin_rights
R-1487,Admin rights to set up the machine,(GI-CF) Robot Process Automation,admin_rights,Service request,1,4606,156,0.8614286184310913,0.8551520109176636,0.8240866661071777,0.7812420129776001,0.8614286184310913,0.006276607513427734,0.08018660545349121,(GI-UX) Windows,admin_rights,(GI-UX) Windows|(GI-CF) Robot Process Automation|(GI-CF) Robot Process Automation|(GI-CF) Robot Process Automation|(GI-UX) Group,admin_rights|admin_rights|admin_rights|admin_rights|admin_rights
R-1489,Reset password contractor E-GAGV,(GI-UX) Group,password_reset,Service request,1,416,198,0.7544013261795044,0.7216640710830688,0.7029126286506653,0.6717028617858887,0.7544013261795044,0.03273725509643555,0.08269846439361572,(GI-UX) Group,password_reset,(GI-UX) Group|(GI-UX) Group|(GI-UX) Group|(GI-UX) Group|(GI-UX) Group,password_reset|password_reset|password_reset|password_reset|password_reset
R-149,Problems with app Citrix Workspace,(GI-UX) Group,hardware_support,Incident,1,233,243,0.7360200881958008,0.7354416847229004,0.7190713286399841,0.6879422068595886,0.7360200881958008,0.0005784034729003906,0.04807788133621216,(GI-UX) Windows,software_support,(GI-UX) Windows|(GI-UX) File & Print|(GI-UX) Group|(GI-UX) Group|(GI-UX) Group,software_support|hardware_support|software_license|software_license|other
R-1491,Request for network access to S3NET http://192.168.1.1:8080/s3netcm/S3netcmweb.h,"(GI-IaaS) Network On-Prem (LAN,WLAN,WAN 2nd level)",vpn_access,Service request,1,1122,150,0.6805300712585449,0.596076250076294,0.5681542754173279,0.5053415894508362,0.6805300712585449,0.08445382118225098,0.17518848180770874,"(GI-IaaS) Network On-Prem (LAN,WLAN,WAN 2nd level)",vpn_access,"(GI-IaaS) Network On-Prem (LAN,WLAN,WAN 2nd level)|(GI-UX) Network Access|(GI-UX) Network Access|(GI-IaaS) Network On-Prem (LAN,WLAN,WAN 2nd level)|(GI-UX) Network Access",vpn_access|vpn_access|vpn_access|vpn_access|vpn_access
R-1493,Gft Italia__new_dismissal__20240530_glym_Jordan Carter [Ticket to manage Admin L,(LF) IT Office Access Italy,offboarding,Service request,0,128,593,0.986858069896698,0.9850468635559082,0.9848370552062988,0.9835485219955444,0.986858069896698,0.001811206340789795,0.0033095479011535645,(LF) IT Office Access Italy,offboarding,(LF) IT Office Access Italy|(LF) IT Office Access Italy|(LF) IT Office Access Italy|(LF) IT Office Access Italy|(LF) IT Office Access Italy,offboarding|offboarding|offboarding|offboarding|offboarding
R-1495,Gft Italia__new_dismissal__20240530_glym_Jakob Smith,(GI-UX) Account Management,offboarding,Service request,1,329,592,0.9743500351905823,0.9722534418106079,0.9713325500488281,0.9693355560302734,0.9743500351905823,0.0020965933799743652,0.005014479160308838,(GI-UX) Account Management,offboarding,(GI-UX) Account Management|(GI-UX) Account Management|(GI-UX) Account Management|(GI-UX) Account Management|(GI-UX) Account Management,offboarding|offboarding|offboarding|offboarding|offboarding
R-1496,New ownCloud license,(GI-UX) File & Print,other,Service request,0,196,43,0.6175942420959473,0.6039153933525085,0.5969767570495605,0.5812774896621704,0.6175942420959473,0.01367884874343872,0.036316752433776855,(GI-IaaS) Admin - License & Asset Management,software_license,(GI-IaaS) Admin - License & Asset Management|(GI-UX) Group|(GI-UX) Group|(GI-IaaS) Admin - License & Asset Management|(GI-IaaS) Admin - Local IT purchase,software_license|software_license|software_license|other|software_license
R-1497,Need to access kd3server.lmx.com kd4server.lmx.com,(GI-UX) Network Access,vpn_access,Service request,1,1108,94,0.5576403141021729,0.4864872097969055,0.4909135401248932,0.465110719203949,0.5576403141021729,0.07115310430526733,0.09252959489822388,(GI-UX) Group,vpn_access,"(GI-UX) Group|(GI-IaaS) Development Platform|(GI-IaaS) Network On-Prem (LAN,WLAN,WAN 2nd level)|(GI-UX) Network Access|(GI-UX) Group",vpn_access|other|vpn_access|vpn_access|vpn_access
R-15,Lost access to 192.168.1.1,"(GI-IaaS) Network Cloud (Azure, Remote Access)",vpn_access,Incident,1,743,548,0.830920398235321,0.6063605546951294,0.6016840934753418,0.5132046341896057,0.830920398235321,0.22455984354019165,0.31771576404571533,"(GI-IaaS) Network Cloud (Azure, Remote Access)",vpn_access,"(GI-IaaS) Network Cloud (Azure, Remote Access)|(GI-IaaS) Network On-Prem (LAN,WLAN,WAN 2nd level)|(GI-UX) Group|(GI-IaaS) Network On-Prem (LAN,WLAN,WAN 2nd level)|(GI-UX) Group",vpn_access|vpn_access|password_reset|vpn_access|other
R-1501,I need admin rights on my pc,(GI-CF) Robot Process Automation,admin_rights,Service request,1,4748,90,0.9126641750335693,0.8322783708572388,0.836657702922821,0.8057188987731934,0.9126641750335693,0.08038580417633057,0.10694527626037598,(GI-CF) Robot Process Automation,admin_rights,(GI-CF) Robot Process Automation|(GI-CF) Robot Process Automation|(GI-CF) Robot Process Automation|(GI-CF) Robot Process Automation|(GI-CF) Robot Process Automation,admin_rights|admin_rights|admin_rights|admin_rights|admin_rights
R-1502,Connect an existing vendor,(GI-SaaS) SAP & Synertrade,enterprise_systems,Service request,1,301,106,0.9159009456634521,0.9019116163253784,0.886445164680481,0.8541521430015564,0.9159009456634521,0.01398932933807373,0.06174880266189575,(GI-SaaS) SAP & Synertrade,enterprise_systems,(GI-SaaS) SAP & Synertrade|(GI-SaaS) SAP & Synertrade|(GI-SaaS) SAP & Synertrade|(GI-SaaS) SAP & Synertrade|(GI-SaaS) SAP & Synertrade,enterprise_systems|enterprise_systems|enterprise_systems|enterprise_systems|enterprise_systems
R-1503,GFT ITALIA SRL_XYZ_INITIAL,(GI-SaaS) Salesforce,absence,Service request,1,523,38,0.6846014857292175,0.66590416431427,0.6417624354362488,0.5874489545822144,0.6846014857292175,0.01869732141494751,0.09715253114700317,(GI-UX) Application,absence,(GI-UX) Application|(GI-UX) Application|(GI-SaaS) Salesforce|(GI-SaaS) Salesforce|(GI-SaaS) Salesforce,absence|absence|absence|absence|absence
R-1505,Gft Italia_new_entry_20240508_815203_Ferrari (ex-external) [Ticket to manage dev,(GI-UX) Group,onboarding,Service request,0,125,712,0.9706052541732788,0.970287561416626,0.9696035385131836,0.968686580657959,0.9706052541732788,0.00031769275665283203,0.0019186735153198242,(GI-UX) Group,onboarding,(GI-UX) Group|(GI-UX) File & Print|(GI-UX) File & Print|(GI-UX) Group|(GI-UX) File & Print,onboarding|onboarding|onboarding|onboarding|onboarding
R-1506,Gft Italia_new_entry_20240508_815203_Giannone (ex-external),(GI-UX) Account Management,onboarding,Service request,1,1318,720,0.9791167974472046,0.9762311577796936,0.973698616027832,0.9693118333816528,0.9791167974472046,0.0028856396675109863,0.009804964065551758,(GI-UX) Account Management,onboarding,(GI-UX) Account Management|(GI-UX) Account Management|(GI-UX) Account Management|(GI-UX) File & Print|(GI-UX) Account Management,onboarding|onboarding|onboarding|onboarding|onboarding
R-1508,gft_italia_new_dismiss_20240430_E-RDGB_ARNAUDO - (Future Rehire as Employee) [Ti,(LF) IT Office Access Italy,offboarding,Service request,0,114,543,0.9566649794578552,0.9556668996810913,0.9413065910339355,0.9213950634002686,0.9566649794578552,0.000998079776763916,0.03526991605758667,(GI-UX) Account Management,offboarding,(GI-UX) Account Management|(GI-UX) Group|(GI-IaaS) Backend Application Srv. & Project Support|(LF) IT Office Access Italy|(LF) IT Office Access Italy,offboarding|offboarding|offboarding|offboarding|offboarding
R-1509,gft_italia_new_dismiss_20240430_A-FKTL_ALBANELLI - (Future Rehire as Employee) [,(GI-UX) Group,offboarding,Service request,0,128,543,0.9710882902145386,0.9590845108032227,0.943783164024353,0.9131731986999512,0.9710882902145386,0.012003779411315918,0.0579150915145874,(GI-IaaS) Backend Application Srv. & Project Support,offboarding,(GI-IaaS) Backend Application Srv. & Project Support|(GI-UX) Account Management|(LF) IT Office Access Italy|(GI-IaaS) Backend Application Srv. & Project Support|(GI-UX) File & Print,offboarding|offboarding|offboarding|offboarding|offboarding
R-151,I need to enable my colleague to access the Crédit Agricole network via GFT Site,(GI-UX) Network Access,vpn_access,Service request,1,1071,221,0.9774587750434875,0.9627124667167664,0.7717628479003906,0.6315932273864746,0.9774587750434875,0.014746308326721191,0.34586554765701294,(GI-UX) Network Access,vpn_access,(GI-UX) Network Access|(GI-UX) Network Access|(GI-UX) Group|(GI-UX) Network Access|(GI-UX) Group,vpn_access|vpn_access|vpn_access|vpn_access|vpn_access
R-1510,gft_italia_new_dismiss_20240430_E-BGKR_LABBIATTI - (Future Rehire as Employee),(GI-UX) Account Management,offboarding,Service request,1,329,542,0.9590846300125122,0.9566650390625,0.9343698620796204,0.8983690738677979,0.9590846300125122,0.002419590950012207,0.060715556144714355,(GI-UX) Group,offboarding,(GI-UX) Group|(LF) IT Office Access Italy|(GI-IaaS) Backend Application Srv. & Project Support|(GI-UX) File & Print|(GI-UX) Account Management,offboarding|offboarding|offboarding|other|onboarding
R-1512,Gft Italia_new_entry_20240520_123456_Fallisi [Ticket to manage device assignment,(GI-UX) Group,onboarding,Service request,0,129,690,0.990372896194458,0.9890554547309875,0.9886841773986816,0.9867967367172241,0.990372896194458,0.001317441463470459,0.0035761594772338867,(GI-UX) File & Print,onboarding,(GI-UX) File & Print|(GI-UX) File & Print|(GI-UX) File & Print|(GI-UX) File & Print|(GI-UX) File & Print,onboarding|onboarding|onboarding|onboarding|onboarding
R-1513,Gft Italia_new_entry_20240520_715867_Rossi,(GI-UX) Account Management,onboarding,Service request,1,1176,703,0.9919266104698181,0.9917000532150269,0.99067622423172,0.9892439842224121,0.9919266104698181,0.00022655725479125977,0.002682626247406006,(GI-UX) Account Management,onboarding,(GI-UX) Account Management|(GI-UX) Account Management|(GI-UX) Account Management|(GI-UX) Account Management|(GI-UX) Account Management,onboarding|onboarding|onboarding|onboarding|onboarding
R-1514,Gft Italia_new_entry_20240520_815201_Scrivere [Ticket to manage device assignmen,(GI-UX) Group,onboarding,Service request,0,127,690,0.9829550981521606,0.9803458452224731,0.9797159433364868,0.9782243967056274,0.9829550981521606,0.0026092529296875,0.004730701446533203,(GI-UX) File & Print,onboarding,(GI-UX) File & Print|(GI-UX) File & Print|(GI-UX) File & Print|(GI-UX) File & Print|(GI-UX) File & Print,onboarding|onboarding|onboarding|onboarding|onboarding
R-1515,Gft Italia_new_entry_20240520_851420_Scrivere,(GI-UX) Account Management,onboarding,Service request,1,1184,691,0.980254054069519,0.978813886642456,0.9775916337966919,0.9760361909866333,0.980254054069519,0.0014401674270629883,0.004217863082885742,(GI-UX) Account Management,onboarding,(GI-UX) Account Management|(GI-UX) Account Management|(GI-UX) Account Management|(GI-UX) Account Management|(GI-UX) Account Management,onboarding|onboarding|onboarding|onboarding|onboarding
R-1516,Onedrive folders from Dawson Michael,(GI-UX) Office365 & MS-Teams,other,Service request,1,594,70,0.6192548274993896,0.6105937957763672,0.5744181275367737,0.4967396855354309,0.6192548274993896,0.008661031723022461,0.12251514196395874,(GI-UX) File & Print,software_support,(GI-UX) File & Print|(GI-UX) Office365 & MS-Teams|(GI-UX) Group|(GI-UX) Unified Communication|(GI-UX) Group,software_support|other|other|other|other
R-1518,Onedrive problem,(GI-UX) Group,other,Service request,1,610,49,0.8209863305091858,0.7461602687835693,0.7365471124649048,0.7013369798660278,0.8209863305091858,0.07482606172561646,0.11964935064315796,(GI-UX) Unified Communication,other,(GI-UX) Unified Communication|(GI-UX) Group|(GI-UX) Office365 & MS-Teams|(GI-UX) Office365 & MS-Teams|(GI-UX) Office365 & MS-Teams,other|software_support|other|other|other
R-1519,Access to Banco Bpm network via GFT Vpn,(GI-UX) Group,vpn_access,Service request,1,1205,105,0.8421835899353027,0.8371337056159973,0.8295427560806274,0.8161575794219971,0.8421835899353027,0.00504988431930542,0.026026010513305664,(GI-UX) Group,vpn_access,"(GI-UX) Group|(GI-UX) Network Access|(GI-UX) Group|(GI-UX) Network Access|(GI-IaaS) Network Cloud (Azure, Remote Access)",vpn_access|vpn_access|vpn_access|vpn_access|other
R-152,Administrative access to install ivanti,(GI-UX) File & Print,admin_rights,Service request,1,4695,77,0.794255793094635,0.7931293249130249,0.7905717492103577,0.7875247597694397,0.794255793094635,0.0011264681816101074,0.0067310333251953125,(GI-UX) File & Print,admin_rights,(GI-UX) File & Print|(GI-UX) Group|(GI-UX) Group|(GI-UX) Group|(GI-UX) Group,admin_rights|other|software_license|software_license|software_license
R-1520,project manager permissions in Kimble,(GI-SaaS) Salesforce,admin_rights,Service request,1,3419,65,0.6395893096923828,0.6267284750938416,0.6071525812149048,0.5779939293861389,0.6395893096923828,0.01286083459854126,0.061595380306243896,(GI-SaaS) Salesforce,admin_rights,(GI-SaaS) Salesforce|(GI-SaaS) Salesforce|(GI-SaaS) Salesforce|(GI-SaaS) Salesforce|(GI-SaaS) Salesforce,admin_rights|other|admin_rights|admin_rights|admin_rights
R-1521,Need support to remove end date,(GI-UX) Application,other,Incident,1,704,420,0.8677518367767334,0.8617544174194336,0.806570827960968,0.7076205015182495,0.8677518367767334,0.005997419357299805,0.1601313352584839,(GI-SaaS) Salesforce,hr_tools,(GI-SaaS) Salesforce|(GI-SaaS) Salesforce|(GI-UX) Application|(GI-UX) Application|(GI-UX) Application,hr_tools|other|other|other|hr_tools
R-1522,Course material not available,(BF) Employee Platform (SAP SF),other,Incident,1,534,115,0.38454270362854004,0.3790733218193054,0.37282735109329224,0.3559015095233917,0.38454270362854004,0.005469381809234619,0.028641194105148315,(GI-SaaS) Salesforce,other,(GI-SaaS) Salesforce|(GI-IaaS) Development Platform|(BF) Employee Platform (SAP SF)|(BF) Employee Platform (SAP SF)|(GI-IaaS) Development Platform,other|software_license|other|other|software_license
R-1523,GFT ITALY: issue transferring risk,(GI-SaaS) Salesforce,other,Incident,1,360,161,0.598782479763031,0.5673254132270813,0.5557237863540649,0.5284023880958557,0.598782479763031,0.03145706653594971,0.07038009166717529,(GI-SaaS) Salesforce,enterprise_systems,(GI-SaaS) Salesforce|(GI-UX) Account Management|(GI-UX) Account Management|(GI-UX) Account Management|(GI-SaaS) Salesforce,enterprise_systems|onboarding|onboarding|onboarding|enterprise_systems
R-1529,GFT ITALY: KE041986,(GI-SaaS) Salesforce,enterprise_systems,Service request,1,689,171,0.8794152736663818,0.874769389629364,0.8742266893386841,0.8704438209533691,0.8794152736663818,0.004645884037017822,0.008971452713012695,(GI-SaaS) Salesforce,enterprise_systems,(GI-SaaS) Salesforce|(GI-SaaS) Salesforce|(GI-SaaS) Salesforce|(GI-SaaS) Salesforce|(GI-SaaS) Salesforce,enterprise_systems|enterprise_systems|enterprise_systems|enterprise_systems|enterprise_systems
R-153,Adobe Creative Cloud Acrobat PRO DC,(GI-UX) Group,software_license,Service request,1,2130,109,0.983076810836792,0.9482885003089905,0.8387940526008606,0.7367863655090332,0.983076810836792,0.034788310527801514,0.2462904453277588,(GI-IaaS) Admin - License & Asset Management,software_license,(GI-IaaS) Admin - License & Asset Management|(GI-IaaS) Admin - License & Asset Management|(GI-IaaS) Admin - License & Asset Management|(GI-IaaS) Admin - License & Asset Management|(GI-IaaS) Admin - License & Asset Management,software_license|software_license|software_license|software_license|software_license
R-1530,I need Jira license,(GI-IaaS) Development Platform,software_license,Service request,1,1312,41,0.8754670023918152,0.8754670023918152,0.8605632781982422,0.8382077217102051,0.8754670023918152,0.0,0.03725928068161011,(GI-IaaS) Development Platform,software_license,(GI-IaaS) Development Platform|(GI-IaaS) Development Platform|(GI-IaaS) Development Platform|(GI-IaaS) Development Platform|(GI-IaaS) Development Platform,software_license|software_license|software_license|software_license|software_license
R-1533,IBM RAD installation,(GI-UX) Group,software_license,Service request,1,2215,48,0.48800981044769287,0.42709264159202576,0.42353886365890503,0.3810591995716095,0.48800981044769287,0.060917168855667114,0.10695061087608337,(GI-CF) Robot Process Automation,admin_rights,(GI-CF) Robot Process Automation|(GI-CF) Robot Process Automation|(GI-CF) Robot Process Automation|(GI-UX) Group|(GI-UX) Group,admin_rights|admin_rights|admin_rights|software_license|admin_rights
R-1534,Azure customization,(GI-IaaS) Development Platform,other,Service request,0,67,134,0.3864218592643738,0.3755253553390503,0.3668373227119446,0.34676387906074524,0.3864218592643738,0.010896503925323486,0.03965798020362854,(GI-UX) Application,other,(GI-UX) Application|(GI-UX) Application|(BF) Employee Platform (SAP SF)|(GI-SaaS) Salesforce|(GI-IaaS) Development Platform,other|other|other|hr_tools|project_tools
R-1535,I need a password reset for user k-ware,(GI-UX) Group,password_reset,Service request,1,416,65,0.8142517805099487,0.807052493095398,0.757622241973877,0.706156313419342,0.8142517805099487,0.007199287414550781,0.10809546709060669,(GI-UX) Group,password_reset,(GI-UX) Group|(GI-UX) Group|(GI-UX) Group|(GI-UX) Group|(GI-UX) Group,password_reset|password_reset|password_reset|password_reset|password_reset
R-1536,I need a password reset for user e-bjjd,(GI-UX) Group,password_reset,Service request,1,416,68,0.807052493095398,0.7639804482460022,0.7433172464370728,0.7064058780670166,0.807052493095398,0.04307204484939575,0.10064661502838135,(GI-UX) Group,password_reset,(GI-UX) Group|(GI-UX) Group|(GI-UX) Group|(GI-UX) Group|(GI-UX) Group,password_reset|password_reset|password_reset|password_reset|password_reset
R-1537,I need a password reset for user x-resa,(GI-UX) Group,password_reset,Service request,1,416,65,0.8142517805099487,0.7639804482460022,0.7608414888381958,0.732551634311676,0.8142517805099487,0.05027133226394653,0.0817001461982727,(GI-UX) Group,password_reset,(GI-UX) Group|(GI-UX) Group|(GI-UX) Group|(GI-UX) Group|(GI-UX) Group,password_reset|password_reset|password_reset|password_reset|password_reset
R-1538,Need to reach server for critical reporting operation,"(GI-IaaS) Network On-Prem (LAN,WLAN,WAN 2nd level)",vpn_access,Incident,1,782,420,0.5463134050369263,0.5087650418281555,0.4955140948295593,0.4611699879169464,0.5463134050369263,0.03754836320877075,0.08514341711997986,"(GI-IaaS) Network On-Prem (LAN,WLAN,WAN 2nd level)",vpn_access,"(GI-IaaS) Network On-Prem (LAN,WLAN,WAN 2nd level)|(GI-IaaS) Network On-Prem (LAN,WLAN,WAN 2nd level)|(GI-IaaS) Network Cloud (Azure, Remote Access)|(GI-IaaS) Network On-Prem (LAN,WLAN,WAN 2nd level)|(GI-IaaS) Network Cloud (Azure, Remote Access)",vpn_access|other|vpn_access|vpn_access|other
R-1539,We cannot reach 192.168.1.1 on Techstore VPN S2S,"(GI-IaaS) Network On-Prem (LAN,WLAN,WAN 2nd level)",vpn_access,Incident,1,778,165,0.6063604354858398,0.5852442383766174,0.5785971283912659,0.552908718585968,0.6063604354858398,0.021116197109222412,0.053451716899871826,"(GI-IaaS) Network Cloud (Azure, Remote Access)",vpn_access,"(GI-IaaS) Network Cloud (Azure, Remote Access)|(GI-IaaS) Network Cloud (Azure, Remote Access)|(GI-IaaS) Network On-Prem (LAN,WLAN,WAN 2nd level)|(GI-UX) Group|(GI-UX) Network Access",vpn_access|vpn_access|vpn_access|other|vpn_access
R-1541,Computer Setup,(GI-CF) Robot Process Automation,admin_rights,Service request,1,4860,71,0.6939718723297119,0.662428617477417,0.6649349927902222,0.6517440676689148,0.6939718723297119,0.03154325485229492,0.04222780466079712,(GI-CF) Robot Process Automation,admin_rights,(GI-CF) Robot Process Automation|(GI-CF) Robot Process Automation|(GI-CF) Robot Process Automation|(GI-UX) Windows|(GI-CF) Robot Process Automation,admin_rights|admin_rights|admin_rights|admin_rights|admin_rights
R-1545,gft_italia_new_dismiss_20240430_W-WCFB_461238 [Ticket to manage device retiremen,(GI-UX) Group,offboarding,Service request,0,137,478,0.9737907648086548,0.9673411846160889,0.9660583734512329,0.9611421823501587,0.9737907648086548,0.006449580192565918,0.012648582458496094,(GI-UX) Group,offboarding,(GI-UX) Group|(GI-UX) Group|(GI-UX) Group|(GI-UX) Group|(GI-UX) File & Print,offboarding|offboarding|offboarding|offboarding|offboarding
R-1546,gft_italia_new_dismiss_20240430_E-XZYY_543210,(GI-UX) Account Management,offboarding,Service request,1,329,470,0.9782640933990479,0.9735940098762512,0.9719381332397461,0.968524694442749,0.9782640933990479,0.004670083522796631,0.009739398956298828,(GI-UX) Account Management,offboarding,(GI-UX) Account Management|(GI-UX) Account Management|(GI-UX) Account Management|(GI-UX) Account Management|(GI-UX) Account Management,offboarding|offboarding|offboarding|offboarding|offboarding
R-1547,Need to install WSL (Windows Subsystem Linux) on my PC,(GI-UX) Group,software_license,Service request,1,2276,94,0.5389466881752014,0.5020430088043213,0.41721391677856445,0.34407562017440796,0.5389466881752014,0.03690367937088013,0.19487106800079346,(GI-CF) Robot Process Automation,admin_rights,(GI-CF) Robot Process Automation|(GI-CF) Robot Process Automation|(GI-UX) Group|(GI-UX) File & Print|(GI-UX) File & Print,admin_rights|admin_rights|hardware_support|other|other
R-1548,gft_france_new_dismiss_20240430_X-JKMP_573892 [Ticket to manage virtual devices ,(GI-IaaS) Backend Application Srv. & Project Support,offboarding,Service request,0,128,469,0.9408221244812012,0.9325779676437378,0.9314579963684082,0.925738513469696,0.9408221244812012,0.008244156837463379,0.015083611011505127,(GI-IaaS) Backend Application Srv. & Project Support,offboarding,(GI-IaaS) Backend Application Srv. & Project Support|(GI-UX) Group|(GI-IaaS) Backend Application Srv. & Project Support|(GI-IaaS) Backend Application Srv. & Project Support|(GI-IaaS) Backend Application Srv. & Project Support,offboarding|offboarding|offboarding|offboarding|offboarding
R-1549,gft_italia_new_dismiss_20240430_E-QLMT_387421 [Ticket to manage Admin Location I,(LF) IT Office Access Italy,offboarding,Service request,0,127,468,0.9832892417907715,0.9795761704444885,0.9782730340957642,0.9756736159324646,0.9832892417907715,0.003713071346282959,0.007615625858306885,(LF) IT Office Access Italy,offboarding,(LF) IT Office Access Italy|(LF) IT Office Access Italy|(LF) IT Office Access Italy|(LF) IT Office Access Italy|(LF) IT Office Access Italy,offboarding|offboarding|offboarding|offboarding|offboarding
R-155,VPN GTZ,(GI-UX) File & Print,other,Incident,1,197,94,0.7038940191268921,0.7020425796508789,0.640529990196228,0.5848546028137207,0.7038940191268921,0.0018514394760131836,0.11903941631317139,(GI-UX) Group,software_support,(GI-UX) Group|(GI-UX) Group|(GI-UX) Windows|(GI-UX) File & Print|(GI-UX) File & Print,software_support|software_support|software_support|software_support|admin_rights
R-1550,gft_italia_new_dismiss_20240430_X-ZYQM_123456 [Ticket to manage device retiremen,(GI-UX) Group,offboarding,Service request,0,128,468,0.9819002151489258,0.97281813621521,0.9744203686714172,0.9723342657089233,0.9819002151489258,0.00908207893371582,0.009565949440002441,(GI-UX) Group,offboarding,(GI-UX) Group|(GI-UX) Group|(GI-UX) Group|(GI-IaaS) Backend Application Srv. & Project Support|(GI-UX) Group,offboarding|offboarding|offboarding|offboarding|offboarding
R-1552,gft_italia_new_dismiss_20240425_A-NXZH_942378 [Ticket to manage virtual devices ,(GI-IaaS) Backend Application Srv. & Project Support,offboarding,Service request,0,128,469,0.9803545475006104,0.9791858196258545,0.9788028001785278,0.9777603149414062,0.9803545475006104,0.0011687278747558594,0.0025942325592041016,(GI-IaaS) Backend Application Srv. & Project Support,offboarding,(GI-IaaS) Backend Application Srv. & Project Support|(GI-IaaS) Backend Application Srv. & Project Support|(GI-IaaS) Backend Application Srv. & Project Support|(GI-IaaS) Backend Application Srv. & Project Support|(GI-IaaS) Backend Application Srv. & Project Support,offboarding|offboarding|offboarding|offboarding|offboarding
R-1553,gft_italia_new_dismiss_20240425_E-XRTY_621345 [Ticket to manage Admin Location I,(LF) IT Office Access Italy,offboarding,Service request,0,128,472,0.9839252233505249,0.9826088547706604,0.9812185168266296,0.9776492714881897,0.9839252233505249,0.001316368579864502,0.006275951862335205,(LF) IT Office Access Italy,offboarding,(LF) IT Office Access Italy|(LF) IT Office Access Italy|(LF) IT Office Access Italy|(LF) IT Office Access Italy|(LF) IT Office Access Italy,offboarding|offboarding|offboarding|offboarding|offboarding
R-1557,gft_italia_new_dismiss_20240426_E-ZYXC_375849 [Ticket to manage Admin Location I,(LF) IT Office Access Italy,offboarding,Service request,0,128,467,0.9899188280105591,0.9823609590530396,0.9819080233573914,0.9784595370292664,0.9899188280105591,0.007557868957519531,0.011459290981292725,(LF) IT Office Access Italy,offboarding,(LF) IT Office Access Italy|(LF) IT Office Access Italy|(LF) IT Office Access Italy|(LF) IT Office Access Italy|(LF) IT Office Access Italy,offboarding|offboarding|offboarding|offboarding|offboarding
R-1561,gft_italia_new_dismiss_20240425_Z-JDZP_365928,(GI-UX) Group,onboarding,Service request,1,1161,468,0.9589903354644775,0.9552243947982788,0.9557701945304871,0.9544697403907776,0.9589903354644775,0.0037659406661987305,0.004520595073699951,(GI-UX) Account Management,offboarding,(GI-UX) Account Management|(GI-UX) Account Management|(GI-UX) Account Management|(GI-UX) Account Management|(GI-UX) Account Management,offboarding|offboarding|offboarding|offboarding|offboarding
R-1565,Access to https://short.url/abcd,(GI-UX) Group,vpn_access,Service request,1,1095,32,0.7620180249214172,0.5962706804275513,0.61376953125,0.5536497831344604,0.7620180249214172,0.16574734449386597,0.2083682417869568,(GI-UX) Network Access,vpn_access,(GI-UX) Network Access|(GI-UX) Group|(GI-UX) Network Access|(GI-UX) Network Access|(GI-UX) Network Access,vpn_access|vpn_access|vpn_access|vpn_access|vpn_access
R-1568,i need administrator rights in my computer,(BF) Information Security Office,admin_rights,Service request,1,4878,42,0.9366687536239624,0.9176564812660217,0.909113883972168,0.8881007432937622,0.9366687536239624,0.019012272357940674,0.048568010330200195,(GI-CF) Robot Process Automation,admin_rights,(GI-CF) Robot Process Automation|(BF) Information Security Office|(GI-UX) Group|(GI-CF) Robot Process Automation|(GI-CF) Robot Process Automation,admin_rights|admin_rights|admin_rights|admin_rights|admin_rights
R-157,user blocked - Serena Russo - user g-dxyz,(GI-UX) Group,password_reset,Service request,1,416,271,0.5815209746360779,0.5346603989601135,0.520767331123352,0.4920041561126709,0.5815209746360779,0.046860575675964355,0.08951681852340698,(GI-UX) Group,password_reset,(GI-UX) Group|(GI-UX) Network Access|(GI-UX) Group|(GI-UX) Group|(GI-UX) Group,password_reset|vpn_access|password_reset|password_reset|password_reset
R-1576,Gft Italia__new_dismissal__20240430_anid_Rossi,(GI-UX) Account Management,offboarding,Service request,1,329,596,0.991714596748352,0.9864463210105896,0.9843413233757019,0.9802579879760742,0.991714596748352,0.005268275737762451,0.011456608772277832,(GI-UX) Account Management,offboarding,(GI-UX) Account Management|(GI-UX) Account Management|(GI-UX) Account Management|(GI-UX) Account Management|(GI-UX) Account Management,offboarding|offboarding|offboarding|offboarding|offboarding
R-1577,Request to re-import failed job titles from ticket R-519661,(GI-SaaS) Salesforce,enterprise_systems,Service request,1,391,428,0.5227367877960205,0.5154391527175903,0.45430994033813477,0.38583874702453613,0.5227367877960205,0.007297635078430176,0.13689804077148438,(GI-SaaS) Salesforce,enterprise_systems,(GI-SaaS) Salesforce|(GI-SaaS) Salesforce|(GI-SaaS) Salesforce|(GI-UX) Group|(GI-UX) File & Print,enterprise_systems|enterprise_systems|enterprise_systems|onboarding|other
R-1579,Setting node,(GI-CF) Robot Process Automation,admin_rights,Service request,1,4619,154,0.67315274477005,0.6542246341705322,0.6284295916557312,0.5992698073387146,0.67315274477005,0.018928110599517822,0.07388293743133545,(GI-CF) Robot Process Automation,admin_rights,(GI-CF) Robot Process Automation|(GI-CF) Robot Process Automation|(GI-UX) Group|(GI-CF) Robot Process Automation|(GI-CF) Robot Process Automation,admin_rights|admin_rights|software_license|admin_rights|admin_rights
R-158,I need to update an application to a new version,(GI-UX) File & Print,admin_rights,Service request,1,4535,210,0.7238459587097168,0.7183666825294495,0.6988863348960876,0.6697185635566711,0.7238459587097168,0.005479276180267334,0.054127395153045654,(GI-UX) File & Print,admin_rights,(GI-UX) File & Print|(GI-UX) File & Print|(GI-UX) Group|(GI-UX) File & Print|(GI-UX) File & Print,admin_rights|admin_rights|software_license|admin_rights|admin_rights
R-1581,Failure to consolidate absence of 23.04.2024,(GI-SaaS) Salesforce,absence,Service request,1,568,36,0.46475866436958313,0.4610666036605835,0.4550182819366455,0.4457150399684906,0.46475866436958313,0.003692060708999634,0.01904362440109253,(GI-UX) Application,absence,(GI-UX) Application|(GI-SaaS) Salesforce|(GI-UX) Application|(GI-SaaS) Salesforce|(GI-UX) Application,absence|absence|absence|absence|absence
R-1583,Citrix VPN not working,(GI-UX) Group,software_support,Service request,1,422,201,0.8235536813735962,0.8116272687911987,0.7739530801773071,0.7164527177810669,0.8235536813735962,0.011926412582397461,0.1071009635925293,(GI-UX) Windows,software_support,(GI-UX) Windows|(GI-UX) Group|(GI-UX) Windows|(GI-UX) Windows|(GI-UX) Windows,software_support|software_support|software_support|software_support|software_support
R-1585,gft_italia_new_entry_20240429_815159_MARTIN [Ticket to manage device assignments,(GI-UX) Group,onboarding,Service request,0,134,489,0.986699640750885,0.9865927696228027,0.9846005439758301,0.9813119769096375,0.986699640750885,0.00010687112808227539,0.005387663841247559,(GI-UX) File & Print,onboarding,(GI-UX) File & Print|(GI-UX) File & Print|(GI-UX) File & Print|(GI-UX) Group|(GI-UX) File & Print,onboarding|onboarding|onboarding|onboarding|onboarding
R-1586,gft_italia_new_entry_20240429_815159_FERRARI,(GI-UX) Account Management,onboarding,Service request,1,1165,488,0.9716504216194153,0.9558850526809692,0.9583708047866821,0.9545519351959229,0.9716504216194153,0.015765368938446045,0.01709848642349243,(GI-UX) Account Management,onboarding,(GI-UX) Account Management|(GI-UX) Account Management|(GI-UX) Account Management|(GI-UX) Account Management|(GI-UX) Group,onboarding|onboarding|onboarding|onboarding|onboarding
R-1589,I need access to BOADEVELOP remote desktop in VPN,(GI-UX) Network Access,vpn_access,Service request,1,1078,49,0.6323856115341187,0.5904591083526611,0.5930377244949341,0.575753927230835,0.6323856115341187,0.04192650318145752,0.05663168430328369,(GI-UX) Network Access,vpn_access,(GI-UX) Network Access|(GI-UX) Network Access|(GI-UX) Network Access|(GI-UX) Network Access|(GI-UX) Group,vpn_access|vpn_access|vpn_access|vpn_access|vpn_access
R-159,Update ComboBox,(GI-IaaS) Development Platform,project_tools,Service request,1,297,255,0.40582597255706787,0.36171847581863403,0.358181893825531,0.32901155948638916,0.40582597255706787,0.04410749673843384,0.07681441307067871,(GI-IaaS) Development Platform,project_tools,(GI-IaaS) Development Platform|(GI-IaaS) Development Platform|(GI-IaaS) Development Platform|(GI-IaaS) Development Platform|(GI-IaaS) Development Platform,project_tools|project_tools|project_tools|project_tools|project_tools
R-1590,DB2 client V11.5.8 / IBM Data Studio,(GI-CF) Robot Process Automation,admin_rights,Service request,1,4405,356,0.5864921808242798,0.5694344639778137,0.5523252487182617,0.5303049683570862,0.5864921808242798,0.017057716846466064,0.056187212467193604,(GI-CF) Robot Process Automation,admin_rights,(GI-CF) Robot Process Automation|(GI-CF) Robot Process Automation|(GI-UX) Windows|(GI-CF) Robot Process Automation|(GI-UX) File & Print,admin_rights|admin_rights|other|admin_rights|other
R-1592,GFT Italy: element activation problem,(GI-SaaS) Salesforce,enterprise_systems,Service request,1,713,247,0.9065558910369873,0.9050630331039429,0.8885976076126099,0.8573300242424011,0.9065558910369873,0.0014928579330444336,0.04922586679458618,(GI-SaaS) Salesforce,enterprise_systems,(GI-SaaS) Salesforce|(GI-SaaS) Salesforce|(GI-SaaS) Salesforce|(GI-SaaS) Salesforce|(GI-SaaS) Salesforce,enterprise_systems|enterprise_systems|enterprise_systems|enterprise_systems|enterprise_systems
R-1594,License for user XFTG,(GI-IaaS) Development Platform,software_license,Service request,1,1229,51,0.749172568321228,0.6712461113929749,0.6627246141433716,0.6208075284957886,0.749172568321228,0.07792645692825317,0.12836503982543945,(GI-IaaS) Development Platform,software_license,(GI-IaaS) Development Platform|(GI-IaaS) Development Platform|(GI-IaaS) Development Platform|(GI-IaaS) Development Platform|(GI-IaaS) Development Platform,software_license|software_license|software_license|other|software_license
R-16,Installation tool for test for Client,(GI-UX) Group,software_license,Service request,1,2261,161,0.5845149159431458,0.5720873475074768,0.5673574209213257,0.5511229038238525,0.5845149159431458,0.012427568435668945,0.03339201211929321,(GI-UX) File & Print,software_support,(GI-UX) File & Print|(GI-CF) Robot Process Automation|(GI-UX) Group|(GI-UX) File & Print|(GI-UX) Group,software_support|admin_rights|software_license|admin_rights|software_license
R-167,issue with citrix workspace triyng connect production,(GI-UX) File & Print,software_support,Service request,1,422,310,0.7255876064300537,0.6597598791122437,0.6646355390548706,0.6407451033592224,0.7255876064300537,0.06582772731781006,0.0848425030708313,(GI-UX) Windows,software_support,(GI-UX) Windows|(GI-UX) Group|(GI-UX) Group|(GI-UX) Group|(GI-UX) Group,software_support|software_support|software_license|hardware_support|software_support
R-169,GFT Italy: element activation problem,(GI-SaaS) Salesforce,enterprise_systems,Service request,1,701,222,0.9668254852294922,0.9142612218856812,0.921434760093689,0.9041767120361328,0.9668254852294922,0.052564263343811035,0.06264877319335938,(GI-SaaS) Salesforce,enterprise_systems,(GI-SaaS) Salesforce|(GI-SaaS) Salesforce|(GI-SaaS) Salesforce|(GI-SaaS) Salesforce|(GI-SaaS) Salesforce,enterprise_systems|enterprise_systems|enterprise_systems|enterprise_systems|enterprise_systems
R-172,I need Visual Studio License,(GI-IaaS) Admin - License & Asset Management,software_license,Service request,1,2124,84,1.0,0.9818039536476135,0.8357800245285034,0.6071788668632507,1.0,0.018196046352386475,0.39282113313674927,(GI-UX) Group,software_license,(GI-UX) Group|(GI-IaaS) Admin - License & Asset Management|(GI-UX) Group|(GI-IaaS) Admin - License & Asset Management|(GI-IaaS) Admin - License & Asset Management,software_license|software_license|software_license|software_license|software_license
R-173,VPN connected but I don't have access to the servers,"(GI-IaaS) Network Cloud (Azure, Remote Access)",other,Incident,0,261,224,0.6147580742835999,0.6001065969467163,0.595391571521759,0.5691987872123718,0.6147580742835999,0.014651477336883545,0.04555928707122803,(GI-UX) Network Access,vpn_access,"(GI-UX) Network Access|(GI-IaaS) Network Cloud (Azure, Remote Access)|(GI-UX) Group|(GI-UX) Network Access|(GI-SM) Service Desk",vpn_access|vpn_access|other|other|other
R-174,I need to add access to BPER network via GFT VPN like other colleagues (e.g. Mar,(GI-UX) Network Access,vpn_access,Service request,1,1252,131,0.9613192677497864,0.9566649794578552,0.915841281414032,0.8734114170074463,0.9613192677497864,0.004654288291931152,0.08790785074234009,(GI-UX) Network Access,vpn_access,(GI-UX) Network Access|(GI-UX) Network Access|(GI-UX) Group|(GI-UX) Network Access|(GI-UX) Group,vpn_access|vpn_access|vpn_access|vpn_access|vpn_access
R-175,I need to add access to BPER network via GFT VPN like other colleagues (e.g. Sam,(GI-UX) Network Access,vpn_access,Service request,1,1249,122,0.9566649198532104,0.9414232969284058,0.9068156480789185,0.8709244728088379,0.9566649198532104,0.015241622924804688,0.08574044704437256,(GI-UX) Network Access,vpn_access,(GI-UX) Network Access|(GI-UX) Network Access|(GI-UX) Group|(GI-UX) Network Access|(GI-UX) Group,vpn_access|vpn_access|vpn_access|vpn_access|vpn_access
R-176,I need to add access to BPER network via GFT VPN like other colleagues (e.g. Gio,(GI-UX) Network Access,vpn_access,Service request,1,1245,130,0.9613192081451416,0.9414231777191162,0.9175111651420593,0.8931469917297363,0.9613192081451416,0.01989603042602539,0.06817221641540527,(GI-UX) Network Access,vpn_access,(GI-UX) Network Access|(GI-UX) Network Access|(GI-UX) Group|(GI-UX) Network Access|(GI-UX) Group,vpn_access|vpn_access|vpn_access|vpn_access|vpn_access
R-177,cant access to gft even if vpn is on,(GI-UX) Network Access,vpn_access,Incident,1,735,95,0.685899019241333,0.6854933500289917,0.658029317855835,0.636216938495636,0.685899019241333,0.0004056692123413086,0.04968208074569702,(GI-UX) Windows,software_support,(GI-UX) Windows|(GI-UX) Network Access|(GI-UX) Group|(GI-UX) Group|(GI-UX) Network Access,software_support|vpn_access|software_support|vpn_access|other
R-18,GFT AMERICA LLC_MARCO ESPOSITO_XYZ123,(GI-UX) Application,absence,Service request,1,564,202,0.7522178292274475,0.7160540223121643,0.7083668112754822,0.6760861873626709,0.7522178292274475,0.0361638069152832,0.07613164186477661,(GI-UX) Application,absence,(GI-UX) Application|(GI-UX) Application|(GI-SaaS) Salesforce|(GI-SaaS) Salesforce|(GI-UX) Application,absence|absence|absence|absence|absence
R-180,I need a license to access Jira,(GI-IaaS) Development Platform,software_license,Service request,1,1241,116,1.0000001192092896,0.9957649111747742,0.9760767817497253,0.9260880351066589,1.0000001192092896,0.004235208034515381,0.07391208410263062,(GI-IaaS) Development Platform,software_license,(GI-IaaS) Development Platform|(GI-IaaS) Development Platform|(GI-IaaS) Development Platform|(GI-IaaS) Development Platform|(GI-IaaS) Development Platform,software_license|software_license|software_license|software_license|software_license
R-181,MS Teams policies,(GI-IaaS) Backend M365 (2nd level),other,Service request,1,693,71,0.5401431322097778,0.5295411348342896,0.5044024586677551,0.4663117527961731,0.5401431322097778,0.010601997375488281,0.07383137941360474,(GI-SM) Service Desk,other,(GI-SM) Service Desk|(GI-UX) Group|(GI-UX) Group|(GI-UX) File & Print|(GI-UX) Account Management,other|software_support|hardware_support|software_support|collaboration
R-185,Reset password for Karen Mitchell,(GI-UX) Group,password_reset,Service request,1,419,76,0.7216641306877136,0.7198908925056458,0.7034017443656921,0.6780468225479126,0.7216641306877136,0.001773238182067871,0.043617308139801025,(GI-UX) Group,password_reset,(GI-UX) Group|(GI-UX) Group|(GI-UX) Group|(GI-UX) Group|(GI-UX) Group,password_reset|password_reset|password_reset|password_reset|password_reset
R-186,Enable access to server from QRS vpn,"(GI-IaaS) Network Cloud (Azure, Remote Access)",vpn_access,Service request,1,1111,188,0.7016285061836243,0.5854182243347168,0.5984286069869995,0.5550205111503601,0.7016285061836243,0.11621028184890747,0.14660799503326416,(GI-UX) Network Access,vpn_access,"(GI-UX) Network Access|(GI-UX) Network Access|(GI-UX) Group|(GI-IaaS) Network On-Prem (LAN,WLAN,WAN 2nd level)|(GI-UX) Network Access",vpn_access|vpn_access|vpn_access|vpn_access|vpn_access
R-187,"I need to install VPN client software ""anyconnect-win-4.9.06037-core-vpn-predepl",(GI-UX) Group,software_license,Service request,1,2159,106,0.6787633895874023,0.6742784976959229,0.6640734672546387,0.6311372518539429,0.6787633895874023,0.004484891891479492,0.04762613773345947,(GI-UX) Group,software_license,(GI-UX) Group|(GI-UX) Group|(GI-UX) File & Print|(GI-UX) Group|(GI-UX) Group,software_license|software_support|admin_rights|other|software_license
R-188,I need GFT Google Account,(GI-IaaS) Cloud Services,other,Service request,0,249,112,0.9993037581443787,0.6805339455604553,0.6880971193313599,0.5554667711257935,0.9993037581443787,0.31876981258392334,0.4438369870185852,(GI-IaaS) Cloud Services,other,(GI-IaaS) Cloud Services|(GI-IaaS) Cloud Services|(GI-UX) Group|(GI-IaaS) Cloud Services|(GI-UX) Group,other|other|hardware_support|other|vpn_access
R-193,Need administrator rights,(GI-CF) Robot Process Automation,admin_rights,Service request,1,4724,126,0.9831215143203735,0.979604959487915,0.8945439457893372,0.7923842072486877,0.9831215143203735,0.003516554832458496,0.1907373070716858,(GI-CF) Robot Process Automation,admin_rights,(GI-CF) Robot Process Automation|(GI-CF) Robot Process Automation|(GI-CF) Robot Process Automation|(GI-CF) Robot Process Automation|(GI-CF) Robot Process Automation,admin_rights|admin_rights|admin_rights|admin_rights|admin_rights
R-194,Offboard employee John Doe on 2024-07-18 [Ticket to manage virtual devices retir,(GI-IaaS) Backend Application Srv. & Project Support,offboarding,Service request,0,128,209,0.8977068662643433,0.8580430746078491,0.8483023643493652,0.8235536217689514,0.8977068662643433,0.03966379165649414,0.07415324449539185,(LF) IT Office Access Italy,offboarding,(LF) IT Office Access Italy|(GI-UX) Group|(GI-IaaS) Backend Application Srv. & Project Support|(GI-IaaS) Backend Application Srv. & Project Support|(GI-IaaS) Backend Application Srv. & Project Support,offboarding|offboarding|offboarding|offboarding|offboarding
R-196,Offboard employee Emmett Holt on 2024-07-18 [Ticket to manage device retirements,(GI-UX) File & Print,offboarding,Service request,0,130,212,0.7814501523971558,0.7623646855354309,0.7620211839675903,0.7519602179527283,0.7814501523971558,0.019085466861724854,0.02948993444442749,(GI-UX) Group,offboarding,(GI-UX) Group|(LF) IT Office Access Italy|(GI-IaaS) Backend Application Srv. & Project Support|(LF) IT Office Access Italy|(LF) IT Office Access Italy,offboarding|offboarding|offboarding|offboarding|offboarding
R-198,Jira Licence,(GI-IaaS) Development Platform,software_license,Service request,1,1322,110,0.8402281999588013,0.8191632628440857,0.8093449473381042,0.7885116338729858,0.8402281999588013,0.021064937114715576,0.05171656608581543,(GI-IaaS) Development Platform,software_license,(GI-IaaS) Development Platform|(GI-IaaS) Development Platform|(GI-IaaS) Development Platform|(GI-IaaS) Development Platform|(GI-IaaS) Development Platform,software_license|software_license|software_license|software_license|software_license
R-199,I Need the license for work on tasks,(GI-IaaS) Development Platform,other,Service request,0,74,96,0.866106390953064,0.8514513969421387,0.8434449434280396,0.8205017447471619,0.866106390953064,0.014654994010925293,0.0456046462059021,(GI-IaaS) Development Platform,software_license,(GI-IaaS) Development Platform|(GI-IaaS) Development Platform|(GI-SM) Service Desk|(GI-IaaS) Development Platform|(GI-IaaS) Development Platform,software_license|software_license|software_license|software_license|software_license
R-2,incorrect absence time for day 28th august,(GI-UX) Application,absence,Incident,1,549,101,0.6913961172103882,0.6518107652664185,0.6037164926528931,0.5516428351402283,0.6913961172103882,0.03958535194396973,0.1397532820701599,(GI-UX) Application,absence,(GI-UX) Application|(GI-SaaS) Salesforce|(GI-SaaS) Salesforce|(GI-UX) Application|(GI-SaaS) Salesforce,absence|other|absence|absence|other
R-200,I need a smartphone for Emma Rossi,(GI-UX) Mobile Device Management,hardware_support,Service request,1,878,110,0.677128255367279,0.5624306201934814,0.5290353894233704,0.42976346611976624,0.677128255367279,0.11469763517379761,0.24736478924751282,(GI-UX) Mobile Device Management,hardware_support,(GI-UX) Mobile Device Management|(GI-UX) Network Access|(GI-UX) Group|(GI-IaaS) Admin - IT Purchase Problem Management|(GI-UX) Windows,hardware_support|other|other|other|software_support
R-202,Attendance Report,(BF) Employee Platform (SAP SF),other,Service request,0,210,379,0.5229097604751587,0.39461374282836914,0.4100552499294281,0.36447054147720337,0.5229097604751587,0.12829601764678955,0.15843921899795532,(GI-UX) Account Management,other,(GI-UX) Account Management|(GI-CF) Robot Process Automation|(GI-UX) Group|(BF) Employee Platform (SAP SF)|(GI-CF) Robot Process Automation,other|admin_rights|software_license|other|admin_rights
R-203,I need administrator rights to install VPN for Generali projects (IVANTI),(GI-UX) File & Print,admin_rights,Service request,1,4677,73,0.8691579103469849,0.8684041500091553,0.8602254986763,0.8269307613372803,0.8691579103469849,0.0007537603378295898,0.04222714900970459,(GI-CF) Robot Process Automation,admin_rights,(GI-CF) Robot Process Automation|(GI-UX) File & Print|(GI-UX) File & Print|(GI-UX) File & Print|(GI-UX) Group,admin_rights|admin_rights|admin_rights|admin_rights|software_license
R-204,GFT Italy: element activation problem,(GI-SaaS) Salesforce,enterprise_systems,Service request,1,698,190,0.9943467378616333,0.9920058846473694,0.9607017636299133,0.9079882502555847,0.9943467378616333,0.002340853214263916,0.08635848760604858,(GI-SaaS) Salesforce,enterprise_systems,(GI-SaaS) Salesforce|(GI-SaaS) Salesforce|(GI-SaaS) Salesforce|(GI-SaaS) Salesforce|(GI-SaaS) Salesforce,enterprise_systems|enterprise_systems|enterprise_systems|enterprise_systems|enterprise_systems
R-207,AVD Assignment,(GI-UX) Group,other,Service request,1,1169,311,0.519199550151825,0.519199550151825,0.4577859342098236,0.4129502475261688,0.519199550151825,0.0,0.10624930262565613,(GI-UX) File & Print,other,(GI-UX) File & Print|(GI-UX) File & Print|(GI-IaaS) Admin - License & Asset Management|(GI-UX) Group|(GI-UX) Group,other|other|software_license|other|software_license
R-21,Administrator rights and software installation,(GI-CF) Robot Process Automation,admin_rights,Service request,1,4445,360,0.7511393427848816,0.744182825088501,0.7351385951042175,0.7205361127853394,0.7511393427848816,0.006956517696380615,0.030603229999542236,(GI-CF) Robot Process Automation,admin_rights,(GI-CF) Robot Process Automation|(GI-CF) Robot Process Automation|(GI-CF) Robot Process Automation|(GI-CF) Robot Process Automation|(GI-CF) Robot Process Automation,admin_rights|admin_rights|admin_rights|admin_rights|admin_rights
R-210,NEED TO EDIT ENVIRONMENT VARIABLES,(GI-UX) File & Print,admin_rights,Service request,1,4712,171,0.5953624248504639,0.5438454151153564,0.5316493511199951,0.4873585104942322,0.5953624248504639,0.05151700973510742,0.10800391435623169,(GI-UX) Group,software_license,(GI-UX) Group|(GI-CF) Robot Process Automation|(GI-CF) Robot Process Automation|(GI-CF) Robot Process Automation|(GI-CF) Robot Process Automation,software_license|admin_rights|admin_rights|admin_rights|admin_rights
R-214,administrator right,(GI-CF) Robot Process Automation,admin_rights,Service request,1,4696,175,0.791369616985321,0.7483302354812622,0.7488898038864136,0.7280910611152649,0.791369616985321,0.04303938150405884,0.06327855587005615,(GI-UX) File & Print,admin_rights,(GI-UX) File & Print|(GI-CF) Robot Process Automation|(BF) Information Security Office|(BF) Information Security Office|(GI-CF) Robot Process Automation,admin_rights|admin_rights|admin_rights|admin_rights|admin_rights
R-215,The user kinly ask us to rename its GFT Alias from Isabella-Garcia@company.com t,(GI-UX) Account Management,other,Service request,0,266,78,0.9404765367507935,0.6579521894454956,0.6577275395393372,0.5399283766746521,0.9404765367507935,0.28252434730529785,0.40054816007614136,(GI-UX) Unified Communication,other,(GI-UX) Unified Communication|(GI-UX) Account Management|(GI-UX) Account Management|(GI-UX) Account Management|(GI-IaaS) Cloud Services,other|email_support|collaboration|other|other
R-217,New endpoint for OmegaCorp VPN cdh reader PROD,"(GI-IaaS) Network On-Prem (LAN,WLAN,WAN 2nd level)",vpn_access,Service request,1,1058,136,0.7699255347251892,0.7287691831588745,0.6789048314094543,0.6026135683059692,0.7699255347251892,0.0411563515663147,0.16731196641921997,"(GI-IaaS) Network On-Prem (LAN,WLAN,WAN 2nd level)",vpn_access,"(GI-IaaS) Network On-Prem (LAN,WLAN,WAN 2nd level)|(GI-IaaS) Network On-Prem (LAN,WLAN,WAN 2nd level)|(GI-IaaS) Network On-Prem (LAN,WLAN,WAN 2nd level)|(GI-IaaS) Network On-Prem (LAN,WLAN,WAN 2nd level)|(GI-IaaS) Network On-Prem (LAN,WLAN,WAN 2nd level)",vpn_access|vpn_access|vpn_access|vpn_access|vpn_access
R-218,Accesso to URL,(GI-UX) Network Access,vpn_access,Service request,1,1024,304,0.5182530879974365,0.517117977142334,0.505382239818573,0.48635780811309814,0.5182530879974365,0.001135110855102539,0.03189527988433838,(GI-UX) Network Access,vpn_access,(GI-UX) Network Access|(GI-UX) Network Access|(GI-UX) Group|(GI-UX) Group|(GI-UX) Network Access,vpn_access|vpn_access|vpn_access|vpn_access|vpn_access
R-219,Access to KaldiNorp VPN from Gentech VPN,(GI-UX) Network Access,vpn_access,Service request,1,1148,78,0.6582161784172058,0.6268806457519531,0.6116504073143005,0.5845458507537842,0.6582161784172058,0.031335532665252686,0.07367032766342163,(GI-UX) Network Access,vpn_access,(GI-UX) Network Access|(GI-UX) Group|(GI-UX) File & Print|(GI-UX) File & Print|(GI-UX) Network Access,vpn_access|vpn_access|admin_rights|admin_rights|vpn_access
R-22,I need to stop automated updates to node js,(GI-UX) Group,software_support,Service request,1,886,90,0.8620724678039551,0.6612606644630432,0.6574887037277222,0.5587098002433777,0.8620724678039551,0.20081180334091187,0.3033626675605774,(GI-SM) Service Desk,software_support,(GI-SM) Service Desk|(GI-UX) Group|(GI-UX) Network Access|(GI-UX) Group|(GI-SM) Service Desk,software_support|software_support|software_support|software_support|software_support
R-220,Docker desktop license,(GI-IaaS) Admin - License & Asset Management,software_license,Service request,1,2270,58,0.9034231901168823,0.9018046259880066,0.8648411631584167,0.8254226446151733,0.9034231901168823,0.0016185641288757324,0.07800054550170898,(GI-UX) Group,software_license,(GI-UX) Group|(GI-IaaS) Admin - License & Asset Management|(GI-IaaS) Admin - License & Asset Management|(GI-UX) Group|(GI-UX) Group,software_license|other|software_license|software_license|software_license
R-221,I can't access DFX VPN,(GI-UX) File & Print,software_support,Service request,1,422,64,0.5811656713485718,0.5810250043869019,0.5618884563446045,0.5351576209068298,0.5811656713485718,0.00014066696166992188,0.04600805044174194,(GI-UX) Network Access,vpn_access,(GI-UX) Network Access|(GI-UX) Group|(GI-UX) Network Access|(GI-UX) Network Access|(GI-UX) Group,vpn_access|software_support|other|software_support|password_reset
R-223,I need administration rights on my computer,(GI-CF) Robot Process Automation,admin_rights,Service request,1,4709,101,0.8446933031082153,0.8446933031082153,0.8385526537895203,0.8273181915283203,0.8446933031082153,0.0,0.01737511157989502,(GI-UX) File & Print,admin_rights,(GI-UX) File & Print|(GI-UX) File & Print|(GI-UX) File & Print|(GI-UX) File & Print|(GI-CF) Robot Process Automation,admin_rights|admin_rights|admin_rights|admin_rights|admin_rights
R-224,Need to rename the Alias of MNRV from Alex-Reed@example.com to Reed.Alex@example,(GI-UX) Account Management,email_support,Service request,1,621,123,0.6579524278640747,0.6280190944671631,0.5665126442909241,0.4131360650062561,0.6579524278640747,0.02993333339691162,0.2448163628578186,(GI-UX) Account Management,other,(GI-UX) Account Management|(GI-UX) Unified Communication|(GI-IaaS) Backend M365 (2nd level)|(GI-UX) Account Management|(GI-UX) Account Management,other|other|other|other|email_support
R-225,GFT ITALIA SRL_Jane Smith ‎(JS108)‎_start date change,(BF) Employee Platform (SAP SF),other,Service request,0,462,230,0.603413462638855,0.5555002689361572,0.5584453344345093,0.5424611568450928,0.603413462638855,0.047913193702697754,0.06095230579376221,(GI-SaaS) Salesforce,other,(GI-SaaS) Salesforce|(GI-UX) Application|(GI-UX) Application|(BF) Employee Platform (SAP SF)|(GI-UX) Account Management,other|absence|other|other|onboarding
R-230,Access to Emmer Network via Konsa VPN,(GI-UX) Network Access,vpn_access,Service request,1,1263,181,0.6124162673950195,0.5837207436561584,0.5836314558982849,0.5604643821716309,0.6124162673950195,0.028695523738861084,0.05195188522338867,(GI-UX) Network Access,other,(GI-UX) Network Access|(GI-UX) Network Access|(GI-UX) Network Access|(GI-UX) Network Access|(GI-UX) Group,other|vpn_access|vpn_access|vpn_access|vpn_access
R-231,Enable user to access client network (SGS-Banco BPM),(GI-UX) Network Access,vpn_access,Service request,1,1113,267,0.9957883358001709,0.9891097545623779,0.9501953125,0.7910085320472717,0.9957883358001709,0.006678581237792969,0.20477980375289917,(GI-UX) Network Access,vpn_access,(GI-UX) Network Access|(GI-UX) Network Access|(GI-UX) Network Access|(GI-UX) Network Access|(GI-UX) Network Access,vpn_access|vpn_access|vpn_access|vpn_access|vpn_access
R-232,I need a Confluence License,(GI-IaaS) Development Platform,software_license,Service request,1,1146,78,0.918615460395813,0.918615460395813,0.8949901461601257,0.857459545135498,0.918615460395813,0.0,0.06115591526031494,(GI-IaaS) Development Platform,software_license,(GI-IaaS) Development Platform|(GI-IaaS) Development Platform|(GI-IaaS) Development Platform|(GI-IaaS) Development Platform|(GI-IaaS) Development Platform,software_license|software_license|software_license|software_license|software_license
R-233,Administrator rights,(GI-UX) File & Print,admin_rights,Service request,1,4703,141,0.792081356048584,0.7370007634162903,0.7440671324729919,0.7266795039176941,0.792081356048584,0.0550805926322937,0.06540185213088989,(GI-UX) Network Access,admin_rights,(GI-UX) Network Access|(GI-CF) Robot Process Automation|(BF) Information Security Office|(GI-UX) File & Print|(GI-CF) Robot Process Automation,admin_rights|admin_rights|admin_rights|admin_rights|admin_rights
R-234,Confluence license request,(GI-IaaS) Development Platform,software_license,Service request,1,1283,96,0.8555153012275696,0.8555153012275696,0.8480854034423828,0.8250077962875366,0.8555153012275696,0.0,0.03050750494003296,(GI-IaaS) Development Platform,software_license,(GI-IaaS) Development Platform|(GI-IaaS) Development Platform|(GI-IaaS) Development Platform|(GI-IaaS) Development Platform|(GI-IaaS) Development Platform,software_license|software_license|software_license|software_license|software_license
R-235,Jira license request,(GI-IaaS) Development Platform,software_license,Service request,1,1316,100,0.8402281403541565,0.815489649772644,0.8174914121627808,0.8105798363685608,0.8402281403541565,0.02473849058151245,0.029648303985595703,(GI-IaaS) Development Platform,software_license,(GI-IaaS) Development Platform|(GI-IaaS) Development Platform|(GI-IaaS) Development Platform|(GI-IaaS) Development Platform|(GI-IaaS) Development Platform,software_license|software_license|software_license|software_license|software_license
R-236,Admin Rights,(GI-UX) Network Access,admin_rights,Service request,1,4633,165,0.8259684443473816,0.813143253326416,0.7770428657531738,0.7190788984298706,0.8259684443473816,0.012825191020965576,0.10688954591751099,(GI-UX) Group,software_license,(GI-UX) Group|(GI-UX) File & Print|(GI-UX) File & Print|(GI-UX) Group|(GI-UX) Group,software_license|admin_rights|admin_rights|software_license|software_license
R-237,I need administrator rights,(GI-CF) Robot Process Automation,admin_rights,Service request,1,4715,90,0.8791489601135254,0.8735067844390869,0.8630460500717163,0.8444375991821289,0.8791489601135254,0.0056421756744384766,0.034711360931396484,(GI-UX) Group,admin_rights,(GI-UX) Group|(GI-CF) Robot Process Automation|(BF) Information Security Office|(BF) Information Security Office|(GI-CF) Robot Process Automation,admin_rights|admin_rights|admin_rights|admin_rights|admin_rights
R-238,Problem with opening ISP's Apps,(GI-UX) File & Print,hardware_support,Incident,1,232,156,0.7354416847229004,0.7310556173324585,0.7028053998947144,0.6511648297309875,0.7354416847229004,0.0043860673904418945,0.08427685499191284,(GI-UX) Group,hardware_support,(GI-UX) Group|(GI-UX) Group|(GI-UX) File & Print|(GI-UX) Windows|(GI-UX) Group,hardware_support|other|software_support|software_support|software_support
R-239,VPN Citrix,(GI-UX) File & Print,other,Service request,1,265,38,0.6921645402908325,0.6487261652946472,0.6457221508026123,0.6082336902618408,0.6921645402908325,0.0434383749961853,0.0839308500289917,(GI-UX) Windows,software_support,(GI-UX) Windows|(GI-UX) Windows|(GI-UX) Group|(GI-UX) Windows|(GI-UX) Group,software_support|software_support|software_support|software_support|software_support
R-24,Need support to remove end date,(GI-UX) Application,other,Incident,1,698,318,0.9314859509468079,0.8911945223808289,0.8415975570678711,0.7618002891540527,0.9314859509468079,0.040291428565979004,0.16968566179275513,(GI-SaaS) Salesforce,hr_tools,(GI-SaaS) Salesforce|(GI-SaaS) Salesforce|(GI-UX) Application|(GI-UX) Application|(GI-UX) Application,hr_tools|other|other|other|hr_tools
R-240,Offboard employee Liam Castillo on 2024-07-16 [Ticket to manage virtual devices ,(GI-IaaS) Backend Application Srv. & Project Support,offboarding,Service request,0,127,213,0.8014373779296875,0.7886322736740112,0.7767640352249146,0.7593085169792175,0.8014373779296875,0.01280510425567627,0.04212886095046997,(GI-UX) File & Print,offboarding,(GI-UX) File & Print|(GI-IaaS) Backend Application Srv. & Project Support|(GI-IaaS) Backend Application Srv. & Project Support|(GI-IaaS) Backend Application Srv. & Project Support|(GI-IaaS) Backend Application Srv. & Project Support,offboarding|offboarding|offboarding|offboarding|offboarding
R-242,Offboard employee Lorenzo Bressan on 2024-07-16 [Ticket to manage device retirem,(GI-UX) File & Print,offboarding,Service request,0,129,213,0.8014373779296875,0.7867693305015564,0.7804738283157349,0.7662026286125183,0.8014373779296875,0.014668047428131104,0.03523474931716919,(GI-IaaS) Backend Application Srv. & Project Support,offboarding,(GI-IaaS) Backend Application Srv. & Project Support|(GI-IaaS) Backend Application Srv. & Project Support|(LF) IT Office Access Italy|(GI-UX) File & Print|(LF) IT Office Access Italy,offboarding|offboarding|offboarding|offboarding|offboarding
R-244,Admin rights on my pc,(GI-CF) Robot Process Automation,admin_rights,Service request,1,4751,156,0.723877489566803,0.7006804943084717,0.6976221203804016,0.686353325843811,0.723877489566803,0.0231969952583313,0.03752416372299194,(BF) Information Security Office,admin_rights,(BF) Information Security Office|(GI-UX) Group|(GI-CF) Robot Process Automation|(GI-UX) Group|(GI-CF) Robot Process Automation,admin_rights|software_license|admin_rights|admin_rights|admin_rights
R-245,GFT Italia SRL_ Smith John_ B56C,(GI-UX) Application,absence,Service request,1,553,173,0.7426856756210327,0.6934370398521423,0.6824604272842407,0.6524723768234253,0.7426856756210327,0.04924863576889038,0.09021329879760742,(GI-UX) Application,absence,(GI-UX) Application|(GI-UX) Application|(GI-SaaS) Salesforce|(GI-SaaS) Salesforce|(GI-SaaS) Salesforce,absence|absence|absence|absence|absence
R-246,I can't edit membership for ISP Relianet CMC,(GI-UX) File & Print,software_support,Service request,1,421,132,0.4852621555328369,0.45232242345809937,0.43665891885757446,0.40184253454208374,0.4852621555328369,0.03293973207473755,0.08341962099075317,(GI-UX) Group,email_support,(GI-UX) Group|(GI-UX) Network Access|(GI-UX) Unified Communication|(GI-UX) System Management & Anti Virus|(GI-UX) File & Print,email_support|admin_rights|email_support|other|admin_rights
R-249,Badge to GFT Italy - urgente,(LF) IT Office Access Italy,office_access,Service request,1,415,337,0.9160689115524292,0.9122430086135864,0.8991138339042664,0.8790459632873535,0.9160689115524292,0.0038259029388427734,0.037022948265075684,(LF) IT Office Access Italy,office_access,(LF) IT Office Access Italy|(LF) IT Office Access Italy|(LF) IT Office Access Italy|(LF) IT Office Access Italy|(LF) IT Office Access Italy,office_access|office_access|office_access|office_access|office_access
R-25,Installation of Docker,(GI-UX) Group,other,Service request,1,2146,69,0.9413267970085144,0.7231507301330566,0.7232909798622131,0.6126632690429688,0.9413267970085144,0.21817606687545776,0.32866352796554565,(GI-UX) Group,software_license,(GI-UX) Group|(GI-UX) Group|(GI-UX) Group|(GI-UX) Group|(GI-IaaS) Admin - License & Asset Management,software_license|software_license|software_license|software_license|other
R-251,My Jabra device is not working properly,(GI-UX) Group,other,Incident,0,261,122,0.4400097727775574,0.3875458836555481,0.3950141966342926,0.38010579347610474,0.4400097727775574,0.05246388912200928,0.05990397930145264,(GI-UX) Group,hardware_support,(GI-UX) Group|(GI-UX) File & Print|(GI-IaaS) Development Platform|(GI-IaaS) Development Platform|(GI-UX) Group,hardware_support|hardware_support|access_problem|other|other
R-253,administration permission to install program,(GI-UX) Group,software_license,Service request,1,2135,218,0.7892407178878784,0.7600691914558411,0.7598823308944702,0.7463491559028625,0.7892407178878784,0.029171526432037354,0.04289156198501587,(GI-UX) File & Print,admin_rights,(GI-UX) File & Print|(GI-UX) Group|(GI-UX) Group|(GI-UX) Network Access|(GI-CF) Robot Process Automation,admin_rights|software_license|software_license|admin_rights|admin_rights
R-254,User BZX-LMNO and BZX-QRST can't add any group to an user on Azure,(GI-UX) System Management & Anti Virus,other,Service request,0,279,327,0.6275331377983093,0.6265645027160645,0.5749103426933289,0.49509626626968384,0.6275331377983093,0.000968635082244873,0.1324368715286255,(GI-IaaS) Backend System Management (2nd level),other,(GI-IaaS) Backend System Management (2nd level)|(GI-IaaS) Backend System Management (2nd level)|(GI-IaaS) Backend System Management (2nd level)|(GI-IaaS) Backend System Management (2nd level)|(GI-IaaS) Development Platform,other|other|other|other|other
R-255,I need to verify and un-block an email sent to our CEO,(GI-CyberSec) Security Operation Center,email_support,Service request,1,251,331,0.5842963457107544,0.5221195220947266,0.5113281011581421,0.4606214165687561,0.5842963457107544,0.06217682361602783,0.12367492914199829,(GI-CyberSec) Security Operation Center,email_support,(GI-CyberSec) Security Operation Center|(GI-IaaS) Backend M365 (2nd level)|(GI-CyberSec) Security Operation Center|(GI-IaaS) Backend M365 (2nd level)|(GI-CyberSec) Security Operation Center,email_support|other|email_support|email_support|email_support
R-259,Admin rights,(GI-UX) File & Print,admin_rights,Service request,1,4743,82,0.8893111348152161,0.8711713552474976,0.8680092096328735,0.8590079545974731,0.8893111348152161,0.018139779567718506,0.03030318021774292,(GI-UX) File & Print,admin_rights,(GI-UX) File & Print|(GI-UX) File & Print|(GI-UX) File & Print|(GI-UX) File & Print|(GI-UX) File & Print,admin_rights|admin_rights|admin_rights|admin_rights|admin_rights
R-26,Ivanti client upgrade,(GI-UX) Group,software_license,Service request,1,2152,370,0.7389756441116333,0.7338029146194458,0.7277436256408691,0.7167725563049316,0.7389756441116333,0.0051727294921875,0.02220308780670166,(GI-UX) Group,software_license,(GI-UX) Group|(GI-UX) File & Print|(GI-UX) File & Print|(GI-UX) File & Print|(GI-UX) Group,software_license|admin_rights|admin_rights|admin_rights|software_license
R-260,I need software update to operate with client VPN,(GI-UX) Group,software_license,Service request,1,2114,49,0.7793207168579102,0.7655990123748779,0.7445457577705383,0.7151555418968201,0.7793207168579102,0.013721704483032227,0.06416517496109009,(GI-UX) Group,software_license,(GI-UX) Group|(GI-UX) Group|(GI-UX) Group|(GI-UX) Group|(GI-UX) File & Print,software_license|software_license|software_license|software_license|admin_rights
R-261,I need confluence license to get access to confluence,(GI-IaaS) Development Platform,software_license,Service request,1,1257,53,0.9452515244483948,0.9452515244483948,0.9254983067512512,0.87720787525177,0.9452515244483948,0.0,0.06804364919662476,(GI-IaaS) Development Platform,software_license,(GI-IaaS) Development Platform|(GI-IaaS) Development Platform|(GI-IaaS) Development Platform|(GI-IaaS) Development Platform|(GI-IaaS) Development Platform,software_license|software_license|software_license|software_license|software_license
R-263,"Request pulse secure update ""Ivanti"" pulse secure",(GI-UX) File & Print,software_support,Service request,1,422,52,0.8055078983306885,0.7713514566421509,0.7365764379501343,0.674635112285614,0.8055078983306885,0.0341564416885376,0.13087278604507446,(GI-UX) File & Print,admin_rights,(GI-UX) File & Print|(GI-UX) Group|(GI-UX) Group|(GI-CF) Robot Process Automation|(GI-UX) Group,admin_rights|software_license|software_license|admin_rights|software_license
R-264,I need to enable my colleagues to access the Crédit Agricole network via GFT Sit,(GI-UX) Network Access,vpn_access,Service request,1,1052,303,0.965248167514801,0.9627124667167664,0.7727519273757935,0.6326550245285034,0.965248167514801,0.002535700798034668,0.3325931429862976,(GI-UX) Network Access,vpn_access,(GI-UX) Network Access|(GI-UX) Network Access|(GI-UX) Network Access|(GI-UX) Group|(GI-UX) Group,vpn_access|vpn_access|vpn_access|vpn_access|vpn_access
R-268,Update version of Ivanti - VPN,(GI-UX) Group,software_license,Service request,1,2164,131,0.8719323873519897,0.8096898794174194,0.8180227279663086,0.8009179830551147,0.8719323873519897,0.06224250793457031,0.071014404296875,(GI-UX) File & Print,software_support,(GI-UX) File & Print|(GI-UX) Group|(GI-UX) Group|(GI-UX) File & Print|(GI-UX) Group,software_support|software_license|software_license|other|software_license
R-269,I need to install VPN application to access to client's network,(GI-UX) File & Print,admin_rights,Service request,1,4695,72,0.7468290328979492,0.7424970865249634,0.7289964556694031,0.7181051969528198,0.7468290328979492,0.00433194637298584,0.028723835945129395,(GI-UX) Group,software_license,(GI-UX) Group|(GI-UX) Group|(GI-UX) Group|(GI-UX) Group|(GI-UX) File & Print,software_license|software_license|software_license|software_support|admin_rights
R-27,Problem opening .ica files,(GI-UX) Group,software_support,Service request,1,422,870,0.8107990026473999,0.7413738369941711,0.7170799970626831,0.6563604474067688,0.8107990026473999,0.06942516565322876,0.1544385552406311,(GI-UX) File & Print,software_support,(GI-UX) File & Print|(GI-UX) Group|(GI-UX) Group|(GI-UX) Windows|(GI-UX) Group,software_support|other|software_license|software_support|hardware_support
R-270,Installation Pulse Win 22,(GI-UX) Group,software_license,Service request,1,2144,72,0.53263920545578,0.5292172431945801,0.5242255926132202,0.5053996443748474,0.53263920545578,0.003421962261199951,0.027239561080932617,(GI-CF) Robot Process Automation,admin_rights,(GI-CF) Robot Process Automation|(GI-UX) Group|(GI-CF) Robot Process Automation|(GI-UX) Group|(GI-UX) File & Print,admin_rights|software_license|admin_rights|software_license|software_support
R-273,VSCode is blocked - Error on updating,(GI-UX) File & Print,software_support,Service request,1,422,486,0.4421594738960266,0.4331074655056,0.4018094539642334,0.3589586615562439,0.4421594738960266,0.009052008390426636,0.08320081233978271,(GI-UX) Group,software_support,(GI-UX) Group|(GI-IaaS) Development Platform|(GI-UX) Group|(GI-UX) Group|(GI-UX) Group,software_support|other|software_support|software_license|hardware_support
R-274,New VPN PULSE Bank of Florence,(GI-UX) Group,software_license,Service request,1,2261,160,0.6625921726226807,0.6540852785110474,0.6506659984588623,0.6445386409759521,0.6625921726226807,0.0085068941116333,0.018053531646728516,(GI-UX) Group,software_license,(GI-UX) Group|(GI-UX) Group|(GI-UX) Group|(GI-UX) Group|(GI-UX) File & Print,software_license|software_license|software_license|software_license|software_support
R-277,I need a visual studio licence,(GI-UX) Group,software_license,Service request,1,2162,75,0.9784208536148071,0.9555914402008057,0.8053690195083618,0.5644626617431641,0.9784208536148071,0.022829413414001465,0.41395819187164307,(GI-IaaS) Admin - License & Asset Management,software_license,(GI-IaaS) Admin - License & Asset Management|(GI-UX) Group|(GI-IaaS) Admin - License & Asset Management|(GI-UX) Group|(GI-IaaS) Admin - License & Asset Management,software_license|software_license|software_license|software_license|software_license
R-279,Installation local program,(GI-UX) File & Print,software_support,Service request,1,422,93,0.770287036895752,0.7453392744064331,0.7431922554969788,0.7314650416374207,0.770287036895752,0.024947762489318848,0.0388219952583313,(GI-CF) Robot Process Automation,admin_rights,(GI-CF) Robot Process Automation|(GI-CF) Robot Process Automation|(GI-UX) File & Print|(GI-UX) File & Print|(GI-CF) Robot Process Automation,admin_rights|admin_rights|admin_rights|admin_rights|admin_rights
R-28,I need support about local software Word,(GI-UX) File & Print,software_support,Service request,1,422,272,0.5836725831031799,0.5744400024414062,0.49524736404418945,0.33784157037734985,0.5836725831031799,0.009232580661773682,0.24583101272583008,(GI-UX) Group,software_support,(GI-UX) Group|(GI-UX) File & Print|(GI-UX) Windows|(GI-UX) File & Print|(GI-IaaS) Development Platform,software_support|software_support|software_support|software_support|project_tools
R-282,Update working tools,(GI-UX) File & Print,admin_rights,Service request,1,4837,81,0.747491717338562,0.7473616600036621,0.7326035499572754,0.705370306968689,0.747491717338562,0.00013005733489990234,0.04212141036987305,(GI-CF) Robot Process Automation,admin_rights,(GI-CF) Robot Process Automation|(GI-UX) File & Print|(GI-CF) Robot Process Automation|(GI-CF) Robot Process Automation|(GI-CF) Robot Process Automation,admin_rights|admin_rights|admin_rights|admin_rights|admin_rights
R-283,A team need administrative access,(GI-UX) Group,software_license,Service request,1,2130,162,0.7768692970275879,0.738427996635437,0.7400272488594055,0.7206491827964783,0.7768692970275879,0.03844130039215088,0.05622011423110962,(GI-UX) File & Print,admin_rights,(GI-UX) File & Print|(GI-UX) File & Print|(GI-UX) Group|(GI-UX) File & Print|(GI-UX) File & Print,admin_rights|admin_rights|software_license|admin_rights|admin_rights
R-284,Admin rights,(GI-UX) File & Print,admin_rights,Service request,1,4643,131,0.8884115815162659,0.8711712956428528,0.8626750111579895,0.8511141538619995,0.8884115815162659,0.017240285873413086,0.03729742765426636,(GI-UX) File & Print,admin_rights,(GI-UX) File & Print|(GI-UX) File & Print|(GI-UX) File & Print|(GI-UX) File & Print|(GI-UX) File & Print,admin_rights|admin_rights|admin_rights|admin_rights|admin_rights
R-285,Need admin rights to update Ivanti sw,(GI-UX) File & Print,admin_rights,Service request,1,4688,79,0.8893110156059265,0.8884115815162659,0.8649358749389648,0.8488562703132629,0.8893110156059265,0.0008994340896606445,0.040454745292663574,(GI-UX) File & Print,admin_rights,(GI-UX) File & Print|(GI-UX) File & Print|(GI-UX) File & Print|(GI-UX) File & Print|(GI-UX) File & Print,admin_rights|admin_rights|admin_rights|admin_rights|admin_rights
R-286,Need to install Ivanti 22.7r2-b29103-64bit-installer,(GI-UX) Group,other,Service request,0,137,173,0.9888197183609009,0.8575792908668518,0.874659538269043,0.8421688675880432,0.9888197183609009,0.13124042749404907,0.14665085077285767,(GI-UX) Group,software_license,(GI-UX) Group|(GI-UX) Group|(GI-UX) File & Print|(GI-UX) File & Print|(GI-UX) File & Print,software_license|software_license|admin_rights|admin_rights|admin_rights
R-29,An approved day of absence does not change from Draft to Submitted status,(GI-UX) Application,absence,Incident,1,549,116,0.5593845844268799,0.5433931946754456,0.5356238484382629,0.5163239240646362,0.5593845844268799,0.015991389751434326,0.04306066036224365,(GI-SaaS) Salesforce,other,(GI-SaaS) Salesforce|(GI-UX) Application|(GI-UX) Application|(GI-UX) Application|(GI-SaaS) Salesforce,other|absence|absence|absence|absence
R-290,Permanent administrator right,(GI-UX) File & Print,admin_rights,Service request,1,4637,174,0.7913696765899658,0.7682003974914551,0.7624524831771851,0.7483463287353516,0.7913696765899658,0.023169279098510742,0.04302334785461426,(GI-CF) Robot Process Automation,admin_rights,(GI-CF) Robot Process Automation|(GI-CF) Robot Process Automation|(GI-CF) Robot Process Automation|(GI-CF) Robot Process Automation|(BF) Information Security Office,admin_rights|admin_rights|admin_rights|admin_rights|admin_rights
R-293,Ivanti VPN version update,(GI-UX) File & Print,admin_rights,Service request,1,4477,248,0.8162760734558105,0.7926755547523499,0.7810966372489929,0.7510796785354614,0.8162760734558105,0.023600518703460693,0.06519639492034912,(GI-UX) Group,software_license,(GI-UX) Group|(GI-UX) Group|(GI-UX) Group|(GI-UX) Group|(GI-UX) Group,software_license|software_license|software_license|software_license|software_license
R-294,Requesting VPN software update,(GI-UX) Group,software_license,Service request,1,2163,190,0.8001298904418945,0.7655989527702332,0.7571228742599487,0.7301973700523376,0.8001298904418945,0.03453093767166138,0.06993252038955688,(GI-UX) File & Print,admin_rights,(GI-UX) File & Print|(GI-UX) Group|(GI-UX) File & Print|(GI-UX) Group|(GI-UX) File & Print,admin_rights|software_license|admin_rights|software_license|admin_rights
R-298,I need administrator rights on my computer,(GI-UX) Group,software_license,Service request,1,2142,79,0.8482034802436829,0.8482034802436829,0.8360229730606079,0.8169938921928406,0.8482034802436829,0.0,0.031209588050842285,(GI-UX) File & Print,admin_rights,(GI-UX) File & Print|(GI-UX) File & Print|(GI-UX) File & Print|(GI-UX) File & Print|(GI-UX) File & Print,admin_rights|admin_rights|admin_rights|other|admin_rights
R-299,Admin permission,(GI-CF) Robot Process Automation,admin_rights,Service request,1,4542,248,0.8222809433937073,0.8103541135787964,0.8020390272140503,0.7900350689888,0.8222809433937073,0.011926829814910889,0.03224587440490723,(GI-CF) Robot Process Automation,admin_rights,(GI-CF) Robot Process Automation|(GI-UX) Group|(GI-CF) Robot Process Automation|(GI-UX) File & Print|(GI-UX) File & Print,admin_rights|software_license|admin_rights|admin_rights|admin_rights
R-3,I need Citrix installation,(GI-UX) Group,software_license,Service request,1,2143,63,0.7099565267562866,0.6775665283203125,0.658195436000824,0.5992486476898193,0.7099565267562866,0.03238999843597412,0.11070787906646729,(GI-CF) Robot Process Automation,admin_rights,(GI-CF) Robot Process Automation|(GI-CF) Robot Process Automation|(GI-UX) Group|(GI-UX) Group|(GI-UX) Group,admin_rights|admin_rights|other|software_license|software_license
R-30,I need to enable a colleague for a project,(GI-IaaS) Development Platform,other,Service request,1,254,131,0.6016750335693359,0.5582849979400635,0.5501288771629333,0.522494375705719,0.6016750335693359,0.04339003562927246,0.07918065786361694,(GI-IaaS) Development Platform,other,"(GI-IaaS) Development Platform|(GI-UX) Network Access|(GI-IaaS) Network Cloud (Azure, Remote Access)|(GI-IaaS) Admin - License & Asset Management|(GI-UX) Group",other|vpn_access|vpn_access|software_license|software_license
R-300,Ivanti Secure Access Client's version,(GI-UX) Group,software_license,Service request,1,2225,65,0.8376346826553345,0.8165611028671265,0.7863710522651672,0.7471762895584106,0.8376346826553345,0.021073579788208008,0.09045839309692383,(GI-UX) Group,software_license,(GI-UX) Group|(GI-UX) Group|(GI-UX) Group|(GI-UX) Group|(GI-UX) Group,software_license|software_license|software_license|software_license|software_license
R-303,Admin Grant on Windows,(GI-UX) File & Print,admin_rights,Service request,1,4711,82,0.7295235991477966,0.729446530342102,0.71794593334198,0.7007228136062622,0.7295235991477966,7.706880569458008e-05,0.028800785541534424,(GI-UX) File & Print,admin_rights,(GI-UX) File & Print|(GI-UX) File & Print|(GI-UX) File & Print|(GI-UX) Group|(GI-UX) File & Print,admin_rights|admin_rights|admin_rights|software_license|admin_rights
R-305,Upgrade Ivanti Secure Access,(GI-UX) File & Print,software_support,Service request,1,422,125,0.8719323873519897,0.811813235282898,0.8118902444839478,0.7897248268127441,0.8719323873519897,0.0601191520690918,0.0822075605392456,(GI-UX) Group,software_license,(GI-UX) Group|(GI-UX) Group|(GI-UX) File & Print|(GI-UX) Group|(GI-UX) Group,software_license|software_license|other|software_license|software_license
R-306,Need permission to install new ivanti pulse client to work for client,(GI-UX) Group,software_license,Service request,1,2158,50,0.9309866428375244,0.7942019104957581,0.7755581736564636,0.7159098982810974,0.9309866428375244,0.13678473234176636,0.215076744556427,(GI-UX) Group,software_license,(GI-UX) Group|(GI-UX) Group|(GI-UX) File & Print|(GI-UX) File & Print|(GI-CF) Robot Process Automation,software_license|software_license|software_support|software_support|admin_rights
R-307,I need administrator rights on my PC,(GI-UX) File & Print,admin_rights,Service request,1,4684,110,0.9996298551559448,0.9996298551559448,0.9285133481025696,0.8612537384033203,0.9996298551559448,0.0,0.1383761167526245,(GI-UX) File & Print,admin_rights,(GI-UX) File & Print|(GI-UX) File & Print|(GI-UX) File & Print|(GI-UX) File & Print|(GI-UX) Group,admin_rights|admin_rights|admin_rights|admin_rights|software_license
R-308,Don’t change my GFT password,(GI-UX) Group,password_reset,Service request,1,420,261,0.7821348905563354,0.6779133081436157,0.5986337661743164,0.5083034634590149,0.7821348905563354,0.10422158241271973,0.27383142709732056,(GI-UX) Group,password_reset,(GI-UX) Group|(GI-UX) File & Print|(GI-UX) Group|(GI-UX) Group|(GI-UX) Group,password_reset|software_support|password_reset|password_reset|password_reset
R-31,I need to update printer software driver,(GI-UX) Group,other,Service request,1,449,65,0.5373334288597107,0.5373334288597107,0.5016469359397888,0.43621769547462463,0.5373334288597107,0.0,0.10111573338508606,(GI-UX) Group,other,(GI-UX) Group|(GI-UX) Group|(GI-UX) Windows|(GI-UX) Group|(GI-UX) Group,other|software_license|other|software_license|software_license
R-310,Request Administrator Rights on my computer,(GI-UX) File & Print,admin_rights,Service request,1,4611,206,0.7482936382293701,0.7404419779777527,0.7169377207756042,0.6930410861968994,0.7482936382293701,0.007851660251617432,0.0552525520324707,(GI-UX) Group,software_license,(GI-UX) Group|(GI-UX) File & Print|(GI-UX) File & Print|(GI-UX) Network Access|(GI-UX) File & Print,software_license|admin_rights|admin_rights|admin_rights|admin_rights
R-311,I need Administrator rights on my PC,(GI-UX) File & Print,admin_rights,Service request,1,4668,113,1.0,0.9996298551559448,0.9289469718933105,0.8615381717681885,1.0,0.0003701448440551758,0.13846182823181152,(GI-UX) File & Print,admin_rights,(GI-UX) File & Print|(GI-UX) File & Print|(GI-UX) File & Print|(GI-UX) File & Print|(GI-CF) Robot Process Automation,admin_rights|admin_rights|admin_rights|admin_rights|admin_rights
R-313,VPN INTESA Ivanti upgrae alla 22.7.1,(GI-UX) Group,software_license,Service request,1,2157,377,0.7452424764633179,0.6977083683013916,0.6981850862503052,0.655164361000061,0.7452424764633179,0.04753410816192627,0.09007811546325684,(GI-UX) File & Print,admin_rights,(GI-UX) File & Print|(GI-UX) Group|(GI-UX) File & Print|(GI-UX) File & Print|(GI-UX) Group,admin_rights|software_license|software_support|other|software_license
R-316,A colleague needs their password reset because they are locked out of their acco,(GI-UX) Group,password_reset,Service request,1,419,110,0.6746580600738525,0.6616758108139038,0.6577390432357788,0.6494176387786865,0.6746580600738525,0.01298224925994873,0.025240421295166016,(GI-UX) Group,password_reset,(GI-UX) Group|(GI-UX) Group|(GI-UX) Group|(GI-UX) Group|(GI-UX) Group,password_reset|password_reset|password_reset|password_reset|password_reset
R-319,"We kindly request access authorization for software development purposes, for th",(GI-UX) Network Access,vpn_access,Service request,1,1169,137,0.8331311345100403,0.5831294655799866,0.6221863627433777,0.5603506565093994,0.8331311345100403,0.2500016689300537,0.27278047800064087,(GI-UX) Network Access,vpn_access,(GI-UX) Network Access|(GI-UX) Group|(GI-CF) Robot Process Automation|(GI-CF) Robot Process Automation|(GI-CF) Robot Process Automation,vpn_access|software_license|admin_rights|admin_rights|other
R-32,Need to use Jira,(GI-IaaS) Development Platform,software_license,Service request,1,1298,77,0.911501944065094,0.8856898546218872,0.8897411227226257,0.8827084898948669,0.911501944065094,0.025812089443206787,0.02879345417022705,(GI-IaaS) Development Platform,software_license,(GI-IaaS) Development Platform|(GI-IaaS) Development Platform|(GI-IaaS) Development Platform|(GI-IaaS) Development Platform|(GI-IaaS) Development Platform,software_license|software_license|software_license|software_license|software_license
R-320,I: Aggiornamento assenza di Giulia Bellucci,(GI-SM) Service Desk,other,Service request,0,202,3778,0.536710262298584,0.5296984910964966,0.516049861907959,0.4878726601600647,0.536710262298584,0.007011771202087402,0.04883760213851929,(GI-UX) Mobile Device Management,other,(GI-UX) Mobile Device Management|(GI-UX) Group|(GI-UX) Mobile Device Management|(LF) IT Office Access Italy|(GI-UX) Group,other|software_support|other|office_access|software_support
R-322,I need a Docker Desktop licence,(GI-UX) Group,software_license,Service request,1,2199,44,0.8972529172897339,0.8720909357070923,0.8498058319091797,0.7924091815948486,0.8972529172897339,0.0251619815826416,0.10484373569488525,(GI-IaaS) Admin - License & Asset Management,other,(GI-IaaS) Admin - License & Asset Management|(GI-UX) Group|(GI-UX) Group|(GI-IaaS) Admin - License & Asset Management|(GI-IaaS) Admin - License & Asset Management,other|software_license|software_license|software_license|software_license
R-323,MS PROJECT with sw licence,(GI-UX) Group,software_license,Service request,1,2120,52,0.5950206518173218,0.569119930267334,0.5689929723739624,0.5580571889877319,0.5950206518173218,0.025900721549987793,0.036963462829589844,(GI-IaaS) Development Platform,other,(GI-IaaS) Development Platform|(GI-CF) Robot Process Automation|(GI-UX) Group|(GI-UX) Group|(GI-IaaS) Development Platform,other|admin_rights|software_license|admin_rights|software_license
R-325,New endpoint for Unipol VPN cdh reader no PROD,"(GI-IaaS) Network On-Prem (LAN,WLAN,WAN 2nd level)",vpn_access,Service request,1,1059,353,0.7699255347251892,0.7260713577270508,0.6658992171287537,0.5741045475006104,0.7699255347251892,0.04385417699813843,0.19582098722457886,"(GI-IaaS) Network On-Prem (LAN,WLAN,WAN 2nd level)",vpn_access,"(GI-IaaS) Network On-Prem (LAN,WLAN,WAN 2nd level)|(GI-IaaS) Network On-Prem (LAN,WLAN,WAN 2nd level)|(GI-IaaS) Network On-Prem (LAN,WLAN,WAN 2nd level)|(GI-IaaS) Network On-Prem (LAN,WLAN,WAN 2nd level)|(GI-IaaS) Network On-Prem (LAN,WLAN,WAN 2nd level)",vpn_access|vpn_access|vpn_access|vpn_access|vpn_access
R-327,Connect an existing vendor,(GI-SaaS) SAP & Synertrade,enterprise_systems,Service request,1,301,135,0.9489455223083496,0.9159009456634521,0.9114542007446289,0.8749697804450989,0.9489455223083496,0.03304457664489746,0.07397574186325073,(GI-SaaS) SAP & Synertrade,enterprise_systems,(GI-SaaS) SAP & Synertrade|(GI-SaaS) SAP & Synertrade|(GI-SaaS) SAP & Synertrade|(GI-SaaS) SAP & Synertrade|(GI-SaaS) SAP & Synertrade,enterprise_systems|enterprise_systems|enterprise_systems|enterprise_systems|enterprise_systems
R-328,Office Timeline Add-in for PowerPoint,(GI-UX) Group,software_license,Service request,1,2170,161,0.4052169919013977,0.39667314291000366,0.3912200927734375,0.38090503215789795,0.4052169919013977,0.008543848991394043,0.024311959743499756,(GI-UX) Group,software_license,(GI-UX) Group|(GI-UX) Group|(GI-UX) Group|(GI-IaaS) Admin - License & Asset Management|(GI-UX) File & Print,software_license|software_license|software_license|software_license|other
R-329,OneDrive keeps trying to sync files without success,(GI-UX) Office365 & MS-Teams,other,Incident,1,483,225,0.7143374681472778,0.7013369798660278,0.678266167640686,0.5967012643814087,0.7143374681472778,0.01300048828125,0.11763620376586914,(GI-UX) Office365 & MS-Teams,other,(GI-UX) Office365 & MS-Teams|(GI-UX) Group|(GI-UX) Unified Communication|(GI-UX) Office365 & MS-Teams|(GI-UX) File & Print,other|other|other|other|software_support
R-332,gft_italia_new_dismiss_20240705_324825_A-HJLP [Ticket to manage device retiremen,(GI-UX) Group,offboarding,Service request,0,133,474,0.9754617214202881,0.9754089713096619,0.9741090536117554,0.9725813865661621,0.9754617214202881,5.27501106262207e-05,0.0028803348541259766,(GI-UX) Group,offboarding,(GI-UX) Group|(GI-UX) File & Print|(GI-UX) Group|(GI-UX) Group|(GI-UX) File & Print,offboarding|offboarding|offboarding|offboarding|offboarding
R-333,gft_italia_new_dismiss_20240705_112233_A-BDFG,(GI-UX) Account Management,offboarding,Service request,1,329,482,0.9341634511947632,0.9269585609436035,0.9254187345504761,0.9205213189125061,0.9341634511947632,0.007204890251159668,0.01364213228225708,(GI-UX) Account Management,offboarding,(GI-UX) Account Management|(LF) IT Office Access Italy|(GI-UX) Account Management|(GI-UX) Account Management|(GI-UX) Account Management,offboarding|offboarding|offboarding|offboarding|offboarding
R-335,gft_italia_new_dismiss_20240705_123456_X-YZAB [Ticket to manage Admin Location I,(LF) IT Office Access Italy,offboarding,Service request,0,128,468,0.9456784725189209,0.9424799084663391,0.9423189163208008,0.9400572180747986,0.9456784725189209,0.003198564052581787,0.0056212544441223145,(LF) IT Office Access Italy,offboarding,(LF) IT Office Access Italy|(LF) IT Office Access Italy|(LF) IT Office Access Italy|(LF) IT Office Access Italy|(LF) IT Office Access Italy,offboarding|offboarding|offboarding|offboarding|offboarding
R-337,gft_italia_new_dismiss_20240705_467832_KANRX,(GI-UX) Account Management,offboarding,Service request,1,329,474,0.9575303792953491,0.9575213193893433,0.956475555896759,0.9545260071754456,0.9575303792953491,9.059906005859375e-06,0.0030043721199035645,(GI-UX) Account Management,offboarding,(GI-UX) Account Management|(GI-UX) Account Management|(GI-UX) Account Management|(GI-UX) Account Management|(GI-UX) Account Management,offboarding|offboarding|offboarding|offboarding|offboarding
R-338,gft_italia_new_dismiss_20240704_815713_X-ZXYZ [Ticket to manage virtual devices ,(GI-IaaS) Backend Application Srv. & Project Support,offboarding,Service request,0,135,475,0.9755041599273682,0.9714261889457703,0.9693010449409485,0.9628791809082031,0.9755041599273682,0.0040779709815979,0.012624979019165039,(GI-IaaS) Backend Application Srv. & Project Support,offboarding,(GI-IaaS) Backend Application Srv. & Project Support|(GI-IaaS) Backend Application Srv. & Project Support|(GI-IaaS) Backend Application Srv. & Project Support|(GI-IaaS) Backend Application Srv. & Project Support|(GI-IaaS) Backend Application Srv. & Project Support,offboarding|offboarding|offboarding|offboarding|offboarding
R-339,gft_italia_new_dismiss_20240704_572839_Y-LUWE [Ticket to manage Admin Location I,(LF) IT Office Access Italy,offboarding,Service request,0,128,474,0.9729157090187073,0.972055971622467,0.9698375463485718,0.9664924144744873,0.9729157090187073,0.0008597373962402344,0.006423294544219971,(LF) IT Office Access Italy,offboarding,(LF) IT Office Access Italy|(LF) IT Office Access Italy|(LF) IT Office Access Italy|(LF) IT Office Access Italy|(LF) IT Office Access Italy,offboarding|offboarding|offboarding|offboarding|offboarding
R-341,gft_italia_new_dismiss_20240704_789012_E-XDEF,(GI-UX) Account Management,offboarding,Service request,1,329,474,0.9631879329681396,0.9560545682907104,0.9550298452377319,0.9516626596450806,0.9631879329681396,0.007133364677429199,0.011525273323059082,(GI-UX) Account Management,offboarding,(GI-UX) Account Management|(GI-UX) Account Management|(GI-UX) Account Management|(GI-UX) Account Management|(GI-UX) Account Management,offboarding|offboarding|offboarding|offboarding|offboarding
R-342,I need administrator permissions to download the RAD (Rational Application Devel,(GI-CF) Robot Process Automation,admin_rights,Service request,1,4680,97,0.7107878923416138,0.7017019987106323,0.6901580691337585,0.6769100427627563,0.7107878923416138,0.009085893630981445,0.03387784957885742,(GI-CF) Robot Process Automation,admin_rights,(GI-CF) Robot Process Automation|(GI-UX) File & Print|(GI-CF) Robot Process Automation|(GI-UX) File & Print|(GI-CF) Robot Process Automation,admin_rights|admin_rights|admin_rights|other|admin_rights
R-343,Delete absence of 2 hours of 11/07/2024,(GI-UX) Application,absence,Service request,1,515,75,0.6778460741043091,0.6760861873626709,0.6632515788078308,0.6412328481674194,0.6778460741043091,0.0017598867416381836,0.03661322593688965,(GI-SaaS) Salesforce,absence,(GI-SaaS) Salesforce|(GI-UX) Application|(GI-UX) Application|(GI-UX) Application|(GI-SaaS) Salesforce,absence|absence|absence|absence|absence
R-344,I can't access to Myco platform,(GI-UX) Network Access,vpn_access,Service request,1,582,34,0.8664126396179199,0.8635334968566895,0.8621292114257812,0.8583458065986633,0.8664126396179199,0.0028791427612304688,0.008066833019256592,(GI-UX) Network Access,vpn_access,(GI-UX) Network Access|(GI-UX) Group|(GI-UX) Network Access|(GI-UX) Network Access|(GI-UX) Network Access,vpn_access|vpn_access|vpn_access|vpn_access|vpn_access
R-345,Outlook old version stuck,(GI-UX) File & Print,software_support,Service request,1,422,25,0.6223438382148743,0.6098455190658569,0.5558025240898132,0.47195327281951904,0.6223438382148743,0.012498319149017334,0.15039056539535522,(GI-UX) File & Print,software_support,(GI-UX) File & Print|(GI-UX) File & Print|(GI-UX) File & Print|(GI-UX) File & Print|(GI-UX) Group,software_support|software_support|software_support|software_support|email_support
R-347,field position optimization,(GI-IaaS) Development Platform,project_tools,Service request,1,297,182,0.4925665259361267,0.4656636714935303,0.4631720185279846,0.445978581905365,0.4925665259361267,0.026902854442596436,0.04658794403076172,(GI-IaaS) Development Platform,project_tools,(GI-IaaS) Development Platform|(GI-IaaS) Development Platform|(GI-UX) Application|(GI-UX) Application|(GI-IaaS) Development Platform,project_tools|project_tools|other|other|project_tools
R-348,Request to add leads to Salesforce CRM,(GI-SaaS) Salesforce,enterprise_systems,Service request,1,402,112,0.8488262891769409,0.59868323802948,0.5388756990432739,0.347383588552475,0.8488262891769409,0.25014305114746094,0.5014426708221436,(GI-SaaS) Salesforce,enterprise_systems,(GI-SaaS) Salesforce|(GI-SaaS) Salesforce|(GI-SaaS) Salesforce|(GI-IaaS) Backend M365 (2nd level)|(GI-SaaS) SAP & Synertrade,enterprise_systems|enterprise_systems|enterprise_systems|other|enterprise_systems
R-351,Problems with MS Outlook,(GI-UX) File & Print,software_support,Service request,1,422,224,0.6840114593505859,0.6624764204025269,0.6205325126647949,0.5472823977470398,0.6840114593505859,0.021535038948059082,0.13672906160354614,(GI-UX) Unified Communication,email_support,(GI-UX) Unified Communication|(GI-UX) Unified Communication|(GI-UX) Group|(GI-UX) File & Print|(GI-UX) File & Print,email_support|email_support|email_support|software_support|software_support
R-353,Administration right for installation MySQL,(GI-CF) Robot Process Automation,admin_rights,Service request,1,4708,77,0.6467623114585876,0.5680620670318604,0.573685884475708,0.5464226603507996,0.6467623114585876,0.0787002444267273,0.10033965110778809,(GI-UX) Group,software_license,(GI-UX) Group|(GI-CF) Robot Process Automation|(BF) Information Security Office|(GI-CF) Robot Process Automation|(GI-CF) Robot Process Automation,software_license|admin_rights|admin_rights|admin_rights|admin_rights
R-355,the colleague does not receive the notification on her mobile phone,(GI-UX) Network Access,other,Incident,1,436,165,0.5624306201934814,0.5476453304290771,0.5311692953109741,0.48043566942214966,0.5624306201934814,0.014785289764404297,0.08199495077133179,(GI-UX) Mobile Device Management,hardware_support,(GI-UX) Mobile Device Management|(GI-UX) Account Management|(GI-UX) Group|(GI-UX) Group|(GI-UX) Group,hardware_support|collaboration|password_reset|hardware_support|password_reset
R-357,I need to modify CSE site-2-site tunnel,"(GI-IaaS) Network On-Prem (LAN,WLAN,WAN 2nd level)",other,Service request,1,500,166,0.5788140296936035,0.5385857224464417,0.5420771837234497,0.5290187001228333,0.5788140296936035,0.040228307247161865,0.049795329570770264,"(GI-IaaS) Network On-Prem (LAN,WLAN,WAN 2nd level)",vpn_access,"(GI-IaaS) Network On-Prem (LAN,WLAN,WAN 2nd level)|(GI-UX) Network Access|(GI-UX) Network Access|(GI-IaaS) Network On-Prem (LAN,WLAN,WAN 2nd level)|(GI-IaaS) Network On-Prem (LAN,WLAN,WAN 2nd level)",vpn_access|vpn_access|vpn_access|vpn_access|vpn_access
R-358,I need usb-c headphones,(GI-UX) Mobile Device Management,hardware_support,Service request,1,881,128,0.5606633424758911,0.5199824571609497,0.41531509160995483,0.26736918091773987,0.5606633424758911,0.040680885314941406,0.29329416155815125,(GI-UX) Group,hardware_support,(GI-UX) Group|(GI-UX) File & Print|(GI-UX) File & Print|(GI-UX) File & Print|(GI-IaaS) Admin - Local IT purchase,hardware_support|hardware_support|other|hardware_support|other
R-36,Cannot access to Banco BPM after login to GFT VPN,"(GI-IaaS) Network Cloud (Azure, Remote Access)",other,Incident,0,1076,141,0.8161575794219971,0.7627150416374207,0.7615876197814941,0.7424346208572388,0.8161575794219971,0.053442537784576416,0.0737229585647583,(GI-UX) Group,vpn_access,(GI-UX) Group|(GI-UX) Network Access|(GI-UX) Network Access|(GI-UX) Network Access|(GI-UX) Network Access,vpn_access|vpn_access|vpn_access|vpn_access|vpn_access
R-361,Gft Italia_new_entry_20240722_365902_ Novak,(GI-UX) Account Management,onboarding,Service request,1,1174,705,0.9848657846450806,0.9842077493667603,0.9836127161979675,0.982429563999176,0.9848657846450806,0.0006580352783203125,0.002436220645904541,(GI-UX) Account Management,onboarding,(GI-UX) Account Management|(GI-UX) Account Management|(GI-UX) Account Management|(GI-UX) Account Management|(GI-UX) Account Management,onboarding|onboarding|onboarding|onboarding|onboarding
R-362,Gft Italia_new_entry_20240722_492381 [Ticket to manage device assignments],(GI-UX) File & Print,onboarding,Service request,0,128,697,0.9891454577445984,0.989075243473053,0.9880285263061523,0.9864771366119385,0.9891454577445984,7.021427154541016e-05,0.002668321132659912,(GI-UX) File & Print,onboarding,(GI-UX) File & Print|(GI-UX) File & Print|(GI-UX) File & Print|(GI-UX) File & Print|(GI-UX) File & Print,onboarding|onboarding|onboarding|onboarding|onboarding
R-364,TOW Italy- Managing e-invoices without Synertrade for documents stuck in sftp se,(GI-IaaS) Azure Data Center,other,Incident,0,574,795,0.5827440023422241,0.5444234013557434,0.5239823460578918,0.47338637709617615,0.5827440023422241,0.03832060098648071,0.10935762524604797,(GI-SaaS) SAP & Synertrade,other,(GI-SaaS) SAP & Synertrade|(GI-SaaS) SAP & Synertrade|(GI-SaaS) SAP & Synertrade|(GI-SaaS) SAP & Synertrade|(GI-SaaS) SAP & Synertrade,other|other|other|enterprise_systems|enterprise_systems
R-366,I need support about local software,(GI-UX) File & Print,software_support,Service request,1,427,35,0.6302754282951355,0.6240107417106628,0.5983333587646484,0.5655168890953064,0.6302754282951355,0.006264686584472656,0.0647585391998291,(GI-UX) File & Print,software_support,(GI-UX) File & Print|(GI-UX) File & Print|(GI-CF) Robot Process Automation|(GI-UX) Group|(GI-CF) Robot Process Automation,software_support|software_support|admin_rights|software_license|admin_rights
R-368,New UnipolSai Endpoint cp4i-noprod,"(GI-IaaS) Network On-Prem (LAN,WLAN,WAN 2nd level)",other,Service request,1,481,360,0.8126776814460754,0.8040437698364258,0.7539080381393433,0.5943267345428467,0.8126776814460754,0.008633911609649658,0.21835094690322876,"(GI-IaaS) Network On-Prem (LAN,WLAN,WAN 2nd level)",vpn_access,"(GI-IaaS) Network On-Prem (LAN,WLAN,WAN 2nd level)|(GI-IaaS) Network Cloud (Azure, Remote Access)|(GI-IaaS) Network On-Prem (LAN,WLAN,WAN 2nd level)|(GI-IaaS) Network On-Prem (LAN,WLAN,WAN 2nd level)|(GI-IaaS) Network On-Prem (LAN,WLAN,WAN 2nd level)",vpn_access|vpn_access|vpn_access|vpn_access|vpn_access
R-369,Schermo smartphone aziendale guasto,(GI-UX) Group,other,Incident,0,261,99,0.5894280076026917,0.5615525245666504,0.5348111391067505,0.4787968397140503,0.5894280076026917,0.02787548303604126,0.11063116788864136,(GI-UX) Mobile Device Management,other,(GI-UX) Mobile Device Management|(GI-UX) Mobile Device Management|(GI-UX) Mobile Device Management|(GI-UX) Mobile Device Management|(GI-UX) Mobile Device Management,other|other|hardware_support|hardware_support|hardware_support
R-37,Request to add Italy Communities to Global Share Point,"(GI-SaaS) Marketing, Communications & Web",other,Service request,1,275,1312,0.7161051034927368,0.49163880944252014,0.534272313117981,0.48328834772109985,0.7161051034927368,0.22446629405021667,0.23281675577163696,"(GI-SaaS) Marketing, Communications & Web",other,"(GI-SaaS) Marketing, Communications & Web|(GI-UX) Account Management|(LF) IT Office Access Italy|(LF) IT Office Access Italy|(GI-UX) File & Print",other|collaboration|offboarding|office_access|onboarding
R-370,New channel creation,(GI-UX) Office365 & MS-Teams,other,Service request,1,4483,87,0.5235146284103394,0.4855786859989166,0.48717397451400757,0.46385613083839417,0.5235146284103394,0.03793594241142273,0.05965849757194519,(GI-UX) Office365 & MS-Teams,other,(GI-UX) Office365 & MS-Teams|(GI-UX) Account Management|(GI-UX) Account Management|(GI-UX) Account Management|(GI-UX) Account Management,other|collaboration|collaboration|collaboration|collaboration
R-371,Connect a vendor,(GI-SaaS) SAP & Synertrade,enterprise_systems,Service request,1,301,102,0.860041081905365,0.8573623895645142,0.8485682606697083,0.8335657715797424,0.860041081905365,0.00267869234085083,0.02647531032562256,(GI-SaaS) SAP & Synertrade,enterprise_systems,(GI-SaaS) SAP & Synertrade|(GI-SaaS) SAP & Synertrade|(GI-SaaS) SAP & Synertrade|(GI-SaaS) SAP & Synertrade|(GI-SaaS) SAP & Synertrade,enterprise_systems|enterprise_systems|enterprise_systems|enterprise_systems|enterprise_systems
R-372,I need to accesso MYCO Platform,(GI-UX) Network Access,vpn_access,Service request,1,1039,53,0.9122912287712097,0.906198263168335,0.906816303730011,0.9035879373550415,0.9122912287712097,0.006092965602874756,0.008703291416168213,(GI-UX) Network Access,vpn_access,(GI-UX) Network Access|(GI-UX) Group|(GI-UX) Network Access|(GI-UX) Network Access|(GI-UX) Network Access,vpn_access|vpn_access|vpn_access|vpn_access|vpn_access
R-375,Shared Mailbox for Zeta Corp Client,(GI-UX) Account Management,email_support,Service request,1,1060,231,0.6066408753395081,0.5907448530197144,0.575237512588501,0.5289319157600403,0.6066408753395081,0.0158960223197937,0.07770895957946777,(GI-UX) Account Management,email_support,(GI-UX) Account Management|(GI-UX) Account Management|(GI-IaaS) Backend M365 (2nd level)|(GI-UX) Account Management|(GI-UX) Account Management,email_support|email_support|email_support|email_support|email_support
R-378,I need to access MYCO Platform,(GI-UX) Network Access,vpn_access,Service request,1,1031,44,0.9978711605072021,0.9978711605072021,0.9933322072029114,0.9829627871513367,0.9978711605072021,0.0,0.014908373355865479,(GI-UX) Group,vpn_access,(GI-UX) Group|(GI-UX) Network Access|(GI-UX) Network Access|(GI-UX) Network Access|(GI-UX) Network Access,vpn_access|vpn_access|vpn_access|vpn_access|vpn_access
R-379,Installing vpn for client project blocked by Windows,(GI-UX) File & Print,admin_rights,Service request,1,4532,268,0.803699791431427,0.7709735631942749,0.6827987432479858,0.599682092666626,0.803699791431427,0.0327262282371521,0.20401769876480103,(GI-UX) Group,software_license,(GI-UX) Group|(GI-UX) Group|(GI-UX) Group|(GI-UX) Group|(GI-UX) Network Access,software_license|software_support|software_license|software_license|other
R-380,i NEED citrix for the poun,(GI-UX) Group,software_license,Service request,1,2131,213,0.7545281648635864,0.6793416142463684,0.6477542519569397,0.5738379955291748,0.7545281648635864,0.07518655061721802,0.18069016933441162,(GI-UX) Group,software_license,(GI-UX) Group|(GI-UX) File & Print|(GI-UX) Group|(GI-UX) Group|(GI-UX) Group,software_license|software_support|software_license|software_license|software_license
R-381,admin right,(GI-CF) Robot Process Automation,admin_rights,Service request,1,4920,45,0.7961386442184448,0.781226396560669,0.7746199369430542,0.7640265822410583,0.7961386442184448,0.014912247657775879,0.032112061977386475,(GI-CF) Robot Process Automation,admin_rights,(GI-CF) Robot Process Automation|(BF) Information Security Office|(GI-CF) Robot Process Automation|(BF) Information Security Office|(GI-CF) Robot Process Automation,admin_rights|admin_rights|admin_rights|admin_rights|admin_rights
R-382,Insufficient privileges to access Zimsy,(GI-SaaS) Salesforce,other,Incident,1,536,392,0.5468616485595703,0.4476267099380493,0.43905240297317505,0.3926509618759155,0.5468616485595703,0.099234938621521,0.15421068668365479,(GI-IaaS) Admin - License & Asset Management,software_license,(GI-IaaS) Admin - License & Asset Management|(GI-UX) Network Access|(GI-SaaS) Salesforce|(GI-UX) Network Access|(GI-CF) Robot Process Automation,software_license|other|hr_tools|vpn_access|admin_rights
R-386,Connect a vendor,(GI-SaaS) SAP & Synertrade,enterprise_systems,Service request,1,301,131,0.9275601506233215,0.9043081402778625,0.8943613767623901,0.8752989172935486,0.9275601506233215,0.023252010345458984,0.05226123332977295,(GI-SaaS) SAP & Synertrade,enterprise_systems,(GI-SaaS) SAP & Synertrade|(GI-SaaS) SAP & Synertrade|(GI-SaaS) SAP & Synertrade|(GI-SaaS) SAP & Synertrade|(GI-SaaS) SAP & Synertrade,enterprise_systems|enterprise_systems|enterprise_systems|enterprise_systems|enterprise_systems
R-388,Connect a vendor,(GI-SaaS) SAP & Synertrade,enterprise_systems,Service request,1,301,154,0.9489455223083496,0.9275601506233215,0.9201509356498718,0.9001972675323486,0.9489455223083496,0.021385371685028076,0.04874825477600098,(GI-SaaS) SAP & Synertrade,enterprise_systems,(GI-SaaS) SAP & Synertrade|(GI-SaaS) SAP & Synertrade|(GI-SaaS) SAP & Synertrade|(GI-SaaS) SAP & Synertrade|(GI-SaaS) SAP & Synertrade,enterprise_systems|enterprise_systems|enterprise_systems|enterprise_systems|enterprise_systems
R-389,Connect a vendor,(GI-SaaS) SAP & Synertrade,enterprise_systems,Service request,1,301,117,0.9056013822555542,0.9011592864990234,0.8872386813163757,0.8611692190170288,0.9056013822555542,0.004442095756530762,0.04443216323852539,(GI-SaaS) SAP & Synertrade,enterprise_systems,(GI-SaaS) SAP & Synertrade|(GI-SaaS) SAP & Synertrade|(GI-SaaS) SAP & Synertrade|(GI-SaaS) SAP & Synertrade|(GI-SaaS) SAP & Synertrade,enterprise_systems|enterprise_systems|enterprise_systems|enterprise_systems|enterprise_systems
R-39,Need support to remove end date,(GI-SaaS) Salesforce,hr_tools,Service request,1,528,308,0.9314860105514526,0.9218882322311401,0.8703738451004028,0.813498854637146,0.9314860105514526,0.0095977783203125,0.11798715591430664,(GI-UX) Application,other,(GI-UX) Application|(GI-SaaS) Salesforce|(GI-UX) Application|(GI-UX) Application|(GI-UX) Application,other|other|other|other|hr_tools
R-390,renew admin permission,(BF) Information Security Office,admin_rights,Service request,1,4779,83,0.8260772228240967,0.7993941307067871,0.800369381904602,0.7837870717048645,0.8260772228240967,0.02668309211730957,0.04229015111923218,(GI-CF) Robot Process Automation,admin_rights,(GI-CF) Robot Process Automation|(BF) Information Security Office|(BF) Information Security Office|(GI-CF) Robot Process Automation|(BF) Information Security Office,admin_rights|admin_rights|admin_rights|admin_rights|admin_rights
R-391,Outlook out of memory,(GI-UX) File & Print,software_support,Service request,1,422,225,0.6690406799316406,0.6511584520339966,0.5838028192520142,0.4794982373714447,0.6690406799316406,0.017882227897644043,0.18954244256019592,(GI-UX) File & Print,software_support,(GI-UX) File & Print|(GI-UX) File & Print|(GI-UX) File & Print|(GI-UX) Group|(GI-UX) Unified Communication,software_support|software_support|software_support|email_support|email_support
R-394,I need a Miro licence,(GI-UX) Office365 & MS-Teams,other,Service request,1,1223,59,0.7317225933074951,0.6156303882598877,0.6084837317466736,0.5508432388305664,0.7317225933074951,0.11609220504760742,0.1808793544769287,(GI-IaaS) Development Platform,other,(GI-IaaS) Development Platform|(GI-IaaS) Development Platform|(GI-UX) Windows|(GI-IaaS) Development Platform|(GI-IaaS) Development Platform,other|other|other|software_license|software_license
R-395,I need access MYCO Platform,(GI-UX) Network Access,vpn_access,Service request,1,1055,45,0.983147144317627,0.9822949171066284,0.9803840517997742,0.978283166885376,0.983147144317627,0.0008522272109985352,0.0048639774322509766,(GI-UX) Network Access,vpn_access,(GI-UX) Network Access|(GI-UX) Network Access|(GI-UX) Group|(GI-UX) Network Access|(GI-UX) Network Access,vpn_access|vpn_access|vpn_access|vpn_access|vpn_access
R-396,I need to access MYCO Platform,(GI-UX) Network Access,vpn_access,Service request,1,1033,66,0.9853366613388062,0.9853366613388062,0.9834281802177429,0.9797288179397583,0.9853366613388062,0.0,0.0056078433990478516,(GI-UX) Group,vpn_access,(GI-UX) Group|(GI-UX) Network Access|(GI-UX) Network Access|(GI-UX) Network Access|(GI-UX) Network Access,vpn_access|vpn_access|vpn_access|vpn_access|vpn_access
R-397,Access to Myco,(GI-SM) Service Desk,other,Incident,1,524,202,0.5628544688224792,0.537919819355011,0.5364466309547424,0.5226423740386963,0.5628544688224792,0.02493464946746826,0.04021209478378296,(GI-UX) Network Access,vpn_access,"(GI-UX) Network Access|(GI-UX) Group|(GI-IaaS) Network On-Prem (LAN,WLAN,WAN 2nd level)|(GI-IaaS) Network Cloud (Azure, Remote Access)|(GI-UX) Group",vpn_access|vpn_access|vpn_access|other|vpn_access
R-401,absence need to be amendend in the current mounth,(GI-UX) Application,absence,Service request,1,504,119,0.6615824699401855,0.6502758264541626,0.6342114210128784,0.6033105254173279,0.6615824699401855,0.01130664348602295,0.058271944522857666,(GI-UX) Application,absence,(GI-UX) Application|(GI-UX) Application|(GI-UX) Application|(GI-SaaS) Salesforce|(GI-UX) Application,absence|absence|absence|other|absence
R-404,We need a new PROD virtual machine in Azure,(GI-IaaS) Backend Application Srv. & Project Support,other,Service request,1,3594,391,0.883354902267456,0.4693029522895813,0.5315961837768555,0.4060603380203247,0.883354902267456,0.41405194997787476,0.47729456424713135,(GI-IaaS) Backend Application Srv. & Project Support,other,"(GI-IaaS) Backend Application Srv. & Project Support|(GI-IaaS) Network Cloud (Azure, Remote Access)|(GI-UX) Network Access|(GI-IaaS) Network Cloud (Azure, Remote Access)|(GI-UX) Network Access",other|vpn_access|vpn_access|vpn_access|vpn_access
R-407,New endpoint for Athelliad VPN,"(GI-IaaS) Network On-Prem (LAN,WLAN,WAN 2nd level)",vpn_access,Service request,1,1052,293,0.7287692427635193,0.7260714769363403,0.7004839181900024,0.6572821140289307,0.7287692427635193,0.002697765827178955,0.07148712873458862,"(GI-IaaS) Network On-Prem (LAN,WLAN,WAN 2nd level)",vpn_access,"(GI-IaaS) Network On-Prem (LAN,WLAN,WAN 2nd level)|(GI-IaaS) Network On-Prem (LAN,WLAN,WAN 2nd level)|(GI-IaaS) Network On-Prem (LAN,WLAN,WAN 2nd level)|(GI-IaaS) Network On-Prem (LAN,WLAN,WAN 2nd level)|(GI-IaaS) Network On-Prem (LAN,WLAN,WAN 2nd level)",vpn_access|vpn_access|vpn_access|vpn_access|vpn_access
R-409,deactivation of email accounts,(GI-IaaS) Backend M365 (2nd level),email_support,Service request,1,543,388,0.5116429924964905,0.5059342980384827,0.49920454621315,0.4834783375263214,0.5116429924964905,0.0057086944580078125,0.028164654970169067,(GI-UX) Account Management,collaboration,(GI-UX) Account Management|(GI-UX) Account Management|(GI-UX) Unified Communication|(GI-UX) Account Management|(GI-UX) Account Management,collaboration|other|email_support|other|email_support
R-416,gft_italia_new_dismiss_20240715_814121_E-XJWP [Ticket to manage device retiremen,(GI-UX) Group,offboarding,Service request,0,128,477,0.9702181220054626,0.9698994755744934,0.9693881869316101,0.9682663679122925,0.9702181220054626,0.0003186464309692383,0.001951754093170166,(GI-UX) File & Print,offboarding,(GI-UX) File & Print|(GI-UX) Group|(GI-UX) Group|(GI-UX) Group|(GI-UX) Group,offboarding|offboarding|offboarding|offboarding|offboarding
R-419,gft_italia_new_dismiss_20240630_123456_A-ZYXW [Ticket to manage virtual devices ,(GI-IaaS) Backend Application Srv. & Project Support,offboarding,Service request,0,128,466,0.9851658940315247,0.9787545800209045,0.9795306921005249,0.9774606227874756,0.9851658940315247,0.006411314010620117,0.007705271244049072,(GI-IaaS) Backend Application Srv. & Project Support,offboarding,(GI-IaaS) Backend Application Srv. & Project Support|(GI-IaaS) Backend Application Srv. & Project Support|(GI-IaaS) Backend Application Srv. & Project Support|(GI-IaaS) Backend Application Srv. & Project Support|(GI-IaaS) Backend Application Srv. & Project Support,offboarding|offboarding|offboarding|offboarding|offboarding
R-420,gft_italia_new_dismiss_20240630_453289_U-MPKL [Ticket to manage Admin Location I,(LF) IT Office Access Italy,offboarding,Service request,0,128,472,0.9646561741828918,0.961925745010376,0.961426854133606,0.9578879475593567,0.9646561741828918,0.002730429172515869,0.006768226623535156,(LF) IT Office Access Italy,offboarding,(LF) IT Office Access Italy|(LF) IT Office Access Italy|(LF) IT Office Access Italy|(LF) IT Office Access Italy|(LF) IT Office Access Italy,offboarding|offboarding|offboarding|offboarding|offboarding
R-421,gft_italia_new_dismiss_20240630_A9K7X2 [Ticket to manage device retirements],(GI-UX) Group,offboarding,Service request,0,136,467,0.9847361445426941,0.9823362231254578,0.9810997247695923,0.9778311252593994,0.9847361445426941,0.002399921417236328,0.006905019283294678,(GI-UX) File & Print,offboarding,(GI-UX) File & Print|(GI-UX) Group|(GI-UX) Group|(GI-UX) Group|(GI-UX) Group,offboarding|offboarding|offboarding|offboarding|offboarding
R-422,gft_italia_new_dismiss_20240630_111111_E-ABCD,(GI-UX) Account Management,offboarding,Service request,1,329,471,0.9800530076026917,0.9748325347900391,0.9729799032211304,0.9689012169837952,0.9800530076026917,0.005220472812652588,0.011151790618896484,(GI-UX) Account Management,offboarding,(GI-UX) Account Management|(GI-UX) Account Management|(GI-UX) Account Management|(GI-UX) Account Management|(GI-UX) Account Management,offboarding|offboarding|offboarding|offboarding|offboarding
R-423,gft_italia_new_dismiss_20240630_478312_E-B12N [Ticket to manage virtual devices ,(GI-IaaS) Backend Application Srv. & Project Support,offboarding,Service request,0,135,479,0.9621006846427917,0.9617664813995361,0.9602311849594116,0.9586842060089111,0.9621006846427917,0.00033420324325561523,0.0034164786338806152,(GI-IaaS) Backend Application Srv. & Project Support,offboarding,(GI-IaaS) Backend Application Srv. & Project Support|(GI-IaaS) Backend Application Srv. & Project Support|(GI-IaaS) Backend Application Srv. & Project Support|(GI-IaaS) Backend Application Srv. & Project Support|(GI-UX) Group,offboarding|offboarding|offboarding|offboarding|offboarding
R-425,gft_faith_new_dismiss_20240630_100291_E-C47T [Ticket to manage device retirement,(GI-UX) Group,offboarding,Service request,0,128,481,0.9580457806587219,0.9483507871627808,0.9466572999954224,0.9398089647293091,0.9580457806587219,0.009694993495941162,0.018236815929412842,(GI-UX) File & Print,offboarding,(GI-UX) File & Print|(GI-UX) Group|(GI-UX) Group|(GI-UX) Group|(GI-IaaS) Backend Application Srv. & Project Support,offboarding|other|offboarding|offboarding|offboarding
R-426,gft_italia_new_dismiss_20240630_XYZ123_A1B2C3,(GI-UX) Account Management,offboarding,Service request,1,329,483,0.9748325943946838,0.9717937111854553,0.9711552858352661,0.9694668054580688,0.9748325943946838,0.0030388832092285156,0.00536578893661499,(GI-UX) Account Management,offboarding,(GI-UX) Account Management|(GI-UX) Account Management|(GI-UX) Account Management|(GI-UX) Account Management|(GI-UX) Account Management,offboarding|offboarding|offboarding|offboarding|offboarding
R-427,gft_italia_new_dismiss_814936_K-TRIG [Ticket to manage virtual devices retiremen,(GI-IaaS) Backend Application Srv. & Project Support,offboarding,Service request,0,129,507,0.9326985478401184,0.9323101043701172,0.9313591718673706,0.9299290776252747,0.9326985478401184,0.0003884434700012207,0.00276947021484375,(GI-IaaS) Backend Application Srv. & Project Support,offboarding,(GI-IaaS) Backend Application Srv. & Project Support|(GI-IaaS) Backend Application Srv. & Project Support|(GI-IaaS) Backend Application Srv. & Project Support|(GI-IaaS) Backend Application Srv. & Project Support|(GI-IaaS) Backend Application Srv. & Project Support,offboarding|offboarding|offboarding|offboarding|offboarding
R-428,gft_italia_new_dismiss_814936_X-ASEQ [Ticket to manage Admin Location Infrastruc,(LF) IT Office Access Italy,offboarding,Service request,0,132,482,0.9633368253707886,0.9624162912368774,0.9612182378768921,0.9592415690422058,0.9633368253707886,0.0009205341339111328,0.004095256328582764,(LF) IT Office Access Italy,offboarding,(LF) IT Office Access Italy|(LF) IT Office Access Italy|(LF) IT Office Access Italy|(LF) IT Office Access Italy|(LF) IT Office Access Italy,offboarding|offboarding|offboarding|offboarding|offboarding
R-430,gft_examplecorp_new_dismiss_123456_X-YTOB,(GI-UX) Account Management,offboarding,Service request,1,329,483,0.9282251596450806,0.9118729829788208,0.9104293584823608,0.8988194465637207,0.9282251596450806,0.016352176666259766,0.029405713081359863,(GI-UX) Account Management,offboarding,(GI-UX) Account Management|(GI-UX) Group|(GI-UX) Account Management|(GI-UX) Account Management|(GI-UX) Group,offboarding|other|offboarding|offboarding|onboarding
R-431,Unable to connect with vpn corporate,(GI-UX) Network Access,software_support,Incident,1,422,136,0.8168198466300964,0.7795599102973938,0.76948481798172,0.7035503387451172,0.8168198466300964,0.03725993633270264,0.11326950788497925,(GI-UX) Windows,software_support,(GI-UX) Windows|(GI-UX) Windows|(GI-UX) Windows|(GI-UX) Windows|(GI-UX) Network Access,software_support|software_support|software_support|software_support|other
R-432,gft_italia_new_dismiss_20240630_894723_E-QWLE [Ticket to manage virtual devices ,(GI-IaaS) Backend Application Srv. & Project Support,offboarding,Service request,0,124,474,0.9667617678642273,0.94566410779953,0.9465484619140625,0.9359291791915894,0.9667617678642273,0.021097660064697266,0.03083258867263794,(GI-IaaS) Backend Application Srv. & Project Support,offboarding,(GI-IaaS) Backend Application Srv. & Project Support|(GI-IaaS) Backend Application Srv. & Project Support|(GI-IaaS) Backend Application Srv. & Project Support|(GI-IaaS) Backend Application Srv. & Project Support|(GI-IaaS) Backend Application Srv. & Project Support,offboarding|offboarding|offboarding|offboarding|offboarding
R-434,gft_italia_new_dismiss_20240630_654321_A-UJKT [Ticket to manage device retiremen,(GI-UX) Group,offboarding,Service request,0,129,478,0.9768720269203186,0.9768120646476746,0.9751222729682922,0.9721640348434448,0.9768720269203186,5.996227264404297e-05,0.004707992076873779,(GI-UX) Group,offboarding,(GI-UX) Group|(GI-UX) Group|(GI-UX) Group|(GI-UX) File & Print|(GI-UX) Group,offboarding|offboarding|offboarding|offboarding|offboarding
R-435,gft_italia_new_dismiss_20240630_814679_E-XLBQ,(GI-UX) Account Management,offboarding,Service request,1,329,471,0.9614171385765076,0.9544966220855713,0.9556320905685425,0.953712522983551,0.9614171385765076,0.006920516490936279,0.007704615592956543,(GI-UX) Account Management,offboarding,(GI-UX) Account Management|(GI-UX) Account Management|(GI-UX) Account Management|(GI-UX) Account Management|(GI-UX) Account Management,offboarding|offboarding|offboarding|offboarding|offboarding
R-436,Gft italia_JOHNSON ALICE_B45B,(GI-SaaS) Salesforce,absence,Service request,1,540,228,0.745563268661499,0.7342187166213989,0.7142396569252014,0.679365873336792,0.745563268661499,0.011344552040100098,0.06619739532470703,(GI-UX) Application,absence,(GI-UX) Application|(GI-UX) Application|(GI-SaaS) Salesforce|(GI-UX) Application|(GI-UX) Application,absence|absence|absence|absence|absence
R-437,Enable user to access client network (SGS-Banco BPM),(GI-UX) Network Access,vpn_access,Service request,1,1097,270,0.9952728748321533,0.9951903223991394,0.9513532519340515,0.7971415519714355,0.9952728748321533,8.255243301391602e-05,0.19813132286071777,(GI-UX) Network Access,vpn_access,(GI-UX) Network Access|(GI-UX) Network Access|(GI-UX) Network Access|(GI-UX) Network Access|(GI-UX) Network Access,vpn_access|vpn_access|vpn_access|vpn_access|vpn_access
R-44,access to Kimble,(GI-SaaS) Salesforce,other,Incident,1,928,127,0.7088799476623535,0.6884241104125977,0.6359150409698486,0.5805004239082336,0.7088799476623535,0.02045583724975586,0.12837952375411987,(GI-SaaS) Salesforce,admin_rights,(GI-SaaS) Salesforce|(GI-SaaS) Salesforce|(GI-SaaS) Salesforce|(GI-SaaS) Salesforce|(GI-SaaS) Salesforce,admin_rights|admin_rights|hr_tools|admin_rights|hr_tools
R-442,I need administration rights,(GI-CF) Robot Process Automation,admin_rights,Service request,1,4709,38,0.6319513320922852,0.6099815368652344,0.6120172739028931,0.6044028997421265,0.6319513320922852,0.02196979522705078,0.02754843235015869,(GI-CF) Robot Process Automation,admin_rights,(GI-CF) Robot Process Automation|(BF) Information Security Office|(GI-UX) File & Print|(BF) Information Security Office|(GI-CF) Robot Process Automation,admin_rights|admin_rights|admin_rights|admin_rights|admin_rights
R-445,I need to access MYCO Platform,(GI-UX) Group,vpn_access,Service request,1,1038,47,1.0,0.9978712201118469,0.9949061274528503,0.9853366613388062,1.0,0.002128779888153076,0.014663338661193848,(GI-UX) Network Access,vpn_access,(GI-UX) Network Access|(GI-UX) Network Access|(GI-UX) Network Access|(GI-UX) Network Access|(GI-UX) Network Access,vpn_access|vpn_access|vpn_access|vpn_access|vpn_access
R-448,i need install IReport-3-7-4,(GI-UX) Group,software_license,Service request,1,2123,28,0.8074522018432617,0.4116802215576172,0.46164098381996155,0.34687790274620056,0.8074522018432617,0.39577198028564453,0.46057429909706116,(GI-UX) Group,software_license,(GI-UX) Group|(GI-UX) Group|(GI-UX) Group|(GI-UX) Group|(GI-UX) File & Print,software_license|software_license|software_license|software_license|software_support
R-449,Need PM Permissions for XEZY,(GI-SaaS) Salesforce,admin_rights,Service request,1,3382,172,0.8009181618690491,0.7873700261116028,0.6926633715629578,0.570796549320221,0.8009181618690491,0.013548135757446289,0.23012161254882812,(GI-SaaS) Salesforce,admin_rights,(GI-SaaS) Salesforce|(GI-SaaS) Salesforce|(GI-SaaS) Salesforce|(GI-SaaS) Salesforce|(GI-SaaS) Salesforce,admin_rights|admin_rights|admin_rights|admin_rights|admin_rights
R-454,Offboard employee Elliot Thompson on 2024-08-12 [Ticket to manage Admin Location,(LF) IT Office Access Italy,offboarding,Service request,0,128,221,0.8361423015594482,0.8346778154373169,0.8315730094909668,0.823675274848938,0.8361423015594482,0.0014644861221313477,0.012467026710510254,(LF) IT Office Access Italy,offboarding,(LF) IT Office Access Italy|(LF) IT Office Access Italy|(LF) IT Office Access Italy|(LF) IT Office Access Italy|(LF) IT Office Access Italy,offboarding|offboarding|offboarding|offboarding|offboarding
R-456,Offboard employee Michael De Luca on 2024-08-01 [Ticket to manage Admin Location,(LF) IT Office Access Italy,offboarding,Service request,0,121,217,0.8565652370452881,0.8374627828598022,0.8393417596817017,0.8316420316696167,0.8565652370452881,0.01910245418548584,0.024923205375671387,(LF) IT Office Access Italy,offboarding,(LF) IT Office Access Italy|(LF) IT Office Access Italy|(LF) IT Office Access Italy|(LF) IT Office Access Italy|(LF) IT Office Access Italy,offboarding|offboarding|offboarding|offboarding|offboarding
R-458,Offboard employee Angelo Russo on 2024-07-16 [Ticket to manage Admin Location In,(LF) IT Office Access Italy,offboarding,Service request,0,141,212,0.8578963279724121,0.8571547269821167,0.8394302129745483,0.8137179017066956,0.8578963279724121,0.0007416009902954102,0.04417842626571655,(LF) IT Office Access Italy,offboarding,(LF) IT Office Access Italy|(GI-IaaS) Backend Application Srv. & Project Support|(LF) IT Office Access Italy|(LF) IT Office Access Italy|(LF) IT Office Access Italy,offboarding|offboarding|offboarding|offboarding|offboarding
R-46,I need administrator rights to install some apps needed to work on my assigned p,(GI-CF) Robot Process Automation,admin_rights,Service request,1,4761,79,0.8691579103469849,0.8615382313728333,0.858258843421936,0.8392915725708008,0.8691579103469849,0.007619678974151611,0.029866337776184082,(GI-UX) File & Print,admin_rights,(GI-UX) File & Print|(GI-UX) File & Print|(GI-UX) File & Print|(GI-UX) File & Print|(GI-UX) Group,admin_rights|admin_rights|admin_rights|admin_rights|software_license
R-462,Offboard employee Michael Rossi on 2024-07-21 [Ticket to manage device retiremen,(GI-UX) File & Print,offboarding,Service request,0,128,214,0.8395861387252808,0.8164257407188416,0.8034752011299133,0.7813524603843689,0.8395861387252808,0.02316039800643921,0.058233678340911865,(LF) IT Office Access Italy,offboarding,(LF) IT Office Access Italy|(GI-IaaS) Backend Application Srv. & Project Support|(GI-UX) Group|(GI-IaaS) Backend Application Srv. & Project Support|(GI-UX) File & Print,offboarding|offboarding|offboarding|offboarding|offboarding
R-464,Offboard employee Dario Fiore on 2024-07-16 [Ticket to manage virtual devices re,(GI-IaaS) Backend Application Srv. & Project Support,offboarding,Service request,0,128,209,0.7806810140609741,0.7599917054176331,0.761020839214325,0.7509541511535645,0.7806810140609741,0.020689308643341064,0.029726862907409668,(GI-IaaS) Backend Application Srv. & Project Support,offboarding,(GI-IaaS) Backend Application Srv. & Project Support|(GI-IaaS) Backend Application Srv. & Project Support|(GI-IaaS) Backend Application Srv. & Project Support|(GI-IaaS) Backend Application Srv. & Project Support|(GI-UX) File & Print,offboarding|offboarding|offboarding|offboarding|offboarding
R-468,GFT ITALIA: KE044613-109,(GI-SaaS) Salesforce,enterprise_systems,Incident,1,887,200,0.8794153928756714,0.8546421527862549,0.8321233987808228,0.7937561273574829,0.8794153928756714,0.024773240089416504,0.08565926551818848,(GI-SaaS) Salesforce,enterprise_systems,(GI-SaaS) Salesforce|(GI-SaaS) Salesforce|(GI-SaaS) Salesforce|(GI-SaaS) Salesforce|(GI-SaaS) Salesforce,enterprise_systems|enterprise_systems|enterprise_systems|enterprise_systems|enterprise_systems
R-469,I cannot submit anymore any expenses on someone else's behalf,(GI-SaaS) Salesforce,other,Incident,1,689,362,0.9373676776885986,0.6056112051010132,0.6318722367286682,0.4920378029346466,0.9373676776885986,0.33175647258758545,0.445329874753952,(GI-SaaS) Salesforce,other,(GI-SaaS) Salesforce|(GI-SaaS) Salesforce|(GI-SaaS) Salesforce|(GI-SaaS) Salesforce|(GI-SaaS) Salesforce,other|other|other|admin_rights|hr_tools
R-470,Support to login to b73server.ch9.com server via ssh,"(GI-IaaS) Network Cloud (Azure, Remote Access)",other,Service request,0,225,147,0.552741527557373,0.5054173469543457,0.48497718572616577,0.4427100718021393,0.552741527557373,0.047324180603027344,0.11003145575523376,(GI-UX) Network Access,other,"(GI-UX) Network Access|(GI-IaaS) Network On-Prem (LAN,WLAN,WAN 2nd level)|(GI-IaaS) Network Cloud (Azure, Remote Access)|(GI-IaaS) Network On-Prem (LAN,WLAN,WAN 2nd level)|(GI-IaaS) Network On-Prem (LAN,WLAN,WAN 2nd level)",other|vpn_access|vpn_access|vpn_access|vpn_access
R-471,I need a reset pwd,(GI-UX) Group,password_reset,Service request,1,408,58,0.6575747728347778,0.6049854159355164,0.5928123593330383,0.5591349005699158,0.6575747728347778,0.052589356899261475,0.09843987226486206,(GI-UX) Group,password_reset,(GI-UX) Group|(GI-UX) Network Access|(GI-UX) File & Print|(GI-UX) Group|(GI-UX) Group,password_reset|other|other|software_support|software_support
R-472,Enable external to use git,(GI-UX) File & Print,other,Service request,0,87,157,0.5978754758834839,0.5522950291633606,0.5116663575172424,0.43230804800987244,0.5978754758834839,0.04558044672012329,0.16556742787361145,(GI-UX) Network Access,vpn_access,(GI-UX) Network Access|(GI-IaaS) Development Platform|(GI-IaaS) Development Platform|(GI-IaaS) Development Platform|(GI-IaaS) Development Platform,vpn_access|other|other|other|other
R-473,epson scanner 2480,(GI-UX) Group,hardware_support,Incident,1,252,94,0.7113162279129028,0.7113162279129028,0.6371721029281616,0.5750939846038818,0.7113162279129028,0.0,0.136222243309021,(GI-UX) Group,other,(GI-UX) Group|(GI-UX) Group|(GI-UX) Windows|(GI-UX) Group|(GI-UX) File & Print,other|software_license|other|software_license|admin_rights
R-474,New glass for Galaxy A53 5G mobile phone,(GI-UX) Mobile Device Management,hardware_support,Service request,1,868,65,0.4787968397140503,0.3555215895175934,0.35866522789001465,0.3037821650505066,0.4787968397140503,0.12327525019645691,0.1750146746635437,(GI-UX) Group,other,(GI-UX) Group|(GI-SM) Service Desk|(GI-UX) Mobile Device Management|(GI-IaaS) Admin - Local IT purchase|(GI-UX) Mobile Device Management,other|other|hardware_support|other|hardware_support
R-475,Problem with calendar,(GI-UX) Unified Communication,email_support,Incident,1,358,302,0.6928582191467285,0.6840114593505859,0.6213380098342896,0.48899829387664795,0.6928582191467285,0.008846759796142578,0.20385992527008057,(GI-UX) Unified Communication,email_support,(GI-UX) Unified Communication|(GI-UX) File & Print|(GI-UX) Group|(GI-UX) Unified Communication|(GI-UX) File & Print,email_support|software_support|email_support|email_support|software_support
R-476,Access to vm vm-microservices-prod-weu-test for user NLTY,"(GI-IaaS) Network Cloud (Azure, Remote Access)",vpn_access,Service request,1,674,303,0.6289833188056946,0.5755515098571777,0.546552300453186,0.48617786169052124,0.6289833188056946,0.053431808948516846,0.14280545711517334,"(GI-IaaS) Network Cloud (Azure, Remote Access)",vpn_access,"(GI-IaaS) Network Cloud (Azure, Remote Access)|(GI-IaaS) Network Cloud (Azure, Remote Access)|(GI-UX) Network Access|(GI-UX) Network Access|(GI-UX) Network Access",vpn_access|vpn_access|vpn_access|vpn_access|vpn_access
R-477,I do not access the company VPN,(GI-UX) Windows,software_support,Service request,1,423,250,0.7795597910881042,0.7789838314056396,0.7494500875473022,0.7088494896888733,0.7795597910881042,0.0005759596824645996,0.07071030139923096,(GI-UX) Network Access,software_support,(GI-UX) Network Access|(GI-UX) Windows|(GI-UX) Windows|(GI-UX) Windows|(GI-UX) Group,software_support|software_support|software_support|software_support|software_support
R-478,Add new user to GCP Project,(GI-IaaS) Cloud Services,other,Service request,0,419,171,0.6619328856468201,0.5757400989532471,0.5811932682991028,0.5375013947486877,0.6619328856468201,0.086192786693573,0.12443149089813232,(GI-IaaS) Cloud Services,other,(GI-IaaS) Cloud Services|(GI-UX) Network Access|(GI-IaaS) Cloud Services|(GI-IaaS) Cloud Services|(GI-UX) Network Access,other|vpn_access|other|other|vpn_access
R-48,Access to CFYZ network via MWK VPN,(GI-UX) Network Access,vpn_access,Service request,1,1253,134,0.6727536916732788,0.6431128978729248,0.6340179443359375,0.6152839660644531,0.6727536916732788,0.029640793800354004,0.057469725608825684,(GI-UX) Network Access,vpn_access,(GI-UX) Network Access|(GI-UX) Network Access|(GI-UX) Network Access|(GI-UX) Network Access|(GI-UX) Network Access,vpn_access|vpn_access|vpn_access|vpn_access|vpn_access
R-480,Offboard employee John Doe on 2024-07-15 [Ticket to manage Admin Location Infras,(LF) IT Office Access Italy,offboarding,Service request,0,134,214,0.8977068662643433,0.8770840167999268,0.8589383959770203,0.8214600086212158,0.8977068662643433,0.020622849464416504,0.07624685764312744,(GI-IaaS) Backend Application Srv. & Project Support,offboarding,(GI-IaaS) Backend Application Srv. & Project Support|(LF) IT Office Access Italy|(LF) IT Office Access Italy|(LF) IT Office Access Italy|(LF) IT Office Access Italy,offboarding|offboarding|offboarding|offboarding|offboarding
R-481,Offboard employee Giovanni Ferri on 2024-07-15 [Ticket to manage device retireme,(GI-UX) File & Print,offboarding,Service request,0,132,223,0.860790491104126,0.7942686676979065,0.8066322207450867,0.790764331817627,0.860790491104126,0.06652182340621948,0.07002615928649902,(GI-IaaS) Backend Application Srv. & Project Support,offboarding,(GI-IaaS) Backend Application Srv. & Project Support|(LF) IT Office Access Italy|(GI-IaaS) Backend Application Srv. & Project Support|(GI-IaaS) Backend Application Srv. & Project Support|(LF) IT Office Access Italy,offboarding|offboarding|offboarding|offboarding|offboarding
R-484,Offboard employee Marco Lamberti on 2024-07-16 [Ticket to manage device retireme,(GI-UX) File & Print,offboarding,Service request,0,130,213,0.8647924661636353,0.8322840929031372,0.8184868693351746,0.7841583490371704,0.8647924661636353,0.03250837326049805,0.08063411712646484,(LF) IT Office Access Italy,offboarding,(LF) IT Office Access Italy|(LF) IT Office Access Italy|(GI-IaaS) Backend Application Srv. & Project Support|(LF) IT Office Access Italy|(LF) IT Office Access Italy,offboarding|offboarding|offboarding|offboarding|offboarding
R-485,Apple Ipad PRO and Accessoires for Davis,(GI-IaaS) Admin - Local IT purchase,other,Service request,0,120,194,0.7224862575531006,0.6723480224609375,0.6623271703720093,0.633757472038269,0.7224862575531006,0.050138235092163086,0.08872878551483154,(GI-IaaS) Admin - Local IT purchase,other,(GI-IaaS) Admin - Local IT purchase|(GI-IaaS) Admin - Local IT purchase|(GI-IaaS) Admin - Local IT purchase|(GI-IaaS) Admin - Local IT purchase|(GI-IaaS) Admin - Local IT purchase,other|other|other|other|other
R-49,Access to BPER network via LHT VPN,(GI-UX) Network Access,vpn_access,Service request,1,1252,134,0.7622292041778564,0.7525519728660583,0.7473767995834351,0.7328400611877441,0.7622292041778564,0.009677231311798096,0.029389142990112305,(GI-UX) Network Access,vpn_access,(GI-UX) Network Access|(GI-UX) Network Access|(GI-UX) Group|(GI-UX) Network Access|(GI-UX) Network Access,vpn_access|vpn_access|vpn_access|vpn_access|vpn_access
R-490,I need to install Citrix to access to Titan Bank system,(GI-UX) Group,software_license,Service request,1,2131,55,0.7032801508903503,0.5781819820404053,0.6009923219680786,0.5721190571784973,0.7032801508903503,0.12509816884994507,0.13116109371185303,(GI-UX) File & Print,software_support,(GI-UX) File & Print|(GI-UX) Network Access|(GI-CF) Robot Process Automation|(GI-UX) Group|(GI-UX) Group,software_support|vpn_access|admin_rights|software_license|software_support
R-493,Node version,(GI-UX) Group,software_support,Service request,1,712,263,0.7792539596557617,0.7530264258384705,0.7535843849182129,0.729741096496582,0.7792539596557617,0.02622753381729126,0.04951286315917969,(GI-CF) Robot Process Automation,admin_rights,(GI-CF) Robot Process Automation|(GI-CF) Robot Process Automation|(GI-CF) Robot Process Automation|(GI-CF) Robot Process Automation|(GI-CF) Robot Process Automation,admin_rights|admin_rights|admin_rights|admin_rights|admin_rights
R-494,i need a new docker license e-bravo,(GI-UX) Group,software_license,Service request,1,2069,44,0.8084100484848022,0.8054678440093994,0.7859637141227722,0.7487198114395142,0.8084100484848022,0.002942204475402832,0.059690237045288086,(GI-IaaS) Admin - License & Asset Management,other,(GI-IaaS) Admin - License & Asset Management|(GI-UX) Group|(GI-UX) Group|(GI-IaaS) Admin - License & Asset Management|(GI-IaaS) Admin - License & Asset Management,other|software_license|software_license|software_license|software_license
R-496,VPN & VDI configuration for CSE network,"(GI-IaaS) Network On-Prem (LAN,WLAN,WAN 2nd level)",other,Service request,0,220,166,0.5226454734802246,0.5054170489311218,0.5022870898246765,0.4912639260292053,0.5226454734802246,0.017228424549102783,0.03138154745101929,"(GI-IaaS) Network On-Prem (LAN,WLAN,WAN 2nd level)",other,"(GI-IaaS) Network On-Prem (LAN,WLAN,WAN 2nd level)|(GI-IaaS) Network Cloud (Azure, Remote Access)|(GI-UX) Group|(GI-UX) Network Access|(GI-UX) Network Access",other|vpn_access|software_license|vpn_access|vpn_access
R-499,I cannot enter the GFT office in Turin,(LF) IT Office Access Italy,other,Incident,0,278,219,0.717972993850708,0.6892627477645874,0.6765500903129578,0.6440163850784302,0.717972993850708,0.028710246086120605,0.07395660877227783,(GI-UX) Account Management,onboarding,(GI-UX) Account Management|(GI-UX) Account Management|(GI-UX) File & Print|(LF) IT Office Access Italy|(GI-UX) Account Management,onboarding|onboarding|onboarding|offboarding|onboarding
R-502,Badge to GFT Italy - urgente - Director,(LF) IT Office Access Italy,office_access,Service request,1,415,36,0.8871715068817139,0.8762688636779785,0.8449606895446777,0.8032299876213074,0.8871715068817139,0.010902643203735352,0.0839415192604065,(LF) IT Office Access Italy,office_access,(LF) IT Office Access Italy|(LF) IT Office Access Italy|(LF) IT Office Access Italy|(LF) IT Office Access Italy|(LF) IT Office Access Italy,office_access|office_access|office_access|office_access|office_access
R-503,I need to add NEW endpoint(s) to Backy Site to Site VPN,"(GI-IaaS) Network On-Prem (LAN,WLAN,WAN 2nd level)",vpn_access,Service request,1,1045,161,0.7567492723464966,0.6572821140289307,0.6456974744796753,0.5893419981002808,0.7567492723464966,0.09946715831756592,0.16740727424621582,"(GI-IaaS) Network On-Prem (LAN,WLAN,WAN 2nd level)",vpn_access,"(GI-IaaS) Network On-Prem (LAN,WLAN,WAN 2nd level)|(GI-IaaS) Network On-Prem (LAN,WLAN,WAN 2nd level)|(GI-IaaS) Network On-Prem (LAN,WLAN,WAN 2nd level)|(GI-IaaS) Network On-Prem (LAN,WLAN,WAN 2nd level)|(GI-IaaS) Network On-Prem (LAN,WLAN,WAN 2nd level)",vpn_access|vpn_access|vpn_access|vpn_access|vpn_access
R-506,Request for Docker Desktop license,(GI-UX) Group,software_license,Service request,1,2106,87,0.9435361623764038,0.9034231901168823,0.894339919090271,0.8720812797546387,0.9435361623764038,0.040112972259521484,0.07145488262176514,(GI-IaaS) Admin - License & Asset Management,other,(GI-IaaS) Admin - License & Asset Management|(GI-IaaS) Admin - License & Asset Management|(GI-UX) Group|(GI-UX) Group|(GI-IaaS) Admin - License & Asset Management,other|software_license|software_license|software_license|software_license
R-51,20 / 5.000 absence not permitted,(GI-UX) Application,absence,Service request,1,515,51,0.5423431396484375,0.5124791860580444,0.5016119480133057,0.4761948585510254,0.5423431396484375,0.029863953590393066,0.06614828109741211,(GI-SaaS) Salesforce,absence,(GI-SaaS) Salesforce|(GI-SaaS) Salesforce|(GI-SaaS) Salesforce|(GI-UX) Application|(GI-UX) Application,absence|absence|other|absence|absence
R-510,Webcam / Videocamera problem,(GI-UX) File & Print,hardware_support,Incident,1,233,259,0.4088599681854248,0.3796337842941284,0.3690948784351349,0.32189512252807617,0.4088599681854248,0.029226183891296387,0.08696484565734863,(GI-UX) Group,hardware_support,(GI-UX) Group|(GI-SM) Service Desk|(GI-UX) Group|(GI-UX) Group|(GI-UX) Group,hardware_support|software_support|software_support|hardware_support|software_support
R-511,I need administrator rights,(GI-CF) Robot Process Automation,admin_rights,Service request,1,4671,210,0.9786641001701355,0.7510348558425903,0.7914397120475769,0.738205075263977,0.9786641001701355,0.22762924432754517,0.24045902490615845,(GI-UX) MAC OS,other,(GI-UX) MAC OS|(GI-CF) Robot Process Automation|(GI-CF) Robot Process Automation|(GI-UX) Group|(GI-CF) Robot Process Automation,other|admin_rights|admin_rights|admin_rights|admin_rights
R-512,Expense claim error,(GI-SaaS) Salesforce,other,Incident,1,677,25,0.605611264705658,0.5889836549758911,0.5267363786697388,0.4241936206817627,0.605611264705658,0.016627609729766846,0.18141764402389526,(GI-SaaS) Salesforce,other,(GI-SaaS) Salesforce|(GI-SaaS) Salesforce|(GI-SaaS) Salesforce|(GI-SaaS) Salesforce|(GI-SaaS) SAP & Synertrade,other|other|other|admin_rights|other
R-514,endpoint CHE BANCA VPN site to site,"(GI-IaaS) Network On-Prem (LAN,WLAN,WAN 2nd level)",vpn_access,Service request,1,1120,451,0.6540334224700928,0.6235154271125793,0.6054086685180664,0.5816036462783813,0.6540334224700928,0.030517995357513428,0.07242977619171143,"(GI-IaaS) Network On-Prem (LAN,WLAN,WAN 2nd level)",vpn_access,"(GI-IaaS) Network On-Prem (LAN,WLAN,WAN 2nd level)|(GI-IaaS) Network On-Prem (LAN,WLAN,WAN 2nd level)|(GI-IaaS) Network On-Prem (LAN,WLAN,WAN 2nd level)|(GI-IaaS) Network On-Prem (LAN,WLAN,WAN 2nd level)|(GI-IaaS) Network On-Prem (LAN,WLAN,WAN 2nd level)",vpn_access|vpn_access|vpn_access|vpn_access|vpn_access
R-515,Italy - Review the process Assignation of physical access rights to the new empl,(GI-SM) Service Desk,other,Service request,0,124,1257,0.5760660171508789,0.5723289847373962,0.5713951587677002,0.5673945546150208,0.5760660171508789,0.003737032413482666,0.008671462535858154,(LF) IT Office Access Italy,offboarding,(LF) IT Office Access Italy|(GI-UX) File & Print|(LF) IT Office Access Italy|(LF) IT Office Access Italy|(LF) IT Office Access Italy,offboarding|onboarding|offboarding|offboarding|offboarding
R-517,I need access destinations from my computer (Specificando Unipol services),(GI-UX) Group,vpn_access,Service request,1,1098,44,0.6188259124755859,0.6144917607307434,0.5955659747123718,0.5689233541488647,0.6188259124755859,0.004334151744842529,0.04990255832672119,(GI-UX) Network Access,vpn_access,"(GI-UX) Network Access|(GI-UX) Group|(GI-UX) Group|(GI-UX) Network Access|(GI-IaaS) Network Cloud (Azure, Remote Access)",vpn_access|vpn_access|vpn_access|vpn_access|vpn_access
R-518,i need software,(GI-CF) Robot Process Automation,admin_rights,Service request,1,4720,57,0.9087069630622864,0.8147276639938354,0.7924802899360657,0.6649008989334106,0.9087069630622864,0.09397929906845093,0.24380606412887573,(GI-CF) Robot Process Automation,admin_rights,(GI-CF) Robot Process Automation|(GI-CF) Robot Process Automation|(GI-CF) Robot Process Automation|(GI-CF) Robot Process Automation|(GI-CF) Robot Process Automation,admin_rights|admin_rights|admin_rights|admin_rights|admin_rights
R-519,Need softwares for java academy,(GI-CF) Robot Process Automation,admin_rights,Service request,1,4517,262,0.8782709836959839,0.8349316716194153,0.8240909576416016,0.7957162857055664,0.8782709836959839,0.043339312076568604,0.08255469799041748,(GI-CF) Robot Process Automation,admin_rights,(GI-CF) Robot Process Automation|(GI-IaaS) Admin - License & Asset Management|(GI-CF) Robot Process Automation|(GI-CF) Robot Process Automation|(GI-CF) Robot Process Automation,admin_rights|software_license|admin_rights|admin_rights|admin_rights
R-52,low disk space,(GI-UX) File & Print,software_support,Service request,1,422,73,0.49832653999328613,0.47756755352020264,0.43265947699546814,0.3842693269252777,0.49832653999328613,0.020758986473083496,0.11405721306800842,(GI-UX) File & Print,hardware_support,(GI-UX) File & Print|(GI-UX) Group|(GI-UX) File & Print|(GI-UX) File & Print|(GI-IaaS) Development Platform,hardware_support|hardware_support|hardware_support|hardware_support|project_tools
R-521,software installation for java accademy,(GI-CF) Robot Process Automation,admin_rights,Service request,1,4686,124,0.8907291293144226,0.8700635433197021,0.8151643872261047,0.7537023425102234,0.8907291293144226,0.02066558599472046,0.13702678680419922,(GI-CF) Robot Process Automation,admin_rights,(GI-CF) Robot Process Automation|(GI-CF) Robot Process Automation|(GI-CF) Robot Process Automation|(GI-CF) Robot Process Automation|(GI-CF) Robot Process Automation,admin_rights|admin_rights|admin_rights|admin_rights|admin_rights
R-522,Software Java Academy,(GI-CF) Robot Process Automation,admin_rights,Service request,1,4766,34,0.9087069034576416,0.8473372459411621,0.7775191068649292,0.6577305793762207,0.9087069034576416,0.06136965751647949,0.2509763240814209,(GI-CF) Robot Process Automation,admin_rights,(GI-CF) Robot Process Automation|(GI-CF) Robot Process Automation|(GI-CF) Robot Process Automation|(GI-CF) Robot Process Automation|(GI-CF) Robot Process Automation,admin_rights|admin_rights|admin_rights|admin_rights|admin_rights
R-530,Need admin rights,(GI-CF) Robot Process Automation,admin_rights,Service request,1,4842,19,0.9312136173248291,0.908923864364624,0.8666747808456421,0.7903882265090942,0.9312136173248291,0.022289752960205078,0.14082539081573486,(BF) Information Security Office,admin_rights,(BF) Information Security Office|(GI-CF) Robot Process Automation|(GI-CF) Robot Process Automation|(BF) Information Security Office|(GI-UX) Group,admin_rights|admin_rights|admin_rights|admin_rights|admin_rights
R-531,Need administrator rights for Java Academy,(GI-CF) Robot Process Automation,admin_rights,Service request,1,4792,49,0.9301950335502625,0.8965790867805481,0.8459672927856445,0.772536039352417,0.9301950335502625,0.033615946769714355,0.15765899419784546,(GI-UX) File & Print,admin_rights,(GI-UX) File & Print|(GI-CF) Robot Process Automation|(GI-CF) Robot Process Automation|(GI-CF) Robot Process Automation|(GI-CF) Robot Process Automation,admin_rights|admin_rights|admin_rights|admin_rights|admin_rights
R-533,Files on sharepoint: saving and viewing changes,(GI-UX) File & Print,software_support,Service request,1,422,281,0.417807400226593,0.3611428737640381,0.35512465238571167,0.32727378606796265,0.417807400226593,0.05666452646255493,0.09053361415863037,(GI-UX) Office365 & MS-Teams,other,(GI-UX) Office365 & MS-Teams|(GI-UX) Windows|(GI-UX) File & Print|(GI-UX) File & Print|(GI-SaaS) SAP & Synertrade,other|software_support|admin_rights|software_support|other
R-537,Renewal of administrator rights,(BF) Information Security Office,admin_rights,Service request,1,4814,62,0.843104898929596,0.8251723647117615,0.8100544214248657,0.7855939865112305,0.843104898929596,0.017932534217834473,0.05751091241836548,(GI-CF) Robot Process Automation,admin_rights,(GI-CF) Robot Process Automation|(GI-CF) Robot Process Automation|(BF) Information Security Office|(BF) Information Security Office|(BF) Information Security Office,admin_rights|admin_rights|admin_rights|admin_rights|admin_rights
R-538,Request administrator privilege,(GI-IaaS) Admin - License & Asset Management,software_license,Service request,1,2147,59,0.7811661958694458,0.7392777800559998,0.7264203429222107,0.6988865733146667,0.7811661958694458,0.041888415813446045,0.08227962255477905,(GI-UX) Group,admin_rights,(GI-UX) Group|(GI-CF) Robot Process Automation|(GI-UX) File & Print|(GI-CF) Robot Process Automation|(GI-UX) File & Print,admin_rights|admin_rights|admin_rights|admin_rights|admin_rights
R-539,Comunication to fill a survey related to Docker Desktop License,{GI-SM} Team Communication,other,Service request,0,2437,125,0.7146515250205994,0.6944664716720581,0.6862916350364685,0.6604673266410828,0.7146515250205994,0.02018505334854126,0.0541841983795166,(GI-UX) Group,software_license,(GI-UX) Group|(GI-IaaS) Admin - License & Asset Management|(GI-IaaS) Admin - License & Asset Management|(GI-IaaS) Admin - Local IT purchase|(GI-IaaS) Admin - License & Asset Management,software_license|other|software_license|software_license|software_license
R-54,Unable to connect to external service from localhost,(GI-UX) Network Access,vpn_access,Service request,1,1116,669,0.5312870740890503,0.5268822908401489,0.5213366746902466,0.5140130519866943,0.5312870740890503,0.004404783248901367,0.017274022102355957,"(GI-IaaS) Network Cloud (Azure, Remote Access)",vpn_access,"(GI-IaaS) Network Cloud (Azure, Remote Access)|(GI-IaaS) Network Cloud (Azure, Remote Access)|(GI-UX) Group|(GI-IaaS) Network Cloud (Azure, Remote Access)|(GI-IaaS) Network On-Prem (LAN,WLAN,WAN 2nd level)",vpn_access|vpn_access|software_support|other|vpn_access
R-540,Port 1521 on VM vm-services-test not reachable,"(GI-IaaS) Network Cloud (Azure, Remote Access)",vpn_access,Service request,1,600,155,0.6289833784103394,0.5575880408287048,0.5265201330184937,0.4539686441421509,0.6289833784103394,0.07139533758163452,0.17501473426818848,"(GI-IaaS) Network Cloud (Azure, Remote Access)",vpn_access,"(GI-IaaS) Network Cloud (Azure, Remote Access)|(GI-IaaS) Network Cloud (Azure, Remote Access)|(GI-IaaS) Network On-Prem (LAN,WLAN,WAN 2nd level)|(GI-UX) Network Access|(GI-IaaS) Network On-Prem (LAN,WLAN,WAN 2nd level)",vpn_access|vpn_access|vpn_access|vpn_access|vpn_access
R-542,Badge to GFT Italy - urgente,(LF) IT Office Access Italy,office_access,Service request,1,415,720,0.8933741450309753,0.8829202651977539,0.8620395660400391,0.8254283666610718,0.8933741450309753,0.010453879833221436,0.06794577836990356,(LF) IT Office Access Italy,office_access,(LF) IT Office Access Italy|(LF) IT Office Access Italy|(LF) IT Office Access Italy|(LF) IT Office Access Italy|(LF) IT Office Access Italy,office_access|office_access|office_access|office_access|office_access
R-543,extension of administrator authorization,(GI-IaaS) Development Platform,other,Service request,1,236,379,0.6106216907501221,0.6016750335693359,0.5842319130897522,0.5626617074012756,0.6106216907501221,0.008946657180786133,0.047959983348846436,(GI-IaaS) Development Platform,other,(GI-IaaS) Development Platform|(GI-IaaS) Development Platform|(GI-UX) Group|(GI-CF) Robot Process Automation|(GI-CF) Robot Process Automation,other|other|admin_rights|admin_rights|admin_rights
R-545,email to employees for Unlicensed software detected,{GI-SM} Team Communication,other,Service request,1,2119,137,0.5264948606491089,0.5008887052536011,0.5036005973815918,0.4953533411026001,0.5264948606491089,0.025606155395507812,0.03114151954650879,(GI-CF) Robot Process Automation,admin_rights,(GI-CF) Robot Process Automation|(GI-CF) Robot Process Automation|(GI-UX) Group|(GI-CF) Robot Process Automation|(GI-UX) Windows,admin_rights|admin_rights|software_license|admin_rights|other
R-547,Need admin rights,(GI-CF) Robot Process Automation,admin_rights,Service request,1,4717,58,0.7238967418670654,0.7195593118667603,0.6916623115539551,0.6493793725967407,0.7238967418670654,0.004337430000305176,0.07451736927032471,(GI-CF) Robot Process Automation,admin_rights,(GI-CF) Robot Process Automation|(GI-CF) Robot Process Automation|(GI-CF) Robot Process Automation|(GI-CF) Robot Process Automation|(BF) Information Security Office,admin_rights|admin_rights|admin_rights|admin_rights|admin_rights
R-548,No journal entry generated - Invoice 3512401434,(GI-SaaS) SAP & Synertrade,other,Incident,0,133,326,0.5820325613021851,0.5712493062019348,0.5412606596946716,0.4998626708984375,0.5820325613021851,0.010783255100250244,0.08216989040374756,(GI-SaaS) SAP & Synertrade,other,(GI-SaaS) SAP & Synertrade|(GI-SaaS) SAP & Synertrade|(GI-SaaS) SAP & Synertrade|(GI-SaaS) Salesforce|(GI-SaaS) SAP & Synertrade,other|other|other|other|other
R-549,Enable user to RandomBank VPN via site2site VPN,(GI-UX) Network Access,vpn_access,Service request,1,1258,132,0.7693554759025574,0.7085604071617126,0.6847837567329407,0.6436456441879272,0.7693554759025574,0.06079506874084473,0.12570983171463013,(GI-UX) Network Access,other,(GI-UX) Network Access|(GI-UX) Network Access|(GI-UX) Network Access|(GI-UX) Group|(GI-UX) Network Access,other|vpn_access|vpn_access|vpn_access|vpn_access
R-550,Permission to access nl8system,(GI-UX) Network Access,vpn_access,Service request,1,1196,100,0.45366179943084717,0.4508936107158661,0.4374557435512543,0.42147260904312134,0.45366179943084717,0.002768188714981079,0.03218919038772583,(GI-CF) Robot Process Automation,admin_rights,(GI-CF) Robot Process Automation|(GI-UX) Group|(GI-IaaS) Development Platform|(GI-CF) Robot Process Automation|(GI-CF) Robot Process Automation,admin_rights|admin_rights|other|admin_rights|admin_rights
R-551,GFT BANANI CORP - Liam Donovan (J12K),(GI-SaaS) Salesforce,absence,Service request,1,546,150,0.7213042974472046,0.6736563444137573,0.652491569519043,0.6005449295043945,0.7213042974472046,0.047647953033447266,0.12075936794281006,(GI-SaaS) Salesforce,absence,(GI-SaaS) Salesforce|(GI-SaaS) Salesforce|(GI-SaaS) Salesforce|(GI-SaaS) Salesforce|(GI-SaaS) Salesforce,absence|absence|absence|absence|absence
R-552,I cannot connect to DLP VPN (EU) using citrix due to an error,(GI-UX) Windows,software_support,Service request,1,422,153,0.8093416094779968,0.8015228509902954,0.781842052936554,0.752710223197937,0.8093416094779968,0.007818758487701416,0.056631386280059814,(GI-UX) Windows,software_support,(GI-UX) Windows|(GI-UX) Windows|(GI-UX) Group|(GI-UX) Network Access|(GI-UX) Windows,software_support|software_support|software_support|software_support|software_support
R-553,MULTIPLY MEETING AT THE SAME HOUR,(GI-UX) Group,email_support,Incident,1,351,369,0.6547105312347412,0.6277870535850525,0.5721518397331238,0.5137310028076172,0.6547105312347412,0.02692347764968872,0.14097952842712402,(GI-UX) File & Print,software_support,(GI-UX) File & Print|(GI-UX) Unified Communication|(GI-UX) Unified Communication|(GI-UX) Unified Communication|(GI-UX) Unified Communication,software_support|email_support|email_support|email_support|other
R-554,I can't connect to JQ VPN,(GI-UX) Network Access,software_support,Incident,1,422,26,0.6688774824142456,0.6314316391944885,0.629065752029419,0.5973858833312988,0.6688774824142456,0.03744584321975708,0.07149159908294678,(GI-UX) Windows,software_support,(GI-UX) Windows|(GI-UX) Network Access|(GI-UX) Network Access|(GI-SM) Service Desk|(GI-UX) File & Print,software_support|vpn_access|other|other|access_problem
R-555,Offboard employee Luca Ferraro on 2024-07-01 [Ticket to manage virtual devices r,(GI-IaaS) Backend Application Srv. & Project Support,offboarding,Service request,0,128,213,0.860790491104126,0.8370877504348755,0.8328183889389038,0.813640832901001,0.860790491104126,0.02370274066925049,0.047149658203125,(GI-UX) File & Print,offboarding,(GI-UX) File & Print|(GI-IaaS) Backend Application Srv. & Project Support|(GI-IaaS) Backend Application Srv. & Project Support|(LF) IT Office Access Italy|(LF) IT Office Access Italy,offboarding|offboarding|offboarding|offboarding|offboarding
R-557,Offboard employee Ethan Marino on 2024-07-01 [Ticket to manage device retirement,(GI-UX) File & Print,offboarding,Service request,0,132,212,0.7934039831161499,0.7928087711334229,0.7734346985816956,0.7579169273376465,0.7934039831161499,0.0005952119827270508,0.03548705577850342,(LF) IT Office Access Italy,offboarding,(LF) IT Office Access Italy|(LF) IT Office Access Italy|(GI-IaaS) Backend Application Srv. & Project Support|(GI-UX) File & Print|(LF) IT Office Access Italy,offboarding|offboarding|offboarding|offboarding|offboarding
R-558,"Need ""read only"" permission to Project in Kimble",(GI-SaaS) Salesforce,other,Service request,1,1218,462,0.6267285346984863,0.5923023223876953,0.5689224600791931,0.5413799285888672,0.6267285346984863,0.034426212310791016,0.08534860610961914,(GI-SaaS) Salesforce,admin_rights,(GI-SaaS) Salesforce|(GI-SaaS) Salesforce|(GI-SaaS) Salesforce|(GI-SaaS) Salesforce|(GI-SaaS) Salesforce,admin_rights|admin_rights|admin_rights|admin_rights|admin_rights
R-559,Need support to remove end date,(GI-UX) Application,hr_tools,Service request,1,880,282,0.8996759653091431,0.813498854637146,0.7909078598022461,0.7154785394668579,0.8996759653091431,0.08617711067199707,0.18419742584228516,(GI-UX) Application,hr_tools,(GI-UX) Application|(GI-SaaS) Salesforce|(GI-SaaS) Salesforce|(GI-UX) Application|(GI-UX) Application,hr_tools|hr_tools|other|other|other
R-56,Admin permissions to add certificates,(GI-UX) File & Print,admin_rights,Service request,1,4603,226,0.6444678902626038,0.6010364294052124,0.5834445357322693,0.5496935844421387,0.6444678902626038,0.04343146085739136,0.09477430582046509,(GI-UX) Group,admin_rights,(GI-UX) Group|(GI-CF) Robot Process Automation|(GI-UX) File & Print|(GI-CF) Robot Process Automation|(GI-UX) Windows,admin_rights|admin_rights|admin_rights|admin_rights|admin_rights
R-564,Automatic Java Update,(GI-SM) Service Desk,software_support,Service request,1,422,241,0.5189368724822998,0.4696100056171417,0.4615812301635742,0.43430888652801514,0.5189368724822998,0.04932686686515808,0.08462798595428467,(GI-UX) Windows,software_support,(GI-UX) Windows|(GI-SM) Service Desk|(GI-UX) Group|(GI-CF) Robot Process Automation|(GI-UX) File & Print,software_support|software_support|software_license|admin_rights|admin_rights
R-568,We need jira credential for Juan Moreiras joining the team,(GI-IaaS) Development Platform,software_license,Service request,1,1225,58,0.6580414175987244,0.6412760019302368,0.6319208145141602,0.6115169525146484,0.6580414175987244,0.01676541566848755,0.04652446508407593,(GI-IaaS) Development Platform,software_license,(GI-IaaS) Development Platform|(GI-IaaS) Development Platform|(GI-IaaS) Development Platform|(GI-IaaS) Development Platform|(GI-IaaS) Development Platform,software_license|software_license|software_license|software_license|software_license
R-574,Administrator rights for Salesforce Certified Administrator exam,(GI-CF) Robot Process Automation,admin_rights,Service request,1,4391,433,0.6318936347961426,0.6277912855148315,0.6080833673477173,0.5891224145889282,0.6318936347961426,0.004102349281311035,0.042771220207214355,(BF) Information Security Office,admin_rights,(BF) Information Security Office|(GI-CF) Robot Process Automation|(GI-UX) Group|(GI-UX) Group|(GI-UX) Group,admin_rights|admin_rights|admin_rights|admin_rights|software_license
R-579,Problem with folder sync,(GI-UX) Unified Communication,other,Incident,1,478,84,0.838103711605072,0.8209863305091858,0.7733699679374695,0.6938033103942871,0.838103711605072,0.01711738109588623,0.1443004012107849,(GI-UX) Office365 & MS-Teams,other,(GI-UX) Office365 & MS-Teams|(GI-UX) Group|(GI-UX) File & Print|(GI-UX) Group|(GI-UX) Office365 & MS-Teams,other|other|software_support|other|other
R-58,need sender to be excluded from html attachment blocking,(GI-CyberSec) Security Operation Center,email_support,Service request,1,335,214,0.685208797454834,0.6729769110679626,0.5670249462127686,0.4458804130554199,0.685208797454834,0.012231886386871338,0.23932838439941406,(GI-CyberSec) Security Operation Center,email_support,(GI-CyberSec) Security Operation Center|(GI-CyberSec) Security Operation Center|(GI-IaaS) Backend M365 (2nd level)|(GI-CyberSec) Security Operation Center|(GI-UX) System Management & Anti Virus,email_support|email_support|email_support|email_support|other
R-580,I need access confluence and jira for Ficta Bank One,(GI-IaaS) Development Platform,software_license,Service request,1,1196,52,0.7975476980209351,0.7023451328277588,0.6819934844970703,0.62473464012146,0.7975476980209351,0.09520256519317627,0.1728130578994751,(GI-IaaS) Development Platform,software_license,(GI-IaaS) Development Platform|(GI-IaaS) Development Platform|(GI-UX) Network Access|(GI-IaaS) Development Platform|(GI-UX) Network Access,software_license|software_license|vpn_access|software_license|vpn_access
R-581,I need access confluence and jira for Shiraz Investments,(GI-IaaS) Development Platform,software_license,Service request,1,1246,56,0.7975476980209351,0.7333922386169434,0.6903469562530518,0.62917160987854,0.7975476980209351,0.0641554594039917,0.16837608814239502,(GI-IaaS) Development Platform,software_license,(GI-IaaS) Development Platform|(GI-IaaS) Development Platform|(GI-UX) Network Access|(GI-IaaS) Development Platform|(GI-UX) Network Access,software_license|software_license|vpn_access|software_license|vpn_access
R-582,Kimble single sign-on,(GI-SaaS) Salesforce,hr_tools,Incident,1,916,114,0.7807485461235046,0.5805004835128784,0.542843222618103,0.4481348693370819,0.7807485461235046,0.20024806261062622,0.33261367678642273,(GI-SaaS) Salesforce,hr_tools,(GI-SaaS) Salesforce|(GI-SaaS) Salesforce|(GI-SaaS) Salesforce|(GI-UX) Group|(GI-SaaS) Salesforce,hr_tools|other|admin_rights|password_reset|admin_rights
R-583,Access denied,(GI-SaaS) Salesforce,hr_tools,Incident,1,885,270,0.7807484865188599,0.611912727355957,0.5955390930175781,0.5041308403015137,0.7807484865188599,0.16883575916290283,0.2766176462173462,(GI-SaaS) Salesforce,hr_tools,(GI-SaaS) Salesforce|(GI-SaaS) Salesforce|(GI-IaaS) Development Platform|(GI-UX) Group|(GI-UX) Group,hr_tools|other|other|password_reset|password_reset
R-584,I need license to see my tasks on Jira,(GI-IaaS) Development Platform,software_license,Service request,1,1325,150,0.9541724324226379,0.9333515167236328,0.919916033744812,0.8834697008132935,0.9541724324226379,0.020820915699005127,0.07070273160934448,(GI-IaaS) Development Platform,software_license,(GI-IaaS) Development Platform|(GI-SM) Service Desk|(GI-IaaS) Development Platform|(GI-IaaS) Development Platform|(GI-IaaS) Development Platform,software_license|software_license|software_license|software_license|software_license
R-586,Gft Italia_new_entry_20240715_329845_ Rossi,(GI-UX) Account Management,onboarding,Service request,1,1168,685,0.9917000532150269,0.9912214279174805,0.9906269907951355,0.9890517592430115,0.9917000532150269,0.0004786252975463867,0.002648293972015381,(GI-UX) Account Management,onboarding,(GI-UX) Account Management|(GI-UX) Account Management|(GI-UX) Account Management|(GI-UX) Account Management|(GI-UX) Account Management,onboarding|onboarding|onboarding|onboarding|onboarding
R-587,Renew of administrator rights,(BF) Information Security Office,other,Service request,1,4393,160,0.6805872917175293,0.6752749681472778,0.6584950685501099,0.6334238648414612,0.6805872917175293,0.005312323570251465,0.047163426876068115,(BF) Information Security Office,admin_rights,(BF) Information Security Office|(BF) Information Security Office|(GI-CF) Robot Process Automation|(GI-CF) Robot Process Automation|(BF) Information Security Office,admin_rights|admin_rights|admin_rights|admin_rights|admin_rights
R-589,Unusual slowness following system update,(GI-UX) File & Print,hardware_support,Incident,1,234,327,0.556178092956543,0.4482654929161072,0.4356216490268707,0.3894615173339844,0.556178092956543,0.10791260004043579,0.1667165756225586,(GI-UX) Group,hardware_support,(GI-UX) Group|(GI-UX) Group|(GI-UX) Group|(GI-UX) Group|(GI-UX) Group,hardware_support|hardware_support|hardware_support|software_support|software_support
R-592,Gft Italia_new_entry_20240715_123456_ Rossi,(GI-UX) Account Management,onboarding,Service request,1,1188,663,0.9876085519790649,0.9845325946807861,0.9844368100166321,0.9816586971282959,0.9876085519790649,0.0030759572982788086,0.005949854850769043,(GI-UX) Account Management,onboarding,(GI-UX) Account Management|(GI-UX) Account Management|(GI-UX) Account Management|(GI-UX) Account Management|(GI-UX) Account Management,onboarding|onboarding|onboarding|onboarding|onboarding
R-594,Node version,(GI-UX) Group,software_support,Service request,1,944,214,0.925499439239502,0.7417126893997192,0.724208414554596,0.6423534750938416,0.925499439239502,0.18378674983978271,0.2831459641456604,(GI-CF) Robot Process Automation,admin_rights,(GI-CF) Robot Process Automation|(GI-UX) Group|(GI-UX) Group|(GI-UX) Group|(GI-UX) Network Access,admin_rights|software_support|software_support|other|software_support
R-596,GXO Logistics - Element activation problem,(GI-SaaS) Salesforce,enterprise_systems,Incident,1,877,204,0.9021873474121094,0.8679220676422119,0.8549720048904419,0.8314532041549683,0.9021873474121094,0.03426527976989746,0.07073414325714111,(GI-SaaS) Salesforce,enterprise_systems,(GI-SaaS) Salesforce|(GI-SaaS) Salesforce|(GI-SaaS) Salesforce|(GI-SaaS) Salesforce|(GI-SaaS) Salesforce,enterprise_systems|enterprise_systems|enterprise_systems|enterprise_systems|enterprise_systems
R-597,i have a problem with using external USB mouse,(GI-UX) File & Print,hardware_support,Incident,1,233,237,0.524273157119751,0.5139657258987427,0.4648531973361969,0.38714757561683655,0.524273157119751,0.0103074312210083,0.13712558150291443,(GI-UX) Group,hardware_support,(GI-UX) Group|(GI-UX) Group|(GI-CyberSec) Security Operation Center|(GI-UX) Group|(GI-CyberSec) Cybersecurity,hardware_support|hardware_support|other|hardware_support|other
R-599,Gft Italia_new_entry_20240708_542281_Bianchi,(GI-UX) Account Management,onboarding,Service request,1,1174,688,0.9903424978256226,0.9896634221076965,0.9878053665161133,0.9856154918670654,0.9903424978256226,0.0006790757179260254,0.004727005958557129,(GI-UX) Account Management,onboarding,(GI-UX) Account Management|(GI-UX) Account Management|(GI-UX) Account Management|(GI-UX) Account Management|(GI-UX) Account Management,onboarding|onboarding|onboarding|onboarding|onboarding
R-600,Gft Italia_new_entry_20240715_739202_ Tiberio [Ticket to manage device assignmen,(GI-UX) File & Print,onboarding,Service request,0,127,701,0.978466272354126,0.9761644601821899,0.9762347340583801,0.9751333594322205,0.978466272354126,0.002301812171936035,0.0033329129219055176,(GI-UX) File & Print,onboarding,(GI-UX) File & Print|(GI-UX) File & Print|(GI-UX) File & Print|(GI-UX) File & Print|(GI-UX) File & Print,onboarding|onboarding|onboarding|onboarding|onboarding
R-602,Offboard employee Marco Verdi on 2024-07-02 [Ticket to manage virtual devices re,(GI-IaaS) Backend Application Srv. & Project Support,offboarding,Service request,0,133,212,0.8493348360061646,0.7905492782592773,0.7974121570587158,0.7722790837287903,0.8493348360061646,0.05878555774688721,0.07705575227737427,(LF) IT Office Access Italy,offboarding,(LF) IT Office Access Italy|(LF) IT Office Access Italy|(GI-IaaS) Backend Application Srv. & Project Support|(GI-IaaS) Backend Application Srv. & Project Support|(LF) IT Office Access Italy,offboarding|offboarding|offboarding|offboarding|offboarding
R-603,Offboard employee Nolan Carter on 2024-07-02 [Ticket to manage Admin Location In,(LF) IT Office Access Italy,offboarding,Service request,0,129,212,0.7821957468986511,0.7722750902175903,0.7662445306777954,0.7581327557563782,0.7821957468986511,0.009920656681060791,0.02406299114227295,(LF) IT Office Access Italy,offboarding,(LF) IT Office Access Italy|(LF) IT Office Access Italy|(LF) IT Office Access Italy|(LF) IT Office Access Italy|(LF) IT Office Access Italy,offboarding|offboarding|offboarding|offboarding|offboarding
R-604,Offboard employee Evan Donovan on 2024-07-02 [Ticket to manage device retirement,(GI-UX) File & Print,offboarding,Service request,0,122,211,0.7880198955535889,0.7802917957305908,0.7759224772453308,0.7677820920944214,0.7880198955535889,0.007728099822998047,0.02023780345916748,(GI-UX) Group,offboarding,(GI-UX) Group|(GI-IaaS) Backend Application Srv. & Project Support|(GI-IaaS) Backend Application Srv. & Project Support|(GI-IaaS) Backend Application Srv. & Project Support|(GI-IaaS) Backend Application Srv. & Project Support,offboarding|offboarding|offboarding|offboarding|offboarding
R-608,I have a problem with the Otlook Calendar,(GI-UX) Unified Communication,email_support,Incident,1,353,155,0.6623857617378235,0.6130347847938538,0.5638238191604614,0.4843056797981262,0.6623857617378235,0.04935097694396973,0.17808008193969727,(GI-UX) Unified Communication,email_support,(GI-UX) Unified Communication|(GI-UX) Unified Communication|(GI-UX) File & Print|(GI-UX) Group|(GI-SM) Service Desk,email_support|email_support|software_support|email_support|software_support
R-609,GFT ITALIA SRL - Mitchell Helena (D19K),(GI-SaaS) Salesforce,absence,Incident,1,559,165,0.7933105230331421,0.7232466340065002,0.7165865898132324,0.6681767702102661,0.7933105230331421,0.07006388902664185,0.12513375282287598,(GI-SaaS) Salesforce,absence,(GI-SaaS) Salesforce|(GI-SaaS) Salesforce|(GI-SaaS) Salesforce|(GI-SaaS) Salesforce|(GI-SaaS) Salesforce,absence|absence|absence|absence|absence
R-61,Opening xlsm file blocked from security policy,(GI-UX) File & Print,software_support,Service request,1,422,53,0.4200654625892639,0.3940785229206085,0.38694414496421814,0.36838942766189575,0.4200654625892639,0.025986939668655396,0.051676034927368164,(GI-UX) Office365 & MS-Teams,other,(GI-UX) Office365 & MS-Teams|(GI-UX) Group|(GI-UX) File & Print|(GI-UX) File & Print|(GI-UX) Group,other|software_license|software_support|admin_rights|software_license
R-610,I need to enable my colleague to access the Crédit Agricole network via GFT Site,(GI-UX) Network Access,vpn_access,Service request,1,1104,224,0.9774587154388428,0.9652481079101562,0.7800241708755493,0.6419827342033386,0.9774587154388428,0.012210607528686523,0.33547598123550415,(GI-UX) Network Access,vpn_access,(GI-UX) Network Access|(GI-UX) Network Access|(GI-UX) Group|(GI-UX) Group|(GI-UX) Network Access,vpn_access|vpn_access|vpn_access|vpn_access|vpn_access
R-611,Setup backend environment for new pc,(GI-CF) Robot Process Automation,admin_rights,Service request,1,4718,70,0.9829891920089722,0.9374251961708069,0.7371009588241577,0.5694305896759033,0.9829891920089722,0.04556399583816528,0.41355860233306885,(GI-CF) Robot Process Automation,admin_rights,(GI-CF) Robot Process Automation|(GI-CF) Robot Process Automation|(GI-CF) Robot Process Automation|(GI-CF) Robot Process Automation|(GI-UX) Group,admin_rights|admin_rights|other|admin_rights|admin_rights
R-613,Setup Backend Environment,(GI-CF) Robot Process Automation,admin_rights,Service request,1,4704,70,0.9829893112182617,0.9395609498023987,0.7467926740646362,0.584518551826477,0.9829893112182617,0.04342836141586304,0.39847075939178467,(GI-CF) Robot Process Automation,admin_rights,(GI-CF) Robot Process Automation|(GI-CF) Robot Process Automation|(GI-CF) Robot Process Automation|(GI-UX) Group|(GI-CF) Robot Process Automation,admin_rights|admin_rights|other|software_license|admin_rights
R-615,Gft Italia_new_entry_20240708_746382 [Ticket to manage device assignments],(GI-UX) File & Print,onboarding,Service request,0,127,678,0.9917553663253784,0.990149736404419,0.9894638061523438,0.988023042678833,0.9917553663253784,0.0016056299209594727,0.00373232364654541,(GI-UX) File & Print,onboarding,(GI-UX) File & Print|(GI-UX) File & Print|(GI-UX) File & Print|(GI-UX) Group|(GI-UX) File & Print,onboarding|onboarding|onboarding|onboarding|onboarding
R-616,Gft Italia_new_entry_20240708_992412_ Bianchi,(GI-UX) Account Management,onboarding,Service request,1,1169,684,0.9902670979499817,0.989663302898407,0.9877229928970337,0.9850859642028809,0.9902670979499817,0.000603795051574707,0.00518113374710083,(GI-UX) Account Management,onboarding,(GI-UX) Account Management|(GI-UX) Account Management|(GI-UX) Account Management|(GI-UX) Account Management|(GI-UX) Account Management,onboarding|onboarding|onboarding|onboarding|onboarding
R-619,Administrator rights,(GI-CF) Robot Process Automation,admin_rights,Service request,1,4722,105,0.8740168809890747,0.8700118660926819,0.8636819124221802,0.8515535593032837,0.8740168809890747,0.004005014896392822,0.022463321685791016,(GI-UX) Group,admin_rights,(GI-UX) Group|(GI-CF) Robot Process Automation|(GI-CF) Robot Process Automation|(GI-CF) Robot Process Automation|(GI-CF) Robot Process Automation,admin_rights|admin_rights|admin_rights|admin_rights|admin_rights
R-62,I need administrator rights on my computer,(GI-CF) Robot Process Automation,admin_rights,Service request,1,4680,156,0.7493088245391846,0.7247942686080933,0.7224395275115967,0.7090467810630798,0.7493088245391846,0.02451455593109131,0.040262043476104736,(GI-CF) Robot Process Automation,admin_rights,(GI-CF) Robot Process Automation|(GI-CF) Robot Process Automation|(BF) Information Security Office|(GI-CF) Robot Process Automation|(BF) Information Security Office,admin_rights|admin_rights|admin_rights|admin_rights|admin_rights
R-620,Need permission to access the DWH,(GI-SaaS) BI & SuccessFactors,other,Service request,1,1059,192,0.5318015813827515,0.5236011743545532,0.5087705254554749,0.4957647919654846,0.5318015813827515,0.008200407028198242,0.036036789417266846,(GI-SaaS) Salesforce,admin_rights,"(GI-SaaS) Salesforce|(GI-SaaS) Marketing, Communications & Web|(GI-UX) Network Access|(GI-IaaS) Development Platform|(GI-UX) Group",admin_rights|other|vpn_access|other|software_license
R-626,VM per VPN Credem,(GI-UX) Group,hardware_support,Incident,1,229,69,0.6133811473846436,0.5832093358039856,0.556246280670166,0.5032976865768433,0.6133811473846436,0.03017181158065796,0.11008346080780029,(GI-UX) File & Print,software_support,(GI-UX) File & Print|(GI-UX) Group|(GI-UX) File & Print|(GI-UX) Group|(GI-UX) File & Print,software_support|software_license|software_support|software_license|admin_rights
R-627,UnipolSai: Server:port not connected,"(GI-IaaS) Network On-Prem (LAN,WLAN,WAN 2nd level)",other,Incident,0,264,135,0.6873292922973633,0.6471397876739502,0.6322725415229797,0.5716726779937744,0.6873292922973633,0.040189504623413086,0.11565661430358887,"(GI-IaaS) Network On-Prem (LAN,WLAN,WAN 2nd level)",vpn_access,"(GI-IaaS) Network On-Prem (LAN,WLAN,WAN 2nd level)|(GI-IaaS) Network On-Prem (LAN,WLAN,WAN 2nd level)|(GI-IaaS) Network On-Prem (LAN,WLAN,WAN 2nd level)|(GI-IaaS) Network Cloud (Azure, Remote Access)|(GI-IaaS) Network On-Prem (LAN,WLAN,WAN 2nd level)",vpn_access|vpn_access|vpn_access|vpn_access|other
R-628,"Don't need a site tunnel, we need help for a question on a customer.",(GI-UX) Group,vpn_access,Service request,1,1183,525,0.49776291847229004,0.48926907777786255,0.4787012040615082,0.4566555619239807,0.49776291847229004,0.00849384069442749,0.041107356548309326,(GI-UX) Group,vpn_access,"(GI-UX) Group|(GI-IaaS) Network On-Prem (LAN,WLAN,WAN 2nd level)|(GI-IaaS) Network Cloud (Azure, Remote Access)|(GI-UX) File & Print|(GI-IaaS) Development Platform",vpn_access|vpn_access|vpn_access|software_support|other
R-630,Gft Italia_new_entry_20240715_926734_ Benedetti Laura,(GI-UX) Account Management,onboarding,Service request,1,1174,719,0.9785778522491455,0.9698126316070557,0.9698966145515442,0.9662032723426819,0.9785778522491455,0.008765220642089844,0.012374579906463623,(GI-UX) File & Print,onboarding,(GI-UX) File & Print|(GI-UX) Account Management|(GI-UX) Account Management|(GI-UX) Account Management|(GI-UX) Account Management,onboarding|onboarding|onboarding|onboarding|onboarding
R-632,Enabling wiki on Project TC572349-001,(GI-IaaS) Development Platform,other,Service request,1,236,163,0.5099755525588989,0.4492843449115753,0.4529215395450592,0.42712751030921936,0.5099755525588989,0.06069120764732361,0.08284804224967957,(GI-IaaS) Development Platform,other,(GI-IaaS) Development Platform|(GI-IaaS) Development Platform|(GI-IaaS) Development Platform|(GI-IaaS) Development Platform|(GI-IaaS) Development Platform,other|other|software_license|other|software_license
R-633,I need administrator rights on my computer,(GI-CF) Robot Process Automation,admin_rights,Service request,1,4665,117,0.8299534320831299,0.8198161125183105,0.8143882751464844,0.7945021390914917,0.8299534320831299,0.010137319564819336,0.035451292991638184,(GI-CF) Robot Process Automation,admin_rights,(GI-CF) Robot Process Automation|(BF) Information Security Office|(GI-CF) Robot Process Automation|(GI-CF) Robot Process Automation|(GI-UX) Group,admin_rights|admin_rights|admin_rights|admin_rights|admin_rights
R-635,I need permanent administrator rights on my machine,(GI-CF) Robot Process Automation,admin_rights,Service request,1,4746,150,0.8354843854904175,0.7741916179656982,0.7458158731460571,0.7048600912094116,0.8354843854904175,0.06129276752471924,0.13062429428100586,(GI-CF) Robot Process Automation,admin_rights,(GI-CF) Robot Process Automation|(BF) Information Security Office|(GI-CF) Robot Process Automation|(BF) Information Security Office|(GI-UX) Group,admin_rights|admin_rights|admin_rights|admin_rights|admin_rights
R-637,Administrator Rights,(BF) Information Security Office,admin_rights,Service request,1,4694,138,0.8416352272033691,0.8385223150253296,0.8059441447257996,0.7642398476600647,0.8416352272033691,0.0031129121780395508,0.07739537954330444,(GI-CF) Robot Process Automation,admin_rights,(GI-CF) Robot Process Automation|(GI-CF) Robot Process Automation|(BF) Information Security Office|(BF) Information Security Office|(BF) Information Security Office,admin_rights|admin_rights|admin_rights|admin_rights|admin_rights
R-640,gft_italia_new_entry_20240627_816008_SMITH [Ticket to manage device assignments],(GI-UX) File & Print,onboarding,Service request,0,135,488,0.9920617341995239,0.990371584892273,0.9869696497917175,0.9827638864517212,0.9920617341995239,0.0016901493072509766,0.009297847747802734,(GI-UX) Group,onboarding,(GI-UX) Group|(GI-UX) File & Print|(GI-UX) Group|(GI-UX) File & Print|(GI-UX) File & Print,onboarding|onboarding|onboarding|onboarding|onboarding
R-641,gft_italia_new_entry_20240627_123456_TURNER,(GI-UX) Account Management,onboarding,Service request,1,1176,496,0.9575422406196594,0.9563143253326416,0.9546717405319214,0.9525075554847717,0.9575422406196594,0.0012279152870178223,0.005034685134887695,(GI-UX) Account Management,onboarding,(GI-UX) Account Management|(GI-UX) Account Management|(GI-UX) Account Management|(GI-UX) Account Management|(GI-UX) Account Management,onboarding|onboarding|onboarding|onboarding|onboarding
R-644,Roles for user Mila Keane (XAKJ),(GI-SaaS) Salesforce,admin_rights,Service request,1,3461,175,0.6817958354949951,0.5966614484786987,0.5761690139770508,0.527765154838562,0.6817958354949951,0.08513438701629639,0.1540306806564331,"(GI-SaaS) Marketing, Communications & Web",other,"(GI-SaaS) Marketing, Communications & Web|(GI-SaaS) SAP & Synertrade|(GI-SaaS) Salesforce|(GI-SaaS) Salesforce|(LF) IT Office Access Italy",other|enterprise_systems|admin_rights|admin_rights|offboarding
R-648,Confluence License,(GI-IaaS) Development Platform,software_license,Service request,1,1193,38,0.8315910696983337,0.8056490421295166,0.8027307391166687,0.790168046951294,0.8315910696983337,0.02594202756881714,0.041423022747039795,(GI-IaaS) Development Platform,software_license,(GI-IaaS) Development Platform|(GI-IaaS) Development Platform|(GI-IaaS) Development Platform|(GI-IaaS) Development Platform|(GI-IaaS) Development Platform,software_license|software_license|software_license|software_license|software_license
R-649,Need to access to external site,"(GI-IaaS) Network On-Prem (LAN,WLAN,WAN 2nd level)",vpn_access,Service request,1,1104,111,0.6103602647781372,0.5238159894943237,0.5305665731430054,0.5031216144561768,0.6103602647781372,0.08654427528381348,0.10723865032196045,(GI-UX) Network Access,vpn_access,(GI-UX) Network Access|(GI-UX) Network Access|(GI-UX) Network Access|(GI-UX) Group|(GI-UX) Network Access,vpn_access|vpn_access|vpn_access|vpn_access|vpn_access
R-65,I need a Jira license for LUCIA BERTOLLI,(GI-IaaS) Development Platform,software_license,Service request,1,1278,40,0.7912538051605225,0.7874315977096558,0.7868356704711914,0.7836916446685791,0.7912538051605225,0.0038222074508666992,0.007562160491943359,(GI-IaaS) Development Platform,software_license,(GI-IaaS) Development Platform|(GI-IaaS) Development Platform|(GI-IaaS) Development Platform|(GI-IaaS) Development Platform|(GI-IaaS) Development Platform,software_license|software_license|other|software_license|software_license
R-650,mouse,(GI-UX) Group,hardware_support,Incident,1,233,55,0.7354749441146851,0.606809675693512,0.517503023147583,0.3400707542896271,0.7354749441146851,0.1286652684211731,0.395404189825058,(GI-UX) Group,hardware_support,(GI-UX) Group|(GI-UX) Group|(GI-UX) File & Print|(GI-UX) File & Print|(GI-UX) Group,hardware_support|hardware_support|hardware_support|hardware_support|hardware_support
R-652,I need a Jira license to access project ZXCVBN,(GI-IaaS) Development Platform,software_license,Service request,1,1218,203,0.7603980898857117,0.7351992130279541,0.721455454826355,0.6957530975341797,0.7603980898857117,0.02519887685775757,0.06464499235153198,(GI-IaaS) Development Platform,other,(GI-IaaS) Development Platform|(GI-IaaS) Development Platform|(GI-IaaS) Development Platform|(GI-IaaS) Development Platform|(GI-IaaS) Development Platform,other|software_license|software_license|software_license|software_license
R-654,gft_italia_new_entry_202410626_816006_Johan Doe,(GI-UX) Account Management,onboarding,Service request,1,1165,498,0.9498171210289001,0.947304904460907,0.9462922811508179,0.9445918798446655,0.9498171210289001,0.002512216567993164,0.005225241184234619,(GI-UX) Account Management,onboarding,(GI-UX) Account Management|(GI-UX) Account Management|(GI-UX) Account Management|(GI-UX) Account Management|(GI-UX) Account Management,onboarding|onboarding|onboarding|onboarding|onboarding
R-656,Admin rights for course setup,(GI-CF) Robot Process Automation,admin_rights,Service request,1,4514,240,0.7197904586791992,0.7161993980407715,0.6945675611495972,0.6645853519439697,0.7197904586791992,0.0035910606384277344,0.05520510673522949,(GI-CF) Robot Process Automation,admin_rights,(GI-CF) Robot Process Automation|(GI-CF) Robot Process Automation|(GI-UX) Group|(GI-CF) Robot Process Automation|(GI-UX) Group,admin_rights|admin_rights|software_license|admin_rights|software_license
R-657,Travel in Turkey,(GI-IaaS) Admin - IT Purchase Problem Management,other,Service request,0,151,130,0.517818808555603,0.4555893540382385,0.45493945479393005,0.4106292724609375,0.517818808555603,0.0622294545173645,0.10718953609466553,(GI-IaaS) Backend M365 (2nd level),other,(GI-IaaS) Backend M365 (2nd level)|(GI-UX) Mobile Device Management|(GI-SM) Service Desk|(GI-SM) Service Desk|(GI-IaaS) Admin - IT Purchase Problem Management,other|hardware_support|other|other|other
R-658,client dba oracle email blocked,(GI-CyberSec) Security Operation Center,email_support,Service request,1,231,30,0.4690776467323303,0.4462509751319885,0.43786144256591797,0.4182305634021759,0.4690776467323303,0.022826671600341797,0.05084708333015442,(GI-UX) Group,password_reset,(GI-UX) Group|(GI-IaaS) Backend M365 (2nd level)|(GI-UX) Group|(GI-UX) Group|(GI-UX) File & Print,password_reset|other|password_reset|password_reset|software_support
R-660,I need more disk space,(GI-UX) Group,hardware_support,Service request,1,859,281,0.49512118101119995,0.4775674343109131,0.46373844146728516,0.4422041177749634,0.49512118101119995,0.017553746700286865,0.05291706323623657,(GI-UX) Group,software_license,(GI-UX) Group|(GI-UX) File & Print|(GI-UX) File & Print|(GI-UX) File & Print|(GI-UX) File & Print,software_license|software_support|hardware_support|hardware_support|hardware_support
R-661,I need access to Echo Leasing's Repository,(GI-IaaS) Development Platform,other,Service request,0,80,120,0.45134344696998596,0.4242030084133148,0.42609158158302307,0.41490209102630615,0.45134344696998596,0.027140438556671143,0.03644135594367981,(GI-UX) Network Access,vpn_access,(GI-UX) Network Access|(GI-UX) Network Access|(GI-UX) Network Access|(GI-UX) Network Access|(GI-UX) Group,vpn_access|vpn_access|vpn_access|vpn_access|vpn_access
R-663,I need administrator rights to change Node JS version,(GI-CF) Robot Process Automation,admin_rights,Service request,1,4581,167,1.0000001192092896,0.9984381198883057,0.885838508605957,0.7880322933197021,1.0000001192092896,0.0015619993209838867,0.2119678258895874,(GI-CF) Robot Process Automation,admin_rights,(GI-CF) Robot Process Automation|(GI-CF) Robot Process Automation|(GI-CF) Robot Process Automation|(GI-CF) Robot Process Automation|(GI-CF) Robot Process Automation,admin_rights|admin_rights|admin_rights|admin_rights|admin_rights
R-664,Update the members of mailing list,(GI-UX) Unified Communication,other,Service request,0,82,260,0.5758739709854126,0.5278310775756836,0.49031972885131836,0.4422772228717804,0.5758739709854126,0.048042893409729004,0.1335967481136322,(GI-UX) Unified Communication,email_support,(GI-UX) Unified Communication|(GI-UX) Account Management|(GI-IaaS) Backend M365 (2nd level)|(GI-UX) Group|(GI-IaaS) Cloud Services,email_support|email_support|email_support|email_support|other
R-665,Gft Italia_new_entry_20240701_735190_Pizzano Marco [Ticket to manage device assi,(GI-UX) File & Print,onboarding,Service request,0,127,691,0.9754302501678467,0.9752553701400757,0.9745537042617798,0.9734423160552979,0.9754302501678467,0.0001748800277709961,0.001987934112548828,(GI-UX) File & Print,onboarding,(GI-UX) File & Print|(GI-UX) File & Print|(GI-UX) File & Print|(GI-UX) File & Print|(GI-UX) File & Print,onboarding|onboarding|onboarding|onboarding|onboarding
R-667,Customer sharing HTML reports document,(GI-CyberSec) Security Operation Center,email_support,Service request,1,330,189,0.5640560388565063,0.4659866690635681,0.46688398718833923,0.4254632592201233,0.5640560388565063,0.09806936979293823,0.13859277963638306,(GI-CyberSec) Security Operation Center,email_support,(GI-CyberSec) Security Operation Center|(BF) Information Security Office|(GI-UX) Account Management|(GI-UX) Account Management|(GI-CyberSec) Security Operation Center,email_support|other|collaboration|collaboration|email_support
R-67,I need a license to access Jira,(GI-IaaS) Development Platform,software_license,Service request,1,1296,116,1.0000001192092896,0.9957648515701294,0.9774271249771118,0.9303018450737,1.0000001192092896,0.004235267639160156,0.0696982741355896,(GI-IaaS) Development Platform,software_license,(GI-IaaS) Development Platform|(GI-IaaS) Development Platform|(GI-IaaS) Development Platform|(GI-IaaS) Development Platform|(GI-IaaS) Development Platform,software_license|software_license|software_license|software_license|software_license
R-672,AAccess to Conflusnce,(GI-SM) Service Desk,other,Service request,0,1126,113,0.6239542961120605,0.6130973100662231,0.6002604365348816,0.5815306901931763,0.6239542961120605,0.010856986045837402,0.04242360591888428,(GI-IaaS) Development Platform,software_license,(GI-IaaS) Development Platform|(GI-IaaS) Development Platform|(GI-IaaS) Development Platform|(GI-IaaS) Development Platform|(GI-IaaS) Development Platform,software_license|software_license|software_license|software_license|software_license
R-674,Administrator credentials,(BF) Information Security Office,admin_rights,Service request,1,4600,244,0.6880143880844116,0.6825937032699585,0.6717976927757263,0.6513116955757141,0.6880143880844116,0.005420684814453125,0.03670269250869751,(BF) Information Security Office,admin_rights,(BF) Information Security Office|(BF) Information Security Office|(BF) Information Security Office|(GI-CF) Robot Process Automation|(BF) Information Security Office,admin_rights|admin_rights|admin_rights|admin_rights|admin_rights
R-675,I need admin right for a year,(GI-CF) Robot Process Automation,admin_rights,Service request,1,4798,116,0.6846917867660522,0.6720723509788513,0.6668710708618164,0.6538164615631104,0.6846917867660522,0.012619435787200928,0.030875325202941895,(BF) Information Security Office,admin_rights,(BF) Information Security Office|(GI-CF) Robot Process Automation|(BF) Information Security Office|(GI-CF) Robot Process Automation|(GI-CF) Robot Process Automation,admin_rights|admin_rights|admin_rights|admin_rights|admin_rights
R-677,GFT Italy: Employees need PH permissions,(GI-SaaS) Salesforce,admin_rights,Service request,1,3401,230,0.9657880067825317,0.9203526377677917,0.7976112961769104,0.6258392333984375,0.9657880067825317,0.04543536901473999,0.33994877338409424,(GI-SaaS) Salesforce,admin_rights,(GI-SaaS) Salesforce|(GI-SaaS) Salesforce|(GI-SaaS) Salesforce|(GI-SaaS) Salesforce|(GI-UX) File & Print,admin_rights|admin_rights|admin_rights|admin_rights|onboarding
R-678,"I need administrator permissions for project needs, to download various software",(GI-CF) Robot Process Automation,admin_rights,Service request,1,4778,80,0.8843464255332947,0.8472843766212463,0.8191461563110352,0.7745447158813477,0.8843464255332947,0.03706204891204834,0.10980170965194702,(GI-CF) Robot Process Automation,admin_rights,(GI-CF) Robot Process Automation|(GI-UX) File & Print|(GI-UX) Group|(GI-CF) Robot Process Automation|(GI-CF) Robot Process Automation,admin_rights|admin_rights|admin_rights|admin_rights|admin_rights
R-679,Enable user to access client network (Albaleasing),(GI-UX) Network Access,vpn_access,Service request,1,1180,149,0.9767592549324036,0.6276940107345581,0.691200852394104,0.6133869886398315,0.9767592549324036,0.34906524419784546,0.363372266292572,(GI-UX) Network Access,vpn_access,(GI-UX) Network Access|(GI-UX) Network Access|(GI-UX) Group|(GI-UX) Network Access|(GI-UX) Network Access,vpn_access|vpn_access|vpn_access|vpn_access|vpn_access
R-68,I need a license to access Jira,(GI-IaaS) Development Platform,software_license,Service request,1,1252,116,1.0000001192092896,0.9957648515701294,0.9774271249771118,0.9303018450737,1.0000001192092896,0.004235267639160156,0.0696982741355896,(GI-IaaS) Development Platform,software_license,(GI-IaaS) Development Platform|(GI-IaaS) Development Platform|(GI-IaaS) Development Platform|(GI-IaaS) Development Platform|(GI-IaaS) Development Platform,software_license|software_license|software_license|software_license|software_license
R-681,Problem with local disk memory C: on my PC,(GI-UX) File & Print,hardware_support,Incident,1,233,352,0.512111485004425,0.4016086459159851,0.3822329044342041,0.32590538263320923,0.512111485004425,0.11050283908843994,0.18620610237121582,(GI-UX) File & Print,hardware_support,(GI-UX) File & Print|(GI-UX) File & Print|(GI-UX) File & Print|(GI-UX) File & Print|(GI-UX) File & Print,hardware_support|software_support|software_support|hardware_support|hardware_support
R-682,Jira license,(GI-IaaS) Development Platform,software_license,Service request,1,1238,21,0.9848393201828003,0.9848393201828003,0.9651708602905273,0.9263002872467041,0.9848393201828003,0.0,0.05853903293609619,(GI-IaaS) Development Platform,software_license,(GI-IaaS) Development Platform|(GI-IaaS) Development Platform|(GI-IaaS) Development Platform|(GI-IaaS) Development Platform|(GI-IaaS) Development Platform,software_license|software_license|software_license|software_license|software_license
R-683,in order to obtain jira license,(GI-IaaS) Development Platform,software_license,Service request,1,1171,31,0.973840594291687,0.973840594291687,0.9529370069503784,0.898127019405365,0.973840594291687,0.0,0.07571357488632202,(GI-IaaS) Development Platform,software_license,(GI-IaaS) Development Platform|(GI-IaaS) Development Platform|(GI-IaaS) Development Platform|(GI-IaaS) Development Platform|(GI-IaaS) Development Platform,software_license|software_license|software_license|software_license|software_license
R-684,Jira license,(GI-IaaS) Development Platform,software_license,Service request,1,1175,33,1.0000001192092896,1.0000001192092896,0.9760322570800781,0.9214808940887451,1.0000001192092896,0.0,0.07851922512054443,(GI-IaaS) Development Platform,software_license,(GI-IaaS) Development Platform|(GI-IaaS) Development Platform|(GI-IaaS) Development Platform|(GI-IaaS) Development Platform|(GI-IaaS) Development Platform,software_license|software_license|software_license|software_license|software_license
R-685,GFT Italy: element activation problem,(GI-SaaS) Salesforce,enterprise_systems,Incident,1,897,161,0.7637845277786255,0.6803023219108582,0.688994288444519,0.6638314127922058,0.7637845277786255,0.08348220586776733,0.09995311498641968,(GI-SaaS) Salesforce,enterprise_systems,(GI-SaaS) Salesforce|(GI-SaaS) Salesforce|(GI-SaaS) Salesforce|(GI-SaaS) Salesforce|(GI-SaaS) Salesforce,enterprise_systems|enterprise_systems|enterprise_systems|enterprise_systems|enterprise_systems
R-687,Printer driver installation,(GI-UX) Group,software_license,Service request,1,2131,105,1.0000001192092896,0.7113162875175476,0.7110392451286316,0.6038143634796143,1.0000001192092896,0.28868383169174194,0.3961857557296753,(GI-UX) Group,other,(GI-UX) Group|(GI-UX) Group|(GI-UX) Windows|(GI-IaaS) Admin - License & Asset Management|(GI-UX) Group,other|hardware_support|other|software_license|software_license
R-689,I need confluence licences for new colleagues joining our team,(GI-IaaS) Development Platform,software_license,Service request,1,1206,159,0.8062680959701538,0.8062680959701538,0.7979114651679993,0.7762728929519653,0.8062680959701538,0.0,0.029995203018188477,(GI-IaaS) Development Platform,software_license,(GI-IaaS) Development Platform|(GI-IaaS) Development Platform|(GI-IaaS) Development Platform|(GI-IaaS) Development Platform|(GI-IaaS) Development Platform,software_license|software_license|software_license|software_license|software_license
R-69,I need access to ci4bank,(GI-UX) Group,vpn_access,Service request,1,1151,100,0.7054527997970581,0.6538366079330444,0.6522612571716309,0.6151123046875,0.7054527997970581,0.05161619186401367,0.0903404951095581,(GI-UX) Group,vpn_access,(GI-UX) Group|(GI-UX) Network Access|(GI-UX) Network Access|(GI-UX) Network Access|(GI-UX) Group,vpn_access|vpn_access|vpn_access|vpn_access|other
R-692,wi-fi disconnecting when the vpn is on,(GI-UX) File & Print,hardware_support,Incident,1,233,252,0.6257805824279785,0.5254744291305542,0.4944903254508972,0.4325113296508789,0.6257805824279785,0.10030615329742432,0.1932692527770996,(GI-UX) Network Access,other,(GI-UX) Network Access|(GI-UX) Network Access|(GI-UX) Group|(GI-UX) Network Access|(GI-UX) Network Access,other|other|hardware_support|vpn_access|vpn_access
R-693,administrator rights for backend programs,(GI-CF) Robot Process Automation,other,Service request,1,4767,62,0.8110624551773071,0.8108853101730347,0.7924283146858215,0.7721878290176392,0.8110624551773071,0.00017714500427246094,0.03887462615966797,(GI-CF) Robot Process Automation,admin_rights,(GI-CF) Robot Process Automation|(BF) Information Security Office|(GI-CF) Robot Process Automation|(GI-CF) Robot Process Automation|(GI-CF) Robot Process Automation,admin_rights|admin_rights|admin_rights|admin_rights|admin_rights
R-694,Upgrade client vpn Ivanti to 22.7.1 version,(GI-UX) Group,other,Service request,1,275,39,0.9344746470451355,0.9317806959152222,0.8702646493911743,0.763744592666626,0.9344746470451355,0.00269395112991333,0.17073005437850952,(GI-UX) Group,software_license,(GI-UX) Group|(GI-UX) File & Print|(GI-UX) Group|(GI-UX) Group|(GI-UX) File & Print,software_license|other|software_license|software_license|software_support
R-695,I can't reach the Eployee Portal service,"(GI-SaaS) Marketing, Communications & Web",other,Incident,1,588,41,0.5878894329071045,0.5250835418701172,0.5226999521255493,0.49431276321411133,0.5878894329071045,0.0628058910369873,0.09357666969299316,(GI-UX) Network Access,other,"(GI-UX) Network Access|(GI-IaaS) Development Platform|(GI-IaaS) Development Platform|(GI-IaaS) Network On-Prem (LAN,WLAN,WAN 2nd level)|(GI-IaaS) Network Cloud (Azure, Remote Access)",other|other|other|vpn_access|vpn_access
R-697,gft_italia_new_entry_20240620_815932_DILIERS [Ticket to manage device assignment,(GI-UX) File & Print,onboarding,Service request,0,123,511,0.9747978448867798,0.971548318862915,0.9714065790176392,0.9692084789276123,0.9747978448867798,0.003249526023864746,0.0055893659591674805,(GI-UX) File & Print,onboarding,(GI-UX) File & Print|(GI-UX) Group|(GI-UX) File & Print|(GI-UX) File & Print|(GI-UX) Group,onboarding|onboarding|onboarding|onboarding|onboarding
R-698,gft_italia_new_entry_20240620_815932_PEREZ,(GI-UX) Account Management,onboarding,Service request,1,1158,523,0.9579221606254578,0.9388725757598877,0.9385749101638794,0.9275388717651367,0.9579221606254578,0.01904958486557007,0.030383288860321045,(GI-UX) Account Management,onboarding,(GI-UX) Account Management|(GI-UX) Account Management|(GI-UX) Account Management|(GI-UX) Account Management|(GI-UX) Account Management,onboarding|onboarding|onboarding|onboarding|onboarding
R-699,Need support to remove end date,(GI-UX) Application,other,Incident,1,703,626,0.8358175754547119,0.8172439932823181,0.7842569351196289,0.7154784798622131,0.8358175754547119,0.0185735821723938,0.12033909559249878,(GI-SaaS) Salesforce,other,(GI-SaaS) Salesforce|(GI-SaaS) Salesforce|(GI-UX) Application|(GI-UX) Application|(GI-UX) Application,other|hr_tools|other|other|hr_tools
R-7,Error while accessing to jira.kpw.com,(GI-IaaS) Development Platform,other,Service request,0,72,166,0.7664436101913452,0.753825306892395,0.6964907646179199,0.6224678158760071,0.7664436101913452,0.012618303298950195,0.14397579431533813,(GI-UX) File & Print,access_problem,(GI-UX) File & Print|(GI-UX) Network Access|(GI-IaaS) Development Platform|(GI-IaaS) Development Platform|(GI-UX) File & Print,access_problem|other|access_problem|other|access_problem
R-70,unipolsai.crm.support@dummy.com seems not receive mail,(GI-IaaS) Backend M365 (2nd level),other,Service request,0,70,228,0.5221194624900818,0.5135038495063782,0.49201375246047974,0.4513527750968933,0.5221194624900818,0.008615612983703613,0.07076668739318848,(GI-CyberSec) Security Operation Center,email_support,(GI-CyberSec) Security Operation Center|(GI-UX) Network Access|(GI-IaaS) Backend M365 (2nd level)|(GI-UX) Account Management|(GI-IaaS) Backend M365 (2nd level),email_support|vpn_access|other|email_support|email_support
R-700,I can't edit or create new boards,(GI-IaaS) Development Platform,other,Service request,1,1263,65,0.3866645097732544,0.3580473065376282,0.3562825620174408,0.33570539951324463,0.3866645097732544,0.02861720323562622,0.050959110260009766,(GI-CF) Robot Process Automation,admin_rights,(GI-CF) Robot Process Automation|(GI-CF) Robot Process Automation|(GI-CF) Robot Process Automation|(GI-UX) Windows|(GI-CF) Robot Process Automation,admin_rights|admin_rights|admin_rights|admin_rights|admin_rights
R-701,Add CNAME rows in the public dns,"(GI-IaaS) Network Cloud (Azure, Remote Access)",other,Service request,1,863,432,0.40135422348976135,0.3885267972946167,0.3639642596244812,0.32799071073532104,0.40135422348976135,0.012827426195144653,0.07336351275444031,"(GI-IaaS) Network On-Prem (LAN,WLAN,WAN 2nd level)",vpn_access,"(GI-IaaS) Network On-Prem (LAN,WLAN,WAN 2nd level)|(GI-UX) Account Management|(GI-UX) Group|(GI-IaaS) Backend M365 (2nd level)|(GI-UX) Network Access",vpn_access|email_support|vpn_access|other|vpn_access
R-702,I need to install the latest version of Ivanti Secure Access,(GI-UX) Group,software_license,Service request,1,2166,166,0.9280343055725098,0.844941258430481,0.8582504391670227,0.8307472467422485,0.9280343055725098,0.08309304714202881,0.09728705883026123,(GI-UX) Group,software_license,(GI-UX) Group|(GI-UX) File & Print|(GI-UX) File & Print|(GI-UX) File & Print|(GI-UX) File & Print,software_license|admin_rights|admin_rights|admin_rights|admin_rights
R-703,gft_italia_new_dismiss_20240614_HFY738_E-EAAS [Ticket to manage virtual devices ,(GI-IaaS) Backend Application Srv. & Project Support,offboarding,Service request,0,128,470,0.9803544282913208,0.9780150651931763,0.9777383804321289,0.9748544692993164,0.9803544282913208,0.0023393630981445312,0.0054999589920043945,(GI-IaaS) Backend Application Srv. & Project Support,offboarding,(GI-IaaS) Backend Application Srv. & Project Support|(GI-UX) Group|(GI-IaaS) Backend Application Srv. & Project Support|(GI-IaaS) Backend Application Srv. & Project Support|(GI-IaaS) Backend Application Srv. & Project Support,offboarding|offboarding|offboarding|offboarding|offboarding
R-704,gft_italia_new_dismiss_20240614_812204_Q-QZZQ [Ticket to manage Admin Location I,(LF) IT Office Access Italy,offboarding,Service request,0,128,473,0.9832891225814819,0.9754409193992615,0.9760335683822632,0.9729503989219666,0.9832891225814819,0.007848203182220459,0.01033872365951538,(LF) IT Office Access Italy,offboarding,(LF) IT Office Access Italy|(LF) IT Office Access Italy|(LF) IT Office Access Italy|(LF) IT Office Access Italy|(LF) IT Office Access Italy,offboarding|offboarding|offboarding|offboarding|offboarding
R-705,gft_italia_new_dismiss_20240614_812204_E-EAAS [Ticket to manage device retiremen,(GI-UX) Group,offboarding,Service request,0,137,469,0.9780150055885315,0.9730868339538574,0.9734135866165161,0.9717001914978027,0.9780150055885315,0.004928171634674072,0.00631481409072876,(GI-IaaS) Backend Application Srv. & Project Support,offboarding,(GI-IaaS) Backend Application Srv. & Project Support|(GI-UX) Group|(GI-UX) Group|(GI-UX) File & Print|(GI-UX) Group,offboarding|offboarding|offboarding|offboarding|offboarding
R-706,gft_italia_new_dismiss_20240614_842917_F-PAAR,(GI-UX) Account Management,offboarding,Service request,1,329,476,0.9517703056335449,0.9507728219032288,0.9500595331192017,0.9482202529907227,0.9517703056335449,0.0009974837303161621,0.0035500526428222656,(GI-UX) Account Management,offboarding,(GI-UX) Account Management|(GI-UX) Account Management|(GI-UX) Account Management|(GI-UX) Account Management|(GI-UX) Account Management,offboarding|offboarding|offboarding|offboarding|offboarding
R-71,gft_italia_new_dismiss_20240806_901500_M-HBNC [Ticket to manage virtual devices ,(GI-IaaS) Backend Application Srv. & Project Support,offboarding,Service request,0,136,480,0.9499808549880981,0.9495282173156738,0.9487136602401733,0.9473724365234375,0.9499808549880981,0.0004526376724243164,0.0026084184646606445,(GI-IaaS) Backend Application Srv. & Project Support,offboarding,(GI-IaaS) Backend Application Srv. & Project Support|(GI-IaaS) Backend Application Srv. & Project Support|(GI-UX) Group|(GI-IaaS) Backend Application Srv. & Project Support|(GI-IaaS) Backend Application Srv. & Project Support,offboarding|offboarding|offboarding|offboarding|offboarding
R-711,New shared mailbox for Q9T documentum application maintenance service,(GI-UX) Account Management,email_support,Service request,1,1023,329,0.615644097328186,0.6049399375915527,0.5644572973251343,0.514026939868927,0.615644097328186,0.0107041597366333,0.10161715745925903,(GI-IaaS) Backend M365 (2nd level),email_support,(GI-IaaS) Backend M365 (2nd level)|(GI-UX) Account Management|(GI-UX) Account Management|(GI-IaaS) Backend M365 (2nd level)|(GI-UX) Account Management,email_support|email_support|email_support|other|email_support
R-712,Administrator rights for installing Python and Python IDE,(GI-CF) Robot Process Automation,admin_rights,Service request,1,4668,105,0.9040098190307617,0.6735309362411499,0.7086929082870483,0.6513310074806213,0.9040098190307617,0.23047888278961182,0.2526788115501404,(GI-CF) Robot Process Automation,admin_rights,(GI-CF) Robot Process Automation|(GI-CF) Robot Process Automation|(GI-CF) Robot Process Automation|(GI-CF) Robot Process Automation|(BF) Information Security Office,admin_rights|admin_rights|admin_rights|admin_rights|admin_rights
R-714,New Jira Licence,(GI-IaaS) Development Platform,software_license,Service request,1,1184,113,0.7623661160469055,0.7137018442153931,0.7164191007614136,0.7020091414451599,0.7623661160469055,0.04866427183151245,0.060356974601745605,(GI-IaaS) Development Platform,software_license,(GI-IaaS) Development Platform|(GI-IaaS) Development Platform|(GI-IaaS) Development Platform|(GI-IaaS) Development Platform|(GI-IaaS) Development Platform,software_license|software_license|software_license|software_license|software_license
R-716,Administrator permissions to install software,(GI-CF) Robot Process Automation,admin_rights,Service request,1,4892,45,0.9205842018127441,0.8331466913223267,0.8279979825019836,0.7838628888130188,0.9205842018127441,0.08743751049041748,0.13672131299972534,(GI-CF) Robot Process Automation,admin_rights,(GI-CF) Robot Process Automation|(GI-UX) Group|(GI-UX) Group|(GI-CF) Robot Process Automation|(GI-UX) Group,admin_rights|admin_rights|admin_rights|admin_rights|software_license
R-717,Need to change members,(GI-UX) Unified Communication,email_support,Service request,1,583,188,0.7090746760368347,0.6402612924575806,0.6018558740615845,0.5369437336921692,0.7090746760368347,0.06881338357925415,0.17213094234466553,(GI-UX) Group,email_support,(GI-UX) Group|(GI-UX) Unified Communication|(GI-UX) Unified Communication|(GI-UX) Account Management|(GI-UX) Account Management,email_support|other|other|collaboration|email_support
R-718,Allow VPN Client to add route configuration,(GI-UX) Network Access,software_support,Incident,1,422,180,0.530968427658081,0.5202677845954895,0.507644772529602,0.49123138189315796,0.530968427658081,0.010700643062591553,0.039737045764923096,"(GI-IaaS) Network On-Prem (LAN,WLAN,WAN 2nd level)",vpn_access,"(GI-IaaS) Network On-Prem (LAN,WLAN,WAN 2nd level)|(GI-IaaS) Network On-Prem (LAN,WLAN,WAN 2nd level)|(GI-UX) Group|(GI-IaaS) Network On-Prem (LAN,WLAN,WAN 2nd level)|(GI-UX) Network Access",vpn_access|vpn_access|software_license|vpn_access|vpn_access
R-720,Upgrade client IVanti 22.7.1,(GI-UX) Group,software_license,Service request,1,2131,102,0.9503796696662903,0.934474766254425,0.8925922513008118,0.8009181022644043,0.9503796696662903,0.015904903411865234,0.149461567401886,(GI-UX) File & Print,other,(GI-UX) File & Print|(GI-UX) Group|(GI-UX) Group|(GI-UX) Group|(GI-UX) Group,other|other|software_license|software_license|software_license
R-721,Gft Italia_new_entry_20240701_358174_ABDUL KHALEF ALI Ameer [Ticket to manage de,(GI-UX) Group,onboarding,Service request,0,136,698,0.9826599359512329,0.9801568984985352,0.9798159599304199,0.9781519770622253,0.9826599359512329,0.002503037452697754,0.004507958889007568,(GI-UX) File & Print,onboarding,(GI-UX) File & Print|(GI-UX) File & Print|(GI-UX) File & Print|(GI-UX) File & Print|(GI-UX) File & Print,onboarding|onboarding|onboarding|onboarding|onboarding
R-723,Gft Italia_new_entry_20240715_239874_Rojas Morales [Ticket to manage device assi,(GI-UX) File & Print,onboarding,Service request,0,135,702,0.9855654835700989,0.9839003086090088,0.9836363792419434,0.9822618365287781,0.9855654835700989,0.0016651749610900879,0.0033036470413208008,(GI-UX) File & Print,onboarding,(GI-UX) File & Print|(GI-UX) File & Print|(GI-UX) File & Print|(GI-UX) File & Print|(GI-UX) File & Print,onboarding|onboarding|onboarding|onboarding|onboarding
R-724,Gft Italia_new_entry_20240715_815707_Rossi Colombo,(GI-UX) Account Management,onboarding,Service request,1,1180,693,0.9713954925537109,0.9701221585273743,0.9693006277084351,0.9672518968582153,0.9713954925537109,0.00127333402633667,0.0041435956954956055,(GI-UX) Account Management,onboarding,(GI-UX) Account Management|(GI-UX) Account Management|(GI-UX) Account Management|(GI-UX) Account Management|(GI-UX) Account Management,onboarding|onboarding|onboarding|onboarding|onboarding
R-725,Offboard employee Antonio Ricci on 2024-07-06 [Ticket to manage virtual devices ,(GI-IaaS) Backend Application Srv. & Project Support,offboarding,Service request,0,128,218,0.847148060798645,0.7896302938461304,0.7913767099380493,0.7618910074234009,0.847148060798645,0.05751776695251465,0.08525705337524414,(GI-IaaS) Backend Application Srv. & Project Support,offboarding,(GI-IaaS) Backend Application Srv. & Project Support|(GI-IaaS) Backend Application Srv. & Project Support|(GI-IaaS) Backend Application Srv. & Project Support|(GI-UX) File & Print|(LF) IT Office Access Italy,offboarding|offboarding|offboarding|offboarding|offboarding
R-727,Offboard employee John Smith on 2024-07-06 [Ticket to manage device retirements],(GI-UX) Group,offboarding,Service request,0,137,210,0.8580430746078491,0.8177716135978699,0.7988026142120361,0.7678141593933105,0.8580430746078491,0.04027146100997925,0.09022891521453857,(GI-IaaS) Backend Application Srv. & Project Support,offboarding,(GI-IaaS) Backend Application Srv. & Project Support|(LF) IT Office Access Italy|(GI-IaaS) Backend Application Srv. & Project Support|(GI-IaaS) Backend Application Srv. & Project Support|(GI-IaaS) Backend Application Srv. & Project Support,offboarding|offboarding|offboarding|offboarding|offboarding
R-729,Offboard employee Henrietta Durham on 2024-07-06 [Ticket to manage Admin Locatio,(LF) IT Office Access Italy,offboarding,Service request,0,129,218,0.8110772371292114,0.8074253797531128,0.7971903681755066,0.7841221690177917,0.8110772371292114,0.003651857376098633,0.026955068111419678,(LF) IT Office Access Italy,offboarding,(LF) IT Office Access Italy|(LF) IT Office Access Italy|(LF) IT Office Access Italy|(LF) IT Office Access Italy|(LF) IT Office Access Italy,offboarding|offboarding|offboarding|offboarding|offboarding
R-730,Offboard employee Laura Benedetto on 2024-07-06 [Ticket to manage device retirem,(GI-UX) File & Print,offboarding,Service request,0,128,218,0.7497165203094482,0.7475848197937012,0.7381880879402161,0.7302057147026062,0.7497165203094482,0.0021317005157470703,0.01951080560684204,(GI-IaaS) Backend Application Srv. & Project Support,offboarding,(GI-IaaS) Backend Application Srv. & Project Support|(GI-IaaS) Backend Application Srv. & Project Support|(LF) IT Office Access Italy|(GI-IaaS) Backend Application Srv. & Project Support|(GI-UX) File & Print,offboarding|offboarding|offboarding|offboarding|offboarding
R-735,Renew Request for ChatGPT license,(GI-IaaS) Admin - License & Asset Management,software_license,Service request,1,2184,96,0.5885368585586548,0.5824146866798401,0.557594895362854,0.5369214415550232,0.5885368585586548,0.006122171878814697,0.05161541700363159,(GI-IaaS) Admin - License & Asset Management,software_license,(GI-IaaS) Admin - License & Asset Management|(GI-IaaS) Admin - License & Asset Management|(GI-IaaS) Admin - License & Asset Management|(GI-IaaS) Admin - Local IT purchase|(GI-IaaS) Admin - Local IT purchase,software_license|software_license|software_license|enterprise_systems|enterprise_systems
R-737,I need admin rights to install Microsoft SQL server,(GI-UX) Group,software_license,Service request,1,2230,285,0.9062099456787109,0.7532729506492615,0.7561611533164978,0.6645853519439697,0.9062099456787109,0.15293699502944946,0.2416245937347412,(GI-SM) Service Desk,software_support,(GI-SM) Service Desk|(GI-CF) Robot Process Automation|(GI-CF) Robot Process Automation|(GI-UX) File & Print|(GI-CF) Robot Process Automation,software_support|admin_rights|admin_rights|other|admin_rights
R-738,I need to run older versions of node.js,(GI-UX) Group,software_support,Service request,1,774,158,0.907469630241394,0.752344012260437,0.7390003204345703,0.6467819809913635,0.907469630241394,0.15512561798095703,0.2606876492500305,(GI-SM) Service Desk,software_support,(GI-SM) Service Desk|(GI-UX) Network Access|(GI-UX) Group|(GI-UX) Group|(GI-CF) Robot Process Automation,software_support|software_support|software_support|software_support|admin_rights
R-739,PCs devices with contact different from intune primary contact (PAW),(GI-UX) Group,other,Service request,0,88,264,0.4009981155395508,0.4004925489425659,0.3887057304382324,0.3636292815208435,0.4009981155395508,0.0005055665969848633,0.037368834018707275,"(GI-SaaS) Marketing, Communications & Web",other,"(GI-SaaS) Marketing, Communications & Web|(GI-IaaS) Backend M365 (2nd level)|(GI-UX) Network Access|(GI-UX) Account Management|(GI-UX) Mobile Device Management",other|other|other|collaboration|other
R-742,I need admin rights to install Microsoft SQL server,(GI-SM) Service Desk,software_support,Service request,1,420,145,0.9062098860740662,0.8427087068557739,0.8079196214675903,0.6965004205703735,0.9062098860740662,0.06350117921829224,0.20970946550369263,(GI-UX) Group,software_license,(GI-UX) Group|(GI-CF) Robot Process Automation|(GI-CF) Robot Process Automation|(GI-UX) File & Print|(BF) Information Security Office,software_license|admin_rights|admin_rights|other|admin_rights
R-743,Request for installation and licensing of IntelliJ Ultimate and DataGrip,(GI-IaaS) Admin - License & Asset Management,software_license,Service request,1,2244,385,0.6668251752853394,0.543195366859436,0.5580035448074341,0.5236866474151611,0.6668251752853394,0.12362980842590332,0.14313852787017822,(GI-CF) Robot Process Automation,admin_rights,(GI-CF) Robot Process Automation|(GI-CF) Robot Process Automation|(GI-IaaS) Development Platform|(GI-UX) File & Print|(GI-IaaS) Development Platform,admin_rights|admin_rights|software_license|software_support|software_license
R-744,I need administrator rights on my computer,(GI-CF) Robot Process Automation,admin_rights,Service request,1,4763,77,0.881744384765625,0.8648717999458313,0.8540420532226562,0.8388540148735046,0.881744384765625,0.0168725848197937,0.04289036989212036,(BF) Information Security Office,admin_rights,(BF) Information Security Office|(GI-CF) Robot Process Automation|(BF) Information Security Office|(BF) Information Security Office|(BF) Information Security Office,admin_rights|admin_rights|admin_rights|admin_rights|admin_rights
R-745,I need to have informatin about VDI request,(GI-UX) Group,other,Service request,1,1158,158,0.47159871459007263,0.47159871459007263,0.4484594762325287,0.41504859924316406,0.47159871459007263,0.0,0.05655011534690857,(GI-UX) File & Print,other,(GI-UX) File & Print|(GI-UX) File & Print|(GI-UX) Group|(GI-UX) Group|(GI-UX) Group,other|other|software_license|software_license|other
R-746,Access Denied,(GI-IaaS) Development Platform,other,Incident,1,214,70,0.6366384029388428,0.5765492916107178,0.5584849119186401,0.5036383867263794,0.6366384029388428,0.060089111328125,0.13300001621246338,(GI-SaaS) Salesforce,hr_tools,(GI-SaaS) Salesforce|(GI-SaaS) Salesforce|(GI-UX) File & Print|(GI-UX) Network Access|(GI-CF) Robot Process Automation,hr_tools|hr_tools|other|vpn_access|admin_rights
R-748,There is a problem with the user Benjamin Cody about the completion of GFT Busin,(BF) Employee Platform (SAP SF),other,Service request,0,217,311,0.5056100487709045,0.45533525943756104,0.44265517592430115,0.41256627440452576,0.5056100487709045,0.050274789333343506,0.09304377436637878,"(GI-SaaS) Marketing, Communications & Web",other,"(GI-SaaS) Marketing, Communications & Web|(GI-IaaS) Cloud Services|(GI-IaaS) Network On-Prem (LAN,WLAN,WAN 2nd level)|(GI-UX) Group|(GI-UX) Account Management",other|other|vpn_access|offboarding|offboarding
R-749,VPN Client (IVanti 22.7.1)_Upgrade,(GI-UX) File & Print,other,Service request,0,261,114,0.950379490852356,0.9317806959152222,0.8884978294372559,0.8017290234565735,0.950379490852356,0.01859879493713379,0.14865046739578247,(GI-UX) Group,software_license,(GI-UX) Group|(GI-UX) Group|(GI-UX) Group|(GI-UX) Group|(GI-UX) Group,software_license|other|software_license|software_license|software_license
R-752,GFT ITALY: Employees need PH permissions,(GI-SaaS) Salesforce,admin_rights,Service request,1,3447,251,0.9657880663871765,0.9020076990127563,0.7961589694023132,0.623308539390564,0.9657880663871765,0.06378036737442017,0.34247952699661255,(GI-SaaS) Salesforce,admin_rights,(GI-SaaS) Salesforce|(GI-SaaS) Salesforce|(GI-SaaS) Salesforce|(GI-SaaS) Salesforce|(GI-UX) File & Print,admin_rights|admin_rights|admin_rights|admin_rights|onboarding
R-756,Gft Italia_new_entry_20240701_167493_Smith [Ticket to manage device assignments],(GI-UX) File & Print,onboarding,Service request,0,127,683,0.9932555556297302,0.9930636286735535,0.9917267560958862,0.9884082674980164,0.9932555556297302,0.0001919269561767578,0.004847288131713867,(GI-UX) File & Print,onboarding,(GI-UX) File & Print|(GI-UX) File & Print|(GI-UX) File & Print|(GI-UX) File & Print|(GI-UX) File & Print,onboarding|onboarding|onboarding|onboarding|onboarding
R-758,Confluence access,(GI-IaaS) Development Platform,software_license,Service request,1,1201,140,0.8429126739501953,0.8315911293029785,0.824864387512207,0.8166061043739319,0.8429126739501953,0.011321544647216797,0.026306569576263428,(GI-IaaS) Development Platform,software_license,(GI-IaaS) Development Platform|(GI-IaaS) Development Platform|(GI-IaaS) Development Platform|(GI-IaaS) Development Platform|(GI-IaaS) Development Platform,software_license|software_license|software_license|software_license|software_license
R-76,gft_italia_new_dismiss_20240731_128394_X-GHTZ [Ticket to manage Admin Location I,(LF) IT Office Access Italy,offboarding,Service request,0,133,473,0.9762133359909058,0.9756497740745544,0.9750359654426575,0.9734025001525879,0.9762133359909058,0.0005635619163513184,0.002810835838317871,(LF) IT Office Access Italy,offboarding,(LF) IT Office Access Italy|(LF) IT Office Access Italy|(LF) IT Office Access Italy|(LF) IT Office Access Italy|(LF) IT Office Access Italy,offboarding|offboarding|offboarding|offboarding|offboarding
R-762,Renewal of HeyGen Business license,(GI-IaaS) Admin - License & Asset Management,other,Service request,0,222,242,0.5387510657310486,0.5303983688354492,0.5294269323348999,0.521302342414856,0.5387510657310486,0.008352696895599365,0.017448723316192627,(GI-IaaS) Admin - License & Asset Management,software_license,(GI-IaaS) Admin - License & Asset Management|(BF) Purchasing Poland|(GI-IaaS) Admin - License & Asset Management|(GI-IaaS) Admin - License & Asset Management|(GI-IaaS) Admin - License & Asset Management,software_license|other|software_license|software_license|software_license
R-763,I need an alias of jvc-licensing@hne.com,(GI-IaaS) Backend M365 (2nd level),other,Service request,0,181,112,0.594610869884491,0.5278615355491638,0.5273182988166809,0.4885846972465515,0.594610869884491,0.06674933433532715,0.10602617263793945,(GI-UX) Account Management,email_support,(GI-UX) Account Management|(GI-IaaS) Development Platform|(GI-IaaS) Development Platform|(GI-IaaS) Development Platform|(GI-UX) Account Management,email_support|software_license|software_license|software_license|other
R-766,Gft Italia_new_entry_20240701_814812_Jones,(GI-UX) Account Management,onboarding,Service request,1,1168,753,0.9723924398422241,0.9674507975578308,0.9658743143081665,0.9629897475242615,0.9723924398422241,0.0049416422843933105,0.009402692317962646,(GI-UX) Account Management,onboarding,(GI-UX) Account Management|(GI-UX) File & Print|(GI-UX) Account Management|(GI-UX) Account Management|(GI-UX) Account Management,onboarding|onboarding|onboarding|onboarding|onboarding
R-767,OBS Studio Software Installation,(GI-UX) Group,software_license,Service request,1,2126,144,0.989338219165802,0.7266865968704224,0.6544239521026611,0.45087695121765137,0.989338219165802,0.26265162229537964,0.5384612679481506,(GI-UX) Group,software_license,(GI-UX) Group|(GI-UX) Group|(GI-CF) Robot Process Automation|(GI-UX) Group|(GI-UX) Group,software_license|software_support|admin_rights|software_license|software_license
R-768,need activate windows,(GI-UX) Group,software_license,Service request,1,2058,115,0.4140298366546631,0.41171935200691223,0.40010327100753784,0.3805485665798187,0.4140298366546631,0.0023104846477508545,0.03348127007484436,(GI-UX) Group,hardware_support,(GI-UX) Group|(GI-CF) Robot Process Automation|(GI-UX) Network Access|(GI-UX) Group|(GI-UX) Network Access,hardware_support|admin_rights|vpn_access|hardware_support|vpn_access
R-769,My computer keyboard is broken,(GI-UX) File & Print,hardware_support,Incident,1,232,31,0.7272533178329468,0.5442925691604614,0.4965485632419586,0.39119410514831543,0.7272533178329468,0.18296074867248535,0.33605921268463135,(GI-UX) Group,hardware_support,(GI-UX) Group|(GI-UX) Group|(GI-UX) Group|(GI-UX) File & Print|(GI-UX) Group,hardware_support|hardware_support|hardware_support|other|hardware_support
R-773,Jira License,(GI-IaaS) Development Platform,software_license,Service request,1,1225,33,1.0000001192092896,1.0000001192092896,0.9760322570800781,0.9214808940887451,1.0000001192092896,0.0,0.07851922512054443,(GI-IaaS) Development Platform,software_license,(GI-IaaS) Development Platform|(GI-IaaS) Development Platform|(GI-IaaS) Development Platform|(GI-IaaS) Development Platform|(GI-IaaS) Development Platform,software_license|software_license|software_license|software_license|software_license
R-774,Citrix Secure Access error on connection,(GI-UX) Group,software_support,Service request,1,422,129,0.7734417915344238,0.7663913369178772,0.7369800806045532,0.7050034999847412,0.7734417915344238,0.007050454616546631,0.06843829154968262,(GI-UX) Windows,software_support,(GI-UX) Windows|(GI-UX) Windows|(GI-UX) Windows|(GI-UX) Windows|(GI-UX) Group,software_support|software_support|software_support|software_support|software_support
R-776,Licenses for user JQWE,(GI-IaaS) Development Platform,software_license,Service request,1,1196,62,0.7973631620407104,0.7762360572814941,0.778481662273407,0.7729363441467285,0.7973631620407104,0.02112710475921631,0.024426817893981934,(GI-IaaS) Development Platform,software_license,(GI-IaaS) Development Platform|(GI-IaaS) Development Platform|(GI-IaaS) Development Platform|(GI-IaaS) Development Platform|(GI-IaaS) Development Platform,software_license|software_license|software_license|software_license|software_license
R-777,Gft Italia_new_entry_20240701_BD4729_Smith [Ticket to manage device assignments],(GI-UX) File & Print,onboarding,Service request,0,130,697,0.996440052986145,0.9935434460639954,0.9918597936630249,0.9884678721427917,0.996440052986145,0.002896606922149658,0.007972180843353271,(GI-UX) File & Print,onboarding,(GI-UX) File & Print|(GI-UX) File & Print|(GI-UX) File & Print|(GI-UX) Group|(GI-UX) File & Print,onboarding|onboarding|onboarding|onboarding|onboarding
R-778,Gft Italia_new_entry_20240701_123456_Jones,(GI-UX) Account Management,onboarding,Service request,1,1177,689,0.9849680662155151,0.9849294424057007,0.9832040667533875,0.9817151427268982,0.9849680662155151,3.8623809814453125e-05,0.0032529234886169434,(GI-UX) Account Management,onboarding,(GI-UX) Account Management|(GI-UX) Account Management|(GI-UX) Account Management|(GI-UX) Account Management|(GI-UX) Account Management,onboarding|onboarding|onboarding|onboarding|onboarding
R-78,gft_italia_new_dismiss_20240726_814935_J-XYZT [Ticket to manage virtual devices ,(GI-IaaS) Backend Application Srv. & Project Support,offboarding,Service request,0,127,469,0.9791858196258545,0.9790300130844116,0.9782510995864868,0.9755771160125732,0.9791858196258545,0.0001558065414428711,0.00360870361328125,(GI-IaaS) Backend Application Srv. & Project Support,offboarding,(GI-IaaS) Backend Application Srv. & Project Support|(GI-IaaS) Backend Application Srv. & Project Support|(GI-IaaS) Backend Application Srv. & Project Support|(GI-IaaS) Backend Application Srv. & Project Support|(GI-IaaS) Backend Application Srv. & Project Support,offboarding|offboarding|offboarding|offboarding|offboarding
R-784,Gft Italia_new_entry_20240701_815762_Ferrara,(GI-UX) Account Management,onboarding,Service request,1,1164,697,0.9916118383407593,0.9901675581932068,0.9899280667304993,0.988524854183197,0.9916118383407593,0.0014442801475524902,0.003086984157562256,(GI-UX) Account Management,onboarding,(GI-UX) Account Management|(GI-UX) Account Management|(GI-UX) Account Management|(GI-UX) Account Management|(GI-UX) Account Management,onboarding|onboarding|onboarding|onboarding|onboarding
R-785,Gft Italia_new_entry_20240701_127394_Taylor [Ticket to manage device assignments,(GI-UX) File & Print,onboarding,Service request,0,134,706,0.9888542890548706,0.9879670739173889,0.9876693487167358,0.9869372844696045,0.9888542890548706,0.0008872151374816895,0.0019170045852661133,(GI-UX) File & Print,onboarding,(GI-UX) File & Print|(GI-UX) File & Print|(GI-UX) File & Print|(GI-UX) File & Print|(GI-UX) File & Print,onboarding|onboarding|onboarding|onboarding|onboarding
R-786,Gft Italia_new_entry_20240701_267432_Zlotnik,(GI-UX) Account Management,onboarding,Service request,1,1169,692,0.9841583371162415,0.9841390252113342,0.983982264995575,0.9836319088935852,0.9841583371162415,1.9311904907226562e-05,0.00052642822265625,(GI-UX) Account Management,onboarding,(GI-UX) Account Management|(GI-UX) Account Management|(GI-UX) Account Management|(GI-UX) Account Management|(GI-UX) Account Management,onboarding|onboarding|onboarding|onboarding|onboarding
R-787,Gft Italia_new_entry_20240701_654231_Smith [Ticket to manage device assignments],(GI-UX) File & Print,onboarding,Service request,0,265,697,0.996440052986145,0.9943201541900635,0.9932365417480469,0.990372896194458,0.996440052986145,0.002119898796081543,0.006067156791687012,(GI-UX) File & Print,onboarding,(GI-UX) File & Print|(GI-UX) File & Print|(GI-UX) File & Print|(GI-UX) File & Print|(GI-UX) Group,onboarding|onboarding|onboarding|onboarding|onboarding
R-79,gft_italia_new_dismiss_20240726_814935_X-FFFF [Ticket to manage Admin Location I,(LF) IT Office Access Italy,offboarding,Service request,0,128,471,0.9647319316864014,0.9624801278114319,0.9623435735702515,0.9609179496765137,0.9647319316864014,0.0022518038749694824,0.0038139820098876953,(LF) IT Office Access Italy,offboarding,(LF) IT Office Access Italy|(LF) IT Office Access Italy|(LF) IT Office Access Italy|(LF) IT Office Access Italy|(LF) IT Office Access Italy,offboarding|offboarding|offboarding|offboarding|offboarding
R-790,Gft Italia_new_entry_20240701_815845_MARCELLA,(GI-UX) Account Management,onboarding,Service request,1,1168,711,0.9808034896850586,0.9807859063148499,0.9799548983573914,0.9789057970046997,0.9808034896850586,1.7583370208740234e-05,0.0018976926803588867,(GI-UX) Account Management,onboarding,(GI-UX) Account Management|(GI-UX) Account Management|(GI-UX) Account Management|(GI-UX) Account Management|(GI-UX) Account Management,onboarding|onboarding|onboarding|onboarding|onboarding
R-791,Gft Italia_new_entry_20240701_987123_Bianchi [Ticket to manage device assignment,(GI-UX) File & Print,onboarding,Service request,0,136,698,0.9865173101425171,0.9865069389343262,0.986366868019104,0.9861892461776733,0.9865173101425171,1.0371208190917969e-05,0.00032806396484375,(GI-UX) File & Print,onboarding,(GI-UX) File & Print|(GI-UX) File & Print|(GI-UX) File & Print|(GI-UX) File & Print|(GI-UX) File & Print,onboarding|onboarding|onboarding|onboarding|onboarding
R-793,Access for users ALOE and GADU,(GI-UX) Network Access,vpn_access,Service request,1,1304,196,0.6221435070037842,0.5776392221450806,0.5483155250549316,0.4795888662338257,0.6221435070037842,0.04450428485870361,0.1425546407699585,(GI-UX) Network Access,vpn_access,(GI-UX) Network Access|(GI-UX) Group|(GI-UX) Group|(GI-UX) Network Access|(GI-UX) Network Access,vpn_access|vpn_access|vpn_access|vpn_access|vpn_access
R-794,GTP CORP - Rossi Giuseppe (JDPX),(GI-SaaS) Salesforce,absence,Service request,1,556,140,0.7796487212181091,0.7392757534980774,0.7222809791564941,0.6870260834693909,0.7796487212181091,0.04037296772003174,0.09262263774871826,(GI-SaaS) Salesforce,absence,(GI-SaaS) Salesforce|(GI-SaaS) Salesforce|(GI-SaaS) Salesforce|(GI-SaaS) Salesforce|(GI-SaaS) Salesforce,absence|absence|absence|absence|absence
R-796,gft_italia_new_entry_20240617_923491_BIANCHI,(GI-UX) Account Management,onboarding,Service request,1,1184,494,0.9879482984542847,0.9644156098365784,0.9664180874824524,0.9585076570510864,0.9879482984542847,0.0235326886177063,0.029440641403198242,(GI-UX) Account Management,onboarding,(GI-UX) Account Management|(GI-UX) Account Management|(GI-UX) Account Management|(GI-UX) Group|(GI-UX) Account Management,onboarding|onboarding|onboarding|onboarding|onboarding
R-797,I need to invite Hugo Rossi,(GI-UX) Account Management,collaboration,Service request,1,1977,120,0.7103006839752197,0.5049965381622314,0.5344513654708862,0.46977195143699646,0.7103006839752197,0.20530414581298828,0.24052873253822327,(GI-UX) Account Management,collaboration,(GI-UX) Account Management|(GI-SM) Service Desk|(GI-IaaS) Development Platform|(GI-UX) Unified Communication|(GI-UX) Account Management,collaboration|software_support|other|other|collaboration
R-798,Allow colleague to ns-vpn-sia,(GI-UX) Network Access,vpn_access,Service request,1,1175,171,0.963829755783081,0.6188085079193115,0.6714354157447815,0.562390148639679,0.963829755783081,0.34502124786376953,0.4014396071434021,(GI-UX) Network Access,vpn_access,(GI-UX) Network Access|(GI-UX) Network Access|(GI-UX) Network Access|(GI-UX) Network Access|(GI-UX) Group,vpn_access|vpn_access|vpn_access|vpn_access|vpn_access
R-8,OneDrive doesn't sync,(GI-UX) Office365 & MS-Teams,other,Service request,1,595,140,0.7108207941055298,0.6906082630157471,0.6810660362243652,0.6328182220458984,0.7108207941055298,0.020212531089782715,0.07800257205963135,(GI-UX) Group,other,(GI-UX) Group|(GI-UX) Unified Communication|(GI-UX) Office365 & MS-Teams|(GI-UX) Office365 & MS-Teams|(GI-UX) File & Print,other|other|other|other|software_support
R-80,gft_italia_new_dismiss_20240726_814935_A-BBCD [Ticket to manage device retiremen,(GI-UX) File & Print,offboarding,Service request,0,125,465,0.9610251188278198,0.9594295024871826,0.9556926488876343,0.9514272212982178,0.9610251188278198,0.001595616340637207,0.00959789752960205,(GI-UX) File & Print,offboarding,(GI-UX) File & Print|(GI-UX) Group|(GI-UX) Group|(GI-UX) Group|(GI-UX) Group,offboarding|offboarding|offboarding|offboarding|offboarding
R-803,Gft Italia_new_entry_20240701_437892_Bianchi,(GI-UX) Account Management,onboarding,Service request,1,1168,671,0.9912531971931458,0.9903424382209778,0.9899277687072754,0.9887242317199707,0.9912531971931458,0.0009107589721679688,0.002528965473175049,(GI-UX) Account Management,onboarding,(GI-UX) Account Management|(GI-UX) Account Management|(GI-UX) Account Management|(GI-UX) Account Management|(GI-UX) Account Management,onboarding|onboarding|onboarding|onboarding|onboarding
R-804,Jira License,(GI-IaaS) Development Platform,software_license,Service request,1,1166,43,0.8786642551422119,0.8578082919120789,0.8417722582817078,0.8186270594596863,0.8786642551422119,0.020855963230133057,0.060037195682525635,(GI-IaaS) Development Platform,software_license,(GI-IaaS) Development Platform|(GI-IaaS) Development Platform|(GI-IaaS) Development Platform|(GI-IaaS) Development Platform|(GI-IaaS) Development Platform,software_license|software_license|software_license|software_license|software_license
R-805,I need a confluence license,(GI-IaaS) Development Platform,software_license,Service request,1,1317,27,1.0,1.0,0.9612312316894531,0.918615460395813,1.0,0.0,0.08138453960418701,(GI-IaaS) Development Platform,software_license,(GI-IaaS) Development Platform|(GI-IaaS) Development Platform|(GI-IaaS) Development Platform|(GI-IaaS) Development Platform|(GI-IaaS) Development Platform,software_license|software_license|software_license|software_license|software_license
R-809,VPN application problem,(GI-UX) Group,software_license,Service request,1,2240,230,0.7914270162582397,0.74260413646698,0.7349564433097839,0.7017670273780823,0.7914270162582397,0.048822879791259766,0.08965998888015747,(GI-UX) File & Print,admin_rights,(GI-UX) File & Print|(GI-UX) Group|(GI-UX) Group|(GI-UX) Group|(GI-UX) Network Access,admin_rights|software_license|software_license|software_support|admin_rights
R-81,gft_italia_new_dismiss_20240726_834185_E-KLGF,(GI-UX) Account Management,offboarding,Service request,1,329,469,0.9640219211578369,0.953768253326416,0.9550302624702454,0.9521847367286682,0.9640219211578369,0.010253667831420898,0.011837184429168701,(GI-UX) Account Management,offboarding,(GI-UX) Account Management|(GI-UX) Account Management|(GI-UX) Account Management|(GI-UX) Account Management|(GI-UX) Account Management,offboarding|offboarding|offboarding|offboarding|offboarding
R-811,I need admin rights,(BF) Information Security Office,admin_rights,Service request,1,4806,28,0.9312136173248291,0.917656421661377,0.8891417384147644,0.8432880640029907,0.9312136173248291,0.013557195663452148,0.08792555332183838,(GI-CF) Robot Process Automation,admin_rights,(GI-CF) Robot Process Automation|(BF) Information Security Office|(GI-CF) Robot Process Automation|(GI-UX) Group|(GI-CF) Robot Process Automation,admin_rights|admin_rights|admin_rights|admin_rights|admin_rights
R-813,Docker app crushing with an unexpected error,(GI-UX) File & Print,software_support,Service request,1,422,377,0.4536224603652954,0.4108036160469055,0.39321884512901306,0.36562156677246094,0.4536224603652954,0.04281884431838989,0.08800089359283447,(GI-UX) Group,other,(GI-UX) Group|(GI-UX) Group|(GI-UX) Group|(GI-IaaS) Admin - Local IT purchase|(GI-IaaS) Admin - Local IT purchase,other|software_license|other|software_license|software_license
R-815,Colleagues Qualification,(BF) Employee Platform (SAP SF),other,Service request,0,59,124,0.8321697115898132,0.5506260395050049,0.5815244913101196,0.5079196691513062,0.8321697115898132,0.28154367208480835,0.3242500424385071,(BF) Employee Platform (SAP SF),other,(BF) Employee Platform (SAP SF)|(GI-UX) Group|(GI-UX) File & Print|(GI-UX) Account Management|(GI-UX) Account Management,other|onboarding|other|offboarding|onboarding
R-819,I need a Jira license,(GI-IaaS) Development Platform,software_license,Service request,1,1229,38,0.940187394618988,0.8980656266212463,0.9038769006729126,0.8849999904632568,0.940187394618988,0.0421217679977417,0.0551874041557312,(GI-IaaS) Development Platform,software_license,(GI-IaaS) Development Platform|(GI-IaaS) Development Platform|(GI-IaaS) Development Platform|(GI-IaaS) Development Platform|(GI-IaaS) Development Platform,software_license|software_license|software_license|software_license|software_license
R-820,I need a Jira license,(GI-IaaS) Development Platform,software_license,Service request,1,1268,37,0.9012176990509033,0.8996911644935608,0.8927016258239746,0.8632170557975769,0.9012176990509033,0.0015265345573425293,0.038000643253326416,(GI-IaaS) Development Platform,software_license,(GI-IaaS) Development Platform|(GI-IaaS) Development Platform|(GI-IaaS) Development Platform|(GI-IaaS) Development Platform|(GI-IaaS) Development Platform,software_license|software_license|software_license|software_license|software_license
R-824,Cabel Addresses,"(GI-IaaS) Network Cloud (Azure, Remote Access)",vpn_access,Service request,1,1093,65,0.5961793661117554,0.5437222123146057,0.5152116417884827,0.4723379611968994,0.5961793661117554,0.05245715379714966,0.12384140491485596,"(GI-IaaS) Network Cloud (Azure, Remote Access)",vpn_access,"(GI-IaaS) Network Cloud (Azure, Remote Access)|(GI-IaaS) Network On-Prem (LAN,WLAN,WAN 2nd level)|(GI-IaaS) Network On-Prem (LAN,WLAN,WAN 2nd level)|(GI-IaaS) Network On-Prem (LAN,WLAN,WAN 2nd level)|(GI-IaaS) Network On-Prem (LAN,WLAN,WAN 2nd level)",vpn_access|vpn_access|vpn_access|vpn_access|vpn_access
R-828,GFT Italy: element activation problem,(GI-SaaS) Salesforce,enterprise_systems,Incident,1,909,190,0.9965956211090088,0.9920058846473694,0.9631425142288208,0.9142611622810364,0.9965956211090088,0.004589736461639404,0.08233445882797241,(GI-SaaS) Salesforce,enterprise_systems,(GI-SaaS) Salesforce|(GI-SaaS) Salesforce|(GI-SaaS) Salesforce|(GI-SaaS) Salesforce|(GI-SaaS) Salesforce,enterprise_systems|enterprise_systems|enterprise_systems|enterprise_systems|enterprise_systems
R-83,gft_italia_new_dismiss_20240726_573924_J-XYNZ [Ticket to manage Admin Location I,(LF) IT Office Access Italy,offboarding,Service request,0,128,467,0.9728422164916992,0.9723300337791443,0.9713020324707031,0.9683716297149658,0.9728422164916992,0.0005121827125549316,0.0044705867767333984,(LF) IT Office Access Italy,offboarding,(LF) IT Office Access Italy|(LF) IT Office Access Italy|(LF) IT Office Access Italy|(LF) IT Office Access Italy|(LF) IT Office Access Italy,offboarding|offboarding|offboarding|offboarding|offboarding
R-830,q2 Panatec - cabling and tools order,(GI-IaaS) Admin - Local IT purchase,other,Service request,0,77,151,0.6653448939323425,0.6627953052520752,0.6463826298713684,0.5979291200637817,0.6653448939323425,0.002549588680267334,0.06741577386856079,(GI-IaaS) Admin - Local IT purchase,other,(GI-IaaS) Admin - Local IT purchase|(GI-IaaS) Admin - Local IT purchase|(GI-IaaS) Admin - Local IT purchase|(GI-IaaS) Admin - Local IT purchase|(GI-IaaS) Admin - Local IT purchase,other|other|other|other|other
R-832,I need administrator rights to install some software,(GI-CF) Robot Process Automation,admin_rights,Service request,1,4481,310,0.8585726618766785,0.8357498049736023,0.8343831300735474,0.8214033842086792,0.8585726618766785,0.022822856903076172,0.03716927766799927,(GI-CF) Robot Process Automation,admin_rights,(GI-CF) Robot Process Automation|(GI-UX) Group|(BF) Information Security Office|(GI-CF) Robot Process Automation|(GI-CF) Robot Process Automation,admin_rights|admin_rights|admin_rights|admin_rights|admin_rights
R-834,onedrive synchronization,(GI-UX) File & Print,software_support,Service request,1,422,65,0.812842607498169,0.7710446119308472,0.7099571228027344,0.6328181028366089,0.812842607498169,0.04179799556732178,0.18002450466156006,(GI-UX) Unified Communication,other,(GI-UX) Unified Communication|(GI-UX) Office365 & MS-Teams|(GI-UX) Group|(GI-UX) Group|(GI-UX) Office365 & MS-Teams,other|other|other|other|other
R-836,I need to add the following destination to the VPN GXQXSH,"(GI-IaaS) Network On-Prem (LAN,WLAN,WAN 2nd level)",vpn_access,Service request,1,1079,113,0.5736078023910522,0.5665681958198547,0.5657287836074829,0.5616490840911865,0.5736078023910522,0.00703960657119751,0.011958718299865723,"(GI-IaaS) Network On-Prem (LAN,WLAN,WAN 2nd level)",vpn_access,"(GI-IaaS) Network On-Prem (LAN,WLAN,WAN 2nd level)|(GI-IaaS) Network On-Prem (LAN,WLAN,WAN 2nd level)|(GI-IaaS) Network On-Prem (LAN,WLAN,WAN 2nd level)|(GI-UX) Network Access|(GI-IaaS) Network On-Prem (LAN,WLAN,WAN 2nd level)",vpn_access|vpn_access|vpn_access|vpn_access|vpn_access
R-84,gft_italia_new_dismiss_20240726_513288_T-SMITH [Ticket to manage device retireme,(GI-UX) File & Print,offboarding,Service request,0,140,470,0.9847360849380493,0.9828690886497498,0.9805059432983398,0.976260781288147,0.9847360849380493,0.0018669962882995605,0.008475303649902344,(GI-UX) Group,offboarding,(GI-UX) Group|(GI-UX) Group|(GI-UX) Group|(GI-UX) Group|(GI-UX) Group,offboarding|offboarding|offboarding|offboarding|offboarding
R-840,i need license to acces jira,(GI-IaaS) Development Platform,software_license,Service request,1,1284,84,0.9677169919013977,0.9303017854690552,0.9360992312431335,0.9260879755020142,0.9677169919013977,0.03741520643234253,0.041629016399383545,(GI-IaaS) Development Platform,software_license,(GI-IaaS) Development Platform|(GI-IaaS) Development Platform|(GI-IaaS) Development Platform|(GI-IaaS) Development Platform|(GI-IaaS) Development Platform,software_license|software_license|software_license|software_license|software_license
R-842,Offboard employee Alex Russo on 2024-06-21 [Ticket to manage virtual devices ret,(GI-IaaS) Backend Application Srv. & Project Support,offboarding,Service request,0,128,206,0.804452121257782,0.7970240116119385,0.7871958613395691,0.760206401348114,0.804452121257782,0.007428109645843506,0.04424571990966797,(GI-IaaS) Backend Application Srv. & Project Support,offboarding,(GI-IaaS) Backend Application Srv. & Project Support|(LF) IT Office Access Italy|(GI-IaaS) Backend Application Srv. & Project Support|(GI-IaaS) Backend Application Srv. & Project Support|(GI-IaaS) Backend Application Srv. & Project Support,offboarding|offboarding|offboarding|offboarding|offboarding
R-843,Offboard employee Artemio Ferrari on 2024-06-21 [Ticket to manage Admin Location,(LF) IT Office Access Italy,offboarding,Service request,0,135,211,0.8491201996803284,0.8405392169952393,0.8303678631782532,0.8042563199996948,0.8491201996803284,0.008580982685089111,0.044863879680633545,(LF) IT Office Access Italy,offboarding,(LF) IT Office Access Italy|(LF) IT Office Access Italy|(LF) IT Office Access Italy|(LF) IT Office Access Italy|(LF) IT Office Access Italy,offboarding|offboarding|offboarding|offboarding|offboarding
R-844,Offboard employee Gianmarco Moretti on 2024-06-21 [Ticket to manage device retir,(GI-UX) Group,offboarding,Service request,0,128,217,0.791202187538147,0.7788712978363037,0.7718474268913269,0.7538871169090271,0.791202187538147,0.012330889701843262,0.03731507062911987,(LF) IT Office Access Italy,offboarding,(LF) IT Office Access Italy|(LF) IT Office Access Italy|(GI-IaaS) Backend Application Srv. & Project Support|(LF) IT Office Access Italy|(GI-IaaS) Backend Application Srv. & Project Support,offboarding|offboarding|offboarding|offboarding|offboarding
R-846,OneDrive issue,(GI-UX) Group,other,Service request,1,602,71,0.7011139392852783,0.6772979497909546,0.6461554169654846,0.5773671269416809,0.7011139392852783,0.02381598949432373,0.12374681234359741,(GI-UX) Unified Communication,other,(GI-UX) Unified Communication|(GI-UX) Office365 & MS-Teams|(GI-UX) File & Print|(GI-UX) Group|(GI-UX) Office365 & MS-Teams,other|other|software_support|other|other
R-848,Need license for BBPM Project,(GI-IaaS) Development Platform,software_license,Service request,1,1270,56,0.7841682434082031,0.7766455411911011,0.7613556981086731,0.7409121990203857,0.7841682434082031,0.007522702217102051,0.04325604438781738,(GI-IaaS) Development Platform,software_license,(GI-IaaS) Development Platform|(GI-IaaS) Development Platform|(GI-IaaS) Development Platform|(GI-IaaS) Development Platform|(GI-IaaS) Development Platform,software_license|software_license|software_license|software_license|software_license
R-849,Admin rights,(GI-CF) Robot Process Automation,admin_rights,Service request,1,4659,191,0.7739795446395874,0.7586758136749268,0.7568579912185669,0.7460383772850037,0.7739795446395874,0.015303730964660645,0.02794116735458374,(GI-UX) Group,admin_rights,(GI-UX) Group|(GI-CF) Robot Process Automation|(BF) Information Security Office|(GI-CF) Robot Process Automation|(GI-CF) Robot Process Automation,admin_rights|admin_rights|admin_rights|admin_rights|admin_rights
R-851,We need Jira license for Babylon Mutual project,(GI-IaaS) Development Platform,software_license,Service request,1,1280,366,0.7522861361503601,0.7351722717285156,0.7318801879882812,0.7201566100120544,0.7522861361503601,0.017113864421844482,0.032129526138305664,(GI-IaaS) Development Platform,software_license,(GI-IaaS) Development Platform|(GI-IaaS) Development Platform|(GI-IaaS) Development Platform|(GI-IaaS) Development Platform|(GI-IaaS) Development Platform,software_license|software_license|software_license|software_license|software_license
R-854,Memory and hard disk size upgrade for the company laptop,(GI-UX) File & Print,hardware_support,Service request,1,906,312,1.0,0.5445972681045532,0.5968816876411438,0.4422041177749634,1.0,0.4554027318954468,0.5577958822250366,(GI-UX) File & Print,hardware_support,(GI-UX) File & Print|(GI-UX) File & Print|(GI-UX) File & Print|(GI-UX) File & Print|(GI-UX) Group,hardware_support|hardware_support|hardware_support|hardware_support|hardware_support
R-855,Need to reach gitlab server from vpn,(GI-UX) Network Access,vpn_access,Service request,1,1132,121,0.6603964567184448,0.5978754758834839,0.5819627642631531,0.5323508977890015,0.6603964567184448,0.06252098083496094,0.12804555892944336,(GI-IaaS) Development Platform,other,(GI-IaaS) Development Platform|(GI-UX) File & Print|(GI-IaaS) Development Platform|(GI-UX) Network Access|(GI-UX) Group,other|other|other|vpn_access|vpn_access
R-857,European project onboarding,(GI-UX) Account Management,collaboration,Service request,1,1976,362,0.9636306166648865,0.9607247114181519,0.897214412689209,0.6713138222694397,0.9636306166648865,0.002905905246734619,0.2923167943954468,(GI-UX) Account Management,collaboration,(GI-UX) Account Management|(GI-UX) Account Management|(GI-UX) Account Management|(GI-UX) Account Management|(GI-UX) Account Management,collaboration|collaboration|collaboration|collaboration|collaboration
R-859,Gft Italia_new_entry_20240624_497012_Rossi [Ticket to manage device assignments],(GI-UX) Group,onboarding,Service request,0,127,720,0.9804287552833557,0.9797743558883667,0.978355884552002,0.9763017892837524,0.9804287552833557,0.0006543993949890137,0.0041269659996032715,(GI-UX) File & Print,onboarding,(GI-UX) File & Print|(GI-UX) File & Print|(GI-UX) Group|(GI-UX) File & Print|(GI-UX) File & Print,onboarding|onboarding|onboarding|onboarding|onboarding
R-860,Gft Italia_new_entry_20240624_815783_Falconer,(GI-UX) Account Management,onboarding,Service request,1,1169,729,0.9644466042518616,0.9622460603713989,0.9618374109268188,0.9602389931678772,0.9644466042518616,0.0022005438804626465,0.004207611083984375,(GI-UX) Account Management,onboarding,(GI-UX) Account Management|(GI-UX) Group|(GI-UX) Account Management|(GI-UX) Account Management|(GI-UX) Account Management,onboarding|onboarding|onboarding|onboarding|onboarding
R-861,I need the content of an e-mail sent by Jupiter user (client of Sigma),(GI-CyberSec) Security Operation Center,email_support,Service request,1,352,130,0.7846675515174866,0.49862441420555115,0.5201225280761719,0.423037588596344,0.7846675515174866,0.2860431373119354,0.3616299629211426,(GI-CyberSec) Security Operation Center,email_support,(GI-CyberSec) Security Operation Center|(GI-CyberSec) Security Operation Center|(GI-CyberSec) Security Operation Center|(GI-SaaS) Salesforce|(GI-CyberSec) Security Operation Center,email_support|email_support|email_support|enterprise_systems|email_support
R-864,I need to release an e-mail sent by Randocorp user (client of TechFirm),(GI-CyberSec) Security Operation Center,email_support,Service request,1,303,131,0.7846674919128418,0.4861913323402405,0.5128024816513062,0.4191024601459503,0.7846674919128418,0.2984761595726013,0.3655650317668915,(GI-CyberSec) Security Operation Center,email_support,(GI-CyberSec) Security Operation Center|(GI-CyberSec) Security Operation Center|(GI-CyberSec) Security Operation Center|(GI-CyberSec) Security Operation Center|(GI-IaaS) Backend M365 (2nd level),email_support|email_support|email_support|email_support|other
R-865,need to exclude a sender from the blocking policy,(GI-IaaS) Backend M365 (2nd level),email_support,Service request,1,235,89,0.7165125608444214,0.5324341654777527,0.5273330211639404,0.4340963363647461,0.7165125608444214,0.1840783953666687,0.2824162244796753,(GI-CyberSec) Security Operation Center,email_support,(GI-CyberSec) Security Operation Center|(GI-CyberSec) Security Operation Center|(GI-CyberSec) Security Operation Center|(GI-CyberSec) Security Operation Center|(GI-UX) System Management & Anti Virus,email_support|email_support|email_support|email_support|other
R-866,gft_italia_new_entry_20240617_XXXXXX_E-XXXX_REHIRE [Ticket to manage device assi,(GI-UX) File & Print,other,Service request,0,127,624,0.9327696561813354,0.9293107986450195,0.9222485423088074,0.9077056050300598,0.9327696561813354,0.003458857536315918,0.025064051151275635,(GI-UX) Group,onboarding,(GI-UX) Group|(GI-UX) Account Management|(GI-UX) Account Management|(LF) IT Office Access Italy|(GI-UX) Group,onboarding|onboarding|onboarding|offboarding|offboarding
R-867,gft_italia_new_entry_20240617_872106_E-LKMU_REHIRE,(GI-UX) Account Management,onboarding,Service request,1,1307,621,0.9258854389190674,0.9223735928535461,0.9154925346374512,0.9042540788650513,0.9258854389190674,0.0035118460655212402,0.021631360054016113,(GI-UX) File & Print,other,(GI-UX) File & Print|(GI-UX) Group|(GI-UX) Account Management|(LF) IT Office Access Italy|(GI-UX) Group,other|onboarding|onboarding|offboarding|onboarding
R-869,gft_italia_new_entry_20240617_815782_DAVINSKI,(GI-UX) Account Management,onboarding,Service request,1,1316,491,0.9545152187347412,0.9536001682281494,0.9507325291633606,0.9456968903541565,0.9545152187347412,0.0009150505065917969,0.008818328380584717,(GI-UX) Account Management,onboarding,(GI-UX) Account Management|(GI-UX) Account Management|(GI-UX) Account Management|(GI-UX) Account Management|(GI-UX) Group,onboarding|onboarding|onboarding|onboarding|onboarding
R-87,gft_italia_new_dismiss_20240717_814722_E-SEAG [Ticket to manage Admin Location I,(LF) IT Office Access Italy,offboarding,Service request,0,128,473,0.9884076118469238,0.9860615730285645,0.9850718379020691,0.9816067814826965,0.9884076118469238,0.002346038818359375,0.006800830364227295,(LF) IT Office Access Italy,offboarding,(LF) IT Office Access Italy|(LF) IT Office Access Italy|(LF) IT Office Access Italy|(LF) IT Office Access Italy|(LF) IT Office Access Italy,offboarding|offboarding|offboarding|offboarding|offboarding
R-872,Install the feu cedacri application.,(GI-CF) Robot Process Automation,admin_rights,Service request,1,4702,55,0.4868609607219696,0.48224708437919617,0.47524794936180115,0.46289169788360596,0.4868609607219696,0.0046138763427734375,0.023969262838363647,(GI-UX) File & Print,admin_rights,(GI-UX) File & Print|(GI-CF) Robot Process Automation|(GI-UX) Group|(GI-UX) Group|(GI-UX) Group,admin_rights|admin_rights|software_license|software_support|software_license
R-873,New Teams group with external phone number for AMS support,(GI-SM) Service Desk,other,Service request,1,4120,559,0.9947561025619507,0.780945897102356,0.6616222262382507,0.4790098965167999,0.9947561025619507,0.21381020545959473,0.5157462358474731,(GI-SM) Service Desk,other,(GI-SM) Service Desk|(GI-IaaS) Backend M365 (2nd level)|(GI-IaaS) Backend M365 (2nd level)|(GI-SM) Service Desk|(GI-SM) Service Desk,other|other|other|software_support|other
R-875,Gft Italia_new_entry_20240625_779452_De Parisi RE HIRE [Ticket to manage device ,(GI-UX) Group,onboarding,Service request,0,119,790,0.9615299701690674,0.9381967186927795,0.9398009181022644,0.930801272392273,0.9615299701690674,0.023333251476287842,0.030728697776794434,(GI-UX) Account Management,onboarding,(GI-UX) Account Management|(GI-UX) Account Management|(GI-UX) Account Management|(GI-UX) File & Print|(GI-UX) File & Print,onboarding|onboarding|onboarding|onboarding|onboarding
R-876,Gft Italia_new_entry_20240625_123456_De Rossi RE HIRE,(GI-UX) Account Management,onboarding,Service request,1,1167,771,0.9615300893783569,0.9479262232780457,0.94880610704422,0.9428185224533081,0.9615300893783569,0.01360386610031128,0.018711566925048828,(GI-UX) Group,onboarding,(GI-UX) Group|(GI-UX) Account Management|(GI-UX) Account Management|(GI-UX) Account Management|(GI-UX) Group,onboarding|onboarding|onboarding|onboarding|onboarding
R-877,I need to access an url,(GI-UX) Network Access,vpn_access,Service request,1,1094,114,0.9118083715438843,0.7894735336303711,0.6862773895263672,0.55364990234375,0.9118083715438843,0.12233483791351318,0.3581584692001343,(GI-UX) Network Access,vpn_access,(GI-UX) Network Access|(GI-UX) Network Access|(GI-UX) Group|(GI-UX) Network Access|(GI-UX) Group,vpn_access|vpn_access|vpn_access|vpn_access|vpn_access
R-878,We need to merge XYZ-USE S.r.l. (IT03) into ABC ITALIA S.r.l. (IT02),(GI-SM) PMS,other,Service request,1,1359,119,0.42761552333831787,0.4113229215145111,0.40050190687179565,0.37832504510879517,0.42761552333831787,0.016292601823806763,0.049290478229522705,(GI-IaaS) Development Platform,software_license,(GI-IaaS) Development Platform|(GI-SaaS) Salesforce|(GI-IaaS) Development Platform|(GI-UX) Account Management|(GI-SaaS) Salesforce,software_license|other|software_license|other|absence
R-88,gft_italia_new_dismiss_20240717_814722_J-KLMA [Ticket to manage device retiremen,(GI-UX) File & Print,offboarding,Service request,0,129,472,0.9572485685348511,0.9572133421897888,0.954137921333313,0.9513722658157349,0.9572485685348511,3.522634506225586e-05,0.005876302719116211,(GI-UX) File & Print,offboarding,(GI-UX) File & Print|(GI-UX) Group|(GI-UX) Group|(GI-UX) File & Print|(GI-UX) Group,offboarding|offboarding|offboarding|offboarding|offboarding
R-880,Need permission to install new ivanti pulse client to work for client,(GI-UX) Group,software_license,Service request,1,2190,71,0.9309866428375244,0.7802248597145081,0.7868654131889343,0.7096117734909058,0.9309866428375244,0.15076178312301636,0.22137486934661865,(GI-UX) Group,software_license,(GI-UX) Group|(GI-UX) Group|(GI-UX) Network Access|(GI-UX) File & Print|(GI-CF) Robot Process Automation,software_license|software_license|admin_rights|admin_rights|admin_rights
R-881,I need administrative rights to update softwares on my PC,(GI-CF) Robot Process Automation,admin_rights,Service request,1,4567,168,0.8380008935928345,0.7953199148178101,0.7918162941932678,0.7749693393707275,0.8380008935928345,0.042680978775024414,0.06303155422210693,(GI-UX) File & Print,admin_rights,(GI-UX) File & Print|(GI-UX) File & Print|(GI-CF) Robot Process Automation|(GI-UX) File & Print|(GI-UX) File & Print,admin_rights|admin_rights|admin_rights|admin_rights|admin_rights
R-882,I need a license to see my tasks on Jira,(GI-IaaS) Development Platform,software_license,Service request,1,1253,107,0.9208984375,0.9043383598327637,0.8985198736190796,0.8663392066955566,0.9208984375,0.016560077667236328,0.05455923080444336,(GI-IaaS) Development Platform,software_license,(GI-IaaS) Development Platform|(GI-SM) Service Desk|(GI-IaaS) Development Platform|(GI-IaaS) Development Platform|(GI-IaaS) Development Platform,software_license|software_license|software_license|software_license|software_license
R-883,I need Software for my course and set up an enviroment,(GI-CF) Robot Process Automation,admin_rights,Service request,1,4547,208,0.654953122138977,0.6251499652862549,0.6082054376602173,0.5821167230606079,0.654953122138977,0.029803156852722168,0.07283639907836914,(GI-IaaS) Admin - License & Asset Management,software_license,(GI-IaaS) Admin - License & Asset Management|(GI-CF) Robot Process Automation|(GI-CF) Robot Process Automation|(GI-CF) Robot Process Automation|(GI-CF) Robot Process Automation,software_license|admin_rights|admin_rights|admin_rights|admin_rights
R-884,Account is blocked,(GI-UX) Group,password_reset,Service request,1,419,141,0.6103913187980652,0.5586602687835693,0.5489910840988159,0.511372447013855,0.6103913187980652,0.05173105001449585,0.0990188717842102,(GI-UX) Group,password_reset,(GI-UX) Group|(GI-UX) Group|(GI-UX) Group|(GI-UX) Group|(GI-UX) Group,password_reset|password_reset|password_reset|password_reset|password_reset
R-885,Set Environment Variables to Successfully Install Angular,(GI-CF) Robot Process Automation,admin_rights,Service request,1,4723,94,0.5881792306900024,0.586078405380249,0.564176619052887,0.49903416633605957,0.5881792306900024,0.002100825309753418,0.08914506435394287,(GI-CF) Robot Process Automation,admin_rights,(GI-CF) Robot Process Automation|(GI-CF) Robot Process Automation|(GI-CF) Robot Process Automation|(GI-CF) Robot Process Automation|(GI-CF) Robot Process Automation,admin_rights|admin_rights|admin_rights|admin_rights|admin_rights
R-886,Substitution OLD Mobile Phone,(GI-UX) Mobile Device Management,other,Service request,0,64,1146,0.9818276166915894,0.7028753757476807,0.7569516897201538,0.6980834603309631,0.9818276166915894,0.2789522409439087,0.2837441563606262,(GI-UX) Mobile Device Management,other,(GI-UX) Mobile Device Management|(GI-UX) Group|(GI-UX) Group|(GI-UX) Group|(GI-UX) Group,other|other|other|other|other
R-89,Enable user to access client network (SGS-Banco BPM) and confluence license,(GI-UX) Network Access,vpn_access,Service request,1,1054,215,0.939106285572052,0.6862670183181763,0.7228106260299683,0.6593440175056458,0.939106285572052,0.25283926725387573,0.27976226806640625,(GI-UX) Network Access,vpn_access,(GI-UX) Network Access|(GI-IaaS) Development Platform|(GI-UX) Network Access|(GI-UX) Network Access|(GI-UX) Network Access,vpn_access|software_license|vpn_access|vpn_access|vpn_access
R-891,Jira can't connect to mail server,(GI-IaaS) Development Platform,other,Service request,0,396,334,0.6636784076690674,0.608228325843811,0.6159006357192993,0.6008263826370239,0.6636784076690674,0.05545008182525635,0.06285202503204346,(GI-UX) Network Access,other,(GI-UX) Network Access|(GI-UX) File & Print|(GI-UX) File & Print|(GI-IaaS) Development Platform|(GI-IaaS) Development Platform,other|access_problem|access_problem|other|access_problem
R-892,I would suggest to change some settings about delivery flow on Itop,(GI-SM) Service Desk,other,Service request,0,163,295,0.49657508730888367,0.3757662773132324,0.3922969698905945,0.35842204093933105,0.49657508730888367,0.12080880999565125,0.1381530463695526,(GI-SM) Service Desk,other,(GI-SM) Service Desk|(GI-SM) Service Desk|(GI-SaaS) SAP & Synertrade|(GI-UX) Mobile Device Management|(GI-UX) Network Access,other|other|other|other|other
R-893,Error syncing with OneDrive,(GI-UX) Group,software_support,Service request,1,422,448,0.7461602687835693,0.6661655306816101,0.6293908357620239,0.5659592151641846,0.7461602687835693,0.07999473810195923,0.18020105361938477,(GI-UX) Group,other,(GI-UX) Group|(GI-UX) Unified Communication|(GI-UX) Office365 & MS-Teams|(GI-UX) Office365 & MS-Teams|(GI-UX) Office365 & MS-Teams,other|other|other|other|other
R-896,Access ci4bank.example.com,(GI-UX) Group,vpn_access,Service request,1,1129,85,0.7054527401924133,0.6346946954727173,0.6004337072372437,0.5476025342941284,0.7054527401924133,0.07075804471969604,0.1578502058982849,(GI-UX) Group,vpn_access,(GI-UX) Group|(GI-UX) Network Access|(GI-UX) Network Access|(GI-UX) Group|(GI-UX) Network Access,vpn_access|vpn_access|vpn_access|other|vpn_access
R-897,I need to access this URL: https://short.link/abc123 Other colleagues are alread,(GI-UX) Network Access,vpn_access,Service request,1,1089,108,0.7894736528396606,0.7620182037353516,0.7078326344490051,0.6221436262130737,0.7894736528396606,0.027455449104309082,0.16733002662658691,(GI-UX) Network Access,vpn_access,(GI-UX) Network Access|(GI-UX) Group|(GI-UX) Network Access|(GI-UX) Group|(GI-UX) Network Access,vpn_access|vpn_access|vpn_access|vpn_access|vpn_access
R-898,"I need to install a vpn client software, but windows defender is blocking the ex",(GI-UX) Group,software_license,Service request,1,2298,248,0.8036997318267822,0.7387450337409973,0.6856376528739929,0.608036994934082,0.8036997318267822,0.06495469808578491,0.1956627368927002,(GI-UX) File & Print,admin_rights,(GI-UX) File & Print|(GI-UX) Group|(GI-UX) Group|(GI-UX) Group|(GI-UX) Group,admin_rights|software_support|software_license|software_license|software_license
R-9,I need a Jira license,(GI-IaaS) Development Platform,software_license,Service request,1,1372,124,0.8419880867004395,0.8290308713912964,0.8294857740402222,0.8254700899124146,0.8419880867004395,0.012957215309143066,0.016517996788024902,(GI-IaaS) Development Platform,software_license,(GI-IaaS) Development Platform|(GI-IaaS) Development Platform|(GI-IaaS) Development Platform|(GI-IaaS) Development Platform|(GI-IaaS) Development Platform,software_license|software_license|software_license|software_license|software_license
R-900,gft_italia_new_entry_20240612_815748_RICCI,(GI-UX) Account Management,onboarding,Service request,1,1166,498,0.9579222202301025,0.9433448910713196,0.9417825937271118,0.9333045482635498,0.9579222202301025,0.014577329158782959,0.024617671966552734,(GI-UX) Account Management,onboarding,(GI-UX) Account Management|(GI-UX) Account Management|(GI-UX) Account Management|(GI-UX) Account Management|(GI-UX) Account Management,onboarding|onboarding|onboarding|onboarding|onboarding
R-901,Request Administrator Rights on my computer,(GI-CF) Robot Process Automation,admin_rights,Service request,1,4590,130,0.8515535593032837,0.8467562794685364,0.8409950137138367,0.832382082939148,0.8515535593032837,0.0047972798347473145,0.019171476364135742,(GI-CF) Robot Process Automation,admin_rights,(GI-CF) Robot Process Automation|(GI-UX) Group|(GI-UX) Group|(BF) Information Security Office|(GI-CF) Robot Process Automation,admin_rights|admin_rights|admin_rights|admin_rights|admin_rights
R-903,Gft Italia_new_entry_20240715_896745_Rossi,(GI-UX) Account Management,onboarding,Service request,1,1167,725,0.9744293689727783,0.9727131128311157,0.9653388857841492,0.9566942453384399,0.9744293689727783,0.0017162561416625977,0.01773512363433838,(GI-UX) Account Management,onboarding,(GI-UX) Account Management|(GI-UX) Account Management|(GI-UX) Account Management|(GI-UX) File & Print|(GI-UX) Account Management,onboarding|onboarding|onboarding|onboarding|onboarding
R-906,Request for administration rights on corporate computer,(GI-CF) Robot Process Automation,admin_rights,Service request,1,4688,191,0.9621644020080566,0.6654034852981567,0.7188669443130493,0.6502434015274048,0.9621644020080566,0.2967609167098999,0.31192100048065186,(GI-CF) Robot Process Automation,admin_rights,(GI-CF) Robot Process Automation|(GI-CF) Robot Process Automation|(GI-CF) Robot Process Automation|(GI-CF) Robot Process Automation|(GI-CF) Robot Process Automation,admin_rights|admin_rights|admin_rights|admin_rights|admin_rights
R-907,I need to run older versions of node.js,(GI-SM) Service Desk,software_support,Service request,1,422,159,0.9074697494506836,0.7585703134536743,0.7369475364685059,0.6404637694358826,0.9074697494506836,0.14889943599700928,0.267005980014801,(GI-UX) Group,software_support,(GI-UX) Group|(GI-UX) Network Access|(GI-UX) Group|(GI-UX) Group|(GI-CF) Robot Process Automation,software_support|software_support|software_support|software_support|admin_rights
R-908,I need administrator rights,(GI-CF) Robot Process Automation,admin_rights,Service request,1,4702,129,0.7977344393730164,0.7904770374298096,0.7748390436172485,0.752938449382782,0.7977344393730164,0.007257401943206787,0.044795989990234375,(GI-CF) Robot Process Automation,admin_rights,(GI-CF) Robot Process Automation|(GI-CF) Robot Process Automation|(GI-CF) Robot Process Automation|(GI-UX) Group|(BF) Information Security Office,admin_rights|admin_rights|admin_rights|admin_rights|admin_rights
R-910,Need to uninstall KeePass client from my PC,(GI-UX) Group,software_license,Service request,1,2183,43,0.43070346117019653,0.42323195934295654,0.41626888513565063,0.3996266722679138,0.43070346117019653,0.00747150182723999,0.031076788902282715,(GI-UX) Group,software_license,(GI-UX) Group|(GI-UX) Group|(BF) Information Security Office|(GI-UX) Group|(GI-UX) Group,software_license|software_license|admin_rights|software_license|software_support
R-912,User Greta Lara Stefani need access to FRTR network,(GI-UX) Network Access,vpn_access,Service request,1,1111,78,0.5475456714630127,0.5406104326248169,0.5388957858085632,0.5346603393554688,0.5475456714630127,0.006935238838195801,0.012885332107543945,(GI-UX) Network Access,vpn_access,(GI-UX) Network Access|(GI-UX) Network Access|(GI-UX) Network Access|(GI-UX) Network Access|(GI-UX) Group,vpn_access|vpn_access|vpn_access|other|password_reset
R-913,https://example.com/ access error Non-existent domain,(GI-UX) Group,vpn_access,Service request,1,1085,163,0.5982856154441833,0.5930660367012024,0.5803651809692383,0.5588949918746948,0.5982856154441833,0.005219578742980957,0.039390623569488525,(GI-UX) Windows,software_support,"(GI-UX) Windows|(GI-UX) Network Access|(GI-IaaS) Network On-Prem (LAN,WLAN,WAN 2nd level)|(GI-UX) Group|(GI-UX) Network Access",software_support|vpn_access|other|software_support|vpn_access
R-914,I need to set up new Site-2-Site tunnel with a partner company or customer,"(GI-IaaS) Network On-Prem (LAN,WLAN,WAN 2nd level)",vpn_access,Service request,1,1238,291,0.724431037902832,0.6862154603004456,0.6704203486442566,0.63558030128479,0.724431037902832,0.038215577602386475,0.08885073661804199,"(GI-IaaS) Network On-Prem (LAN,WLAN,WAN 2nd level)",vpn_access,"(GI-IaaS) Network On-Prem (LAN,WLAN,WAN 2nd level)|(GI-IaaS) Network On-Prem (LAN,WLAN,WAN 2nd level)|(GI-IaaS) Network On-Prem (LAN,WLAN,WAN 2nd level)|(GI-IaaS) Network On-Prem (LAN,WLAN,WAN 2nd level)|(GI-IaaS) Network On-Prem (LAN,WLAN,WAN 2nd level)",vpn_access|vpn_access|vpn_access|vpn_access|vpn_access
R-915,Increase Jira attachments filesize limit,(GI-IaaS) Development Platform,project_tools,Service request,1,297,216,0.47773072123527527,0.47338414192199707,0.45584917068481445,0.42279645800590515,0.47773072123527527,0.004346579313278198,0.05493426322937012,(GI-IaaS) Development Platform,software_license,(GI-IaaS) Development Platform|(GI-IaaS) Development Platform|(GI-IaaS) Development Platform|(GI-IaaS) Development Platform|(GI-IaaS) Development Platform,software_license|software_license|software_license|software_license|other
R-918,shared mailbox is slow,(GI-UX) Office365 & MS-Teams,other,Incident,1,613,89,0.4799726605415344,0.4346392750740051,0.4161872863769531,0.375396728515625,0.4799726605415344,0.0453333854675293,0.10457593202590942,(GI-IaaS) Backend M365 (2nd level),email_support,(GI-IaaS) Backend M365 (2nd level)|(GI-UX) Account Management|(GI-UX) Account Management|(GI-UX) Office365 & MS-Teams|(GI-IaaS) Development Platform,email_support|email_support|email_support|other|other
R-92,New UnipolSai Endpoint FORM LILITH REP,"(GI-IaaS) Network On-Prem (LAN,WLAN,WAN 2nd level)",vpn_access,Service request,1,1325,375,0.7993547916412354,0.7966887354850769,0.7662575244903564,0.6471397876739502,0.7993547916412354,0.0026660561561584473,0.15221500396728516,"(GI-IaaS) Network On-Prem (LAN,WLAN,WAN 2nd level)",vpn_access,"(GI-IaaS) Network On-Prem (LAN,WLAN,WAN 2nd level)|(GI-IaaS) Network On-Prem (LAN,WLAN,WAN 2nd level)|(GI-IaaS) Network Cloud (Azure, Remote Access)|(GI-IaaS) Network On-Prem (LAN,WLAN,WAN 2nd level)|(GI-IaaS) Network On-Prem (LAN,WLAN,WAN 2nd level)",vpn_access|vpn_access|vpn_access|other|other
R-921,Enablement phone service for Switzerland,(GI-IaaS) Admin - License & Asset Management,other,Service request,0,242,100,0.40299320220947266,0.38322925567626953,0.3765152096748352,0.3631803095340729,0.40299320220947266,0.019763946533203125,0.03981289267539978,(GI-IaaS) Backend M365 (2nd level),other,(GI-IaaS) Backend M365 (2nd level)|(GI-SaaS) Salesforce|(GI-SaaS) Salesforce|(GI-SaaS) Salesforce|(GI-UX) Application,other|absence|absence|absence|absence
R-922,Account expired on xylos.ydo.com and xylos-agency.ydo.com,(GI-IaaS) Backend Application Srv. & Project Support,vpn_access,Service request,1,1486,119,0.4975278079509735,0.48320627212524414,0.4740186631679535,0.45822590589523315,0.4975278079509735,0.01432153582572937,0.039301902055740356,(BF) Information Security Office,admin_rights,(BF) Information Security Office|(GI-IaaS) Admin - License & Asset Management|(GI-IaaS) Admin - License & Asset Management|(GI-IaaS) Cloud Services|(GI-IaaS) Admin - License & Asset Management,admin_rights|other|software_license|enterprise_systems|software_license
R-924,Change approver,(GI-SaaS) Salesforce,enterprise_systems,Service request,1,1016,186,0.6327953338623047,0.5828490853309631,0.5444911122322083,0.4717940092086792,0.6327953338623047,0.04994624853134155,0.1610013246536255,(GI-SaaS) Salesforce,enterprise_systems,(GI-SaaS) Salesforce|(GI-SaaS) Salesforce|(GI-SaaS) Salesforce|(GI-UX) Unified Communication|(GI-UX) Application,enterprise_systems|enterprise_systems|enterprise_systems|email_support|absence
R-925,Missing SES in Synertrade,(GI-SaaS) SAP & Synertrade,other,Service request,0,64,286,0.696155846118927,0.627287745475769,0.6192253828048706,0.5821520686149597,0.696155846118927,0.06886810064315796,0.11400377750396729,(GI-SaaS) SAP & Synertrade,other,(GI-SaaS) SAP & Synertrade|(GI-SaaS) SAP & Synertrade|(GI-SaaS) SAP & Synertrade|(GI-SaaS) SAP & Synertrade|(GI-SaaS) SAP & Synertrade,other|enterprise_systems|other|enterprise_systems|enterprise_systems
R-928,Gft Italia_new_entry_20240715_815739_Santoro Luca [Ticket to manage device assig,(GI-UX) File & Print,onboarding,Service request,0,127,684,0.9817661046981812,0.9811959266662598,0.9808505177497864,0.9802281856536865,0.9817661046981812,0.0005701780319213867,0.001537919044494629,(GI-UX) File & Print,onboarding,(GI-UX) File & Print|(GI-UX) File & Print|(GI-UX) File & Print|(GI-UX) File & Print|(GI-UX) File & Print,onboarding|onboarding|onboarding|onboarding|onboarding
R-934,I need to be able to send email to LNT users from an application,"(GI-IaaS) Network Cloud (Azure, Remote Access)",other,Service request,0,255,485,0.4568914771080017,0.41545504331588745,0.4032561779022217,0.36963191628456116,0.4568914771080017,0.04143643379211426,0.08725956082344055,(GI-UX) Account Management,email_support,"(GI-UX) Account Management|(GI-IaaS) Network Cloud (Azure, Remote Access)|(GI-UX) Account Management|(GI-IaaS) Backend M365 (2nd level)|(GI-UX) Account Management",email_support|other|email_support|other|email_support
R-935,Install F5 VPN Client for BPER,(GI-UX) Group,software_license,Service request,1,2115,96,0.660731315612793,0.6559699773788452,0.6442691683769226,0.6338826417922974,0.660731315612793,0.004761338233947754,0.026848673820495605,(GI-UX) Group,software_license,(GI-UX) Group|(GI-UX) Network Access|(GI-UX) Group|(GI-UX) Network Access|(GI-UX) Network Access,software_license|vpn_access|software_license|vpn_access|vpn_access
R-937,Substitution old PC,(GI-UX) File & Print,other,Service request,0,66,2788,0.9948083162307739,0.9914795160293579,0.9904482960700989,0.9880077242851257,0.9948083162307739,0.0033288002014160156,0.006800591945648193,(GI-UX) Group,other,(GI-UX) Group|(GI-UX) File & Print|(GI-UX) File & Print|(GI-UX) Group|(GI-UX) Group,other|other|other|other|other
R-938,Substitution old PC,(GI-UX) File & Print,other,Service request,0,73,2729,0.9900473356246948,0.9898662567138672,0.9870961904525757,0.9839017391204834,0.9900473356246948,0.00018107891082763672,0.006145596504211426,(GI-UX) File & Print,other,(GI-UX) File & Print|(GI-UX) File & Print|(GI-UX) Group|(GI-UX) Group|(GI-UX) Group,other|other|other|other|other
R-940,Restore file of an ex-employee,(GI-UX) Group,other,Service request,0,237,90,0.45832914113998413,0.42042917013168335,0.40311527252197266,0.3719481825828552,0.45832914113998413,0.03789997100830078,0.0863809585571289,(GI-UX) Network Access,vpn_access,(GI-UX) Network Access|(GI-CyberSec) Security Operation Center|(GI-UX) Network Access|(GI-UX) Network Access|(GI-UX) Group,vpn_access|email_support|vpn_access|vpn_access|vpn_access
R-941,gft_germany_new_entry_20240606_193472_TORSO [Ticket to manage device assignments,(GI-UX) Group,onboarding,Service request,0,127,507,0.952842652797699,0.951511800289154,0.9491095542907715,0.9466594457626343,0.952842652797699,0.0013308525085449219,0.006183207035064697,(GI-UX) File & Print,onboarding,(GI-UX) File & Print|(GI-UX) File & Print|(GI-UX) File & Print|(GI-UX) Group|(GI-UX) File & Print,onboarding|onboarding|onboarding|onboarding|onboarding
R-945,Gft Italia__new_dismissal__20240606_gigr_Thomas [Ticket to manage Admin Location,(LF) IT Office Access Italy,offboarding,Service request,0,128,597,0.987710177898407,0.986858069896698,0.986729621887207,0.9860358238220215,0.987710177898407,0.0008521080017089844,0.001674354076385498,(LF) IT Office Access Italy,offboarding,(LF) IT Office Access Italy|(LF) IT Office Access Italy|(LF) IT Office Access Italy|(LF) IT Office Access Italy|(LF) IT Office Access Italy,offboarding|offboarding|offboarding|offboarding|offboarding
R-946,Gft Italia__new_dismissal__20240606_gigr_Morelli [Ticket to manage device retire,(GI-UX) File & Print,offboarding,Service request,0,133,598,0.9852854609489441,0.9849463701248169,0.9841249585151672,0.9821911454200745,0.9852854609489441,0.00033909082412719727,0.003094315528869629,(GI-UX) File & Print,offboarding,(GI-UX) File & Print|(GI-UX) Group|(GI-UX) File & Print|(GI-UX) Group|(GI-UX) Group,offboarding|offboarding|offboarding|offboarding|offboarding
R-948,I need to access RandomCorp resources remotely,(GI-UX) Network Access,vpn_access,Service request,1,1086,76,0.6862324476242065,0.6248353719711304,0.6212297677993774,0.5904591083526611,0.6862324476242065,0.06139707565307617,0.09577333927154541,(GI-UX) Group,vpn_access,(GI-UX) Group|(GI-UX) Group|(GI-UX) Network Access|(GI-UX) Group|(GI-UX) Network Access,vpn_access|vpn_access|vpn_access|vpn_access|vpn_access
R-95,Request for Administrative Permissions for API Governance Tools,(GI-CF) Robot Process Automation,admin_rights,Service request,1,4532,397,0.61434406042099,0.6139611005783081,0.6093191504478455,0.6000930666923523,0.61434406042099,0.00038295984268188477,0.014250993728637695,(GI-UX) Group,admin_rights,(GI-UX) Group|(GI-UX) Group|(GI-CF) Robot Process Automation|(GI-UX) Group|(GI-CF) Robot Process Automation,admin_rights|software_license|admin_rights|software_license|admin_rights
R-951,Admin rights,(GI-UX) File & Print,software_support,Service request,1,422,105,0.8711768984794617,0.7812676429748535,0.77354496717453,0.7294474840164185,0.8711768984794617,0.08990925550460815,0.1417294144630432,(GI-CF) Robot Process Automation,admin_rights,(GI-CF) Robot Process Automation|(GI-CF) Robot Process Automation|(GI-UX) Group|(GI-UX) Group|(BF) Information Security Office,admin_rights|admin_rights|admin_rights|software_license|admin_rights
R-955,Gft Italia_new_entry_20240617_123456_Garibaldi,(GI-UX) Account Management,onboarding,Service request,1,1315,706,0.97063148021698,0.9695441126823425,0.9693080186843872,0.9686042070388794,0.97063148021698,0.0010873675346374512,0.002027273178100586,(GI-UX) Account Management,onboarding,(GI-UX) Account Management|(GI-UX) Account Management|(GI-UX) Account Management|(GI-UX) Account Management|(GI-UX) Account Management,onboarding|onboarding|onboarding|onboarding|onboarding
R-957,VPN SOLUTIONS cannot log in to zxvnjybvfr01.services.ab-cd.net,"(GI-IaaS) Network Cloud (Azure, Remote Access)",vpn_access,Incident,1,802,193,0.5988103151321411,0.5833195447921753,0.5824154019355774,0.5739960074424744,0.5988103151321411,0.01549077033996582,0.024814307689666748,(GI-UX) Network Access,other,(GI-UX) Network Access|(GI-UX) Group|(GI-UX) Network Access|(GI-UX) Network Access|(GI-UX) Network Access,other|password_reset|other|software_support|vpn_access
R-958,Access to BancoBPM VPN from SQS VPN,(GI-UX) Network Access,vpn_access,Service request,1,1095,73,0.7925078868865967,0.7085603475570679,0.7126285433769226,0.6824474334716797,0.7925078868865967,0.08394753932952881,0.11006045341491699,(GI-UX) Group,vpn_access,(GI-UX) Group|(GI-UX) Network Access|(GI-UX) Network Access|(GI-UX) Network Access|(GI-UX) Network Access,vpn_access|vpn_access|vpn_access|vpn_access|vpn_access
R-959,GFT QWERTY SRL STOIX JOHN,(GI-SaaS) Salesforce,absence,Service request,1,519,357,0.7293498516082764,0.6601343154907227,0.6613064408302307,0.6326673030853271,0.7293498516082764,0.06921553611755371,0.09668254852294922,(GI-SaaS) Salesforce,absence,(GI-SaaS) Salesforce|(GI-UX) Application|(GI-UX) Application|(GI-UX) Application|(GI-UX) Application,absence|absence|absence|absence|absence
R-960,It no longer syncs OneDrive folders and files,(GI-UX) Office365 & MS-Teams,other,Incident,1,443,45,0.8381037712097168,0.7710446715354919,0.742569625377655,0.6859311461448669,0.8381037712097168,0.06705909967422485,0.15217262506484985,(GI-UX) Unified Communication,other,(GI-UX) Unified Communication|(GI-UX) File & Print|(GI-UX) Office365 & MS-Teams|(GI-UX) Group|(GI-UX) Office365 & MS-Teams,other|software_support|other|other|other
R-965,modify workflow,(GI-IaaS) Development Platform,project_tools,Service request,1,297,109,0.5405482649803162,0.5380048751831055,0.514777660369873,0.48084360361099243,0.5405482649803162,0.0025433897972106934,0.05970466136932373,(GI-SaaS) Salesforce,absence,(GI-SaaS) Salesforce|(GI-UX) Application|(GI-UX) Application|(GI-SaaS) Salesforce|(GI-UX) Application,absence|absence|absence|absence|absence
R-968,Adding user of a gft user to the gcp ESTATE - C,(GI-IaaS) Cloud Services,other,Service request,0,492,153,0.6810111403465271,0.6805340051651001,0.6385968923568726,0.5568214654922485,0.6810111403465271,0.00047713518142700195,0.12418967485427856,(GI-IaaS) Cloud Services,other,(GI-IaaS) Cloud Services|(GI-IaaS) Cloud Services|(GI-IaaS) Cloud Services|(GI-UX) Account Management|(GI-UX) Group,other|other|other|collaboration|hardware_support
R-969,Problemi con la VPN,(GI-UX) File & Print,software_support,Service request,1,422,244,0.6973479986190796,0.6848267316818237,0.6107426881790161,0.5285019874572754,0.6973479986190796,0.01252126693725586,0.1688460111618042,(GI-UX) Group,software_license,(GI-UX) Group|(GI-UX) File & Print|(GI-UX) Group|(GI-UX) Group|(GI-UX) Network Access,software_license|software_support|hardware_support|software_support|vpn_access
R-97,Enable user to access client network (SGS-Lloyds Bank),(GI-UX) Network Access,vpn_access,Service request,1,1152,218,0.8005390167236328,0.7997671365737915,0.7946438193321228,0.7847628593444824,0.8005390167236328,0.0007718801498413086,0.01577615737915039,(GI-UX) Network Access,vpn_access,(GI-UX) Network Access|(GI-UX) Network Access|(GI-UX) Network Access|(GI-UX) Network Access|(GI-UX) Network Access,vpn_access|vpn_access|vpn_access|vpn_access|vpn_access
R-970,Purchase a Business license for Docker desktop,(GI-IaaS) Admin - Local IT purchase,software_license,Service request,1,2224,120,0.8213883638381958,0.8080472946166992,0.8019526600837708,0.7889440059661865,0.8213883638381958,0.013341069221496582,0.03244435787200928,(GI-IaaS) Admin - License & Asset Management,other,(GI-IaaS) Admin - License & Asset Management|(GI-UX) Group|(GI-UX) Group|(GI-IaaS) Admin - License & Asset Management|(GI-IaaS) Admin - License & Asset Management,other|software_license|software_license|software_license|software_license
R-971,I need a new mouse,(GI-UX) Group,hardware_support,Incident,1,233,164,0.7354750037193298,0.6702528595924377,0.5176073312759399,0.3743762969970703,0.7354750037193298,0.06522214412689209,0.3610987067222595,(GI-UX) Group,hardware_support,(GI-UX) Group|(GI-UX) Group|(GI-UX) File & Print|(GI-UX) File & Print|(GI-UX) Group,hardware_support|hardware_support|hardware_support|hardware_support|hardware_support
R-972,Admin Rights to set up the new PC,(GI-CF) Robot Process Automation,admin_rights,Service request,1,4609,138,0.9945774078369141,0.8647596836090088,0.8767415285110474,0.8259823322296143,0.9945774078369141,0.12981772422790527,0.1685950756072998,(GI-UX) Windows,admin_rights,(GI-UX) Windows|(GI-UX) Group|(GI-CF) Robot Process Automation|(GI-UX) Windows|(GI-CF) Robot Process Automation,admin_rights|admin_rights|admin_rights|other|admin_rights
R-973,gft_italia_new_entry_20240611_123456_LUCARELLI [Ticket to manage device assignme,(GI-UX) Group,onboarding,Service request,0,132,521,0.9688491821289062,0.9684464335441589,0.967132568359375,0.9655954241752625,0.9688491821289062,0.00040274858474731445,0.003253757953643799,(GI-UX) File & Print,onboarding,(GI-UX) File & Print|(GI-UX) Group|(GI-UX) Group|(GI-UX) Group|(GI-UX) File & Print,onboarding|onboarding|onboarding|onboarding|onboarding
R-975,gft_italia_new_entry_20240610_815711_LOMBARDI [Ticket to manage device assignmen,(GI-UX) File & Print,onboarding,Service request,0,127,510,0.982590913772583,0.9822306632995605,0.9812281727790833,0.9799982309341431,0.982590913772583,0.00036025047302246094,0.0025926828384399414,(GI-UX) File & Print,onboarding,(GI-UX) File & Print|(GI-UX) Group|(GI-UX) File & Print|(GI-UX) Group|(GI-UX) File & Print,onboarding|onboarding|onboarding|onboarding|onboarding
R-976,gft_italia_new_entry_20240610_381492_FRANCHI,(GI-UX) Account Management,onboarding,Service request,1,1166,509,0.9433448314666748,0.9354069232940674,0.9290568232536316,0.918213963508606,0.9433448314666748,0.007937908172607422,0.025130867958068848,(GI-UX) Account Management,onboarding,(GI-UX) Account Management|(GI-UX) Account Management|(GI-UX) Account Management|(GI-UX) Account Management|(GI-UX) Account Management,onboarding|onboarding|onboarding|onboarding|onboarding
R-977,I need administrator rights on my computer,(GI-UX) Group,software_license,Service request,1,2140,79,0.775272011756897,0.7521342039108276,0.7505627274513245,0.7372789978981018,0.775272011756897,0.023137807846069336,0.037993013858795166,(GI-UX) Group,admin_rights,(GI-UX) Group|(GI-CF) Robot Process Automation|(GI-UX) Group|(GI-CF) Robot Process Automation|(GI-UX) File & Print,admin_rights|admin_rights|software_license|admin_rights|software_support
R-98,reset password for my colleague,(GI-UX) Group,password_reset,Service request,1,418,224,0.7194812297821045,0.7064059376716614,0.6939492225646973,0.6706119775772095,0.7194812297821045,0.013075292110443115,0.04886925220489502,(GI-UX) Group,password_reset,(GI-UX) Group|(GI-UX) Group|(GI-UX) Group|(GI-UX) Group|(GI-UX) Group,password_reset|password_reset|password_reset|password_reset|password_reset
R-981,Jira's Licenses,(GI-IaaS) Development Platform,software_license,Service request,1,1300,108,0.8737331032752991,0.8373261094093323,0.8317167162895203,0.8019518256187439,0.8737331032752991,0.0364069938659668,0.07178127765655518,(GI-IaaS) Development Platform,software_license,(GI-IaaS) Development Platform|(GI-IaaS) Development Platform|(GI-IaaS) Development Platform|(GI-IaaS) Development Platform|(GI-IaaS) Development Platform,software_license|software_license|software_license|software_license|software_license
R-982,Gft Italia__new_dismissal__20240604_ceoe_Ricci [Ticket to manage virtual devices,(GI-UX) File & Print,offboarding,Service request,0,128,620,0.9683220982551575,0.9586576223373413,0.9586485028266907,0.9537025690078735,0.9683220982551575,0.009664475917816162,0.014619529247283936,(GI-IaaS) Backend Application Srv. & Project Support,offboarding,(GI-IaaS) Backend Application Srv. & Project Support|(GI-UX) Group|(GI-IaaS) Backend Application Srv. & Project Support|(GI-IaaS) Backend Application Srv. & Project Support|(GI-IaaS) Backend Application Srv. & Project Support,offboarding|offboarding|offboarding|offboarding|offboarding
R-983,Gft Italia__new_dismissal__20240604_ceoe_Conte [Ticket to manage Admin Location ,(LF) IT Office Access Italy,offboarding,Service request,0,133,604,0.9856339693069458,0.9827198386192322,0.9829661250114441,0.9818292856216431,0.9856339693069458,0.002914130687713623,0.0038046836853027344,(LF) IT Office Access Italy,offboarding,(LF) IT Office Access Italy|(LF) IT Office Access Italy|(LF) IT Office Access Italy|(LF) IT Office Access Italy|(LF) IT Office Access Italy,offboarding|offboarding|offboarding|offboarding|offboarding
R-984,Gft Italia__new_dismissal__20240604_ceoe_Williams [Ticket to manage device retir,(GI-UX) Group,offboarding,Service request,0,136,603,0.9858665466308594,0.9856400489807129,0.9849966168403625,0.9839445352554321,0.9858665466308594,0.00022649765014648438,0.001922011375427246,(GI-UX) File & Print,offboarding,(GI-UX) File & Print|(GI-UX) Group|(GI-UX) File & Print|(GI-UX) File & Print|(GI-UX) Group,offboarding|offboarding|offboarding|offboarding|offboarding
R-986,gft_italia_new_entry_20240606_815708_SMITH [Ticket to manage device assignments],(GI-UX) Group,onboarding,Service request,0,120,488,0.9920617341995239,0.9877651929855347,0.9865515828132629,0.9825354814529419,0.9920617341995239,0.004296541213989258,0.009526252746582031,(GI-UX) File & Print,onboarding,(GI-UX) File & Print|(GI-UX) File & Print|(GI-UX) File & Print|(GI-UX) File & Print|(GI-UX) Group,onboarding|onboarding|onboarding|onboarding|onboarding
R-989,JIRA SLOW,(GI-IaaS) Development Platform,other,Service request,0,184,9,0.8491711616516113,0.5328793525695801,0.5814139246940613,0.506670355796814,0.8491711616516113,0.31629180908203125,0.34250080585479736,(GI-IaaS) Development Platform,access_problem,(GI-IaaS) Development Platform|(GI-IaaS) Development Platform|(GI-IaaS) Development Platform|(GI-IaaS) Development Platform|(GI-IaaS) Development Platform,access_problem|software_license|access_problem|software_license|software_license
R-99,Problem with logging hours,(GI-IaaS) Development Platform,software_license,Service request,1,1241,139,0.5728518962860107,0.5200276374816895,0.5182438492774963,0.49424371123313904,0.5728518962860107,0.05282425880432129,0.0786081850528717,(GI-SM) Service Desk,other,(GI-SM) Service Desk|(GI-IaaS) Development Platform|(GI-IaaS) Development Platform|(GI-UX) Network Access|(GI-IaaS) Development Platform,other|other|project_tools|other|access_problem
R-992,Need internal VM to access client url,"(GI-IaaS) Network Cloud (Azure, Remote Access)",vpn_access,Service request,1,556,198,0.6028594970703125,0.60130774974823,0.5778628587722778,0.5557684302330017,0.6028594970703125,0.0015517473220825195,0.04709106683731079,(GI-UX) Network Access,vpn_access,"(GI-UX) Network Access|(GI-UX) Group|(GI-UX) Group|(GI-IaaS) Network Cloud (Azure, Remote Access)|(GI-UX) Network Access",vpn_access|vpn_access|vpn_access|vpn_access|vpn_access
R-993,Problem connecting to VPN Europe,(GI-UX) Network Access,vpn_access,Incident,1,737,77,0.6891916394233704,0.6803618669509888,0.6689661145210266,0.6458429098129272,0.6891916394233704,0.008829772472381592,0.043348729610443115,"(GI-IaaS) Network Cloud (Azure, Remote Access)",vpn_access,"(GI-IaaS) Network Cloud (Azure, Remote Access)|(GI-UX) Network Access|(GI-UX) Network Access|(GI-UX) Windows|(GI-UX) Windows",vpn_access|other|other|software_support|software_support
R-994,I need administrator rights on my computer,(GI-CF) Robot Process Automation,admin_rights,Service request,1,4787,126,0.8623943328857422,0.861321210861206,0.8390066027641296,0.8108246326446533,0.8623943328857422,0.0010731220245361328,0.05156970024108887,(GI-CF) Robot Process Automation,admin_rights,(GI-CF) Robot Process Automation|(GI-CF) Robot Process Automation|(GI-CF) Robot Process Automation|(GI-CF) Robot Process Automation|(GI-CF) Robot Process Automation,admin_rights|admin_rights|admin_rights|admin_rights|admin_rights
R-995,Exclude Node.js from system update,(GI-UX) Network Access,software_support,Service request,1,422,133,0.7585703134536743,0.7523440718650818,0.7072202563285828,0.660643458366394,0.7585703134536743,0.006226241588592529,0.09792685508728027,(GI-SM) Service Desk,software_support,(GI-SM) Service Desk|(GI-UX) Group|(GI-SM) Service Desk|(GI-UX) Group|(GI-UX) Group,software_support|software_support|software_support|software_support|other
R-998,Gft Italia_new_entry_20240701_482317_Rossi [Ticket to manage device assignments],(GI-UX) File & Print,onboarding,Service request,0,127,683,0.9918771386146545,0.9866664409637451,0.9871660470962524,0.9855213165283203,0.9918771386146545,0.005210697650909424,0.0063558220863342285,(GI-UX) File & Print,onboarding,(GI-UX) File & Print|(GI-UX) File & Print|(GI-UX) File & Print|(GI-UX) File & Print|(GI-UX) File & Print,onboarding|onboarding|onboarding|onboarding|onboarding
