fraction,n_keep,seed,lift,routing,mean_delta_top1,mean_delta_best5,pct_top1_changed,coverage_global,coverage_class,coverage_team,coverage_intersection
0.01,8,1000,laplace,M1_global,-0.04242007324594689,-0.04328139380881779,0.43573667711598746,0.7218495297805643,0.38749216300940437,0.2252978056426332,0.16855799373040753
0.01,8,1000,laplace,M2_team,0.0017217029014538075,-0.005527752740629788,0.109717868338558,0.7218495297805643,0.38749216300940437,0.2252978056426332,0.16855799373040753
0.01,8,1000,laplace,M4_intersection,0.0011854226639651953,-0.0005652011842189538,0.07836990595611286,0.7218495297805643,0.38749216300940437,0.2252978056426332,0.16855799373040753
0.01,8,1000,laplace,M5_backoff2,-0.043154952212654314,-0.046683912577113386,0.322884012539185,0.7218495297805643,0.38749216300940437,0.2252978056426332,0.16855799373040753
0.01,8,1000,laplace_eb,M1_global,-0.04947173270779344,-0.0601531000206463,0.4827586206896552,0.7218495297805643,0.38749216300940437,0.2252978056426332,0.16855799373040753
0.01,8,1000,laplace_eb,M2_team,0.0006485484353614077,-0.007002725987038268,0.13479623824451412,0.7218495297805643,0.38749216300940437,0.2252978056426332,0.16855799373040753
0.01,8,1000,laplace_eb,M4_intersection,0.0015025563468006337,-0.0008164531198041193,0.10658307210031348,0.7218495297805643,0.38749216300940437,0.2252978056426332,0.16855799373040753
0.01,8,1000,laplace_eb,M5_backoff2,-0.04722863922718924,-0.05448563537067007,0.3322884012539185,0.7218495297805643,0.38749216300940437,0.2252978056426332,0.16855799373040753
0.01,8,1001,laplace,M1_global,-0.01877505890441165,-0.008085938269815475,0.4670846394984326,0.7923510971786834,0.33717868338557994,0.12300940438871476,0.06376175548589341
0.01,8,1001,laplace,M2_team,-0.0015066663112759963,-0.0070433844593251384,0.05642633228840126,0.7923510971786834,0.33717868338557994,0.12300940438871476,0.06376175548589341
0.01,8,1001,laplace,M4_intersection,9.213943840194271e-05,0.0003320576628921174,0.01567398119122257,0.7923510971786834,0.33717868338557994,0.12300940438871476,0.06376175548589341
0.01,8,1001,laplace,M5_backoff2,-0.004839248908537683,-0.005147092955239514,0.3072100313479624,0.7923510971786834,0.33717868338557994,0.12300940438871476,0.06376175548589341
0.01,8,1001,laplace_eb,M1_global,-0.04595703121309744,-0.02425966323075997,0.5611285266457681,0.7923510971786834,0.33717868338557994,0.12300940438871476,0.06376175548589341
0.01,8,1001,laplace_eb,M2_team,0.0006742506962398003,-0.009913499452477338,0.09090909090909091,0.7923510971786834,0.33717868338557994,0.12300940438871476,0.06376175548589341
0.01,8,1001,laplace_eb,M4_intersection,-0.0019374947562860471,2.479889549805453e-05,0.02821316614420063,0.7923510971786834,0.33717868338557994,0.12300940438871476,0.06376175548589341
0.01,8,1001,laplace_eb,M5_backoff2,-0.014034687602734864,-0.015282786658565079,0.3573667711598746,0.7923510971786834,0.33717868338557994,0.12300940438871476,0.06376175548589341
0.01,8,1002,laplace,M1_global,-0.07270868063019735,-0.06412508560572298,0.42946708463949845,0.6212539184952979,0.35460815047021943,0.287460815047022,0.21388714733542322
0.01,8,1002,laplace,M2_team,0.0054986331156428704,0.00114150046368004,0.13166144200626959,0.6212539184952979,0.35460815047021943,0.287460815047022,0.21388714733542322
0.01,8,1002,laplace,M4_intersection,0.0016925714232704856,0.000640017485543852,0.09090909090909091,0.6212539184952979,0.35460815047021943,0.287460815047022,0.21388714733542322
0.01,8,1002,laplace,M5_backoff2,-0.04695382502899274,-0.038301386382886236,0.27899686520376177,0.6212539184952979,0.35460815047021943,0.287460815047022,0.21388714733542322
0.01,8,1002,laplace_eb,M1_global,-0.07471576233782738,-0.08035120134443324,0.49216300940438873,0.6212539184952979,0.35460815047021943,0.287460815047022,0.21388714733542322
0.01,8,1002,laplace_eb,M2_team,0.0011673626434466683,-0.004284630912037853,0.1536050156739812,0.6212539184952979,0.35460815047021943,0.287460815047022,0.21388714733542322
0.01,8,1002,laplace_eb,M4_intersection,0.0018642714778457688,0.0006865915086202113,0.10658307210031348,0.6212539184952979,0.35460815047021943,0.287460815047022,0.21388714733542322
0.01,8,1002,laplace_eb,M5_backoff2,-0.07080632184273024,-0.06696208335202315,0.335423197492163,0.6212539184952979,0.35460815047021943,0.287460815047022,0.21388714733542322
0.01,8,1003,laplace,M1_global,-0.04796417320269776,-0.03477855797471671,0.45768025078369906,0.8137617554858935,0.4448275862068965,0.28626959247648903,0.19253918495297806
0.01,8,1003,laplace,M2_team,0.0005825227330844605,-0.00997897786406514,0.13793103448275862,0.8137617554858935,0.4448275862068965,0.28626959247648903,0.19253918495297806
0.01,8,1003,laplace,M4_intersection,0.008023047708792372,-0.0005849299012306716,0.07836990595611286,0.8137617554858935,0.4448275862068965,0.28626959247648903,0.19253918495297806
0.01,8,1003,laplace,M5_backoff2,-0.012098236400692441,-0.017776368366887202,0.29153605015673983,0.8137617554858935,0.4448275862068965,0.28626959247648903,0.19253918495297806
0.01,8,1003,laplace_eb,M1_global,-0.05692366217511201,-0.06188721751624888,0.5078369905956113,0.8137617554858935,0.4448275862068965,0.28626959247648903,0.19253918495297806
0.01,8,1003,laplace_eb,M2_team,0.0007845208889638368,-0.011268069611447731,0.1755485893416928,0.8137617554858935,0.4448275862068965,0.28626959247648903,0.19253918495297806
0.01,8,1003,laplace_eb,M4_intersection,0.01229094412633244,-1.435145315331725e-05,0.10658307210031348,0.8137617554858935,0.4448275862068965,0.28626959247648903,0.19253918495297806
0.01,8,1003,laplace_eb,M5_backoff2,-0.01545931321793589,-0.01959128689523027,0.3072100313479624,0.8137617554858935,0.4448275862068965,0.28626959247648903,0.19253918495297806
0.01,8,1004,laplace,M1_global,-0.019604866255693673,-0.01291926335952125,0.44200626959247646,0.7103134796238244,0.2757680250783699,0.15219435736677114,0.07125391849529782
0.01,8,1004,laplace,M2_team,0.005192552847922035,-0.0010392944267177283,0.07523510971786834,0.7103134796238244,0.2757680250783699,0.15219435736677114,0.07125391849529782
0.01,8,1004,laplace,M4_intersection,-6.227428823429215e-05,5.9999829175703955e-05,0.03134796238244514,0.7103134796238244,0.2757680250783699,0.15219435736677114,0.07125391849529782
0.01,8,1004,laplace,M5_backoff2,-0.003586136190028026,-0.005623150862122778,0.26959247648902823,0.7103134796238244,0.2757680250783699,0.15219435736677114,0.07125391849529782
0.01,8,1004,laplace_eb,M1_global,-0.039929192583295615,-0.03741232186649287,0.4231974921630094,0.7103134796238244,0.2757680250783699,0.15219435736677114,0.07125391849529782
0.01,8,1004,laplace_eb,M2_team,-0.002475234174803133,-0.004413721516588265,0.08150470219435736,0.7103134796238244,0.2757680250783699,0.15219435736677114,0.07125391849529782
0.01,8,1004,laplace_eb,M4_intersection,0.0015014687955940032,-6.749656133143506e-05,0.03761755485893417,0.7103134796238244,0.2757680250783699,0.15219435736677114,0.07125391849529782
0.01,8,1004,laplace_eb,M5_backoff2,-0.029552446018472362,-0.02959625053928937,0.29780564263322884,0.7103134796238244,0.2757680250783699,0.15219435736677114,0.07125391849529782
0.01,8,1005,laplace,M1_global,-0.05467332788629218,-0.06251067198742893,0.42946708463949845,0.8203448275862069,0.43692789968652035,0.29677115987460817,0.2452037617554859
0.01,8,1005,laplace,M2_team,2.2918709953750563e-05,-0.007720073188733905,0.11912225705329153,0.8203448275862069,0.43692789968652035,0.29677115987460817,0.2452037617554859
0.01,8,1005,laplace,M4_intersection,0.006952118420488782,-0.001186651309082127,0.08150470219435736,0.8203448275862069,0.43692789968652035,0.29677115987460817,0.2452037617554859
0.01,8,1005,laplace,M5_backoff2,0.00744705431186667,-0.0016690923315604278,0.22884012539184953,0.8203448275862069,0.43692789968652035,0.29677115987460817,0.2452037617554859
0.01,8,1005,laplace_eb,M1_global,-0.07757338037171334,-0.08692890391641277,0.4608150470219436,0.8203448275862069,0.43692789968652035,0.29677115987460817,0.2452037617554859
0.01,8,1005,laplace_eb,M2_team,-0.0007223705746537092,-0.010835691025264585,0.18495297805642633,0.8203448275862069,0.43692789968652035,0.29677115987460817,0.2452037617554859
0.01,8,1005,laplace_eb,M4_intersection,0.008458216899427873,0.00015043511659747756,0.1536050156739812,0.8203448275862069,0.43692789968652035,0.29677115987460817,0.2452037617554859
0.01,8,1005,laplace_eb,M5_backoff2,-0.07373308355344874,-0.061744312787878106,0.3981191222570533,0.8203448275862069,0.43692789968652035,0.29677115987460817,0.2452037617554859
0.01,8,1006,laplace,M1_global,-0.031391969984134536,-0.040984618019160805,0.4702194357366771,0.8275235109717869,0.3582445141065831,0.2941692789968652,0.1524137931034483
0.01,8,1006,laplace,M2_team,0.003672939623037476,0.0023196920705813224,0.13166144200626959,0.8275235109717869,0.3582445141065831,0.2941692789968652,0.1524137931034483
0.01,8,1006,laplace,M4_intersection,0.005699825324234918,0.0009804622132950067,0.07210031347962383,0.8275235109717869,0.3582445141065831,0.2941692789968652,0.1524137931034483
0.01,8,1006,laplace,M5_backoff2,-0.009634720704585407,-0.006635411219163375,0.2852664576802508,0.8275235109717869,0.3582445141065831,0.2941692789968652,0.1524137931034483
0.01,8,1006,laplace_eb,M1_global,-0.04782718995755369,-0.06366463365225956,0.4890282131661442,0.8275235109717869,0.3582445141065831,0.2941692789968652,0.1524137931034483
0.01,8,1006,laplace_eb,M2_team,0.008973890290738647,-0.0013626858732169699,0.12225705329153605,0.8275235109717869,0.3582445141065831,0.2941692789968652,0.1524137931034483
0.01,8,1006,laplace_eb,M4_intersection,0.010147434183422675,-0.0009760869707807104,0.0877742946708464,0.8275235109717869,0.3582445141065831,0.2941692789968652,0.1524137931034483
0.01,8,1006,laplace_eb,M5_backoff2,-0.04352426848908577,-0.05368349192004219,0.335423197492163,0.8275235109717869,0.3582445141065831,0.2941692789968652,0.1524137931034483
0.01,8,1007,laplace,M1_global,-0.03721687957924735,-0.0101979373951317,0.3824451410658307,0.6989028213166145,0.3393416927899687,0.2869905956112852,0.2064576802507837
0.01,8,1007,laplace,M2_team,-0.0048188153292318125,-0.0066152740515137915,0.14733542319749215,0.6989028213166145,0.3393416927899687,0.2869905956112852,0.2064576802507837
0.01,8,1007,laplace,M4_intersection,0.0019682080581270413,9.325034566060129e-05,0.10344827586206896,0.6989028213166145,0.3393416927899687,0.2869905956112852,0.2064576802507837
0.01,8,1007,laplace,M5_backoff2,-0.03791182007068377,-0.0076102644298517595,0.26332288401253917,0.6989028213166145,0.3393416927899687,0.2869905956112852,0.2064576802507837
0.01,8,1007,laplace_eb,M1_global,-0.02955903714306676,-0.027774768283000933,0.4263322884012539,0.6989028213166145,0.3393416927899687,0.2869905956112852,0.2064576802507837
0.01,8,1007,laplace_eb,M2_team,-0.00309386419652024,-0.007167879363586162,0.1786833855799373,0.6989028213166145,0.3393416927899687,0.2869905956112852,0.2064576802507837
0.01,8,1007,laplace_eb,M4_intersection,0.005172495838243012,0.001176208257675171,0.12539184952978055,0.6989028213166145,0.3393416927899687,0.2869905956112852,0.2064576802507837
0.01,8,1007,laplace_eb,M5_backoff2,-0.04457266451236223,-0.015857220863847523,0.329153605015674,0.6989028213166145,0.3393416927899687,0.2869905956112852,0.2064576802507837
0.01,8,1008,laplace,M1_global,-0.04663173533205328,-0.026461166320923355,0.4200626959247649,0.751191222570533,0.38990595611285267,0.293448275862069,0.16335423197492163
0.01,8,1008,laplace,M2_team,-0.0013716201470189708,-0.004277666300815474,0.14420062695924765,0.751191222570533,0.38990595611285267,0.293448275862069,0.16335423197492163
0.01,8,1008,laplace,M4_intersection,0.006362935989441169,-0.0001212308959901146,0.06583072100313479,0.751191222570533,0.38990595611285267,0.293448275862069,0.16335423197492163
0.01,8,1008,laplace,M5_backoff2,-0.04911882030926528,-0.04662043893225141,0.28213166144200624,0.751191222570533,0.38990595611285267,0.293448275862069,0.16335423197492163
0.01,8,1008,laplace_eb,M1_global,-0.0639471293640174,-0.04698462321840484,0.49216300940438873,0.751191222570533,0.38990595611285267,0.293448275862069,0.16335423197492163
0.01,8,1008,laplace_eb,M2_team,0.0027425273739058397,-0.011748570213123548,0.1974921630094044,0.751191222570533,0.38990595611285267,0.293448275862069,0.16335423197492163
0.01,8,1008,laplace_eb,M4_intersection,0.010985127693993919,-6.756653606331087e-05,0.09404388714733543,0.751191222570533,0.38990595611285267,0.293448275862069,0.16335423197492163
0.01,8,1008,laplace_eb,M5_backoff2,-0.057960844665859185,-0.061600877807058134,0.34169278996865204,0.751191222570533,0.38990595611285267,0.293448275862069,0.16335423197492163
0.01,8,1009,laplace,M1_global,-0.04551873747317769,-0.030571713436359896,0.3824451410658307,0.679435736677116,0.2501253918495298,0.1855485893416928,0.07968652037617555
0.01,8,1009,laplace,M2_team,-0.002952304519829705,-0.006493556415399414,0.09090909090909091,0.679435736677116,0.2501253918495298,0.1855485893416928,0.07968652037617555
0.01,8,1009,laplace,M4_intersection,-9.091847742612833e-05,2.554143110412789e-05,0.01567398119122257,0.679435736677116,0.2501253918495298,0.1855485893416928,0.07968652037617555
0.01,8,1009,laplace,M5_backoff2,-0.04691448954859497,-0.029292718370132684,0.2445141065830721,0.679435736677116,0.2501253918495298,0.1855485893416928,0.07968652037617555
0.01,8,1009,laplace_eb,M1_global,-0.03921177951753326,-0.04020740967652641,0.4263322884012539,0.679435736677116,0.2501253918495298,0.1855485893416928,0.07968652037617555
0.01,8,1009,laplace_eb,M2_team,-0.009522090721466698,-0.010599601324822835,0.11912225705329153,0.679435736677116,0.2501253918495298,0.1855485893416928,0.07968652037617555
0.01,8,1009,laplace_eb,M4_intersection,7.38904207104052e-05,0.00013460559904762196,0.025078369905956112,0.679435736677116,0.2501253918495298,0.1855485893416928,0.07968652037617555
0.01,8,1009,laplace_eb,M5_backoff2,-0.04071405702810676,-0.03587040242076294,0.27899686520376177,0.679435736677116,0.2501253918495298,0.1855485893416928,0.07968652037617555
0.02,17,1000,laplace,M1_global,-0.04978785970975239,-0.053888377257649056,0.567398119122257,0.8878369905956112,0.5465830721003135,0.4023824451410658,0.27815047021943573
0.02,17,1000,laplace,M2_team,0.007823456324006323,0.005467155323506896,0.1786833855799373,0.8878369905956112,0.5465830721003135,0.4023824451410658,0.27815047021943573
0.02,17,1000,laplace,M4_intersection,0.01319014446862439,0.00773742131678662,0.11285266457680251,0.8878369905956112,0.5465830721003135,0.4023824451410658,0.27815047021943573
0.02,17,1000,laplace,M5_backoff2,-0.040607378715912,-0.053987876374893426,0.45768025078369906,0.8878369905956112,0.5465830721003135,0.4023824451410658,0.27815047021943573
0.02,17,1000,laplace_eb,M1_global,-0.05575043492042533,-0.06999560688450045,0.5893416927899686,0.8878369905956112,0.5465830721003135,0.4023824451410658,0.27815047021943573
0.02,17,1000,laplace_eb,M2_team,0.008588481519289525,0.0016141976215248944,0.23510971786833856,0.8878369905956112,0.5465830721003135,0.4023824451410658,0.27815047021943573
0.02,17,1000,laplace_eb,M4_intersection,0.024144107563462004,0.008593488636435387,0.16927899686520376,0.8878369905956112,0.5465830721003135,0.4023824451410658,0.27815047021943573
0.02,17,1000,laplace_eb,M5_backoff2,-0.05629190966066522,-0.06382530385797675,0.48589341692789967,0.8878369905956112,0.5465830721003135,0.4023824451410658,0.27815047021943573
0.02,17,1001,laplace,M1_global,-0.06062425287633107,-0.03593739351041638,0.5830721003134797,0.9158620689655171,0.618871473354232,0.44407523510971797,0.3294984326018809
0.02,17,1001,laplace,M2_team,0.004005516747882748,0.0015754561439203245,0.23197492163009403,0.9158620689655171,0.618871473354232,0.44407523510971797,0.3294984326018809
0.02,17,1001,laplace,M4_intersection,0.005295867363113595,0.003897600973661417,0.1786833855799373,0.9158620689655171,0.618871473354232,0.44407523510971797,0.3294984326018809
0.02,17,1001,laplace,M5_backoff2,-0.04315639107391752,-0.03426737378009808,0.4482758620689655,0.9158620689655171,0.618871473354232,0.44407523510971797,0.3294984326018809
0.02,17,1001,laplace_eb,M1_global,-0.05415798066224798,-0.04496196454221552,0.6050156739811913,0.9158620689655171,0.618871473354232,0.44407523510971797,0.3294984326018809
0.02,17,1001,laplace_eb,M2_team,0.0014998352966712186,-0.002207989789849165,0.29780564263322884,0.9158620689655171,0.618871473354232,0.44407523510971797,0.3294984326018809
0.02,17,1001,laplace_eb,M4_intersection,0.011953228506548652,0.003987706940749596,0.219435736677116,0.9158620689655171,0.618871473354232,0.44407523510971797,0.3294984326018809
0.02,17,1001,laplace_eb,M5_backoff2,-0.05693965638786274,-0.05306180307297124,0.4670846394984326,0.9158620689655171,0.618871473354232,0.44407523510971797,0.3294984326018809
0.02,17,1002,laplace,M1_global,-0.07716984907895047,-0.06463621024240894,0.542319749216301,0.8878056426332288,0.5934482758620689,0.5081191222570532,0.31880877742946706
0.02,17,1002,laplace,M2_team,0.002315770145680837,-0.0033251489965145866,0.21316614420062696,0.8878056426332288,0.5934482758620689,0.5081191222570532,0.31880877742946706
0.02,17,1002,laplace,M4_intersection,0.004745621012296049,0.002167315038394031,0.12225705329153605,0.8878056426332288,0.5934482758620689,0.5081191222570532,0.31880877742946706
0.02,17,1002,laplace,M5_backoff2,-0.052261005374705155,-0.039485828209446516,0.4608150470219436,0.8878056426332288,0.5934482758620689,0.5081191222570532,0.31880877742946706
0.02,17,1002,laplace_eb,M1_global,-0.06686835660129131,-0.04890312628125696,0.5391849529780565,0.8878056426332288,0.5934482758620689,0.5081191222570532,0.31880877742946706
0.02,17,1002,laplace_eb,M2_team,-3.101707065367026e-06,-0.0042048719329146386,0.22884012539184953,0.8878056426332288,0.5934482758620689,0.5081191222570532,0.31880877742946706
0.02,17,1002,laplace_eb,M4_intersection,0.014913518600703033,0.003886844110339413,0.1724137931034483,0.8878056426332288,0.5934482758620689,0.5081191222570532,0.31880877742946706
0.02,17,1002,laplace_eb,M5_backoff2,-0.06594087741685138,-0.044672380887602565,0.46394984326018807,0.8878056426332288,0.5934482758620689,0.5081191222570532,0.31880877742946706
0.02,17,1003,laplace,M1_global,-0.06110249779721413,-0.03976419390555833,0.5705329153605015,0.9241379310344829,0.6530721003134796,0.49730407523510967,0.3484326018808777
0.02,17,1003,laplace,M2_team,-0.000582059068739601,-0.008863100063838182,0.2946708463949843,0.9241379310344829,0.6530721003134796,0.49730407523510967,0.3484326018808777
0.02,17,1003,laplace,M4_intersection,0.008877599267376628,0.0022290998304899208,0.1974921630094044,0.9241379310344829,0.6530721003134796,0.49730407523510967,0.3484326018808777
0.02,17,1003,laplace,M5_backoff2,-0.03621899037618996,-0.037114881656386635,0.47962382445141066,0.9241379310344829,0.6530721003134796,0.49730407523510967,0.3484326018808777
0.02,17,1003,laplace_eb,M1_global,-0.05223940345560869,-0.05249485102566806,0.6238244514106583,0.9241379310344829,0.6530721003134796,0.49730407523510967,0.3484326018808777
0.02,17,1003,laplace_eb,M2_team,0.0030314298375833746,-0.014323284540056809,0.3385579937304075,0.9241379310344829,0.6530721003134796,0.49730407523510967,0.3484326018808777
0.02,17,1003,laplace_eb,M4_intersection,0.01933840011774933,0.002711369512970545,0.22570532915360503,0.9241379310344829,0.6530721003134796,0.49730407523510967,0.3484326018808777
0.02,17,1003,laplace_eb,M5_backoff2,-0.039566368191593496,-0.046186571631312,0.5391849529780565,0.9241379310344829,0.6530721003134796,0.49730407523510967,0.3484326018808777
0.02,17,1004,laplace,M1_global,-0.040415814374121006,-0.04616150217930725,0.4827586206896552,0.9289341692789969,0.5496238244514106,0.3028526645768025,0.17047021943573668
0.02,17,1004,laplace,M2_team,-0.004690676927566528,-0.009269430205739778,0.14420062695924765,0.9289341692789969,0.5496238244514106,0.3028526645768025,0.17047021943573668
0.02,17,1004,laplace,M4_intersection,0.006277206129041211,0.0025874331453377176,0.08463949843260188,0.9289341692789969,0.5496238244514106,0.3028526645768025,0.17047021943573668
0.02,17,1004,laplace,M5_backoff2,-0.04048796687100001,-0.03756652188525304,0.4106583072100313,0.9289341692789969,0.5496238244514106,0.3028526645768025,0.17047021943573668
0.02,17,1004,laplace_eb,M1_global,-0.06778409230438145,-0.05815631767799114,0.5203761755485894,0.9289341692789969,0.5496238244514106,0.3028526645768025,0.17047021943573668
0.02,17,1004,laplace_eb,M2_team,-0.004135245941929683,-0.011042828376764041,0.1974921630094044,0.9289341692789969,0.5496238244514106,0.3028526645768025,0.17047021943573668
0.02,17,1004,laplace_eb,M4_intersection,0.016827695842446953,0.003119170852589383,0.12225705329153605,0.9289341692789969,0.5496238244514106,0.3028526645768025,0.17047021943573668
0.02,17,1004,laplace_eb,M5_backoff2,-0.04938774538988417,-0.05494709621215689,0.42946708463949845,0.9289341692789969,0.5496238244514106,0.3028526645768025,0.17047021943573668
0.02,17,1005,laplace,M1_global,-0.08461781536290264,-0.06413091854615645,0.5642633228840125,0.9225705329153605,0.48805642633228846,0.42231974921630094,0.23144200626959247
0.02,17,1005,laplace,M2_team,0.003509837071350002,-0.00696914734137843,0.26959247648902823,0.9225705329153605,0.48805642633228846,0.42231974921630094,0.23144200626959247
0.02,17,1005,laplace,M4_intersection,0.01560278970246031,0.00647233814281356,0.12225705329153605,0.9225705329153605,0.48805642633228846,0.42231974921630094,0.23144200626959247
0.02,17,1005,laplace,M5_backoff2,-0.042564803378241936,-0.05608199457389808,0.45454545454545453,0.9225705329153605,0.48805642633228846,0.42231974921630094,0.23144200626959247
0.02,17,1005,laplace_eb,M1_global,-0.10449754312447619,-0.07238243422164439,0.6144200626959248,0.9225705329153605,0.48805642633228846,0.42231974921630094,0.23144200626959247
0.02,17,1005,laplace_eb,M2_team,0.011970552145780815,-0.007578611841022408,0.32601880877742945,0.9225705329153605,0.48805642633228846,0.42231974921630094,0.23144200626959247
0.02,17,1005,laplace_eb,M4_intersection,0.026989258580540416,0.00981063444786311,0.1536050156739812,0.9225705329153605,0.48805642633228846,0.42231974921630094,0.23144200626959247
0.02,17,1005,laplace_eb,M5_backoff2,-0.06187496769904716,-0.06176900190993163,0.4608150470219436,0.9225705329153605,0.48805642633228846,0.42231974921630094,0.23144200626959247
0.02,17,1006,laplace,M1_global,-0.055142603943060184,-0.05103795484969609,0.542319749216301,0.795141065830721,0.5158307210031349,0.43184952978056435,0.29385579937304074
0.02,17,1006,laplace,M2_team,0.0001858471422733558,-0.008601720149987918,0.20376175548589343,0.795141065830721,0.5158307210031349,0.43184952978056435,0.29385579937304074
0.02,17,1006,laplace,M4_intersection,0.00834259474912781,0.00210586134169169,0.14420062695924765,0.795141065830721,0.5158307210031349,0.43184952978056435,0.29385579937304074
0.02,17,1006,laplace,M5_backoff2,-0.0476608927066797,-0.05587941823895075,0.4482758620689655,0.795141065830721,0.5158307210031349,0.43184952978056435,0.29385579937304074
0.02,17,1006,laplace_eb,M1_global,-0.074333646232525,-0.07125231476506469,0.5956112852664577,0.795141065830721,0.5158307210031349,0.43184952978056435,0.29385579937304074
0.02,17,1006,laplace_eb,M2_team,0.002160969584432889,-0.013508575743642347,0.26959247648902823,0.795141065830721,0.5158307210031349,0.43184952978056435,0.29385579937304074
0.02,17,1006,laplace_eb,M4_intersection,0.017395844385261445,0.003588606571329051,0.1974921630094044,0.795141065830721,0.5158307210031349,0.43184952978056435,0.29385579937304074
0.02,17,1006,laplace_eb,M5_backoff2,-0.06341234720706192,-0.0702185562598668,0.47335423197492166,0.795141065830721,0.5158307210031349,0.43184952978056435,0.29385579937304074
0.02,17,1007,laplace,M1_global,-0.07594916664741257,-0.05622761185079533,0.5141065830721003,0.8574294670846394,0.46141065830721,0.3959561128526646,0.2455485893416928
0.02,17,1007,laplace,M2_team,-0.0011567213225140466,-0.00391598354125845,0.18495297805642633,0.8574294670846394,0.46141065830721,0.3959561128526646,0.2455485893416928
0.02,17,1007,laplace,M4_intersection,0.005250042789034709,0.002663530339267934,0.11912225705329153,0.8574294670846394,0.46141065830721,0.3959561128526646,0.2455485893416928
0.02,17,1007,laplace,M5_backoff2,-0.034668572305418484,-0.024796456191980728,0.4231974921630094,0.8574294670846394,0.46141065830721,0.3959561128526646,0.2455485893416928
0.02,17,1007,laplace_eb,M1_global,-0.07680938168659479,-0.08100676639326687,0.49216300940438873,0.8574294670846394,0.46141065830721,0.3959561128526646,0.2455485893416928
0.02,17,1007,laplace_eb,M2_team,-0.002376459760819109,-0.011185351070191793,0.2445141065830721,0.8574294670846394,0.46141065830721,0.3959561128526646,0.2455485893416928
0.02,17,1007,laplace_eb,M4_intersection,0.012242025260734708,0.0039029495095758227,0.14106583072100312,0.8574294670846394,0.46141065830721,0.3959561128526646,0.2455485893416928
0.02,17,1007,laplace_eb,M5_backoff2,-0.07125871301538145,-0.07188468281658465,0.46394984326018807,0.8574294670846394,0.46141065830721,0.3959561128526646,0.2455485893416928
0.02,17,1008,laplace,M1_global,-0.06613421261450714,-0.03226295085536275,0.5924764890282131,0.9607210031347964,0.5221316614420063,0.4670219435736678,0.3015673981191222
0.02,17,1008,laplace,M2_team,0.008326164455529665,-0.0018452053720300848,0.22884012539184953,0.9607210031347964,0.5221316614420063,0.4670219435736678,0.3015673981191222
0.02,17,1008,laplace,M4_intersection,0.013364330553055557,0.006774031349857773,0.13166144200626959,0.9607210031347964,0.5221316614420063,0.4670219435736678,0.3015673981191222
0.02,17,1008,laplace,M5_backoff2,-0.017424917076261814,-0.022228051736063344,0.45454545454545453,0.9607210031347964,0.5221316614420063,0.4670219435736678,0.3015673981191222
0.02,17,1008,laplace_eb,M1_global,-0.07363227052981951,-0.05022681077072239,0.6363636363636364,0.9607210031347964,0.5221316614420063,0.4670219435736678,0.3015673981191222
0.02,17,1008,laplace_eb,M2_team,0.005417162803553488,-0.0032788157276225313,0.2946708463949843,0.9607210031347964,0.5221316614420063,0.4670219435736678,0.3015673981191222
0.02,17,1008,laplace_eb,M4_intersection,0.017489193527022124,0.006934470143811456,0.18495297805642633,0.9607210031347964,0.5221316614420063,0.4670219435736678,0.3015673981191222
0.02,17,1008,laplace_eb,M5_backoff2,-0.02992044305166107,-0.03911669839605642,0.46394984326018807,0.9607210031347964,0.5221316614420063,0.4670219435736678,0.3015673981191222
0.02,17,1009,laplace,M1_global,-0.036343316813247706,-0.014257000951931394,0.5517241379310345,0.8660501567398119,0.5530407523510972,0.3852351097178683,0.25260188087774293
0.02,17,1009,laplace,M2_team,0.0058785494078289376,-0.009843706430686305,0.23510971786833856,0.8660501567398119,0.5530407523510972,0.3852351097178683,0.25260188087774293
0.02,17,1009,laplace,M4_intersection,0.006449195191404289,0.0004981068608155445,0.13479623824451412,0.8660501567398119,0.5530407523510972,0.3852351097178683,0.25260188087774293
0.02,17,1009,laplace,M5_backoff2,-0.07720400934869592,-0.06915845233818581,0.4827586206896552,0.8660501567398119,0.5530407523510972,0.3852351097178683,0.25260188087774293
0.02,17,1009,laplace_eb,M1_global,-0.06723080452846883,-0.05447559049323809,0.5736677115987461,0.8660501567398119,0.5530407523510972,0.3852351097178683,0.25260188087774293
0.02,17,1009,laplace_eb,M2_team,0.004175865946798862,-0.010793378360592833,0.23197492163009403,0.8660501567398119,0.5530407523510972,0.3852351097178683,0.25260188087774293
0.02,17,1009,laplace_eb,M4_intersection,0.015239264150398278,0.0010745433804383471,0.16614420062695925,0.8660501567398119,0.5530407523510972,0.3852351097178683,0.25260188087774293
0.02,17,1009,laplace_eb,M5_backoff2,-0.072929535516564,-0.05769223656773941,0.47962382445141066,0.8660501567398119,0.5530407523510972,0.3852351097178683,0.25260188087774293
0.05,43,1000,laplace,M1_global,-0.058024948795667636,-0.01865037836624911,0.6802507836990596,0.9921630094043887,0.7418495297805643,0.6610971786833856,0.4819435736677116
0.05,43,1000,laplace,M2_team,0.008054628489439764,-0.010872515484830803,0.4827586206896552,0.9921630094043887,0.7418495297805643,0.6610971786833856,0.4819435736677116
0.05,43,1000,laplace,M4_intersection,0.023705573991922003,0.010644604232991376,0.32601880877742945,0.9921630094043887,0.7418495297805643,0.6610971786833856,0.4819435736677116
0.05,43,1000,laplace,M5_backoff2,-0.011860059591763445,-0.01675625808747211,0.677115987460815,0.9921630094043887,0.7418495297805643,0.6610971786833856,0.4819435736677116
0.05,43,1000,laplace_eb,M1_global,-0.04862423153553263,-0.02762106644883051,0.670846394984326,0.9921630094043887,0.7418495297805643,0.6610971786833856,0.4819435736677116
0.05,43,1000,laplace_eb,M2_team,0.009394481486194185,-0.009069057257384716,0.438871473354232,0.9921630094043887,0.7418495297805643,0.6610971786833856,0.4819435736677116
0.05,43,1000,laplace_eb,M4_intersection,0.03654768816589562,0.012142903378764664,0.3166144200626959,0.9921630094043887,0.7418495297805643,0.6610971786833856,0.4819435736677116
0.05,43,1000,laplace_eb,M5_backoff2,-0.02164212068934052,-0.022938675267569323,0.6050156739811913,0.9921630094043887,0.7418495297805643,0.6610971786833856,0.4819435736677116
0.05,43,1001,laplace,M1_global,-0.0593353908941103,-0.042067251328764294,0.6112852664576802,0.9822257053291535,0.7785266457680251,0.6661755485893418,0.43940438871473353
0.05,43,1001,laplace,M2_team,9.31917453260631e-05,-0.010860535231503573,0.34169278996865204,0.9822257053291535,0.7785266457680251,0.6661755485893418,0.43940438871473353
0.05,43,1001,laplace,M4_intersection,0.013521944794535263,0.0021976666951254243,0.2006269592476489,0.9822257053291535,0.7785266457680251,0.6661755485893418,0.43940438871473353
0.05,43,1001,laplace,M5_backoff2,-0.04026121147514137,-0.05883369994200883,0.6238244514106583,0.9822257053291535,0.7785266457680251,0.6661755485893418,0.43940438871473353
0.05,43,1001,laplace_eb,M1_global,-0.07808123319920701,-0.04571087985390032,0.6175548589341693,0.9822257053291535,0.7785266457680251,0.6661755485893418,0.43940438871473353
0.05,43,1001,laplace_eb,M2_team,0.006594141250400334,-0.005823717782489932,0.34796238244514105,0.9822257053291535,0.7785266457680251,0.6661755485893418,0.43940438871473353
0.05,43,1001,laplace_eb,M4_intersection,0.015757418351487307,0.004205401601462528,0.20689655172413793,0.9822257053291535,0.7785266457680251,0.6661755485893418,0.43940438871473353
0.05,43,1001,laplace_eb,M5_backoff2,-0.06304715901940221,-0.0593743173399689,0.5768025078369906,0.9822257053291535,0.7785266457680251,0.6661755485893418,0.43940438871473353
0.05,43,1002,laplace,M1_global,-0.07738968768510325,-0.06272146661640335,0.6018808777429467,0.9855485893416928,0.7624137931034483,0.6791849529780564,0.511128526645768
0.05,43,1002,laplace,M2_team,0.003778298481785018,-0.011126994806397297,0.41379310344827586,0.9855485893416928,0.7624137931034483,0.6791849529780564,0.511128526645768
0.05,43,1002,laplace,M4_intersection,0.02608789922815505,0.007204222174647459,0.2884012539184953,0.9855485893416928,0.7624137931034483,0.6791849529780564,0.511128526645768
0.05,43,1002,laplace,M5_backoff2,0.000874188544701633,-0.012838049555273266,0.542319749216301,0.9855485893416928,0.7624137931034483,0.6791849529780564,0.511128526645768
0.05,43,1002,laplace_eb,M1_global,-0.08491636792834276,-0.07567055201082021,0.6300940438871473,0.9855485893416928,0.7624137931034483,0.6791849529780564,0.511128526645768
0.05,43,1002,laplace_eb,M2_team,0.005905004913063259,-0.013725458034153643,0.445141065830721,0.9855485893416928,0.7624137931034483,0.6791849529780564,0.511128526645768
0.05,43,1002,laplace_eb,M4_intersection,0.03714328066542231,0.008422510564140392,0.329153605015674,0.9855485893416928,0.7624137931034483,0.6791849529780564,0.511128526645768
0.05,43,1002,laplace_eb,M5_backoff2,-0.0017998106544107478,-0.022021509076360624,0.542319749216301,0.9855485893416928,0.7624137931034483,0.6791849529780564,0.511128526645768
0.05,43,1003,laplace,M1_global,-0.05401504044435615,-0.04465789027909126,0.677115987460815,0.9852664576802507,0.7431974921630095,0.6072413793103448,0.43495297805642635
0.05,43,1003,laplace,M2_team,-0.004465180586404561,-0.009275245488997911,0.3667711598746082,0.9852664576802507,0.7431974921630095,0.6072413793103448,0.43495297805642635
0.05,43,1003,laplace,M4_intersection,0.01483978752665759,0.0058491837268339055,0.25705329153605017,0.9852664576802507,0.7431974921630095,0.6072413793103448,0.43495297805642635
0.05,43,1003,laplace,M5_backoff2,-0.052478140027358615,-0.04722116462489281,0.6050156739811913,0.9852664576802507,0.7431974921630095,0.6072413793103448,0.43495297805642635
0.05,43,1003,laplace_eb,M1_global,-0.06107456107451624,-0.05577720059403058,0.6426332288401254,0.9852664576802507,0.7431974921630095,0.6072413793103448,0.43495297805642635
0.05,43,1003,laplace_eb,M2_team,-0.0019619279777555254,-0.013581508192522773,0.4012539184952978,0.9852664576802507,0.7431974921630095,0.6072413793103448,0.43495297805642635
0.05,43,1003,laplace_eb,M4_intersection,0.024384018500863944,0.006797792582676329,0.26959247648902823,0.9852664576802507,0.7431974921630095,0.6072413793103448,0.43495297805642635
0.05,43,1003,laplace_eb,M5_backoff2,-0.06644119220701131,-0.06206916798151399,0.5517241379310345,0.9852664576802507,0.7431974921630095,0.6072413793103448,0.43495297805642635
0.05,43,1004,laplace,M1_global,-0.07243898324084506,-0.04252874001066513,0.6238244514106583,0.9856426332288402,0.7404388714733543,0.6052351097178683,0.4091222570532916
0.05,43,1004,laplace,M2_team,-0.0018537389026913897,-0.008522855497452906,0.34796238244514105,0.9856426332288402,0.7404388714733543,0.6052351097178683,0.4091222570532916
0.05,43,1004,laplace,M4_intersection,0.003955215682804024,0.0014206842755822926,0.15673981191222572,0.9856426332288402,0.7404388714733543,0.6052351097178683,0.4091222570532916
0.05,43,1004,laplace,M5_backoff2,-0.01461310865690342,-0.014344388321275622,0.5893416927899686,0.9856426332288402,0.7404388714733543,0.6052351097178683,0.4091222570532916
0.05,43,1004,laplace_eb,M1_global,-0.09087384479313061,-0.05782265568788522,0.6144200626959248,0.9856426332288402,0.7404388714733543,0.6052351097178683,0.4091222570532916
0.05,43,1004,laplace_eb,M2_team,-0.0066959370499868,-0.009333966340764563,0.3573667711598746,0.9856426332288402,0.7404388714733543,0.6052351097178683,0.4091222570532916
0.05,43,1004,laplace_eb,M4_intersection,0.013723376519440857,0.0028004622945217504,0.1974921630094044,0.9856426332288402,0.7404388714733543,0.6052351097178683,0.4091222570532916
0.05,43,1004,laplace_eb,M5_backoff2,-0.054911754044432624,-0.04979132702077818,0.5705329153605015,0.9856426332288402,0.7404388714733543,0.6052351097178683,0.4091222570532916
0.05,43,1005,laplace,M1_global,-0.055745928230050215,-0.04220110948743491,0.5799373040752351,0.912100313479624,0.6767711598746081,0.6187774294670846,0.4509090909090908
0.05,43,1005,laplace,M2_team,0.01917464832620561,-0.01184659271404661,0.3949843260188088,0.912100313479624,0.6767711598746081,0.6187774294670846,0.4509090909090908
0.05,43,1005,laplace,M4_intersection,0.02195042290003696,0.002248566445885781,0.27586206896551724,0.912100313479624,0.6767711598746081,0.6187774294670846,0.4509090909090908
0.05,43,1005,laplace,M5_backoff2,-0.030461935764383,-0.0480245480249668,0.5454545454545454,0.912100313479624,0.6767711598746081,0.6187774294670846,0.4509090909090908
0.05,43,1005,laplace_eb,M1_global,-0.03677912657864415,-0.04831146820211859,0.6112852664576802,0.912100313479624,0.6767711598746081,0.6187774294670846,0.4509090909090908
0.05,43,1005,laplace_eb,M2_team,0.02049250745427646,-0.010800625089567657,0.3824451410658307,0.912100313479624,0.6767711598746081,0.6187774294670846,0.4509090909090908
0.05,43,1005,laplace_eb,M4_intersection,0.02704216738386214,0.0031467891972640463,0.27899686520376177,0.912100313479624,0.6767711598746081,0.6187774294670846,0.4509090909090908
0.05,43,1005,laplace_eb,M5_backoff2,-0.02797987883133948,-0.05205545170366951,0.542319749216301,0.912100313479624,0.6767711598746081,0.6187774294670846,0.4509090909090908
0.05,43,1006,laplace,M1_global,-0.03179322277724182,-0.04980517629545684,0.6833855799373041,0.9773667711598747,0.7280877742946709,0.6524764890282131,0.47429467084639504
0.05,43,1006,laplace,M2_team,0.010056189071608936,-0.006640856308996864,0.4012539184952978,0.9773667711598747,0.7280877742946709,0.6524764890282131,0.47429467084639504
0.05,43,1006,laplace,M4_intersection,0.018270811223684808,0.007855069674668267,0.26332288401253917,0.9773667711598747,0.7280877742946709,0.6524764890282131,0.47429467084639504
0.05,43,1006,laplace,M5_backoff2,-0.029321924354121977,-0.045711236173830064,0.6238244514106583,0.9773667711598747,0.7280877742946709,0.6524764890282131,0.47429467084639504
0.05,43,1006,laplace_eb,M1_global,-0.053574239187012644,-0.06759180390162155,0.6865203761755486,0.9773667711598747,0.7280877742946709,0.6524764890282131,0.47429467084639504
0.05,43,1006,laplace_eb,M2_team,-0.002395094632168175,-0.009919022154471718,0.4482758620689655,0.9773667711598747,0.7280877742946709,0.6524764890282131,0.47429467084639504
0.05,43,1006,laplace_eb,M4_intersection,0.024985753875634512,0.00863802433013916,0.26959247648902823,0.9773667711598747,0.7280877742946709,0.6524764890282131,0.47429467084639504
0.05,43,1006,laplace_eb,M5_backoff2,-0.05596215465926451,-0.05291039305140606,0.5768025078369906,0.9773667711598747,0.7280877742946709,0.6524764890282131,0.47429467084639504
0.05,43,1007,laplace,M1_global,-0.05563771474791171,-0.029363078663715375,0.6050156739811913,0.9836363636363635,0.7919435736677116,0.7050470219435736,0.5436050156739812
0.05,43,1007,laplace,M2_team,-0.002203979146985051,-0.011441922369982382,0.4169278996865204,0.9836363636363635,0.7919435736677116,0.7050470219435736,0.5436050156739812
0.05,43,1007,laplace,M4_intersection,0.01782121516320399,0.0019672569062642543,0.2664576802507837,0.9836363636363635,0.7919435736677116,0.7050470219435736,0.5436050156739812
0.05,43,1007,laplace,M5_backoff2,-0.026259993813161193,-0.017072274299998268,0.5642633228840125,0.9836363636363635,0.7919435736677116,0.7050470219435736,0.5436050156739812
0.05,43,1007,laplace_eb,M1_global,-0.06363454367673509,-0.0426396017070848,0.5736677115987461,0.9836363636363635,0.7919435736677116,0.7050470219435736,0.5436050156739812
0.05,43,1007,laplace_eb,M2_team,-0.009231713463239909,-0.015805291368109306,0.445141065830721,0.9836363636363635,0.7919435736677116,0.7050470219435736,0.5436050156739812
0.05,43,1007,laplace_eb,M4_intersection,0.02441714549886769,0.004884177614528931,0.2852664576802508,0.9836363636363635,0.7919435736677116,0.7050470219435736,0.5436050156739812
0.05,43,1007,laplace_eb,M5_backoff2,-0.022823537334939904,-0.03173120551068207,0.5329153605015674,0.9836363636363635,0.7919435736677116,0.7050470219435736,0.5436050156739812
0.05,43,1008,laplace,M1_global,-0.04585579417202166,-0.05089175297081657,0.64576802507837,0.9817241379310345,0.7641692789968653,0.7153291536050157,0.5204702194357367
0.05,43,1008,laplace,M2_team,0.007121683031227148,-0.006831533482829605,0.47648902821316613,0.9817241379310345,0.7641692789968653,0.7153291536050157,0.5204702194357367
0.05,43,1008,laplace,M4_intersection,0.023066854262053033,0.005269164295405804,0.2946708463949843,0.9817241379310345,0.7641692789968653,0.7153291536050157,0.5204702194357367
0.05,43,1008,laplace,M5_backoff2,-0.04293196085478445,-0.05356722953364393,0.6018808777429467,0.9817241379310345,0.7641692789968653,0.7153291536050157,0.5204702194357367
0.05,43,1008,laplace_eb,M1_global,-0.05071749069894369,-0.06478622462308518,0.6802507836990596,0.9817241379310345,0.7641692789968653,0.7153291536050157,0.5204702194357367
0.05,43,1008,laplace_eb,M2_team,0.005130511174287916,-0.011509565443828189,0.46394984326018807,0.9817241379310345,0.7641692789968653,0.7153291536050157,0.5204702194357367
0.05,43,1008,laplace_eb,M4_intersection,0.023459410779528483,0.006672521743654831,0.335423197492163,0.9817241379310345,0.7641692789968653,0.7153291536050157,0.5204702194357367
0.05,43,1008,laplace_eb,M5_backoff2,-0.04176143751856302,-0.06006793803929535,0.554858934169279,0.9817241379310345,0.7641692789968653,0.7153291536050157,0.5204702194357367
0.05,43,1009,laplace,M1_global,-0.04938995689854353,-0.03352521558446944,0.664576802507837,0.9948902821316614,0.7779937304075235,0.6546394984326018,0.4994043887147335
0.05,43,1009,laplace,M2_team,-0.012074803005098176,-0.010227421514666567,0.39184952978056425,0.9948902821316614,0.7779937304075235,0.6546394984326018,0.4994043887147335
0.05,43,1009,laplace,M4_intersection,0.019373728598827106,0.004244752251616093,0.29153605015673983,0.9948902821316614,0.7779937304075235,0.6546394984326018,0.4994043887147335
0.05,43,1009,laplace,M5_backoff2,-0.04835736539016323,-0.027923793885214574,0.6332288401253918,0.9948902821316614,0.7779937304075235,0.6546394984326018,0.4994043887147335
0.05,43,1009,laplace_eb,M1_global,-0.05223244812841699,-0.05147165807437,0.6363636363636364,0.9948902821316614,0.7779937304075235,0.6546394984326018,0.4994043887147335
0.05,43,1009,laplace_eb,M2_team,-0.006039986614616687,-0.015627830192960542,0.40752351097178685,0.9948902821316614,0.7779937304075235,0.6546394984326018,0.4994043887147335
0.05,43,1009,laplace_eb,M4_intersection,0.032160760735549895,0.005850610127643358,0.32601880877742945,0.9948902821316614,0.7779937304075235,0.6546394984326018,0.4994043887147335
0.05,43,1009,laplace_eb,M5_backoff2,-0.046523974852221886,-0.05788673219916215,0.567398119122257,0.9948902821316614,0.7779937304075235,0.6546394984326018,0.4994043887147335
0.1,87,1000,laplace,M1_global,-0.08106295436293727,-0.04856038955405215,0.6018808777429467,0.9934796238244513,0.8486206896551726,0.7462068965517241,0.5894043887147334
0.1,87,1000,laplace,M2_team,0.0008617674225363238,-0.011132436392822983,0.47335423197492166,0.9934796238244513,0.8486206896551726,0.7462068965517241,0.5894043887147334
0.1,87,1000,laplace,M4_intersection,0.014868206645254057,0.004244888183838895,0.32601880877742945,0.9934796238244513,0.8486206896551726,0.7462068965517241,0.5894043887147334
0.1,87,1000,laplace,M5_backoff2,-0.022370410364903625,-0.01793923181099204,0.6363636363636364,0.9934796238244513,0.8486206896551726,0.7462068965517241,0.5894043887147334
0.1,87,1000,laplace_eb,M1_global,-0.09276537876284234,-0.057454941765081174,0.6112852664576802,0.9934796238244513,0.8486206896551726,0.7462068965517241,0.5894043887147334
0.1,87,1000,laplace_eb,M2_team,0.004690340355178779,-0.01540450686384518,0.45454545454545453,0.9934796238244513,0.8486206896551726,0.7462068965517241,0.5894043887147334
0.1,87,1000,laplace_eb,M4_intersection,0.03102144632827152,0.007270416869638856,0.335423197492163,0.9934796238244513,0.8486206896551726,0.7462068965517241,0.5894043887147334
0.1,87,1000,laplace_eb,M5_backoff2,-0.009044568378443255,-0.017139627361746044,0.5799373040752351,0.9934796238244513,0.8486206896551726,0.7462068965517241,0.5894043887147334
0.1,87,1001,laplace,M1_global,-0.042049979142914744,-0.026754697475313765,0.6426332288401254,0.9893730407523511,0.8283385579937305,0.7905956112852666,0.6452978056426332
0.1,87,1001,laplace,M2_team,0.0073874097866324425,-0.0116773350952561,0.5266457680250783,0.9893730407523511,0.8283385579937305,0.7905956112852666,0.6452978056426332
0.1,87,1001,laplace,M4_intersection,0.026728509221704777,0.005315507467263918,0.4012539184952978,0.9893730407523511,0.8283385579937305,0.7905956112852666,0.6452978056426332
0.1,87,1001,laplace,M5_backoff2,0.00887991396891286,-0.0049813986291706,0.6018808777429467,0.9893730407523511,0.8283385579937305,0.7905956112852666,0.6452978056426332
0.1,87,1001,laplace_eb,M1_global,-0.05463709333053203,-0.040974667616959275,0.658307210031348,0.9893730407523511,0.8283385579937305,0.7905956112852666,0.6452978056426332
0.1,87,1001,laplace_eb,M2_team,0.015083034794345545,-0.012624186735168146,0.48589341692789967,0.9893730407523511,0.8283385579937305,0.7905956112852666,0.6452978056426332
0.1,87,1001,laplace_eb,M4_intersection,0.03694619622583673,0.006720393896102905,0.3793103448275862,0.9893730407523511,0.8283385579937305,0.7905956112852666,0.6452978056426332
0.1,87,1001,laplace_eb,M5_backoff2,0.006112807853655381,-0.014632802164666704,0.5235109717868338,0.9893730407523511,0.8283385579937305,0.7905956112852666,0.6452978056426332
0.1,87,1002,laplace,M1_global,0.00151955351513755,-0.012740506320537819,0.5329153605015674,0.997398119122257,0.8821630094043886,0.7699686520376174,0.6017868338557993
0.1,87,1002,laplace,M2_team,0.011464321804831394,-0.0028682424450369092,0.5109717868338558,0.997398119122257,0.8821630094043886,0.7699686520376174,0.6017868338557993
0.1,87,1002,laplace,M4_intersection,0.031002624246487424,0.008653614214595208,0.4043887147335423,0.997398119122257,0.8821630094043886,0.7699686520376174,0.6017868338557993
0.1,87,1002,laplace,M5_backoff2,0.02513274586639808,-0.0005855635509221905,0.6332288401253918,0.997398119122257,0.8821630094043886,0.7699686520376174,0.6017868338557993
0.1,87,1002,laplace_eb,M1_global,-0.029435097038465606,-0.023118755613748557,0.6363636363636364,0.997398119122257,0.8821630094043886,0.7699686520376174,0.6017868338557993
0.1,87,1002,laplace_eb,M2_team,0.018915700256170523,-0.010199206376150485,0.5203761755485894,0.997398119122257,0.8821630094043886,0.7699686520376174,0.6017868338557993
0.1,87,1002,laplace_eb,M4_intersection,0.03942089879353966,0.008572729216847675,0.3730407523510972,0.997398119122257,0.8821630094043886,0.7699686520376174,0.6017868338557993
0.1,87,1002,laplace_eb,M5_backoff2,0.022423898666910243,-0.010474581983769575,0.542319749216301,0.997398119122257,0.8821630094043886,0.7699686520376174,0.6017868338557993
0.1,87,1003,laplace,M1_global,-0.09978782463830467,-0.06532823184627724,0.6896551724137931,0.9965203761755486,0.8305015673981191,0.7874921630094044,0.6003761755485892
0.1,87,1003,laplace,M2_team,0.0009013451051936254,-0.020565393436291376,0.5297805642633229,0.9965203761755486,0.8305015673981191,0.7874921630094044,0.6003761755485892
0.1,87,1003,laplace,M4_intersection,0.028200437247659717,0.007111246122461875,0.36990595611285265,0.9965203761755486,0.8305015673981191,0.7874921630094044,0.6003761755485892
0.1,87,1003,laplace,M5_backoff2,-0.013467765211778749,-0.017467768635122005,0.658307210031348,0.9965203761755486,0.8305015673981191,0.7874921630094044,0.6003761755485892
0.1,87,1003,laplace_eb,M1_global,-0.10519042936939058,-0.08423369749212714,0.7053291536050157,0.9965203761755486,0.8305015673981191,0.7874921630094044,0.6003761755485892
0.1,87,1003,laplace_eb,M2_team,0.006936514720927959,-0.01642071607531425,0.4670846394984326,0.9965203761755486,0.8305015673981191,0.7874921630094044,0.6003761755485892
0.1,87,1003,laplace_eb,M4_intersection,0.034479721925195106,0.009939095163046379,0.322884012539185,0.9965203761755486,0.8305015673981191,0.7874921630094044,0.6003761755485892
0.1,87,1003,laplace_eb,M5_backoff2,-0.013228998674214074,-0.03033322471903409,0.5830721003134797,0.9965203761755486,0.8305015673981191,0.7874921630094044,0.6003761755485892
0.1,87,1004,laplace,M1_global,-0.040268494966542084,-0.04209023896242758,0.5893416927899686,0.9958934169278997,0.8775862068965516,0.767335423197492,0.5833228840125392
0.1,87,1004,laplace,M2_team,0.014029623374202781,-0.0074875059079227025,0.5172413793103449,0.9958934169278997,0.8775862068965516,0.767335423197492,0.5833228840125392
0.1,87,1004,laplace,M4_intersection,0.01646309483761324,0.005692193780946881,0.4012539184952978,0.9958934169278997,0.8775862068965516,0.767335423197492,0.5833228840125392
0.1,87,1004,laplace,M5_backoff2,-0.036119084221348866,-0.027743155142543458,0.6426332288401254,0.9958934169278997,0.8775862068965516,0.767335423197492,0.5833228840125392
0.1,87,1004,laplace_eb,M1_global,-0.052205632811523156,-0.06254659333853138,0.6426332288401254,0.9958934169278997,0.8775862068965516,0.767335423197492,0.5833228840125392
0.1,87,1004,laplace_eb,M2_team,0.014221355540905627,-0.011184224888075108,0.46394984326018807,0.9958934169278997,0.8775862068965516,0.767335423197492,0.5833228840125392
0.1,87,1004,laplace_eb,M4_intersection,0.03538732708294563,0.01217826929959384,0.34169278996865204,0.9958934169278997,0.8775862068965516,0.767335423197492,0.5833228840125392
0.1,87,1004,laplace_eb,M5_backoff2,-0.00973978600111501,-0.015801571519770966,0.542319749216301,0.9958934169278997,0.8775862068965516,0.767335423197492,0.5833228840125392
0.1,87,1005,laplace,M1_global,-0.061679819149189984,-0.049531578737366536,0.6300940438871473,0.9978996865203763,0.8846081504702192,0.8242006269592477,0.6454231974921629
0.1,87,1005,laplace,M2_team,0.007930570039722987,-0.013750324195081537,0.5203761755485894,0.9978996865203763,0.8846081504702192,0.8242006269592477,0.6454231974921629
0.1,87,1005,laplace,M4_intersection,0.02271169698490618,0.005221668081971172,0.4106583072100313,0.9978996865203763,0.8846081504702192,0.8242006269592477,0.6454231974921629
0.1,87,1005,laplace,M5_backoff2,-0.0031165671666214083,-0.014500007173484396,0.6144200626959248,0.9978996865203763,0.8846081504702192,0.8242006269592477,0.6454231974921629
0.1,87,1005,laplace_eb,M1_global,-0.06294044911814707,-0.06263655456816515,0.6394984326018809,0.9978996865203763,0.8846081504702192,0.8242006269592477,0.6454231974921629
0.1,87,1005,laplace_eb,M2_team,0.007213576845707938,-0.013390915847870997,0.4890282131661442,0.9978996865203763,0.8846081504702192,0.8242006269592477,0.6454231974921629
0.1,87,1005,laplace_eb,M4_intersection,0.03258267384851614,0.008342933879003256,0.3887147335423197,0.9978996865203763,0.8846081504702192,0.8242006269592477,0.6454231974921629
0.1,87,1005,laplace_eb,M5_backoff2,-0.00036157024177637965,-0.019025489687919617,0.5329153605015674,0.9978996865203763,0.8846081504702192,0.8242006269592477,0.6454231974921629
0.1,87,1006,laplace,M1_global,-0.0603456148019405,-0.025489669094638765,0.6489028213166145,0.9954858934169281,0.8484639498432601,0.775485893416928,0.6005329153605016
0.1,87,1006,laplace,M2_team,0.004927085998663708,-0.013831584991706202,0.5297805642633229,0.9954858934169281,0.8484639498432601,0.775485893416928,0.6005329153605016
0.1,87,1006,laplace,M4_intersection,0.032593997002675616,0.004821099364271732,0.39184952978056425,0.9954858934169281,0.8484639498432601,0.775485893416928,0.6005329153605016
0.1,87,1006,laplace,M5_backoff2,-0.003201563483495324,-0.015723851780906368,0.6520376175548589,0.9954858934169281,0.8484639498432601,0.775485893416928,0.6005329153605016
0.1,87,1006,laplace_eb,M1_global,-0.05016848607263221,-0.0472488955690943,0.6551724137931034,0.9954858934169281,0.8484639498432601,0.775485893416928,0.6005329153605016
0.1,87,1006,laplace_eb,M2_team,0.005018323414658304,-0.015745436229675915,0.47335423197492166,0.9954858934169281,0.8484639498432601,0.775485893416928,0.6005329153605016
0.1,87,1006,laplace_eb,M4_intersection,0.037282581344760694,0.008424706406727853,0.3166144200626959,0.9954858934169281,0.8484639498432601,0.775485893416928,0.6005329153605016
0.1,87,1006,laplace_eb,M5_backoff2,-0.008492419583763821,-0.026141657491089036,0.5611285266457681,0.9954858934169281,0.8484639498432601,0.775485893416928,0.6005329153605016
0.1,87,1007,laplace,M1_global,-0.04917981658936668,-0.039140862450704306,0.664576802507837,0.9949843260188087,0.8708777429467085,0.7443887147335423,0.5964890282131661
0.1,87,1007,laplace,M2_team,0.015615449138102486,-0.0037478488814494454,0.5109717868338558,0.9949843260188087,0.8708777429467085,0.7443887147335423,0.5964890282131661
0.1,87,1007,laplace,M4_intersection,0.020299600209562008,0.007739179373534869,0.335423197492163,0.9949843260188087,0.8708777429467085,0.7443887147335423,0.5964890282131661
0.1,87,1007,laplace,M5_backoff2,0.002486117493629829,-0.010691105618745929,0.5642633228840125,0.9949843260188087,0.8708777429467085,0.7443887147335423,0.5964890282131661
0.1,87,1007,laplace_eb,M1_global,-0.0522106195855477,-0.051543091111422336,0.6394984326018809,0.9949843260188087,0.8708777429467085,0.7443887147335423,0.5964890282131661
0.1,87,1007,laplace_eb,M2_team,0.012391961959181907,-0.0004048520775050579,0.43573667711598746,0.9949843260188087,0.8708777429467085,0.7443887147335423,0.5964890282131661
0.1,87,1007,laplace_eb,M4_intersection,0.0276949218471409,0.008869018207149446,0.29153605015673983,0.9949843260188087,0.8708777429467085,0.7443887147335423,0.5964890282131661
0.1,87,1007,laplace_eb,M5_backoff2,0.005558170436598291,-0.01343787608662369,0.47962382445141066,0.9949843260188087,0.8708777429467085,0.7443887147335423,0.5964890282131661
0.1,87,1008,laplace,M1_global,-0.044085773940090105,-0.0497575383107864,0.6426332288401254,0.9978996865203763,0.8562382445141066,0.8090282131661442,0.6699686520376175
0.1,87,1008,laplace,M2_team,0.007986837863735271,0.00024966727416717146,0.5611285266457681,0.9978996865203763,0.8562382445141066,0.8090282131661442,0.6699686520376175
0.1,87,1008,laplace,M4_intersection,0.03179760786433205,0.011958873851172228,0.3981191222570533,0.9978996865203763,0.8562382445141066,0.8090282131661442,0.6699686520376175
0.1,87,1008,laplace,M5_backoff2,0.015949188179824044,-0.003748600058794769,0.6300940438871473,0.9978996865203763,0.8562382445141066,0.8090282131661442,0.6699686520376175
0.1,87,1008,laplace_eb,M1_global,-0.04981875836522228,-0.05222573208397832,0.6394984326018809,0.9978996865203763,0.8562382445141066,0.8090282131661442,0.6699686520376175
0.1,87,1008,laplace_eb,M2_team,0.00807289236158039,-0.004958011139896596,0.4890282131661442,0.9978996865203763,0.8562382445141066,0.8090282131661442,0.6699686520376175
0.1,87,1008,laplace_eb,M4_intersection,0.0413154773414135,0.012745340509474465,0.41379310344827586,0.9978996865203763,0.8562382445141066,0.8090282131661442,0.6699686520376175
0.1,87,1008,laplace_eb,M5_backoff2,0.007903462561974332,-0.010042580737962992,0.567398119122257,0.9978996865203763,0.8562382445141066,0.8090282131661442,0.6699686520376175
0.1,87,1009,laplace,M1_global,-0.046014732900177796,-0.04115746392164858,0.5768025078369906,0.9982131661442005,0.8520062695924766,0.807398119122257,0.6370532915360502
0.1,87,1009,laplace,M2_team,0.011283379538586148,-0.0031062963427421065,0.4670846394984326,0.9982131661442005,0.8520062695924766,0.807398119122257,0.6370532915360502
0.1,87,1009,laplace,M4_intersection,0.031092926124140014,0.010188833579748029,0.32601880877742945,0.9982131661442005,0.8520062695924766,0.807398119122257,0.6370532915360502
0.1,87,1009,laplace,M5_backoff2,0.012507870080983004,-0.0061977266050805115,0.567398119122257,0.9982131661442005,0.8520062695924766,0.807398119122257,0.6370532915360502
0.1,87,1009,laplace_eb,M1_global,-0.05071786579713926,-0.0482874635525258,0.6081504702194357,0.9982131661442005,0.8520062695924766,0.807398119122257,0.6370532915360502
0.1,87,1009,laplace_eb,M2_team,0.0061962903713731554,-0.0009435730574646713,0.42946708463949845,0.9982131661442005,0.8520062695924766,0.807398119122257,0.6370532915360502
0.1,87,1009,laplace_eb,M4_intersection,0.038680498094114016,0.012825502217002797,0.32601880877742945,0.9982131661442005,0.8520062695924766,0.807398119122257,0.6370532915360502
0.1,87,1009,laplace_eb,M5_backoff2,0.019153864628001813,-0.004442355102132481,0.5141065830721003,0.9982131661442005,0.8520062695924766,0.807398119122257,0.6370532915360502
0.25,219,1000,laplace,M1_global,-0.043071327339799424,-0.04238580246704125,0.5736677115987461,0.9998119122257053,0.9448275862068964,0.8986833855799373,0.8097492163009404
0.25,219,1000,laplace,M2_team,0.000172140619784687,-0.0017274437372961015,0.6018808777429467,0.9998119122257053,0.9448275862068964,0.8986833855799373,0.8097492163009404
0.25,219,1000,laplace,M4_intersection,0.027422073247570976,0.011170015766702849,0.43260188087774293,0.9998119122257053,0.9448275862068964,0.8986833855799373,0.8097492163009404
0.25,219,1000,laplace,M5_backoff2,0.02336260369251888,-0.000769908385217003,0.5768025078369906,0.9998119122257053,0.9448275862068964,0.8986833855799373,0.8097492163009404
0.25,219,1000,laplace_eb,M1_global,-0.048297766923063604,-0.05713914297404334,0.6332288401253918,0.9998119122257053,0.9448275862068964,0.8986833855799373,0.8097492163009404
0.25,219,1000,laplace_eb,M2_team,0.009898466878456755,-0.008532065209176473,0.5015673981191222,0.9998119122257053,0.9448275862068964,0.8986833855799373,0.8097492163009404
0.25,219,1000,laplace_eb,M4_intersection,0.037609825512178265,0.01652543980126097,0.36990595611285265,0.9998119122257053,0.9448275862068964,0.8986833855799373,0.8097492163009404
0.25,219,1000,laplace_eb,M5_backoff2,0.017102740763403405,-0.005572290442954037,0.445141065830721,0.9998119122257053,0.9448275862068964,0.8986833855799373,0.8097492163009404
0.25,219,1001,laplace,M1_global,-0.059786351940661765,-0.0509760243859037,0.5705329153605015,0.9997805642633231,0.9437931034482758,0.9015987460815047,0.7765830721003134
0.25,219,1001,laplace,M2_team,-0.0014808253855167137,-0.016188851624820675,0.5768025078369906,0.9997805642633231,0.9437931034482758,0.9015987460815047,0.7765830721003134
0.25,219,1001,laplace,M4_intersection,0.035451801301076495,0.010114242010355743,0.43573667711598746,0.9997805642633231,0.9437931034482758,0.9015987460815047,0.7765830721003134
0.25,219,1001,laplace,M5_backoff2,0.017080312927595126,-0.004545265732794346,0.554858934169279,0.9997805642633231,0.9437931034482758,0.9015987460815047,0.7765830721003134
0.25,219,1001,laplace_eb,M1_global,-0.06931702716737331,-0.07012278282997376,0.6332288401253918,0.9997805642633231,0.9437931034482758,0.9015987460815047,0.7765830721003134
0.25,219,1001,laplace_eb,M2_team,0.01533583580840344,-0.006355982168714828,0.5266457680250783,0.9997805642633231,0.9437931034482758,0.9015987460815047,0.7765830721003134
0.25,219,1001,laplace_eb,M4_intersection,0.0450120436430538,0.012365030644455674,0.4012539184952978,0.9997805642633231,0.9437931034482758,0.9015987460815047,0.7765830721003134
0.25,219,1001,laplace_eb,M5_backoff2,0.020162122691966898,-0.0034676695878976564,0.49216300940438873,0.9997805642633231,0.9437931034482758,0.9015987460815047,0.7765830721003134
0.25,219,1002,laplace,M1_global,-0.05704224353720402,-0.032015300096015574,0.5799373040752351,0.9999373040752352,0.9500313479623823,0.8879310344827587,0.7795611285266458
0.25,219,1002,laplace,M2_team,0.010085164624788917,-0.004500944459326215,0.6206896551724138,0.9999373040752352,0.9500313479623823,0.8879310344827587,0.7795611285266458
0.25,219,1002,laplace,M4_intersection,0.043141874878851225,0.012279092798412408,0.4608150470219436,0.9999373040752352,0.9500313479623823,0.8879310344827587,0.7795611285266458
0.25,219,1002,laplace,M5_backoff2,0.013709054109538236,-0.0024639417104960234,0.5893416927899686,0.9999373040752352,0.9500313479623823,0.8879310344827587,0.7795611285266458
0.25,219,1002,laplace_eb,M1_global,-0.051727105726175546,-0.04660237001307706,0.6520376175548589,0.9999373040752352,0.9500313479623823,0.8879310344827587,0.7795611285266458
0.25,219,1002,laplace_eb,M2_team,0.013462636573094185,-0.0027462300088338344,0.48589341692789967,0.9999373040752352,0.9500313479623823,0.8879310344827587,0.7795611285266458
0.25,219,1002,laplace_eb,M4_intersection,0.04062701473275322,0.018041122015740804,0.3510971786833856,0.9999373040752352,0.9500313479623823,0.8879310344827587,0.7795611285266458
0.25,219,1002,laplace_eb,M5_backoff2,0.023354369726580886,-0.0018425359621317035,0.45454545454545453,0.9999373040752352,0.9500313479623823,0.8879310344827587,0.7795611285266458
0.25,219,1003,laplace,M1_global,-0.04567776159106003,-0.05164028877001197,0.5579937304075235,0.9995924764890283,0.9365203761755486,0.882539184952978,0.7736363636363636
0.25,219,1003,laplace,M2_team,0.008602598816343236,-0.006393590831083937,0.6300940438871473,0.9995924764890283,0.9365203761755486,0.882539184952978,0.7736363636363636
0.25,219,1003,laplace,M4_intersection,0.03576243244882288,0.010463679378682917,0.4608150470219436,0.9995924764890283,0.9365203761755486,0.882539184952978,0.7736363636363636
0.25,219,1003,laplace,M5_backoff2,0.018784354414592343,-0.001710040418892445,0.5893416927899686,0.9995924764890283,0.9365203761755486,0.882539184952978,0.7736363636363636
0.25,219,1003,laplace_eb,M1_global,-0.05599367972404979,-0.06611044008903742,0.6426332288401254,0.9995924764890283,0.9365203761755486,0.882539184952978,0.7736363636363636
0.25,219,1003,laplace_eb,M2_team,0.009813203555196057,-0.004949607445528515,0.5360501567398119,0.9995924764890283,0.9365203761755486,0.882539184952978,0.7736363636363636
0.25,219,1003,laplace_eb,M4_intersection,0.04001082784750245,0.016190284098203653,0.39184952978056425,0.9995924764890283,0.9365203761755486,0.882539184952978,0.7736363636363636
0.25,219,1003,laplace_eb,M5_backoff2,0.011584543380711146,-0.01096636617445273,0.4827586206896552,0.9995924764890283,0.9365203761755486,0.882539184952978,0.7736363636363636
0.25,219,1004,laplace,M1_global,-0.04062705637659399,-0.04361159613700496,0.5391849529780565,1.0,0.9484326018808777,0.9042633228840127,0.8093103448275862
0.25,219,1004,laplace,M2_team,0.011614972217516466,-0.00791192134159112,0.5893416927899686,1.0,0.9484326018808777,0.9042633228840127,0.8093103448275862
0.25,219,1004,laplace,M4_intersection,0.03557913651146859,0.012771199769734589,0.4608150470219436,1.0,0.9484326018808777,0.9042633228840127,0.8093103448275862
0.25,219,1004,laplace,M5_backoff2,0.026311305377830906,0.00597159522454193,0.5579937304075235,1.0,0.9484326018808777,0.9042633228840127,0.8093103448275862
0.25,219,1004,laplace_eb,M1_global,-0.047194091492218655,-0.0538376617861392,0.6332288401253918,1.0,0.9484326018808777,0.9042633228840127,0.8093103448275862
0.25,219,1004,laplace_eb,M2_team,0.011678691369519338,-0.008188698639316618,0.4890282131661442,1.0,0.9484326018808777,0.9042633228840127,0.8093103448275862
0.25,219,1004,laplace_eb,M4_intersection,0.040989272798583797,0.016076919240263936,0.3981191222570533,1.0,0.9484326018808777,0.9042633228840127,0.8093103448275862
0.25,219,1004,laplace_eb,M5_backoff2,0.0199090979386086,3.60055963821172e-05,0.49216300940438873,1.0,0.9484326018808777,0.9042633228840127,0.8093103448275862
0.25,219,1005,laplace,M1_global,-0.05908840076069473,-0.03898392134232207,0.54858934169279,1.0,0.9447648902821316,0.8676489028213166,0.7690282131661442
0.25,219,1005,laplace,M2_team,0.013433010098422208,-0.006231782905360374,0.6175548589341693,1.0,0.9447648902821316,0.8676489028213166,0.7690282131661442
0.25,219,1005,laplace,M4_intersection,0.046005888430395846,0.010744375214681356,0.4231974921630094,1.0,0.9447648902821316,0.8676489028213166,0.7690282131661442
0.25,219,1005,laplace,M5_backoff2,0.019608908113921325,-0.0014318415550602641,0.5391849529780565,1.0,0.9447648902821316,0.8676489028213166,0.7690282131661442
0.25,219,1005,laplace_eb,M1_global,-0.07207838486774962,-0.05275191261570282,0.64576802507837,1.0,0.9447648902821316,0.8676489028213166,0.7690282131661442
0.25,219,1005,laplace_eb,M2_team,0.01389520665554791,-0.00792345521405199,0.49843260188087773,1.0,0.9447648902821316,0.8676489028213166,0.7690282131661442
0.25,219,1005,laplace_eb,M4_intersection,0.04477934409691996,0.013305299708088364,0.335423197492163,1.0,0.9447648902821316,0.8676489028213166,0.7690282131661442
0.25,219,1005,laplace_eb,M5_backoff2,0.026286820270891846,-0.005242114600529865,0.44200626959247646,1.0,0.9447648902821316,0.8676489028213166,0.7690282131661442
0.25,219,1006,laplace,M1_global,-0.055238605234596797,-0.041447746015641385,0.5579937304075235,0.9999373040752352,0.952257053291536,0.9178369905956112,0.8186206896551723
0.25,219,1006,laplace,M2_team,-0.0012286384721347905,-0.009643448347395117,0.6112852664576802,0.9999373040752352,0.952257053291536,0.9178369905956112,0.8186206896551723
0.25,219,1006,laplace,M4_intersection,0.03615827364467528,0.012060157884624684,0.45141065830721006,0.9999373040752352,0.952257053291536,0.9178369905956112,0.8186206896551723
0.25,219,1006,laplace,M5_backoff2,0.028617366295903453,0.0017512750616267931,0.5454545454545454,0.9999373040752352,0.952257053291536,0.9178369905956112,0.8186206896551723
0.25,219,1006,laplace_eb,M1_global,-0.0709353955024649,-0.05546717861883319,0.6614420062695925,0.9999373040752352,0.952257053291536,0.9178369905956112,0.8186206896551723
0.25,219,1006,laplace_eb,M2_team,0.01848634826398942,-0.005665085952857445,0.49216300940438873,0.9999373040752352,0.952257053291536,0.9178369905956112,0.8186206896551723
0.25,219,1006,laplace_eb,M4_intersection,0.04586752033485888,0.013012996007656229,0.36990595611285265,0.9999373040752352,0.952257053291536,0.9178369905956112,0.8186206896551723
0.25,219,1006,laplace_eb,M5_backoff2,0.029115386470731898,-0.00224990689642377,0.4482758620689655,0.9999373040752352,0.952257053291536,0.9178369905956112,0.8186206896551723
0.25,219,1007,laplace,M1_global,-0.06767760878166061,-0.042623924938115204,0.5078369905956113,1.0,0.9389655172413792,0.9011285266457681,0.7696551724137931
0.25,219,1007,laplace,M2_team,0.005272304469888861,-0.004085394282326056,0.5642633228840125,1.0,0.9389655172413792,0.9011285266457681,0.7696551724137931
0.25,219,1007,laplace,M4_intersection,0.028489503962773142,0.012349177116884333,0.3887147335423197,1.0,0.9389655172413792,0.9011285266457681,0.7696551724137931
0.25,219,1007,laplace,M5_backoff2,0.014898092395459597,-0.0006215574225661896,0.5391849529780565,1.0,0.9389655172413792,0.9011285266457681,0.7696551724137931
0.25,219,1007,laplace_eb,M1_global,-0.07165381582132702,-0.056780443623148165,0.5830721003134797,1.0,0.9389655172413792,0.9011285266457681,0.7696551724137931
0.25,219,1007,laplace_eb,M2_team,0.010420913478143537,-0.009481760915543966,0.49843260188087773,1.0,0.9389655172413792,0.9011285266457681,0.7696551724137931
0.25,219,1007,laplace_eb,M4_intersection,0.041820450064063444,0.01372412986889902,0.3730407523510972,1.0,0.9389655172413792,0.9011285266457681,0.7696551724137931
0.25,219,1007,laplace_eb,M5_backoff2,0.019671414094191732,-0.0031241731583885263,0.46394984326018807,1.0,0.9389655172413792,0.9011285266457681,0.7696551724137931
0.25,219,1008,laplace,M1_global,-0.05360574703838758,-0.05732716115477691,0.54858934169279,0.9998119122257055,0.9155799373040752,0.8826959247648904,0.7701253918495299
0.25,219,1008,laplace,M2_team,0.009317044670865826,-0.009368092802624718,0.6050156739811913,0.9998119122257055,0.9155799373040752,0.8826959247648904,0.7701253918495299
0.25,219,1008,laplace,M4_intersection,0.044033691976044245,0.009729456938919976,0.3887147335423197,0.9998119122257055,0.9155799373040752,0.8826959247648904,0.7701253918495299
0.25,219,1008,laplace,M5_backoff2,0.01269064877520908,-0.006638743567242518,0.49216300940438873,0.9998119122257055,0.9155799373040752,0.8826959247648904,0.7701253918495299
0.25,219,1008,laplace_eb,M1_global,-0.07356506370031347,-0.06961688016275627,0.6175548589341693,0.9998119122257055,0.9155799373040752,0.8826959247648904,0.7701253918495299
0.25,219,1008,laplace_eb,M2_team,0.007950273812471138,-0.010527976908280185,0.5329153605015674,0.9998119122257055,0.9155799373040752,0.8826959247648904,0.7701253918495299
0.25,219,1008,laplace_eb,M4_intersection,0.0423057000955631,0.013066365801054856,0.36363636363636365,0.9998119122257055,0.9155799373040752,0.8826959247648904,0.7701253918495299
0.25,219,1008,laplace_eb,M5_backoff2,0.020534993841263192,-0.01033171824527011,0.4702194357366771,0.9998119122257055,0.9155799373040752,0.8826959247648904,0.7701253918495299
0.25,219,1009,laplace,M1_global,-0.05555817163709936,-0.045335431317550634,0.542319749216301,0.9998746081504704,0.9355799373040751,0.8719122257053291,0.7363636363636363
0.25,219,1009,laplace,M2_team,0.012431747720906727,-0.004535749461209886,0.567398119122257,0.9998746081504704,0.9355799373040751,0.8719122257053291,0.7363636363636363
0.25,219,1009,laplace,M4_intersection,0.03901079055330597,0.010052398734705575,0.43260188087774293,0.9998746081504704,0.9355799373040751,0.8719122257053291,0.7363636363636363
0.25,219,1009,laplace,M5_backoff2,0.02626084915849856,-0.00036747478018733776,0.5642633228840125,0.9998746081504704,0.9355799373040751,0.8719122257053291,0.7363636363636363
0.25,219,1009,laplace_eb,M1_global,-0.06414236858206857,-0.058847278683536855,0.6300940438871473,0.9998746081504704,0.9355799373040751,0.8719122257053291,0.7363636363636363
0.25,219,1009,laplace_eb,M2_team,0.022497038984653717,0.0008143473848653811,0.5109717868338558,0.9998746081504704,0.9355799373040751,0.8719122257053291,0.7363636363636363
0.25,219,1009,laplace_eb,M4_intersection,0.04718652541594445,0.01645309685913373,0.4012539184952978,0.9998746081504704,0.9355799373040751,0.8719122257053291,0.7363636363636363
0.25,219,1009,laplace_eb,M5_backoff2,0.027318846107370055,-0.0027249064471654384,0.5329153605015674,0.9998746081504704,0.9355799373040751,0.8719122257053291,0.7363636363636363
0.5,439,1000,laplace,M1_global,-0.06260238538808584,-0.05414359864770058,0.45768025078369906,1.0,0.9702507836990595,0.932319749216301,0.8631347962382446
0.5,439,1000,laplace,M2_team,0.014663110741160133,-0.008105367795800714,0.5924764890282131,1.0,0.9702507836990595,0.932319749216301,0.8631347962382446
0.5,439,1000,laplace,M4_intersection,0.045539316934384524,0.012568811918127126,0.46394984326018807,1.0,0.9702507836990595,0.932319749216301,0.8631347962382446
0.5,439,1000,laplace,M5_backoff2,0.03584472735800713,0.008832949876411582,0.5078369905956113,1.0,0.9702507836990595,0.932319749216301,0.8631347962382446
0.5,439,1000,laplace_eb,M1_global,-0.07606573107427564,-0.06868686543363015,0.6175548589341693,1.0,0.9702507836990595,0.932319749216301,0.8631347962382446
0.5,439,1000,laplace_eb,M2_team,0.020429840527451525,-8.079549735616367e-05,0.5015673981191222,1.0,0.9702507836990595,0.932319749216301,0.8631347962382446
0.5,439,1000,laplace_eb,M4_intersection,0.04941692496401763,0.01661092323195598,0.34796238244514105,1.0,0.9702507836990595,0.932319749216301,0.8631347962382446
0.5,439,1000,laplace_eb,M5_backoff2,0.035457973698370136,0.00792973873944118,0.4012539184952978,1.0,0.9702507836990595,0.932319749216301,0.8631347962382446
0.5,439,1001,laplace,M1_global,-0.040577350774061716,-0.043014561915098684,0.4670846394984326,1.0,0.9681191222570532,0.9468965517241379,0.8785893416927899
0.5,439,1001,laplace,M2_team,0.014239682153241014,-0.009421486185635892,0.6394984326018809,1.0,0.9681191222570532,0.9468965517241379,0.8785893416927899
0.5,439,1001,laplace,M4_intersection,0.043459167756537284,0.008588240391408389,0.49216300940438873,1.0,0.9681191222570532,0.9468965517241379,0.8785893416927899
0.5,439,1001,laplace,M5_backoff2,0.036316344205021486,0.006176493291197152,0.5391849529780565,1.0,0.9681191222570532,0.9468965517241379,0.8785893416927899
0.5,439,1001,laplace_eb,M1_global,-0.049882789846030895,-0.06312830897988196,0.6050156739811913,1.0,0.9681191222570532,0.9468965517241379,0.8785893416927899
0.5,439,1001,laplace_eb,M2_team,0.01959273792499659,-0.009727270111768598,0.4827586206896552,1.0,0.9681191222570532,0.9468965517241379,0.8785893416927899
0.5,439,1001,laplace_eb,M4_intersection,0.041771745058156104,0.016826548826731857,0.3730407523510972,1.0,0.9681191222570532,0.9468965517241379,0.8785893416927899
0.5,439,1001,laplace_eb,M5_backoff2,0.03139811252071566,0.005606836379508613,0.42946708463949845,1.0,0.9681191222570532,0.9468965517241379,0.8785893416927899
0.5,439,1002,laplace,M1_global,-0.045414097256794995,-0.049173231782584356,0.4702194357366771,1.0,0.9746708463949844,0.9448589341692791,0.8903134796238245
0.5,439,1002,laplace,M2_team,0.011848585137098935,-0.0033345836270191826,0.6144200626959248,1.0,0.9746708463949844,0.9448589341692791,0.8903134796238245
0.5,439,1002,laplace,M4_intersection,0.04102070932057584,0.013441146447740752,0.5015673981191222,1.0,0.9746708463949844,0.9448589341692791,0.8903134796238245
0.5,439,1002,laplace,M5_backoff2,0.03684954755125001,0.011080940175205936,0.5203761755485894,1.0,0.9746708463949844,0.9448589341692791,0.8903134796238245
0.5,439,1002,laplace_eb,M1_global,-0.05101679049455634,-0.06626989970386589,0.6332288401253918,1.0,0.9746708463949844,0.9448589341692791,0.8903134796238245
0.5,439,1002,laplace_eb,M2_team,0.021089053441271138,-0.005580787935227062,0.4890282131661442,1.0,0.9746708463949844,0.9448589341692791,0.8903134796238245
0.5,439,1002,laplace_eb,M4_intersection,0.04195385756771019,0.016378094223225753,0.3793103448275862,1.0,0.9746708463949844,0.9448589341692791,0.8903134796238245
0.5,439,1002,laplace_eb,M5_backoff2,0.03283304199109257,0.008251481949348808,0.40752351097178685,1.0,0.9746708463949844,0.9448589341692791,0.8903134796238245
0.5,439,1003,laplace,M1_global,-0.05478640330435714,-0.03747812520747648,0.45141065830721006,1.0,0.9612225705329154,0.9348902821316615,0.8587460815047023
0.5,439,1003,laplace,M2_team,-0.004166429144181428,-0.01699652627904587,0.6112852664576802,1.0,0.9612225705329154,0.9348902821316615,0.8587460815047023
0.5,439,1003,laplace,M4_intersection,0.0440291832069805,0.01102973950507125,0.47335423197492166,1.0,0.9612225705329154,0.9348902821316615,0.8587460815047023
0.5,439,1003,laplace,M5_backoff2,0.023039689223314154,0.008295775861201988,0.5454545454545454,1.0,0.9612225705329154,0.9348902821316615,0.8587460815047023
0.5,439,1003,laplace_eb,M1_global,-0.06169398669678963,-0.061089763867444004,0.5956112852664577,1.0,0.9612225705329154,0.9348902821316615,0.8587460815047023
0.5,439,1003,laplace_eb,M2_team,0.014949439683210887,-0.004223156264956842,0.49843260188087773,1.0,0.9612225705329154,0.9348902821316615,0.8587460815047023
0.5,439,1003,laplace_eb,M4_intersection,0.0473441236468505,0.018650416763598642,0.3730407523510972,1.0,0.9612225705329154,0.9348902821316615,0.8587460815047023
0.5,439,1003,laplace_eb,M5_backoff2,0.03860872422219444,0.008288282352181438,0.4200626959247649,1.0,0.9612225705329154,0.9348902821316615,0.8587460815047023
0.5,439,1004,laplace,M1_global,-0.06694887844746389,-0.05171919340810806,0.5203761755485894,1.0,0.9711598746081505,0.9367084639498433,0.8619122257053293
0.5,439,1004,laplace,M2_team,0.004778987655071629,-0.006551096058190803,0.6332288401253918,1.0,0.9711598746081505,0.9367084639498433,0.8619122257053293
0.5,439,1004,laplace,M4_intersection,0.04129259025555419,0.015816751412089717,0.4827586206896552,1.0,0.9711598746081505,0.9367084639498433,0.8619122257053293
0.5,439,1004,laplace,M5_backoff2,0.026329592103868444,0.006676265672082811,0.5517241379310345,1.0,0.9711598746081505,0.9367084639498433,0.8619122257053293
0.5,439,1004,laplace_eb,M1_global,-0.06638117827078018,-0.07398624907373261,0.5924764890282131,1.0,0.9711598746081505,0.9367084639498433,0.8619122257053293
0.5,439,1004,laplace_eb,M2_team,0.014578639736930405,-0.0002754770663091008,0.49843260188087773,1.0,0.9711598746081505,0.9367084639498433,0.8619122257053293
0.5,439,1004,laplace_eb,M4_intersection,0.04783293858263934,0.018457616477924453,0.3385579937304075,1.0,0.9711598746081505,0.9367084639498433,0.8619122257053293
0.5,439,1004,laplace_eb,M5_backoff2,0.03924346430268034,0.008172807274940993,0.3981191222570533,1.0,0.9711598746081505,0.9367084639498433,0.8619122257053293
0.5,439,1005,laplace,M1_global,-0.05984678546836757,-0.0562289613634815,0.44200626959247646,1.0,0.9745454545454545,0.9421630094043888,0.874075235109718
0.5,439,1005,laplace,M2_team,0.005915193500283369,-0.01361021273375305,0.5956112852664577,1.0,0.9745454545454545,0.9421630094043888,0.874075235109718
0.5,439,1005,laplace,M4_intersection,0.038956983581325474,0.008017365975439736,0.4702194357366771,1.0,0.9745454545454545,0.9421630094043888,0.874075235109718
0.5,439,1005,laplace,M5_backoff2,0.03470060109017785,0.008454280073366195,0.5203761755485894,1.0,0.9745454545454545,0.9421630094043888,0.874075235109718
0.5,439,1005,laplace_eb,M1_global,-0.06612952739047033,-0.07164695443217657,0.5924764890282131,1.0,0.9745454545454545,0.9421630094043888,0.874075235109718
0.5,439,1005,laplace_eb,M2_team,0.016114372573209034,-0.010263934311074523,0.5015673981191222,1.0,0.9745454545454545,0.9421630094043888,0.874075235109718
0.5,439,1005,laplace_eb,M4_intersection,0.044130647642578825,0.015280968623475222,0.3793103448275862,1.0,0.9745454545454545,0.9421630094043888,0.874075235109718
0.5,439,1005,laplace_eb,M5_backoff2,0.03308703099905884,0.0030451441726714466,0.4263322884012539,1.0,0.9745454545454545,0.9421630094043888,0.874075235109718
0.5,439,1006,laplace,M1_global,-0.06504850706149792,-0.059510842105811666,0.4263322884012539,1.0,0.9714420062695924,0.9410031347962384,0.8692789968652038
0.5,439,1006,laplace,M2_team,0.015332055678094815,-0.008031557719909285,0.6081504702194357,1.0,0.9714420062695924,0.9410031347962384,0.8692789968652038
0.5,439,1006,laplace,M4_intersection,0.04559403558649987,0.011444254681981843,0.47648902821316613,1.0,0.9714420062695924,0.9410031347962384,0.8692789968652038
0.5,439,1006,laplace,M5_backoff2,0.03811908171141409,0.006563028151338751,0.5141065830721003,1.0,0.9714420062695924,0.9410031347962384,0.8692789968652038
0.5,439,1006,laplace_eb,M1_global,-0.0842376982787373,-0.09315912124224965,0.6112852664576802,1.0,0.9714420062695924,0.9410031347962384,0.8692789968652038
0.5,439,1006,laplace_eb,M2_team,0.026587936396602552,-0.003868476023494637,0.46394984326018807,1.0,0.9714420062695924,0.9410031347962384,0.8692789968652038
0.5,439,1006,laplace_eb,M4_intersection,0.04615818922842932,0.016036184977588235,0.34796238244514105,1.0,0.9714420062695924,0.9410031347962384,0.8692789968652038
0.5,439,1006,laplace_eb,M5_backoff2,0.03714721370780356,0.005340530487437233,0.40752351097178685,1.0,0.9714420062695924,0.9410031347962384,0.8692789968652038
0.5,439,1007,laplace,M1_global,-0.0447220814919397,-0.03812545780851549,0.48589341692789967,1.0,0.9668965517241379,0.939216300940439,0.8514420062695925
0.5,439,1007,laplace,M2_team,0.0032017452753262832,-0.007785945803767835,0.6520376175548589,1.0,0.9668965517241379,0.939216300940439,0.8514420062695925
0.5,439,1007,laplace,M4_intersection,0.03752785221583044,0.015331975671938594,0.45768025078369906,1.0,0.9668965517241379,0.939216300940439,0.8514420062695925
0.5,439,1007,laplace,M5_backoff2,0.026992841632482025,0.004060505045618757,0.5172413793103449,1.0,0.9668965517241379,0.939216300940439,0.8514420062695925
0.5,439,1007,laplace_eb,M1_global,-0.05537166214054655,-0.06236880643988104,0.6175548589341693,1.0,0.9668965517241379,0.939216300940439,0.8514420062695925
0.5,439,1007,laplace_eb,M2_team,0.02178430086626528,-0.009140581079411283,0.5015673981191222,1.0,0.9668965517241379,0.939216300940439,0.8514420062695925
0.5,439,1007,laplace_eb,M4_intersection,0.04323047690303722,0.016249501312788003,0.32601880877742945,1.0,0.9668965517241379,0.939216300940439,0.8514420062695925
0.5,439,1007,laplace_eb,M5_backoff2,0.028487537967093687,0.00596442650478088,0.3824451410658307,1.0,0.9668965517241379,0.939216300940439,0.8514420062695925
0.5,439,1008,laplace,M1_global,-0.05668710169840756,-0.04892026074814572,0.47648902821316613,1.0,0.9653605015673983,0.9368025078369905,0.8711912225705328
0.5,439,1008,laplace,M2_team,0.01302794699898708,-0.006386569254450664,0.6332288401253918,1.0,0.9653605015673983,0.9368025078369905,0.8711912225705328
0.5,439,1008,laplace,M4_intersection,0.03765860831709491,0.010244774454065998,0.5141065830721003,1.0,0.9653605015673983,0.9368025078369905,0.8711912225705328
0.5,439,1008,laplace,M5_backoff2,0.03885717037189343,0.009981314158271472,0.5454545454545454,1.0,0.9653605015673983,0.9368025078369905,0.8711912225705328
0.5,439,1008,laplace_eb,M1_global,-0.059727875264741034,-0.06669719526573409,0.5987460815047022,1.0,0.9653605015673983,0.9368025078369905,0.8711912225705328
0.5,439,1008,laplace_eb,M2_team,0.018259075169559557,-0.005215323924270917,0.5078369905956113,1.0,0.9653605015673983,0.9368025078369905,0.8711912225705328
0.5,439,1008,laplace_eb,M4_intersection,0.04456073841004162,0.017672496062461112,0.3385579937304075,1.0,0.9653605015673983,0.9368025078369905,0.8711912225705328
0.5,439,1008,laplace_eb,M5_backoff2,0.04131473833257128,0.010895799646930635,0.3949843260188088,1.0,0.9653605015673983,0.9368025078369905,0.8711912225705328
0.5,439,1009,laplace,M1_global,-0.03584906444841044,-0.034174554026612666,0.47648902821316613,1.0,0.9731034482758619,0.9389341692789968,0.8761128526645768
0.5,439,1009,laplace,M2_team,0.02114101465452801,-0.007232345010045928,0.64576802507837,1.0,0.9731034482758619,0.9389341692789968,0.8761128526645768
0.5,439,1009,laplace,M4_intersection,0.04994124843268933,0.01390825954724255,0.47335423197492166,1.0,0.9731034482758619,0.9389341692789968,0.8761128526645768
0.5,439,1009,laplace,M5_backoff2,0.03911582222879867,0.007837481306264393,0.49216300940438873,1.0,0.9731034482758619,0.9389341692789968,0.8761128526645768
0.5,439,1009,laplace_eb,M1_global,-0.033130489091234144,-0.049975295799279285,0.6238244514106583,1.0,0.9731034482758619,0.9389341692789968,0.8761128526645768
0.5,439,1009,laplace_eb,M2_team,0.02998917114258186,-0.00035112400226832184,0.5078369905956113,1.0,0.9731034482758619,0.9389341692789968,0.8761128526645768
0.5,439,1009,laplace_eb,M4_intersection,0.05057852971002599,0.018482317745125033,0.3573667711598746,1.0,0.9731034482758619,0.9389341692789968,0.8761128526645768
0.5,439,1009,laplace_eb,M5_backoff2,0.03840834962723771,0.008165433489043137,0.4231974921630094,1.0,0.9731034482758619,0.9389341692789968,0.8761128526645768
0.75,658,1000,laplace,M1_global,-0.06544272984643715,-0.04609889595486154,0.4702194357366771,1.0,0.9810031347962382,0.9612539184952977,0.9137931034482759
0.75,658,1000,laplace,M2_team,0.004979549098444583,-0.01064792298784824,0.6050156739811913,1.0,0.9810031347962382,0.9612539184952977,0.9137931034482759
0.75,658,1000,laplace,M4_intersection,0.039138252773908984,0.011409282590901964,0.47335423197492166,1.0,0.9810031347962382,0.9612539184952977,0.9137931034482759
0.75,658,1000,laplace,M5_backoff2,0.04364660537588559,0.013693129894875434,0.5047021943573667,1.0,0.9810031347962382,0.9612539184952977,0.9137931034482759
0.75,658,1000,laplace_eb,M1_global,-0.0751987804883513,-0.0670958957795439,0.5862068965517241,1.0,0.9810031347962382,0.9612539184952977,0.9137931034482759
0.75,658,1000,laplace_eb,M2_team,0.020504803574851314,-0.004264479567264688,0.4608150470219436,1.0,0.9810031347962382,0.9612539184952977,0.9137931034482759
0.75,658,1000,laplace_eb,M4_intersection,0.051570705684094595,0.018288775017268978,0.3072100313479624,1.0,0.9810031347962382,0.9612539184952977,0.9137931034482759
0.75,658,1000,laplace_eb,M5_backoff2,0.043397509717735754,0.012730014595118437,0.34796238244514105,1.0,0.9810031347962382,0.9612539184952977,0.9137931034482759
0.75,658,1001,laplace,M1_global,-0.05436297713962842,-0.04229504271734471,0.4702194357366771,1.0,0.9801880877742947,0.9586833855799375,0.9183385579937303
0.75,658,1001,laplace,M2_team,0.0047335731081641205,-0.0014810566337878426,0.664576802507837,1.0,0.9801880877742947,0.9586833855799375,0.9183385579937303
0.75,658,1001,laplace,M4_intersection,0.04370031350505389,0.01343597485727651,0.49216300940438873,1.0,0.9801880877742947,0.9586833855799375,0.9183385579937303
0.75,658,1001,laplace,M5_backoff2,0.041762584674414426,0.010053351918544888,0.5266457680250783,1.0,0.9801880877742947,0.9586833855799375,0.9183385579937303
0.75,658,1001,laplace_eb,M1_global,-0.0647255272770937,-0.05811525456210289,0.6018808777429467,1.0,0.9801880877742947,0.9586833855799375,0.9183385579937303
0.75,658,1001,laplace_eb,M2_team,0.024888007840299306,0.0002475853624015019,0.47335423197492166,1.0,0.9801880877742947,0.9586833855799375,0.9183385579937303
0.75,658,1001,laplace_eb,M4_intersection,0.05019908990465735,0.01740146383970135,0.3542319749216301,1.0,0.9801880877742947,0.9586833855799375,0.9183385579937303
0.75,658,1001,laplace_eb,M5_backoff2,0.043143643422466835,0.012566218882518876,0.3887147335423197,1.0,0.9801880877742947,0.9586833855799375,0.9183385579937303
0.75,658,1002,laplace,M1_global,-0.058144613586623095,-0.04487310910486502,0.45454545454545453,1.0,0.9773040752351096,0.9551097178683385,0.9046081504702196
0.75,658,1002,laplace,M2_team,0.0059992471902534875,-0.00828689504940308,0.6144200626959248,1.0,0.9773040752351096,0.9551097178683385,0.9046081504702196
0.75,658,1002,laplace,M4_intersection,0.04214395399330925,0.012123305595780615,0.49843260188087773,1.0,0.9773040752351096,0.9551097178683385,0.9046081504702196
0.75,658,1002,laplace,M5_backoff2,0.037504520594232885,0.01109548922055941,0.5266457680250783,1.0,0.9773040752351096,0.9551097178683385,0.9046081504702196
0.75,658,1002,laplace_eb,M1_global,-0.06792124123735861,-0.06250398869985323,0.6018808777429467,1.0,0.9773040752351096,0.9551097178683385,0.9046081504702196
0.75,658,1002,laplace_eb,M2_team,0.019136645331932087,-0.0016175582304269916,0.49216300940438873,1.0,0.9773040752351096,0.9551097178683385,0.9046081504702196
0.75,658,1002,laplace_eb,M4_intersection,0.054406750830456756,0.019091251688691142,0.322884012539185,1.0,0.9773040752351096,0.9551097178683385,0.9046081504702196
0.75,658,1002,laplace_eb,M5_backoff2,0.047946434678235395,0.013630238025913418,0.3573667711598746,1.0,0.9773040752351096,0.9551097178683385,0.9046081504702196
0.75,658,1003,laplace,M1_global,-0.048314031715677073,-0.04515540328892795,0.4482758620689655,1.0,0.9786206896551725,0.9645768025078372,0.9123824451410658
0.75,658,1003,laplace,M2_team,0.0037126400651042364,-0.008713959012659365,0.6175548589341693,1.0,0.9786206896551725,0.9645768025078372,0.9123824451410658
0.75,658,1003,laplace,M4_intersection,0.041016548883672045,0.01116862337230515,0.47962382445141066,1.0,0.9786206896551725,0.9645768025078372,0.9123824451410658
0.75,658,1003,laplace,M5_backoff2,0.0428028983825987,0.010853092171555402,0.4952978056426332,1.0,0.9786206896551725,0.9645768025078372,0.9123824451410658
0.75,658,1003,laplace_eb,M1_global,-0.05789751280391104,-0.06267408802404673,0.6050156739811913,1.0,0.9786206896551725,0.9645768025078372,0.9123824451410658
0.75,658,1003,laplace_eb,M2_team,0.018630139074262034,-0.007701071125212882,0.45768025078369906,1.0,0.9786206896551725,0.9645768025078372,0.9123824451410658
0.75,658,1003,laplace_eb,M4_intersection,0.04615152481254366,0.018207843400841597,0.3103448275862069,1.0,0.9786206896551725,0.9645768025078372,0.9123824451410658
0.75,658,1003,laplace_eb,M5_backoff2,0.03824352373757332,0.006946539290272704,0.3605015673981191,1.0,0.9786206896551725,0.9645768025078372,0.9123824451410658
0.75,658,1004,laplace,M1_global,-0.0637776290641683,-0.047892986700452604,0.43573667711598746,1.0,0.9803134796238245,0.9589028213166142,0.9167398119122256
0.75,658,1004,laplace,M2_team,0.006058783868917477,-0.007448878080867301,0.6081504702194357,1.0,0.9803134796238245,0.9589028213166142,0.9167398119122256
0.75,658,1004,laplace,M4_intersection,0.04427596542482092,0.01305913331927177,0.4670846394984326,1.0,0.9803134796238245,0.9589028213166142,0.9167398119122256
0.75,658,1004,laplace,M5_backoff2,0.05044485753559767,0.015805071797864192,0.5015673981191222,1.0,0.9803134796238245,0.9589028213166142,0.9167398119122256
0.75,658,1004,laplace_eb,M1_global,-0.07071586120231398,-0.06574087106508895,0.5924764890282131,1.0,0.9803134796238245,0.9589028213166142,0.9167398119122256
0.75,658,1004,laplace_eb,M2_team,0.020316968225293025,-8.878546261862154e-05,0.438871473354232,1.0,0.9803134796238245,0.9589028213166142,0.9167398119122256
0.75,658,1004,laplace_eb,M4_intersection,0.051597901167447294,0.019399759444323452,0.31347962382445144,1.0,0.9803134796238245,0.9589028213166142,0.9167398119122256
0.75,658,1004,laplace_eb,M5_backoff2,0.0450009355981335,0.012735013070525047,0.3542319749216301,1.0,0.9803134796238245,0.9589028213166142,0.9167398119122256
0.75,658,1005,laplace,M1_global,-0.051947995319635516,-0.04274176163920041,0.4231974921630094,1.0,0.9777429467084641,0.9587774294670846,0.9105329153605016
0.75,658,1005,laplace,M2_team,0.006195186716168651,-0.012381634041433423,0.6175548589341693,1.0,0.9777429467084641,0.9587774294670846,0.9105329153605016
0.75,658,1005,laplace,M4_intersection,0.044483345655905414,0.011641269380396063,0.47962382445141066,1.0,0.9777429467084641,0.9587774294670846,0.9105329153605016
0.75,658,1005,laplace,M5_backoff2,0.04431183618671468,0.014750719560911663,0.5172413793103449,1.0,0.9777429467084641,0.9587774294670846,0.9105329153605016
0.75,658,1005,laplace_eb,M1_global,-0.06497004503226579,-0.05803175662939078,0.5768025078369906,1.0,0.9777429467084641,0.9587774294670846,0.9105329153605016
0.75,658,1005,laplace_eb,M2_team,0.02097151518381875,-0.001418512863425252,0.4608150470219436,1.0,0.9777429467084641,0.9587774294670846,0.9105329153605016
0.75,658,1005,laplace_eb,M4_intersection,0.047951164769248156,0.01858165038043055,0.3103448275862069,1.0,0.9777429467084641,0.9587774294670846,0.9105329153605016
0.75,658,1005,laplace_eb,M5_backoff2,0.039734834005186175,0.011670414767108367,0.3605015673981191,1.0,0.9777429467084641,0.9587774294670846,0.9105329153605016
0.75,658,1006,laplace,M1_global,-0.04269919205795635,-0.04313402770081284,0.44200626959247646,1.0,0.9803761755485894,0.9561128526645768,0.909373040752351
0.75,658,1006,laplace,M2_team,0.0006604747128524004,-0.001294556596436097,0.6394984326018809,1.0,0.9803761755485894,0.9561128526645768,0.909373040752351
0.75,658,1006,laplace,M4_intersection,0.04210466084575578,0.012163229543587258,0.4952978056426332,1.0,0.9803761755485894,0.9561128526645768,0.909373040752351
0.75,658,1006,laplace,M5_backoff2,0.039626809368406346,0.011319010655708074,0.5235109717868338,1.0,0.9803761755485894,0.9561128526645768,0.909373040752351
0.75,658,1006,laplace_eb,M1_global,-0.05909953122742497,-0.05739482410462299,0.6144200626959248,1.0,0.9803761755485894,0.9561128526645768,0.909373040752351
0.75,658,1006,laplace_eb,M2_team,0.014962172935655499,-0.0010584183154061296,0.48589341692789967,1.0,0.9803761755485894,0.9561128526645768,0.909373040752351
0.75,658,1006,laplace_eb,M4_intersection,0.05191894040259074,0.018598158344579716,0.31347962382445144,1.0,0.9803761755485894,0.9561128526645768,0.909373040752351
0.75,658,1006,laplace_eb,M5_backoff2,0.04504684077394793,0.014403880576728654,0.3573667711598746,1.0,0.9803761755485894,0.9561128526645768,0.909373040752351
0.75,658,1007,laplace,M1_global,-0.05899739669501595,-0.04058953540452222,0.44200626959247646,1.0,0.978871473354232,0.961065830721003,0.9177429467084641
0.75,658,1007,laplace,M2_team,0.004393550050576279,-0.007667251702012687,0.6238244514106583,1.0,0.978871473354232,0.961065830721003,0.9177429467084641
0.75,658,1007,laplace,M4_intersection,0.03793533990702659,0.011985365219624438,0.47648902821316613,1.0,0.978871473354232,0.961065830721003,0.9177429467084641
0.75,658,1007,laplace,M5_backoff2,0.03821757612136838,0.010888300462389441,0.49216300940438873,1.0,0.978871473354232,0.961065830721003,0.9177429467084641
0.75,658,1007,laplace_eb,M1_global,-0.07127025932494002,-0.05742586859528174,0.5862068965517241,1.0,0.978871473354232,0.961065830721003,0.9177429467084641
0.75,658,1007,laplace_eb,M2_team,0.02080260043187201,-0.002332666871316007,0.4670846394984326,1.0,0.978871473354232,0.961065830721003,0.9177429467084641
0.75,658,1007,laplace_eb,M4_intersection,0.050268118062456575,0.015576686511592806,0.3166144200626959,1.0,0.978871473354232,0.961065830721003,0.9177429467084641
0.75,658,1007,laplace_eb,M5_backoff2,0.04522404017446557,0.009015276794523281,0.36363636363636365,1.0,0.978871473354232,0.961065830721003,0.9177429467084641
0.75,658,1008,laplace,M1_global,-0.05080599204686742,-0.052273886424247,0.47962382445141066,1.0,0.9804388714733542,0.9652978056426332,0.9216614420062695
0.75,658,1008,laplace,M2_team,0.007956806196594687,-0.0048285405557357405,0.6332288401253918,1.0,0.9804388714733542,0.9652978056426332,0.9216614420062695
0.75,658,1008,laplace,M4_intersection,0.04434325990959021,0.01447399782723394,0.4702194357366771,1.0,0.9804388714733542,0.9652978056426332,0.9216614420062695
0.75,658,1008,laplace,M5_backoff2,0.048186998440647576,0.01471337148201503,0.49216300940438873,1.0,0.9804388714733542,0.9652978056426332,0.9216614420062695
0.75,658,1008,laplace_eb,M1_global,-0.05693018818303335,-0.07009936028326566,0.5799373040752351,1.0,0.9804388714733542,0.9652978056426332,0.9216614420062695
0.75,658,1008,laplace_eb,M2_team,0.02167081696252838,-0.003158418268992983,0.47962382445141066,1.0,0.9804388714733542,0.9652978056426332,0.9216614420062695
0.75,658,1008,laplace_eb,M4_intersection,0.0505993534988931,0.016845969103720496,0.3072100313479624,1.0,0.9804388714733542,0.9652978056426332,0.9216614420062695
0.75,658,1008,laplace_eb,M5_backoff2,0.04386333568856634,0.013356169843374748,0.34169278996865204,1.0,0.9804388714733542,0.9652978056426332,0.9216614420062695
0.75,658,1009,laplace,M1_global,-0.05450562731038814,-0.05209358966088968,0.4482758620689655,1.0,0.9808777429467084,0.9626332288401255,0.9161128526645769
0.75,658,1009,laplace,M2_team,0.005818328332611386,-0.008606708138527168,0.6520376175548589,1.0,0.9808777429467084,0.9626332288401255,0.9161128526645769
0.75,658,1009,laplace,M4_intersection,0.04314101850584757,0.013307558285031574,0.4890282131661442,1.0,0.9808777429467084,0.9626332288401255,0.9161128526645769
0.75,658,1009,laplace,M5_backoff2,0.04348765319464349,0.014065494965236389,0.5109717868338558,1.0,0.9808777429467084,0.9626332288401255,0.9161128526645769
0.75,658,1009,laplace_eb,M1_global,-0.059640396386384964,-0.07443935984634681,0.5768025078369906,1.0,0.9808777429467084,0.9626332288401255,0.9161128526645769
0.75,658,1009,laplace_eb,M2_team,0.020659339336859397,-0.002969213647528502,0.4827586206896552,1.0,0.9808777429467084,0.9626332288401255,0.9161128526645769
0.75,658,1009,laplace_eb,M4_intersection,0.05279909206268182,0.01909947843760906,0.3103448275862069,1.0,0.9808777429467084,0.9626332288401255,0.9161128526645769
0.75,658,1009,laplace_eb,M5_backoff2,0.04845352591158454,0.012633655839205536,0.3542319749216301,1.0,0.9808777429467084,0.9626332288401255,0.9161128526645769
1.0,878,1000,laplace,M1_global,-0.05572306423164834,-0.042427893109082425,0.45141065830721006,1.0,0.9831034482758622,0.9697492163009404,0.9318808777429468
1.0,878,1000,laplace,M2_team,0.003487539387141649,-0.010517620274265732,0.6238244514106583,1.0,0.9831034482758622,0.9697492163009404,0.9318808777429468
1.0,878,1000,laplace,M4_intersection,0.04188954903741242,0.012325063301104363,0.47962382445141066,1.0,0.9831034482758622,0.9697492163009404,0.9318808777429468
1.0,878,1000,laplace,M5_backoff2,0.04708496402937417,0.015099172354865598,0.4952978056426332,1.0,0.9831034482758622,0.9697492163009404,0.9318808777429468
1.0,878,1000,laplace_eb,M1_global,-0.06479820220214447,-0.0637903482095575,0.5893416927899686,1.0,0.9831034482758622,0.9697492163009404,0.9318808777429468
1.0,878,1000,laplace_eb,M2_team,0.019940134885262546,-0.0013483945385415726,0.46394984326018807,1.0,0.9831034482758622,0.9697492163009404,0.9318808777429468
1.0,878,1000,laplace_eb,M4_intersection,0.05260207955973649,0.018198486686126565,0.30094043887147337,1.0,0.9831034482758622,0.9697492163009404,0.9318808777429468
1.0,878,1000,laplace_eb,M5_backoff2,0.04672730932461804,0.014733641545600652,0.3322884012539185,1.0,0.9831034482758622,0.9697492163009404,0.9318808777429468
1.0,878,1001,laplace,M1_global,-0.05572306423164834,-0.042427893109082425,0.45141065830721006,1.0,0.9831034482758622,0.9697492163009404,0.9318808777429468
1.0,878,1001,laplace,M2_team,0.003487539387141649,-0.010517620274265732,0.6238244514106583,1.0,0.9831034482758622,0.9697492163009404,0.9318808777429468
1.0,878,1001,laplace,M4_intersection,0.04188954903741242,0.012325063301104363,0.47962382445141066,1.0,0.9831034482758622,0.9697492163009404,0.9318808777429468
1.0,878,1001,laplace,M5_backoff2,0.04708496402937417,0.015099172354865598,0.4952978056426332,1.0,0.9831034482758622,0.9697492163009404,0.9318808777429468
1.0,878,1001,laplace_eb,M1_global,-0.06479820220214447,-0.0637903482095575,0.5893416927899686,1.0,0.9831034482758622,0.9697492163009404,0.9318808777429468
1.0,878,1001,laplace_eb,M2_team,0.019940134885262546,-0.0013483945385415726,0.46394984326018807,1.0,0.9831034482758622,0.9697492163009404,0.9318808777429468
1.0,878,1001,laplace_eb,M4_intersection,0.05260207955973649,0.018198486686126565,0.30094043887147337,1.0,0.9831034482758622,0.9697492163009404,0.9318808777429468
1.0,878,1001,laplace_eb,M5_backoff2,0.04672730932461804,0.014733641545600652,0.3322884012539185,1.0,0.9831034482758622,0.9697492163009404,0.9318808777429468
1.0,878,1002,laplace,M1_global,-0.05572306423164834,-0.042427893109082425,0.45141065830721006,1.0,0.9831034482758622,0.9697492163009404,0.9318808777429468
1.0,878,1002,laplace,M2_team,0.003487539387141649,-0.010517620274265732,0.6238244514106583,1.0,0.9831034482758622,0.9697492163009404,0.9318808777429468
1.0,878,1002,laplace,M4_intersection,0.04188954903741242,0.012325063301104363,0.47962382445141066,1.0,0.9831034482758622,0.9697492163009404,0.9318808777429468
1.0,878,1002,laplace,M5_backoff2,0.04708496402937417,0.015099172354865598,0.4952978056426332,1.0,0.9831034482758622,0.9697492163009404,0.9318808777429468
1.0,878,1002,laplace_eb,M1_global,-0.06479820220214447,-0.0637903482095575,0.5893416927899686,1.0,0.9831034482758622,0.9697492163009404,0.9318808777429468
1.0,878,1002,laplace_eb,M2_team,0.019940134885262546,-0.0013483945385415726,0.46394984326018807,1.0,0.9831034482758622,0.9697492163009404,0.9318808777429468
1.0,878,1002,laplace_eb,M4_intersection,0.05260207955973649,0.018198486686126565,0.30094043887147337,1.0,0.9831034482758622,0.9697492163009404,0.9318808777429468
1.0,878,1002,laplace_eb,M5_backoff2,0.04672730932461804,0.014733641545600652,0.3322884012539185,1.0,0.9831034482758622,0.9697492163009404,0.9318808777429468
1.0,878,1003,laplace,M1_global,-0.05572306423164834,-0.042427893109082425,0.45141065830721006,1.0,0.9831034482758622,0.9697492163009404,0.9318808777429468
1.0,878,1003,laplace,M2_team,0.003487539387141649,-0.010517620274265732,0.6238244514106583,1.0,0.9831034482758622,0.9697492163009404,0.9318808777429468
1.0,878,1003,laplace,M4_intersection,0.04188954903741242,0.012325063301104363,0.47962382445141066,1.0,0.9831034482758622,0.9697492163009404,0.9318808777429468
1.0,878,1003,laplace,M5_backoff2,0.04708496402937417,0.015099172354865598,0.4952978056426332,1.0,0.9831034482758622,0.9697492163009404,0.9318808777429468
1.0,878,1003,laplace_eb,M1_global,-0.06479820220214447,-0.0637903482095575,0.5893416927899686,1.0,0.9831034482758622,0.9697492163009404,0.9318808777429468
1.0,878,1003,laplace_eb,M2_team,0.019940134885262546,-0.0013483945385415726,0.46394984326018807,1.0,0.9831034482758622,0.9697492163009404,0.9318808777429468
1.0,878,1003,laplace_eb,M4_intersection,0.05260207955973649,0.018198486686126565,0.30094043887147337,1.0,0.9831034482758622,0.9697492163009404,0.9318808777429468
1.0,878,1003,laplace_eb,M5_backoff2,0.04672730932461804,0.014733641545600652,0.3322884012539185,1.0,0.9831034482758622,0.9697492163009404,0.9318808777429468
1.0,878,1004,laplace,M1_global,-0.05572306423164834,-0.042427893109082425,0.45141065830721006,1.0,0.9831034482758622,0.9697492163009404,0.9318808777429468
1.0,878,1004,laplace,M2_team,0.003487539387141649,-0.010517620274265732,0.6238244514106583,1.0,0.9831034482758622,0.9697492163009404,0.9318808777429468
1.0,878,1004,laplace,M4_intersection,0.04188954903741242,0.012325063301104363,0.47962382445141066,1.0,0.9831034482758622,0.9697492163009404,0.9318808777429468
1.0,878,1004,laplace,M5_backoff2,0.04708496402937417,0.015099172354865598,0.4952978056426332,1.0,0.9831034482758622,0.9697492163009404,0.9318808777429468
1.0,878,1004,laplace_eb,M1_global,-0.06479820220214447,-0.0637903482095575,0.5893416927899686,1.0,0.9831034482758622,0.9697492163009404,0.9318808777429468
1.0,878,1004,laplace_eb,M2_team,0.019940134885262546,-0.0013483945385415726,0.46394984326018807,1.0,0.9831034482758622,0.9697492163009404,0.9318808777429468
1.0,878,1004,laplace_eb,M4_intersection,0.05260207955973649,0.018198486686126565,0.30094043887147337,1.0,0.9831034482758622,0.9697492163009404,0.9318808777429468
1.0,878,1004,laplace_eb,M5_backoff2,0.04672730932461804,0.014733641545600652,0.3322884012539185,1.0,0.9831034482758622,0.9697492163009404,0.9318808777429468
1.0,878,1005,laplace,M1_global,-0.05572306423164834,-0.042427893109082425,0.45141065830721006,1.0,0.9831034482758622,0.9697492163009404,0.9318808777429468
1.0,878,1005,laplace,M2_team,0.003487539387141649,-0.010517620274265732,0.6238244514106583,1.0,0.9831034482758622,0.9697492163009404,0.9318808777429468
1.0,878,1005,laplace,M4_intersection,0.04188954903741242,0.012325063301104363,0.47962382445141066,1.0,0.9831034482758622,0.9697492163009404,0.9318808777429468
1.0,878,1005,laplace,M5_backoff2,0.04708496402937417,0.015099172354865598,0.4952978056426332,1.0,0.9831034482758622,0.9697492163009404,0.9318808777429468
1.0,878,1005,laplace_eb,M1_global,-0.06479820220214447,-0.0637903482095575,0.5893416927899686,1.0,0.9831034482758622,0.9697492163009404,0.9318808777429468
1.0,878,1005,laplace_eb,M2_team,0.019940134885262546,-0.0013483945385415726,0.46394984326018807,1.0,0.9831034482758622,0.9697492163009404,0.9318808777429468
1.0,878,1005,laplace_eb,M4_intersection,0.05260207955973649,0.018198486686126565,0.30094043887147337,1.0,0.9831034482758622,0.9697492163009404,0.9318808777429468
1.0,878,1005,laplace_eb,M5_backoff2,0.04672730932461804,0.014733641545600652,0.3322884012539185,1.0,0.9831034482758622,0.9697492163009404,0.9318808777429468
1.0,878,1006,laplace,M1_global,-0.05572306423164834,-0.042427893109082425,0.45141065830721006,1.0,0.9831034482758622,0.9697492163009404,0.9318808777429468
1.0,878,1006,laplace,M2_team,0.003487539387141649,-0.010517620274265732,0.6238244514106583,1.0,0.9831034482758622,0.9697492163009404,0.9318808777429468
1.0,878,1006,laplace,M4_intersection,0.04188954903741242,0.012325063301104363,0.47962382445141066,1.0,0.9831034482758622,0.9697492163009404,0.9318808777429468
1.0,878,1006,laplace,M5_backoff2,0.04708496402937417,0.015099172354865598,0.4952978056426332,1.0,0.9831034482758622,0.9697492163009404,0.9318808777429468
1.0,878,1006,laplace_eb,M1_global,-0.06479820220214447,-0.0637903482095575,0.5893416927899686,1.0,0.9831034482758622,0.9697492163009404,0.9318808777429468
1.0,878,1006,laplace_eb,M2_team,0.019940134885262546,-0.0013483945385415726,0.46394984326018807,1.0,0.9831034482758622,0.9697492163009404,0.9318808777429468
1.0,878,1006,laplace_eb,M4_intersection,0.05260207955973649,0.018198486686126565,0.30094043887147337,1.0,0.9831034482758622,0.9697492163009404,0.9318808777429468
1.0,878,1006,laplace_eb,M5_backoff2,0.04672730932461804,0.014733641545600652,0.3322884012539185,1.0,0.9831034482758622,0.9697492163009404,0.9318808777429468
1.0,878,1007,laplace,M1_global,-0.05572306423164834,-0.042427893109082425,0.45141065830721006,1.0,0.9831034482758622,0.9697492163009404,0.9318808777429468
1.0,878,1007,laplace,M2_team,0.003487539387141649,-0.010517620274265732,0.6238244514106583,1.0,0.9831034482758622,0.9697492163009404,0.9318808777429468
1.0,878,1007,laplace,M4_intersection,0.04188954903741242,0.012325063301104363,0.47962382445141066,1.0,0.9831034482758622,0.9697492163009404,0.9318808777429468
1.0,878,1007,laplace,M5_backoff2,0.04708496402937417,0.015099172354865598,0.4952978056426332,1.0,0.9831034482758622,0.9697492163009404,0.9318808777429468
1.0,878,1007,laplace_eb,M1_global,-0.06479820220214447,-0.0637903482095575,0.5893416927899686,1.0,0.9831034482758622,0.9697492163009404,0.9318808777429468
1.0,878,1007,laplace_eb,M2_team,0.019940134885262546,-0.0013483945385415726,0.46394984326018807,1.0,0.9831034482758622,0.9697492163009404,0.9318808777429468
1.0,878,1007,laplace_eb,M4_intersection,0.05260207955973649,0.018198486686126565,0.30094043887147337,1.0,0.9831034482758622,0.9697492163009404,0.9318808777429468
1.0,878,1007,laplace_eb,M5_backoff2,0.04672730932461804,0.014733641545600652,0.3322884012539185,1.0,0.9831034482758622,0.9697492163009404,0.9318808777429468
1.0,878,1008,laplace,M1_global,-0.05572306423164834,-0.042427893109082425,0.45141065830721006,1.0,0.9831034482758622,0.9697492163009404,0.9318808777429468
1.0,878,1008,laplace,M2_team,0.003487539387141649,-0.010517620274265732,0.6238244514106583,1.0,0.9831034482758622,0.9697492163009404,0.9318808777429468
1.0,878,1008,laplace,M4_intersection,0.04188954903741242,0.012325063301104363,0.47962382445141066,1.0,0.9831034482758622,0.9697492163009404,0.9318808777429468
1.0,878,1008,laplace,M5_backoff2,0.04708496402937417,0.015099172354865598,0.4952978056426332,1.0,0.9831034482758622,0.9697492163009404,0.9318808777429468
1.0,878,1008,laplace_eb,M1_global,-0.06479820220214447,-0.0637903482095575,0.5893416927899686,1.0,0.9831034482758622,0.9697492163009404,0.9318808777429468
1.0,878,1008,laplace_eb,M2_team,0.019940134885262546,-0.0013483945385415726,0.46394984326018807,1.0,0.9831034482758622,0.9697492163009404,0.9318808777429468
1.0,878,1008,laplace_eb,M4_intersection,0.05260207955973649,0.018198486686126565,0.30094043887147337,1.0,0.9831034482758622,0.9697492163009404,0.9318808777429468
1.0,878,1008,laplace_eb,M5_backoff2,0.04672730932461804,0.014733641545600652,0.3322884012539185,1.0,0.9831034482758622,0.9697492163009404,0.9318808777429468
1.0,878,1009,laplace,M1_global,-0.05572306423164834,-0.042427893109082425,0.45141065830721006,1.0,0.9831034482758622,0.9697492163009404,0.9318808777429468
1.0,878,1009,laplace,M2_team,0.003487539387141649,-0.010517620274265732,0.6238244514106583,1.0,0.9831034482758622,0.9697492163009404,0.9318808777429468
1.0,878,1009,laplace,M4_intersection,0.04188954903741242,0.012325063301104363,0.47962382445141066,1.0,0.9831034482758622,0.9697492163009404,0.9318808777429468
1.0,878,1009,laplace,M5_backoff2,0.04708496402937417,0.015099172354865598,0.4952978056426332,1.0,0.9831034482758622,0.9697492163009404,0.9318808777429468
1.0,878,1009,laplace_eb,M1_global,-0.06479820220214447,-0.0637903482095575,0.5893416927899686,1.0,0.9831034482758622,0.9697492163009404,0.9318808777429468
1.0,878,1009,laplace_eb,M2_team,0.019940134885262546,-0.0013483945385415726,0.46394984326018807,1.0,0.9831034482758622,0.9697492163009404,0.9318808777429468
1.0,878,1009,laplace_eb,M4_intersection,0.05260207955973649,0.018198486686126565,0.30094043887147337,1.0,0.9831034482758622,0.9697492163009404,0.9318808777429468
1.0,878,1009,laplace_eb,M5_backoff2,0.04672730932461804,0.014733641545600652,0.3322884012539185,1.0,0.9831034482758622,0.9697492163009404,0.9318808777429468
