retriever,routing,lift,split,n,minilm_d_proxy_top1,minilm_fb_proxy_top1,minilm_d_proxy_best5,minilm_fb_proxy_best5,minilm_d_proxy_mean5,minilm_fb_proxy_mean5,minilm_d_same_reply_hit1,minilm_fb_same_reply_hit1,minilm_d_same_reply_hit5,minilm_fb_same_reply_hit5,minilm_d_group_hit1,minilm_fb_group_hit1,minilm_d_group_hit5,minilm_fb_group_hit5,bge_d_proxy_top1,bge_fb_proxy_top1,bge_d_proxy_best5,bge_fb_proxy_best5,bge_d_proxy_mean5,bge_fb_proxy_mean5,bge_d_same_reply_hit1,bge_fb_same_reply_hit1,bge_d_same_reply_hit5,bge_fb_same_reply_hit5,bge_d_group_hit1,bge_fb_group_hit1,bge_d_group_hit5,bge_fb_group_hit5,primary_ci_lo,primary_ci_hi,primary_wilcoxon_p,pct_top1_changed,pct_improved,pct_worsened
dense_minilm,M4_intersection,laplace|abs,dev,319,-0.05999795607872144,0.738763888871595,-0.06564575200170558,0.8147374821307144,-0.05801009137685584,0.7092170190439796,0.034482758620689655,0.34169278996865204,0.009404388714733543,0.45768025078369906,0.003134796238244514,0.05956112852664577,0.006269592476489028,0.08150470219435736,-0.030619404158995816,0.8573955171347412,-0.03159453876339904,0.8980873639120204,-0.03040533114376487,0.8437486330356718,0.034482758620689655,0.34169278996865204,0.009404388714733543,0.45768025078369906,0.003134796238244514,0.05956112852664577,0.006269592476489028,0.08150470219435736,-0.08633659437742539,-0.033574252341491535,0.00020584124428910127,0.5642633228840125,0.2006269592476489,0.329153605015674
dense_minilm,M4_intersection,laplace_eb_k2|abs,dev,319,-0.046297758829350756,0.7524640861209657,-0.058181003623621594,0.8222022305087984,-0.04433452639740463,0.7228925840234309,0.04075235109717868,0.34796238244514105,0.025078369905956112,0.47335423197492166,0.003134796238244514,0.05956112852664577,0.006269592476489028,0.08150470219435736,-0.023364128737614072,0.8646507925561229,-0.028673480483805497,0.9010084221916139,-0.02362189502177941,0.8505320691576572,0.04075235109717868,0.34796238244514105,0.025078369905956112,0.47335423197492166,0.003134796238244514,0.05956112852664577,0.006269592476489028,0.08150470219435736,-0.07264607300176096,-0.020912997040979372,0.006864024113539585,0.45454545454545453,0.18808777429467086,0.25705329153605017
dense_minilm,M4_intersection,laplace_eb_k10|abs,dev,319,-0.031142599004843393,0.767619245945473,-0.0431294838276029,0.8372537503048171,-0.03532305574949633,0.7319040546713391,0.034482758620689655,0.34169278996865204,0.018808777429467086,0.4670846394984326,0.0,0.05642633228840126,0.006269592476489028,0.08150470219435736,-0.01605339147454145,0.8719615298191955,-0.022007850457134666,0.9076740522182847,-0.01871850279431358,0.855435461385123,0.034482758620689655,0.34169278996865204,0.018808777429467086,0.4670846394984326,0.0,0.05642633228840126,0.006269592476489028,0.08150470219435736,-0.053322501023676604,-0.008454471000624974,0.08816620573411085,0.38557993730407525,0.16927899686520376,0.19122257053291536
dense_minilm,M4_intersection,laplace|std0.5,dev,319,0.004611286763860888,0.8033731317141773,-0.0004653753158067087,0.8799178588166132,0.006068025314508933,0.7732951357353444,0.009404388714733543,0.3166144200626959,0.018808777429467086,0.4670846394984326,-0.003134796238244514,0.05329153605015674,0.006269592476489028,0.08150470219435736,0.0034213759308698408,0.8914362972246068,-0.00018793195018947684,0.9294939707252299,0.0027441664549250587,0.8768981306343617,0.009404388714733543,0.3166144200626959,0.018808777429467086,0.4670846394984326,-0.003134796238244514,0.05329153605015674,0.006269592476489028,0.08150470219435736,-0.0032138097062006264,0.012480795601832453,0.4774914701895919,0.18495297805642633,0.0877742946708464,0.08150470219435736
dense_minilm,M4_intersection,laplace_eb_k2|std0.5,dev,319,0.00501825616090649,0.803780101111223,-0.00027687366479616556,0.8801063604676238,0.007688832479210857,0.7749159429000464,0.009404388714733543,0.3166144200626959,0.01567398119122257,0.46394984326018807,-0.003134796238244514,0.05329153605015674,0.006269592476489028,0.08150470219435736,0.0039803742615033095,0.8919952955552403,-0.00018964478962100038,0.9294922578857984,0.003250900985305212,0.8774048651647417,0.009404388714733543,0.3166144200626959,0.01567398119122257,0.46394984326018807,-0.003134796238244514,0.05329153605015674,0.006269592476489028,0.08150470219435736,-0.002660803367211527,0.01286094537279262,0.3616451100155419,0.16300940438871472,0.08463949843260188,0.07210031347962383
dense_minilm,M4_intersection,laplace_eb_k10|std0.5,dev,319,0.006896113153535371,0.8056579581038519,0.0018956808834614052,0.8822789150158813,0.007799177133364363,0.7750262875541998,0.009404388714733543,0.3166144200626959,0.01567398119122257,0.46394984326018807,0.0,0.05642633228840126,0.006269592476489028,0.08150470219435736,0.004482660547692948,0.8924975818414299,0.0007600847830219328,0.9304419874584413,0.0034587026576637105,0.8776126668371004,0.009404388714733543,0.3166144200626959,0.01567398119122257,0.46394984326018807,0.0,0.05642633228840126,0.006269592476489028,0.08150470219435736,0.001614353151810954,0.01329158086995345,0.47990398439711157,0.14733542319749215,0.06896551724137931,0.06269592476489028
dense_minilm,M4_intersection,laplace|std1,dev,319,-0.000623290161354041,0.7981385547889625,-0.00013273571352226233,0.8802504984188977,0.005406398333165337,0.7726335087540007,0.01567398119122257,0.322884012539185,0.02821316614420063,0.47648902821316613,0.0,0.05642633228840126,0.006269592476489028,0.08150470219435736,0.001405485931982441,0.8894204072257195,-4.8205022901576885e-05,0.9296336976525178,0.0022946318302034968,0.8764485960096402,0.01567398119122257,0.322884012539185,0.02821316614420063,0.47648902821316613,0.0,0.05642633228840126,0.006269592476489028,0.08150470219435736,-0.012216526245388866,0.009980723669396296,0.8141947062629618,0.26959247648902823,0.11912225705329153,0.13166144200626959
dense_minilm,M4_intersection,laplace_eb_k2|std1,dev,319,0.008150863107936135,0.8069127080582527,0.0020686607562636133,0.8824518948886836,0.009810755983415442,0.7770378664042509,0.01567398119122257,0.322884012539185,0.0219435736677116,0.4702194357366771,0.0,0.05642633228840126,0.006269592476489028,0.08150470219435736,0.0054168037859997405,0.8934317250797368,0.0005450732655659738,0.9302269759409854,0.004451628874835551,0.8786055930542722,0.01567398119122257,0.322884012539185,0.0219435736677116,0.4702194357366771,0.0,0.05642633228840126,0.006269592476489028,0.08150470219435736,-0.0009288484251074096,0.017337952972299252,0.3944957880941765,0.22570532915360503,0.11285266457680251,0.10658307210031348
dense_minilm,M4_intersection,laplace_eb_k10|std1,dev,319,0.011201270134845124,0.8099631150851616,0.001492918285082874,0.8818761524175028,0.009898387605680566,0.777125498026516,0.012539184952978056,0.31974921630094044,0.0219435736677116,0.4702194357366771,0.0,0.05642633228840126,0.006269592476489028,0.08150470219435736,0.006237339637122558,0.8942522609308595,0.00038279859249868364,0.9300647012679181,0.0042582362423122504,0.878412200421749,0.012539184952978056,0.31974921630094044,0.0219435736677116,0.4702194357366771,0.0,0.05642633228840126,0.006269592476489028,0.08150470219435736,0.004484744977241026,0.0191649739715186,0.07311654378063953,0.20689655172413793,0.10344827586206896,0.0877742946708464
dense_minilm,M4_intersection,laplace|std2,dev,319,-0.026747590987753346,0.7720142539625631,-0.012569550249643834,0.8678136838827761,-0.018637253453832436,0.748589856967003,0.025078369905956112,0.3322884012539185,0.012539184952978056,0.4608150470219436,0.003134796238244514,0.05956112852664577,0.003134796238244514,0.07836990595611286,-0.012506256282890104,0.8755086650108469,-0.0054055605562503065,0.9242763421191691,-0.009199806421901739,0.8649541577575348,0.025078369905956112,0.3322884012539185,0.012539184952978056,0.4608150470219436,0.003134796238244514,0.05956112852664577,0.003134796238244514,0.07836990595611286,-0.04552558671834887,-0.008664249838986763,0.026555547850657696,0.36990595611285265,0.14420062695924765,0.20689655172413793
dense_minilm,M4_intersection,laplace_eb_k2|std2,dev,319,-0.010425486359570094,0.7883363585907464,-0.000779735257259357,0.8796034988751605,-0.0028519041135580212,0.7643752063072774,0.02821316614420063,0.335423197492163,0.0219435736677116,0.4702194357366771,0.003134796238244514,0.05956112852664577,0.003134796238244514,0.07836990595611286,-0.0036006470832705122,0.8844142742104665,-0.0008218486480952057,0.9288600540273242,-0.0017733608106834382,0.8723806033687531,0.02821316614420063,0.335423197492163,0.0219435736677116,0.4702194357366771,0.003134796238244514,0.05956112852664577,0.003134796238244514,0.07836990595611286,-0.0276784073803749,0.006767155091368755,0.5881394134839553,0.3103448275862069,0.14420062695924765,0.15987460815047022
dense_minilm,M4_intersection,laplace_eb_k10|std2,dev,319,-0.002609891530862049,0.7961519534194544,0.004972374925045384,0.8853556090574654,0.0008857531327065229,0.768112863553542,0.025078369905956112,0.3322884012539185,0.02821316614420063,0.47648902821316613,0.003134796238244514,0.05956112852664577,0.003134796238244514,0.07836990595611286,-0.0005359698238791344,0.8874789514698579,0.001656148874647565,0.931338051550067,7.488686462928516e-05,0.8742288510440659,0.025078369905956112,0.3322884012539185,0.02821316614420063,0.47648902821316613,0.003134796238244514,0.05956112852664577,0.003134796238244514,0.07836990595611286,-0.017049933273964167,0.010826304347070383,0.8297934973908325,0.27586206896551724,0.11598746081504702,0.14106583072100312
dense_minilm,M5_backoff,laplace|abs,dev,319,-0.05619927340400256,0.7425625715463139,-0.062158737717003656,0.8182244964154163,-0.05052506336737952,0.716702047053456,0.03134796238244514,0.3385579937304075,0.003134796238244514,0.45141065830721006,-0.003134796238244514,0.05329153605015674,0.006269592476489028,0.08150470219435736,-0.029353681309469814,0.8586612399842671,-0.0313976056710306,0.8982842970043888,-0.026179119972599717,0.8479748442068369,0.03134796238244514,0.3385579937304075,0.003134796238244514,0.45141065830721006,-0.003134796238244514,0.05329153605015674,0.006269592476489028,0.08150470219435736,-0.08261334949164274,-0.030163335874618318,0.0009034145540018983,0.5579937304075235,0.20689655172413793,0.3166144200626959
dense_minilm,M5_backoff,laplace_eb_k2|abs,dev,319,-0.05555320728488477,0.7432086376654317,-0.05933491040172995,0.82104832373069,-0.04666575696027392,0.7205613534605615,0.025078369905956112,0.3322884012539185,0.012539184952978056,0.4608150470219436,0.0,0.05642633228840126,0.006269592476489028,0.08150470219435736,-0.02693233314352723,0.8610825881502098,-0.030211781166190263,0.8994701215092291,-0.024853536458598408,0.8493004277208381,0.025078369905956112,0.3322884012539185,0.012539184952978056,0.4608150470219436,0.0,0.05642633228840126,0.006269592476489028,0.08150470219435736,-0.08207312143323096,-0.030201571878501244,0.0004644298015130758,0.48589341692789967,0.19122257053291536,0.2852664576802508
dense_minilm,M5_backoff,laplace_eb_k10|abs,dev,319,-0.04238861767709442,0.7563732272732221,-0.041608665897554735,0.8387745682348652,-0.036955555089308555,0.7302715553315269,0.01567398119122257,0.322884012539185,0.01567398119122257,0.46394984326018807,-0.003134796238244514,0.05329153605015674,0.006269592476489028,0.08150470219435736,-0.020026038152670785,0.8679888831410663,-0.020747317602641903,0.9089345850727775,-0.018676636192865883,0.8554773279865706,0.01567398119122257,0.322884012539185,0.01567398119122257,0.46394984326018807,-0.003134796238244514,0.05329153605015674,0.006269592476489028,0.08150470219435736,-0.06601426326188034,-0.019159875503306226,0.005550323420616792,0.438871473354232,0.1755485893416928,0.23824451410658307
dense_minilm,M5_backoff,laplace|std0.5,dev,319,0.004567887295376171,0.8033297322456926,0.0011494818339153516,0.8815327159663353,0.007311473441161332,0.7745385838619967,0.009404388714733543,0.3166144200626959,0.0219435736677116,0.4702194357366771,-0.003134796238244514,0.05329153605015674,0.006269592476489028,0.08150470219435736,0.003662424027732921,0.8916773453214699,0.0005562324135281075,0.9302381350889475,0.0035329538826658438,0.8776869180621024,0.009404388714733543,0.3166144200626959,0.0219435736677116,0.4702194357366771,-0.003134796238244514,0.05329153605015674,0.006269592476489028,0.08150470219435736,-0.0032941574318375334,0.012734627820621448,0.4882326480721427,0.18495297805642633,0.0877742946708464,0.08150470219435736
dense_minilm,M5_backoff,laplace_eb_k2|std0.5,dev,319,0.0035902155697532584,0.8023520605200697,0.0009294986538005099,0.8813127327862205,0.008450501391132797,0.7756776118119683,0.003134796238244514,0.3103448275862069,0.018808777429467086,0.4670846394984326,-0.003134796238244514,0.05329153605015674,0.006269592476489028,0.08150470219435736,0.0029439671099372794,0.8909588884036743,0.0007294892891073675,0.9304113919645267,0.0035955473173374664,0.8777495114967739,0.003134796238244514,0.3103448275862069,0.018808777429467086,0.4670846394984326,-0.003134796238244514,0.05329153605015674,0.006269592476489028,0.08150470219435736,-0.0048703401159717,0.011796715790201502,0.5297477553494707,0.1786833855799373,0.09090909090909091,0.08150470219435736
dense_minilm,M5_backoff,laplace_eb_k10|std0.5,dev,319,0.006692485913027043,0.8054543308633435,0.0014373046290538155,0.8818205387614737,0.0076109437639810444,0.7748380541848164,0.006269592476489028,0.31347962382445144,0.01567398119122257,0.46394984326018807,0.0,0.05642633228840126,0.006269592476489028,0.08150470219435736,0.003955585922940772,0.8919705072166778,0.0008367810129745627,0.930518683688394,0.003505658094412106,0.8776596222738485,0.006269592476489028,0.31347962382445144,0.01567398119122257,0.46394984326018807,0.0,0.05642633228840126,0.006269592476489028,0.08150470219435736,0.0010844730074315984,0.013563021609331934,0.4765380061620308,0.1536050156739812,0.07210031347962383,0.06583072100313479
dense_minilm,M5_backoff,laplace|std1,dev,319,-0.0004510908945227118,0.7983107540557938,0.0023304981684610015,0.8827137323008809,0.008065339577235396,0.7752924499980708,0.012539184952978056,0.31974921630094044,0.02821316614420063,0.47648902821316613,-0.003134796238244514,0.05329153605015674,0.006269592476489028,0.08150470219435736,0.001870293602300662,0.8898852148960377,0.0007139922683141822,0.9303958949437335,0.0037782333861324114,0.8779321975655692,0.012539184952978056,0.31974921630094044,0.02821316614420063,0.47648902821316613,-0.003134796238244514,0.05329153605015674,0.006269592476489028,0.08150470219435736,-0.011998037955370442,0.010268333806513243,0.6521639124174337,0.26332288401253917,0.11285266457680251,0.13166144200626959
dense_minilm,M5_backoff,laplace_eb_k2|std1,dev,319,0.005570630399878122,0.8043324753501946,0.0025632558010962314,0.8829464899335162,0.011394058994738656,0.778621169415574,0.003134796238244514,0.3103448275862069,0.0219435736677116,0.4702194357366771,-0.003134796238244514,0.05329153605015674,0.006269592476489028,0.08150470219435736,0.004343554237419535,0.8923584755311565,0.000731101043545714,0.9304130037189651,0.004870959695977479,0.8790249238754141,0.003134796238244514,0.3103448275862069,0.0219435736677116,0.4702194357366771,-0.003134796238244514,0.05329153605015674,0.006269592476489028,0.08150470219435736,-0.0037812225786285902,0.015110211250982405,0.8368364394385555,0.2413793103448276,0.11285266457680251,0.12225705329153605
dense_minilm,M5_backoff,laplace_eb_k10|std1,dev,319,0.009020670080633373,0.8077825150309499,0.0007826726077866032,0.8811659067402066,0.010617633434859188,0.7778447438556946,0.003134796238244514,0.3103448275862069,0.018808777429467086,0.4670846394984326,-0.003134796238244514,0.05329153605015674,0.006269592476489028,0.08150470219435736,0.0053185858883454135,0.8933335071820824,0.00017467393396790125,0.9298565766093873,0.004831630458652413,0.8789855946380891,0.003134796238244514,0.3103448275862069,0.018808777429467086,0.4670846394984326,-0.003134796238244514,0.05329153605015674,0.006269592476489028,0.08150470219435736,0.0016456502586089331,0.017431528461647444,0.20812685286146992,0.22884012539184953,0.109717868338558,0.10344827586206896
dense_minilm,M5_backoff,laplace|std2,dev,319,-0.020600775507830526,0.778161069442486,-0.006292161569699972,0.87409107256272,-0.014299350145468518,0.7529277602753669,0.025078369905956112,0.3322884012539185,0.01567398119122257,0.46394984326018807,0.0,0.05642633228840126,0.003134796238244514,0.07836990595611286,-0.009222561008877889,0.8787923602848591,-0.003945828698645565,0.9257360739767738,-0.007185277240029697,0.8669686869394069,0.025078369905956112,0.3322884012539185,0.01567398119122257,0.46394984326018807,0.0,0.05642633228840126,0.003134796238244514,0.07836990595611286,-0.04046202895689907,-0.001583460605116484,0.08846051959707722,0.3667711598746082,0.14420062695924765,0.20376175548589343
dense_minilm,M5_backoff,laplace_eb_k2|std2,dev,319,-0.009862810735325082,0.7888990342149914,0.0022295384104349023,0.8826127725428549,-0.0027113827675300742,0.7645157276533053,0.01567398119122257,0.322884012539185,0.0219435736677116,0.4702194357366771,0.0,0.05642633228840126,0.003134796238244514,0.07836990595611286,-0.003292834497170762,0.8847220867965663,0.0011085054156922249,0.9307904080911116,-0.0015558758873177182,0.8725980882921189,0.01567398119122257,0.322884012539185,0.0219435736677116,0.4702194357366771,0.0,0.05642633228840126,0.003134796238244514,0.07836990595611286,-0.029487716868449716,0.008980094065720383,0.5306097017653761,0.3573667711598746,0.16300940438871472,0.18808777429467086
dense_minilm,M5_backoff,laplace_eb_k10|std2,dev,319,-0.0034117417462567177,0.7953501032040597,0.0066432520793896855,0.8870264862118096,0.0006477703027964362,0.7678748807236319,0.012539184952978056,0.31974921630094044,0.025078369905956112,0.47335423197492166,0.0,0.05642633228840126,0.003134796238244514,0.07836990595611286,-0.0010510416800699263,0.8869638796136671,0.0023719482474192557,0.9320538509228387,0.00022715064799150238,0.8743811148274281,0.012539184952978056,0.31974921630094044,0.025078369905956112,0.47335423197492166,0.0,0.05642633228840126,0.003134796238244514,0.07836990595611286,-0.018633278323845433,0.011207579349555933,0.6922595181938713,0.30407523510971785,0.12539184952978055,0.15987460815047022
dense_minilm,semantic_intersection_tau0.6,laplace|abs,dev,319,-0.06439685349740952,0.7343649914529069,-0.06420044045089554,0.8161827936815244,-0.061011358474302446,0.7062157519465331,0.02821316614420063,0.335423197492163,-0.006269592476489028,0.44200626959247646,0.003134796238244514,0.05956112852664577,0.006269592476489028,0.08150470219435736,-0.03229707890543444,0.8557178423883025,-0.03213338530549435,0.897548517369925,-0.031276530158183415,0.8428774340212533,0.02821316614420063,0.335423197492163,-0.006269592476489028,0.44200626959247646,0.003134796238244514,0.05956112852664577,0.006269592476489028,0.08150470219435736,-0.08881281175443372,-0.04072463245928102,1.756267156687804e-05,0.4670846394984326,0.15047021943573669,0.27899686520376177
dense_minilm,semantic_intersection_tau0.6,laplace_eb_k2|abs,dev,319,-0.05739525572446447,0.741366589225852,-0.06743123398679177,0.8129520001456282,-0.05753750332564023,0.7096896070951952,0.02821316614420063,0.335423197492163,-0.003134796238244514,0.445141065830721,0.003134796238244514,0.05956112852664577,0.006269592476489028,0.08150470219435736,-0.02916052012607969,0.8588544011676573,-0.03367179109011324,0.8960101115853062,-0.029508280417762208,0.8446456837616744,0.02821316614420063,0.335423197492163,-0.003134796238244514,0.445141065830721,0.003134796238244514,0.05956112852664577,0.006269592476489028,0.08150470219435736,-0.08154203354448174,-0.034269426848307305,6.136815618618367e-05,0.329153605015674,0.109717868338558,0.21003134796238246
dense_minilm,semantic_intersection_tau0.6,laplace_eb_k10|abs,dev,319,-0.042567903532129844,0.7561939414181866,-0.04851055911342178,0.8318726750189982,-0.04723855823652124,0.7199885521843141,0.0219435736677116,0.329153605015674,0.003134796238244514,0.45141065830721006,0.0,0.05642633228840126,0.006269592476489028,0.08150470219435736,-0.02170805889984657,0.8663068623938904,-0.0246073074849048,0.9050745951905146,-0.023901353977316974,0.8502526102021196,0.0219435736677116,0.329153605015674,0.003134796238244514,0.45141065830721006,0.0,0.05642633228840126,0.006269592476489028,0.08150470219435736,-0.06417421119807282,-0.021592655460288906,0.001278117137221267,0.29780564263322884,0.10031347962382445,0.1724137931034483
dense_minilm,semantic_intersection_tau0.6,laplace|std0.5,dev,319,-0.0017823504056302731,0.7969794945446862,0.0014172366420303392,0.8818004707744502,0.005818800403967172,0.7730459108248027,0.006269592476489028,0.31347962382445144,0.012539184952978056,0.4608150470219436,-0.003134796238244514,0.05329153605015674,0.006269592476489028,0.08150470219435736,0.00019814919528542642,0.8882130704890224,0.00048338339246552567,0.930165286067885,0.0029528394201332503,0.8771068035995698,0.006269592476489028,0.31347962382445144,0.012539184952978056,0.4608150470219436,-0.003134796238244514,0.05329153605015674,0.006269592476489028,0.08150470219435736,-0.010044529870572883,0.005395213913954908,0.6875942199289805,0.16300940438871472,0.06583072100313479,0.08150470219435736
dense_minilm,semantic_intersection_tau0.6,laplace_eb_k2|std0.5,dev,319,0.0014204594969375753,0.800182304447254,0.0005852729549228584,0.8809685070873428,0.004328597867189903,0.7715557082880254,0.006269592476489028,0.31347962382445144,0.009404388714733543,0.45768025078369906,-0.003134796238244514,0.05329153605015674,0.006269592476489028,0.08150470219435736,0.00151144841621662,0.8895263697099536,0.0002168063833422048,0.9298987090587616,0.002092392448347564,0.8762463566277844,0.006269592476489028,0.31347962382445144,0.009404388714733543,0.45768025078369906,-0.003134796238244514,0.05329153605015674,0.006269592476489028,0.08150470219435736,-0.005412826747823285,0.00754449271529818,0.9534996195855524,0.13479623824451412,0.05956112852664577,0.06896551724137931
dense_minilm,semantic_intersection_tau0.6,laplace_eb_k10|std0.5,dev,319,0.003101465750637473,0.801863310700954,0.0012701159360640475,0.881653350068484,0.004970689426208364,0.7721977998470437,0.006269592476489028,0.31347962382445144,0.009404388714733543,0.45768025078369906,0.0,0.05642633228840126,0.006269592476489028,0.08150470219435736,0.002161982478019212,0.8901769037717562,0.0005347659595334044,0.9302166686349528,0.0024656424888622797,0.876619606668299,0.006269592476489028,0.31347962382445144,0.009404388714733543,0.45768025078369906,0.0,0.05642633228840126,0.006269592476489028,0.08150470219435736,-0.0004101024969804997,0.008070527089520302,0.6001863328603723,0.12539184952978055,0.047021943573667714,0.06269592476489028
dense_minilm,semantic_intersection_tau0.6,laplace|std1,dev,319,-0.00830720206226301,0.7904546428880534,0.001197206282690401,0.8815804404151103,0.0029710442621879805,0.7701981546830233,0.009404388714733543,0.3166144200626959,0.01567398119122257,0.46394984326018807,0.0,0.05642633228840126,0.006269592476489028,0.08150470219435736,-0.0025842711095899625,0.885430650184147,0.00024603657587942286,0.9299279392512988,0.0015251858667893845,0.875679150046226,0.009404388714733543,0.3166144200626959,0.01567398119122257,0.46394984326018807,0.0,0.05642633228840126,0.006269592476489028,0.08150470219435736,-0.019538053147331303,0.0019224967807531346,0.19551283204000636,0.23510971786833856,0.09090909090909091,0.12539184952978055
dense_minilm,semantic_intersection_tau0.6,laplace_eb_k2|std1,dev,319,0.0016076995474417755,0.8003695444977582,0.0006715171389445242,0.8810547512713645,0.0031750800327447516,0.7704021904535802,0.009404388714733543,0.3166144200626959,0.012539184952978056,0.4608150470219436,0.0,0.05642633228840126,0.006269592476489028,0.08150470219435736,0.001954270193943036,0.8899691914876801,-0.00011281421565710564,0.9295690884597623,0.0015652121047614901,0.8757191762841982,0.009404388714733543,0.3166144200626959,0.012539184952978056,0.4608150470219436,0.0,0.05642633228840126,0.006269592476489028,0.08150470219435736,-0.005833310605870519,0.008459196618077895,0.5964389439214697,0.1755485893416928,0.07210031347962383,0.09717868338557993
dense_minilm,semantic_intersection_tau0.6,laplace_eb_k10|std1,dev,319,0.005068708736694719,0.8038305536870112,0.0013680075029594398,0.8817512416353793,0.00514823033424754,0.772375340755083,0.012539184952978056,0.31974921630094044,0.01567398119122257,0.46394984326018807,0.0,0.05642633228840126,0.006269592476489028,0.08150470219435736,0.003323966432888306,0.8913388877266253,0.00027793477695190047,0.9299598374523713,0.0024581371056248786,0.8766121012850614,0.012539184952978056,0.31974921630094044,0.01567398119122257,0.46394984326018807,0.0,0.05642633228840126,0.006269592476489028,0.08150470219435736,0.00017031454554172144,0.010884187419586418,0.7906511428554124,0.1724137931034483,0.06896551724137931,0.0877742946708464
dense_minilm,semantic_intersection_tau0.6,laplace|std2,dev,319,-0.03260854507875293,0.7661532998715636,-0.01121563205150975,0.8691676020809102,-0.023319557267109804,0.7439075531537256,0.0219435736677116,0.329153605015674,0.0,0.4482758620689655,0.003134796238244514,0.05956112852664577,0.003134796238244514,0.07836990595611286,-0.01529548478350744,0.8727194365102295,-0.005713280839232442,0.923968621836187,-0.011362257683912413,0.8627917064955242,0.0219435736677116,0.329153605015674,0.0,0.4482758620689655,0.003134796238244514,0.05956112852664577,0.003134796238244514,0.07836990595611286,-0.05065925025313999,-0.01593682845721612,0.0050908976238937306,0.322884012539185,0.11598746081504702,0.18808777429467086
dense_minilm,semantic_intersection_tau0.6,laplace_eb_k2|std2,dev,319,-0.01913588416987452,0.779625960780442,-0.0035422744235274932,0.8768409597088924,-0.011860101308007975,0.7553670091128275,0.0219435736677116,0.329153605015674,0.003134796238244514,0.45141065830721006,0.003134796238244514,0.05956112852664577,0.003134796238244514,0.07836990595611286,-0.008141914878893049,0.879873006414844,-0.0021598346554747194,0.9275220680199446,-0.005644563933524966,0.8685094002459117,0.0219435736677116,0.329153605015674,0.003134796238244514,0.45141065830721006,0.003134796238244514,0.05956112852664577,0.003134796238244514,0.07836990595611286,-0.035055170355358836,-0.004556159035165482,0.09870023129075214,0.23824451410658307,0.09404388714733543,0.13793103448275862
dense_minilm,semantic_intersection_tau0.6,laplace_eb_k10|std2,dev,319,-0.009307969980479034,0.7894538749698374,-0.0006275270426161236,0.8797557070898038,-0.007490124350244351,0.7597369860705911,0.018808777429467086,0.32601880877742945,0.009404388714733543,0.45768025078369906,0.003134796238244514,0.05956112852664577,0.003134796238244514,0.07836990595611286,-0.0038988347337537426,0.8841160865599833,-0.0007034882108993291,0.92897841446452,-0.0035859286971974148,0.8705680354822394,0.018808777429467086,0.32601880877742945,0.009404388714733543,0.45768025078369906,0.003134796238244514,0.05956112852664577,0.003134796238244514,0.07836990595611286,-0.02282570069626581,0.002846380091946691,0.1358791934604516,0.219435736677116,0.07210031347962383,0.12852664576802508
dense_minilm,semantic_intersection_tau0.7,laplace|abs,dev,319,-0.05811288761307827,0.7406489573372382,-0.06320556157434995,0.81717767255807,-0.06186060890975791,0.7053665015110775,0.03134796238244514,0.3385579937304075,0.0,0.4482758620689655,0.003134796238244514,0.05956112852664577,0.003134796238244514,0.07836990595611286,-0.030130697642000492,0.8578842236517366,-0.03142620964110084,0.8982556930343185,-0.031207888402908952,0.8429460757765277,0.03134796238244514,0.3385579937304075,0.0,0.4482758620689655,0.003134796238244514,0.05956112852664577,0.003134796238244514,0.07836990595611286,-0.08226829493611024,-0.034155175357262924,1.6020192310954788e-05,0.3981191222570533,0.11285266457680251,0.2507836990595611
dense_minilm,semantic_intersection_tau0.7,laplace_eb_k2|abs,dev,319,-0.06080264021236695,0.7379592047379495,-0.06690931983502307,0.8134739142973969,-0.06226571653984184,0.7049613938809935,0.025078369905956112,0.3322884012539185,0.0,0.4482758620689655,0.003134796238244514,0.05956112852664577,0.003134796238244514,0.07836990595611286,-0.03034747469014135,0.8576674466035956,-0.0331649130040949,0.8965169896713245,-0.03112107010844359,0.8430328940709929,0.025078369905956112,0.3322884012539185,0.0,0.4482758620689655,0.003134796238244514,0.05956112852664577,0.003134796238244514,0.07836990595611286,-0.08497752203930134,-0.0380909005489469,7.180547085145016e-06,0.2946708463949843,0.0877742946708464,0.1974921630094044
dense_minilm,semantic_intersection_tau0.7,laplace_eb_k10|abs,dev,319,-0.04526818097571968,0.7534936639745968,-0.048137344349888055,0.8322458897825319,-0.05199500533013508,0.7152321050907003,0.01567398119122257,0.322884012539185,0.003134796238244514,0.45141065830721006,0.0,0.05642633228840126,0.003134796238244514,0.07836990595611286,-0.02254745803282926,0.8654674632609077,-0.024078252547213276,0.9056036501282061,-0.025592678411627268,0.8485612857678094,0.01567398119122257,0.322884012539185,0.003134796238244514,0.45141065830721006,0.0,0.05642633228840126,0.003134796238244514,0.07836990595611286,-0.06640653107840813,-0.024564644631266976,0.00017021078530537827,0.27899686520376177,0.08463949843260188,0.16927899686520376
dense_minilm,semantic_intersection_tau0.7,laplace|std0.5,dev,319,0.0006241498509170867,0.7993859948012335,0.0012562190851074027,0.8816394532175273,0.003910536765118005,0.7711376471859535,0.006269592476489028,0.31347962382445144,0.01567398119122257,0.46394984326018807,-0.003134796238244514,0.05329153605015674,0.006269592476489028,0.08150470219435736,0.0012333533233235996,0.8892482746170606,0.000524573938973645,0.930206476614393,0.002048839913640276,0.8762028040930769,0.006269592476489028,0.31347962382445144,0.01567398119122257,0.46394984326018807,-0.003134796238244514,0.05329153605015674,0.006269592476489028,0.08150470219435736,-0.0059556981916524775,0.006616846287512103,0.6213805358575619,0.14733542319749215,0.05642633228840126,0.07523510971786834
dense_minilm,semantic_intersection_tau0.7,laplace_eb_k2|std0.5,dev,319,0.0006095345678000614,0.7993713795181165,0.00080294986503625,0.8811861839974562,0.002101795337977454,0.7693289057588129,0.003134796238244514,0.3103448275862069,0.012539184952978056,0.4608150470219436,-0.003134796238244514,0.05329153605015674,0.006269592476489028,0.08150470219435736,0.0010844203745683533,0.8890993416683054,0.0005116623397157483,0.9301935650151352,0.0011602843629902803,0.8753142485424269,0.003134796238244514,0.3103448275862069,0.012539184952978056,0.4608150470219436,-0.003134796238244514,0.05329153605015674,0.006269592476489028,0.08150470219435736,-0.005914973768881496,0.006680981805518877,0.5767078777344308,0.12852664576802508,0.05329153605015674,0.06896551724137931
dense_minilm,semantic_intersection_tau0.7,laplace_eb_k10|std0.5,dev,319,0.003101465750637473,0.801863310700954,0.0008848188065436193,0.8812680529389636,0.00308063423091715,0.7703077446517526,0.006269592476489028,0.31347962382445144,0.009404388714733543,0.45768025078369906,0.0,0.05642633228840126,0.006269592476489028,0.08150470219435736,0.002161982478019212,0.8901769037717562,0.0004841877748973691,0.9301660904503167,0.001611801580201869,0.8757657657596385,0.006269592476489028,0.31347962382445144,0.009404388714733543,0.45768025078369906,0.0,0.05642633228840126,0.006269592476489028,0.08150470219435736,-0.0004101024969804997,0.008070527089520302,0.6001863328603723,0.12539184952978055,0.047021943573667714,0.06269592476489028
dense_minilm,semantic_intersection_tau0.7,laplace|std1,dev,319,-0.005732321860648248,0.7930295230896682,0.0003425250045931825,0.8807257591370131,-0.00040105245423541225,0.7668260579666,0.012539184952978056,0.31974921630094044,0.01567398119122257,0.46394984326018807,0.0,0.05642633228840126,0.006269592476489028,0.08150470219435736,-0.0014863227228385902,0.8865285985708984,-2.8738594354133247e-05,0.9296531640810652,4.210892515870038e-05,0.8741960731045954,0.012539184952978056,0.31974921630094044,0.01567398119122257,0.46394984326018807,0.0,0.05642633228840126,0.006269592476489028,0.08150470219435736,-0.015640381209809203,0.003472876537089061,0.11294930520851382,0.20376175548589343,0.07210031347962383,0.11285266457680251
dense_minilm,semantic_intersection_tau0.7,laplace_eb_k2|std1,dev,319,5.18148408788125e-05,0.7988136597911952,0.0009165251142926351,0.8812997592467126,0.0003700578801310545,0.7675971683009665,0.006269592476489028,0.31347962382445144,0.01567398119122257,0.46394984326018807,0.0,0.05642633228840126,0.006269592476489028,0.08150470219435736,0.0012258167924552128,0.8892407380861922,0.0003268873803667888,0.9300087900557862,0.00041173375138668536,0.8745656979308233,0.006269592476489028,0.31347962382445144,0.01567398119122257,0.46394984326018807,0.0,0.05642633228840126,0.006269592476489028,0.08150470219435736,-0.00709040086938296,0.006837811706394984,0.21947543918114776,0.16614420062695925,0.06269592476489028,0.09717868338557993
dense_minilm,semantic_intersection_tau0.7,laplace_eb_k10|std1,dev,319,0.0035128240301317555,0.8022746689804482,0.0010452569465278457,0.8814284910789478,0.0020025162814552877,0.7692296267022907,0.009404388714733543,0.3166144200626959,0.01567398119122257,0.46394984326018807,0.0,0.05642633228840126,0.006269592476489028,0.08150470219435736,0.002595513031400483,0.8906104343251375,0.000372202231966216,0.9300541049073856,0.001207618578848047,0.8753615827582847,0.009404388714733543,0.3166144200626959,0.01567398119122257,0.46394984326018807,0.0,0.05642633228840126,0.006269592476489028,0.08150470219435736,-0.0011281065105644512,0.009185412558829145,0.6643839302751353,0.16300940438871472,0.05956112852664577,0.0877742946708464
dense_minilm,semantic_intersection_tau0.7,laplace|std2,dev,319,-0.028164394690325268,0.7705974502599912,-0.01079240123680019,0.8695908328956198,-0.025934870186083744,0.7412922402347516,0.0219435736677116,0.329153605015674,0.009404388714733543,0.45768025078369906,0.003134796238244514,0.05956112852664577,0.003134796238244514,0.07836990595611286,-0.013594144003518323,0.8744207772902187,-0.005226179723829312,0.9244557229515901,-0.01236343357630284,0.8617905306031338,0.0219435736677116,0.329153605015674,0.009404388714733543,0.45768025078369906,0.003134796238244514,0.05956112852664577,0.003134796238244514,0.07836990595611286,-0.04671176002947701,-0.010519542312687475,0.002226282111245094,0.29780564263322884,0.09404388714733543,0.18495297805642633
dense_minilm,semantic_intersection_tau0.7,laplace_eb_k2|std2,dev,319,-0.021856719236762547,0.776905125713554,-0.0032414544525565026,0.8771417796798634,-0.015803307804007516,0.751423802616828,0.01567398119122257,0.322884012539185,0.006269592476489028,0.45454545454545453,0.003134796238244514,0.05956112852664577,0.003134796238244514,0.07836990595611286,-0.009197329092175235,0.8788175922015617,-0.0017362631226781767,0.9279456395527412,-0.007131576014910373,0.8670223881645264,0.01567398119122257,0.322884012539185,0.006269592476489028,0.45454545454545453,0.003134796238244514,0.05956112852664577,0.003134796238244514,0.07836990595611286,-0.03783567574657617,-0.007627634811550852,0.012885659080293162,0.219435736677116,0.07523510971786834,0.13793103448275862
dense_minilm,semantic_intersection_tau0.7,laplace_eb_k10|std2,dev,319,-0.011894126577437112,0.7868677183728794,-0.00025249443084094964,0.880130739701579,-0.011765022828100618,0.7554620875927348,0.012539184952978056,0.31974921630094044,0.012539184952978056,0.4608150470219436,0.003134796238244514,0.05956112852664577,0.003134796238244514,0.07836990595611286,-0.004867884058937384,0.8831470372347996,-0.0002375658029299171,0.9294443368724895,-0.005302342613662671,0.8688516215657741,0.012539184952978056,0.31974921630094044,0.012539184952978056,0.4608150470219436,0.003134796238244514,0.05956112852664577,0.003134796238244514,0.07836990595611286,-0.024948708806478863,3.4932680077679884e-05,0.022052724560650692,0.20689655172413793,0.05956112852664577,0.12852664576802508
dense_minilm,semantic_backoff_tau0.6,laplace|abs,dev,319,-0.06852733869350816,0.7302345062568083,-0.07271616193568071,0.8076670721967392,-0.06367758197657368,0.7035495284442618,0.018808777429467086,0.32601880877742945,-0.018808777429467086,0.42946708463949845,0.0,0.05642633228840126,0.006269592476489028,0.08150470219435736,-0.034305602125239594,0.8537093191684973,-0.03624057246599825,0.8934413302094212,-0.03229401969237014,0.8418599444870666,0.018808777429467086,0.32601880877742945,-0.018808777429467086,0.42946708463949845,0.0,0.05642633228840126,0.006269592476489028,0.08150470219435736,-0.09285407794586917,-0.04436798748387999,6.099334011853407e-06,0.49216300940438873,0.15987460815047022,0.2946708463949843
dense_minilm,semantic_backoff_tau0.6,laplace_eb_k2|abs,dev,319,-0.05757635397410318,0.7411854909762133,-0.06603859009974429,0.8143446440326756,-0.05784255789832262,0.7093845525225129,0.018808777429467086,0.32601880877742945,-0.006269592476489028,0.44200626959247646,0.0,0.05642633228840126,0.006269592476489028,0.08150470219435736,-0.029581739424164394,0.8584331818695726,-0.03323637000445662,0.8964455326709627,-0.02957728015591732,0.8445766840235194,0.018808777429467086,0.32601880877742945,-0.006269592476489028,0.44200626959247646,0.0,0.05642633228840126,0.006269592476489028,0.08150470219435736,-0.08138047502869535,-0.03433962581930307,0.00013726961114807245,0.34796238244514105,0.12539184952978055,0.21316614420062696
dense_minilm,semantic_backoff_tau0.6,laplace_eb_k10|abs,dev,319,-0.045510030839136774,0.7532518141111797,-0.046477969770894904,0.833905264361525,-0.04674014514516515,0.7204869652756702,0.012539184952978056,0.31974921630094044,0.003134796238244514,0.45141065830721006,-0.003134796238244514,0.05329153605015674,0.006269592476489028,0.08150470219435736,-0.02314832161960183,0.8648665996741352,-0.023652169771702685,0.9060297329037167,-0.023686895344324624,0.850467068835112,0.012539184952978056,0.31974921630094044,0.003134796238244514,0.45141065830721006,-0.003134796238244514,0.05329153605015674,0.006269592476489028,0.08150470219435736,-0.06768220450063483,-0.024816427059868678,0.0009490048950735819,0.31974921630094044,0.109717868338558,0.18495297805642633
dense_minilm,semantic_backoff_tau0.6,laplace|std0.5,dev,319,-0.0025460434184179036,0.7962158015318985,0.0014172366420303392,0.8818004707744502,0.005841830517617886,0.7730689409384534,0.0,0.3072100313479624,0.012539184952978056,0.4608150470219436,-0.006269592476489028,0.050156739811912224,0.006269592476489028,0.08150470219435736,-0.0002451380218458026,0.8877697832718912,0.0004796484794736282,0.9301615511548931,0.0029515718591624296,0.8771055360385991,0.0,0.3072100313479624,0.012539184952978056,0.4608150470219436,-0.006269592476489028,0.050156739811912224,0.006269592476489028,0.08150470219435736,-0.01098953105953046,0.004786256579302694,0.5937980034175235,0.16614420062695925,0.06583072100313479,0.08463949843260188
dense_minilm,semantic_backoff_tau0.6,laplace_eb_k2|std0.5,dev,319,-0.0005441774208343889,0.7982176675294821,0.0011881434805340902,0.881571377612954,0.00534743658707807,0.7725745470079136,-0.003134796238244514,0.30407523510971785,0.012539184952978056,0.4608150470219436,-0.006269592476489028,0.050156739811912224,0.006269592476489028,0.08150470219435736,0.0005556507544084029,0.8885705720481454,0.0005622405243517837,0.9302441431997712,0.0024971842205262855,0.8766511483999629,-0.003134796238244514,0.30407523510971785,0.012539184952978056,0.4608150470219436,-0.006269592476489028,0.050156739811912224,0.006269592476489028,0.08150470219435736,-0.008158312915447738,0.006163164118427463,0.637695619324651,0.14106583072100312,0.05956112852664577,0.07523510971786834
dense_minilm,semantic_backoff_tau0.6,laplace_eb_k10|std0.5,dev,319,0.0023575668985193424,0.8011194118488358,0.001267188395078653,0.8816504225274986,0.005616913371512135,0.7728440237923475,0.003134796238244514,0.3103448275862069,0.009404388714733543,0.45768025078369906,0.0,0.05642633228840126,0.006269592476489028,0.08150470219435736,0.0017586662477834098,0.8897735875415204,0.0005347659595334044,0.9302166686349528,0.002796474725101435,0.8769504389045382,0.003134796238244514,0.3103448275862069,0.009404388714733543,0.45768025078369906,0.0,0.05642633228840126,0.006269592476489028,0.08150470219435736,-0.001610426268420623,0.007655776579365086,0.5776019989669341,0.12539184952978055,0.047021943573667714,0.06269592476489028
dense_minilm,semantic_backoff_tau0.6,laplace|std1,dev,319,-0.009095425048965645,0.7896664199013508,6.289747441450256e-05,0.8804461316068344,0.003448709308353711,0.7706758197291892,0.003134796238244514,0.3103448275862069,0.012539184952978056,0.4608150470219436,-0.003134796238244514,0.05329153605015674,0.006269592476489028,0.08150470219435736,-0.0029985385255006415,0.8850163827682364,-0.0002645840839158779,0.9294173185915036,0.001702874469159165,0.8758568386485959,0.003134796238244514,0.3103448275862069,0.012539184952978056,0.4608150470219436,-0.003134796238244514,0.05329153605015674,0.006269592476489028,0.08150470219435736,-0.020792553727996762,0.0011417628946162296,0.12809884727271043,0.23510971786833856,0.0877742946708464,0.12852664576802508
dense_minilm,semantic_backoff_tau0.6,laplace_eb_k2|std1,dev,319,-0.00018326513072166323,0.7985785798195948,0.000920174450709902,0.8813034085831298,0.0041764850620192055,0.7714035954828546,0.0,0.3072100313479624,0.012539184952978056,0.4608150470219436,-0.003134796238244514,0.05329153605015674,0.006269592476489028,0.08150470219435736,0.001005028669363279,0.8890199499631003,-0.0001315741703428071,0.9295503285050766,0.0018244615542851279,0.8759784257337216,0.0,0.3072100313479624,0.012539184952978056,0.4608150470219436,-0.003134796238244514,0.05329153605015674,0.006269592476489028,0.08150470219435736,-0.008083528777742087,0.007032040303403678,0.4827030079524325,0.19122257053291536,0.07836990595611286,0.10658307210031348
dense_minilm,semantic_backoff_tau0.6,laplace_eb_k10|std1,dev,319,0.003320852230335104,0.8020826971806516,0.0010108667481281914,0.8813941008805481,0.006097425286859554,0.773324535707695,0.003134796238244514,0.3103448275862069,0.012539184952978056,0.4608150470219436,-0.003134796238244514,0.05329153605015674,0.006269592476489028,0.08150470219435736,0.0024324748957045028,0.8904473961894415,-3.503314379988045e-05,0.9296468695316195,0.002911082255802933,0.8770650464352395,0.003134796238244514,0.3103448275862069,0.012539184952978056,0.4608150470219436,-0.003134796238244514,0.05329153605015674,0.006269592476489028,0.08150470219435736,-0.002391289716417139,0.009932953862000406,0.9611661815621755,0.18181818181818182,0.07210031347962383,0.09404388714733543
dense_minilm,semantic_backoff_tau0.6,laplace|std2,dev,319,-0.03406041743800184,0.7647014275123146,-0.014485216392992432,0.8658980177394275,-0.023011513026343623,0.7442155973944918,0.01567398119122257,0.322884012539185,-0.012539184952978056,0.43573667711598746,0.0,0.05642633228840126,0.0,0.07523510971786834,-0.01586051953249964,0.8721544017612374,-0.007588606456230427,0.922093296219189,-0.011226793852719392,0.8629271703267174,0.01567398119122257,0.322884012539185,-0.012539184952978056,0.43573667711598746,0.0,0.05642633228840126,0.0,0.07523510971786834,-0.05226491529109149,-0.017005248810383598,0.0024163164912920044,0.335423197492163,0.11912225705329153,0.1974921630094044
dense_minilm,semantic_backoff_tau0.6,laplace_eb_k2|std2,dev,319,-0.018512714619173153,0.7802491303311433,-0.004318925140419724,0.8760643089920002,-0.01255913769189841,0.754667972728937,0.012539184952978056,0.31974921630094044,-0.003134796238244514,0.445141065830721,0.0,0.05642633228840126,0.0,0.07523510971786834,-0.00810087511905682,0.8799140461746802,-0.002624681190263515,0.9270572214851559,-0.006272443129351147,0.8678815210500855,0.012539184952978056,0.31974921630094044,-0.003134796238244514,0.445141065830721,0.0,0.05642633228840126,0.0,0.07523510971786834,-0.03599665800932807,-0.002789749104681446,0.16198173451772446,0.26332288401253917,0.109717868338558,0.14733542319749215
dense_minilm,semantic_backoff_tau0.6,laplace_eb_k10|std2,dev,319,-0.011098934658642473,0.787662910291674,-0.0003636790947480635,0.8800195550376718,-0.0061986439046814905,0.761028466516154,0.009404388714733543,0.3166144200626959,0.009404388714733543,0.45768025078369906,0.0,0.05642633228840126,0.003134796238244514,0.07836990595611286,-0.004848076258333499,0.8831668450354035,-0.0006791074821567834,0.9290027951932626,-0.003110282099732785,0.8710436820797037,0.009404388714733543,0.3166144200626959,0.009404388714733543,0.45768025078369906,0.0,0.05642633228840126,0.003134796238244514,0.07836990595611286,-0.024853285820132888,0.001307977474408445,0.11241975889494116,0.23510971786833856,0.07836990595611286,0.13793103448275862
dense_minilm,semantic_backoff_tau0.7,laplace|abs,dev,319,-0.061850305121146774,0.7369115398291697,-0.06769707696191196,0.812686157170508,-0.06363559634801362,0.7035915140728218,0.025078369905956112,0.3322884012539185,-0.006269592476489028,0.44200626959247646,0.0,0.05642633228840126,0.003134796238244514,0.07836990595611286,-0.0321778366371382,0.8558370846565988,-0.033726779738190035,0.8959551229372293,-0.03207942680879073,0.842074537370646,0.025078369905956112,0.3322884012539185,-0.006269592476489028,0.44200626959247646,0.0,0.05642633228840126,0.003134796238244514,0.07836990595611286,-0.08766277573278705,-0.03707809241190791,7.72839082841093e-06,0.4200626959247649,0.12225705329153605,0.26332288401253917
dense_minilm,semantic_backoff_tau0.7,laplace_eb_k2|abs,dev,319,-0.061717611868927096,0.7370442330813893,-0.06537078395719438,0.8150124501752255,-0.06270283634853215,0.7045242740723033,0.018808777429467086,0.32601880877742945,-0.003134796238244514,0.445141065830721,0.0,0.05642633228840126,0.003134796238244514,0.07836990595611286,-0.03144062462271568,0.8565742966710214,-0.03265772007849523,0.8970241825969242,-0.031564148821427156,0.8425898153580094,0.018808777429467086,0.32601880877742945,-0.003134796238244514,0.445141065830721,0.0,0.05642633228840126,0.003134796238244514,0.07836990595611286,-0.08604562084269374,-0.03931424884026329,8.715584611802424e-06,0.3072100313479624,0.09717868338557993,0.2006269592476489
dense_minilm,semantic_backoff_tau0.7,laplace_eb_k10|abs,dev,319,-0.04826882948696053,0.7504930154633559,-0.046764436046531584,0.8336187980858883,-0.051553567136903546,0.715673543283932,0.009404388714733543,0.3166144200626959,0.0,0.4482758620689655,-0.003134796238244514,0.05329153605015674,0.003134796238244514,0.07836990595611286,-0.024465015876255814,0.8635499054174812,-0.023464198396497386,0.906217704278922,-0.025522134296572695,0.848631829882864,0.009404388714733543,0.3166144200626959,0.0,0.4482758620689655,-0.003134796238244514,0.05329153605015674,0.003134796238244514,0.07836990595611286,-0.07030130408260515,-0.02723214173671969,8.55660702454731e-05,0.29153605015673983,0.0877742946708464,0.1786833855799373
dense_minilm,semantic_backoff_tau0.7,laplace|std0.5,dev,319,-0.00013954316187054385,0.798622301788446,0.0012061379172585227,0.8815893720496785,0.003964650621608507,0.7711917610424439,0.0,0.3072100313479624,0.01567398119122257,0.46394984326018807,-0.006269592476489028,0.050156739811912224,0.006269592476489028,0.08150470219435736,0.0007900661061923706,0.8888049873999294,0.0005208390259817476,0.9302027417014012,0.0021049825562205063,0.8762589467356573,0.0,0.3072100313479624,0.01567398119122257,0.46394984326018807,-0.006269592476489028,0.050156739811912224,0.006269592476489028,0.08150470219435736,-0.006820016401034538,0.006035603447393935,0.5300710715421311,0.15047021943573669,0.05642633228840126,0.07836990595611286
dense_minilm,semantic_backoff_tau0.7,laplace_eb_k2|std0.5,dev,319,-0.00015415844498756911,0.7986076865053289,0.0007461393514770699,0.881129373483897,0.0026212284510785883,0.7698483388719141,-0.003134796238244514,0.30407523510971785,0.012539184952978056,0.4608150470219436,-0.006269592476489028,0.050156739811912224,0.006269592476489028,0.08150470219435736,0.0006411331574371242,0.8886560544511741,0.0005116623397157483,0.9301935650151352,0.0013145326260115282,0.8754684968054481,-0.003134796238244514,0.30407523510971785,0.012539184952978056,0.4608150470219436,-0.006269592476489028,0.050156739811912224,0.006269592476489028,0.08150470219435736,-0.006806993769440905,0.006069148469681275,0.4762240754591077,0.13166144200626959,0.05329153605015674,0.07210031347962383
dense_minilm,semantic_backoff_tau0.7,laplace_eb_k10|std0.5,dev,319,0.0023575668985193424,0.8011194118488358,0.0008818912655582248,0.8812651253979782,0.0034314530723520958,0.7706585634931875,0.003134796238244514,0.3103448275862069,0.009404388714733543,0.45768025078369906,0.0,0.05642633228840126,0.006269592476489028,0.08150470219435736,0.0017586662477834098,0.8897735875415204,0.0004841877748973691,0.9301660904503167,0.0017782447666957455,0.8759322089461324,0.003134796238244514,0.3103448275862069,0.009404388714733543,0.45768025078369906,0.0,0.05642633228840126,0.006269592476489028,0.08150470219435736,-0.001610426268420623,0.007655776579365086,0.5776019989669341,0.12539184952978055,0.047021943573667714,0.06269592476489028
dense_minilm,semantic_backoff_tau0.7,laplace|std1,dev,319,-0.007772614916663932,0.7909892300336525,1.0252279173991524e-05,0.8803934864115939,0.0006128876607246153,0.76783999808156,0.006269592476489028,0.31347962382445144,0.012539184952978056,0.4608150470219436,-0.003134796238244514,0.05329153605015674,0.006269592476489028,0.08150470219435736,-0.002643329876717355,0.8853715914170196,-0.0003535617668426896,0.9293283409085767,0.00046320047498122946,0.8746171646544179,0.006269592476489028,0.31347962382445144,0.012539184952978056,0.4608150470219436,-0.003134796238244514,0.05329153605015674,0.006269592476489028,0.08150470219435736,-0.018396102524943485,0.0019256960226917657,0.07324048690754988,0.21316614420062696,0.07523510971786834,0.11912225705329153
dense_minilm,semantic_backoff_tau0.7,laplace_eb_k2|std1,dev,319,-0.002068847604679837,0.7966929973456366,0.0005055013868876012,0.8808887355193076,0.0010687841610475019,0.768295894581883,0.0,0.3072100313479624,0.012539184952978056,0.4608150470219436,-0.003134796238244514,0.05329153605015674,0.006269592476489028,0.08150470219435736,-6.727850922970189e-06,0.888008193442814,-3.295613680513675e-05,0.9296489465386143,0.0005159053496058835,0.8746698695290427,0.0,0.3072100313479624,0.012539184952978056,0.4608150470219436,-0.003134796238244514,0.05329153605015674,0.006269592476489028,0.08150470219435736,-0.009785732117753045,0.005157619002377344,0.09569804259053141,0.1755485893416928,0.06269592476489028,0.10658307210031348
dense_minilm,semantic_backoff_tau0.7,laplace_eb_k10|std1,dev,319,0.002749131017344125,0.8015109759676606,0.0010423294055424514,0.8814255635379624,0.002768883608912225,0.7699959940297477,0.003134796238244514,0.3103448275862069,0.01567398119122257,0.46394984326018807,-0.003134796238244514,0.05329153605015674,0.006269592476489028,0.08150470219435736,0.0021522258142692543,0.8901671471080063,0.000372202231966216,0.9300541049073856,0.0015664236298922837,0.8757203878093289,0.003134796238244514,0.3103448275862069,0.01567398119122257,0.46394984326018807,-0.003134796238244514,0.05329153605015674,0.006269592476489028,0.08150470219435736,-0.0020775030632751487,0.00864402754086312,0.5519239429703,0.16614420062695925,0.05956112852664577,0.09090909090909091
dense_minilm,semantic_backoff_tau0.7,laplace|std2,dev,319,-0.02964503955691586,0.7691168053934007,-0.011370266025716608,0.8690129681067034,-0.025753699308465647,0.7414734111123698,0.01567398119122257,0.322884012539185,0.0,0.4482758620689655,0.0,0.05642633228840126,0.0,0.07523510971786834,-0.014619640702364213,0.8733952805913728,-0.005680094598602726,0.9240018080768166,-0.01237079633814414,0.8617831678412925,0.01567398119122257,0.322884012539185,0.0,0.4482758620689655,0.0,0.05642633228840126,0.0,0.07523510971786834,-0.04813511460482327,-0.011113119381114983,0.0016458639599499943,0.3103448275862069,0.10031347962382445,0.19122257053291536
dense_minilm,semantic_backoff_tau0.7,laplace_eb_k2|std2,dev,319,-0.021738871418196578,0.7770229735321199,-0.003984754408788532,0.8763984797236314,-0.016649145910919275,0.7505779645099162,0.009404388714733543,0.3166144200626959,0.0,0.4482758620689655,0.0,0.05642633228840126,0.0,0.07523510971786834,-0.00950269714044553,0.8785122241532914,-0.0021967590789436172,0.9274851435964758,-0.007872316773782329,0.8662816474056544,0.009404388714733543,0.3166144200626959,0.0,0.4482758620689655,0.0,0.05642633228840126,0.0,0.07523510971786834,-0.03840043145614358,-0.006379569634841912,0.013921863052262161,0.23824451410658307,0.08463949843260188,0.14733542319749215
dense_minilm,semantic_backoff_tau0.7,laplace_eb_k10|std2,dev,319,-0.013978269126347987,0.7847835758239685,-0.0006483275221433011,0.8797349066102766,-0.010797967296969553,0.7564291431238659,0.006269592476489028,0.31347962382445144,0.009404388714733543,0.45768025078369906,0.0,0.05642633228840126,0.003134796238244514,0.07836990595611286,-0.006096078123792212,0.8819188431699447,-0.0005542686366735955,0.9291276340387458,-0.0049943634148301745,0.8691596007646064,0.006269592476489028,0.31347962382445144,0.009404388714733543,0.45768025078369906,0.0,0.05642633228840126,0.003134796238244514,0.07836990595611286,-0.0276950314267302,-0.0014422120905968935,0.010836132652777292,0.219435736677116,0.06269592476489028,0.13793103448275862
bm25,M4_intersection,laplace|std0.5,dev,319,0.005057616830806373,0.728182360255466,0.005453850128060224,0.876701554394441,0.005740523216866401,0.7127090337922721,0.018808777429467086,0.25391849529780564,0.018808777429467086,0.4827586206896552,0.006269592476489028,0.06269592476489028,0.003134796238244514,0.09404388714733543,0.0023204337653695228,0.8552393246220197,0.003273332193727404,0.9284314176879332,0.0034325849486742653,0.8489338794845772,0.018808777429467086,0.25391849529780564,0.018808777429467086,0.4827586206896552,0.006269592476489028,0.06269592476489028,0.003134796238244514,0.09404388714733543,-0.008759036362404734,0.019021427270527167,0.45689583996335914,0.13479623824451412,0.06896551724137931,0.06269592476489028
bm25,M4_intersection,laplace_eb_k2|std0.5,dev,319,0.00992691302000542,0.7330516564446651,0.005625758285059077,0.8768734625514398,0.00848579756845501,0.7154543081438607,0.01567398119122257,0.2507836990595611,0.01567398119122257,0.47962382445141066,0.006269592476489028,0.06269592476489028,0.003134796238244514,0.09404388714733543,0.005337458699474514,0.8582563495561247,0.0031833271247839853,0.9283414126189898,0.004292115130020906,0.8497934096659239,0.01567398119122257,0.2507836990595611,0.01567398119122257,0.47962382445141066,0.006269592476489028,0.06269592476489028,0.003134796238244514,0.09404388714733543,-0.002178420948571172,0.022667720273931196,0.08203451641762527,0.10344827586206896,0.05956112852664577,0.04075235109717868
bm25,M4_intersection,laplace_eb_k10|std0.5,dev,319,0.009302298477077186,0.7324270419017368,0.004795451149297732,0.8760431554156785,0.00790759110151787,0.7148761016769236,0.01567398119122257,0.2507836990595611,0.01567398119122257,0.47962382445141066,0.006269592476489028,0.06269592476489028,0.0,0.09090909090909091,0.004511936424667932,0.8574308272813181,0.0028519010095387045,0.9280099865037446,0.0039065614015704785,0.8494078559374734,0.01567398119122257,0.2507836990595611,0.01567398119122257,0.47962382445141066,0.006269592476489028,0.06269592476489028,0.0,0.09090909090909091,-0.0032122414757652343,0.022487000326938386,0.09974115854711108,0.10031347962382445,0.05642633228840126,0.04075235109717868
bm25,M4_intersection,laplace|std1,dev,319,-0.0027270181145413915,0.7203977253101183,0.004604954330898752,0.8758526585972795,0.003946877179848365,0.7109153877552541,0.025078369905956112,0.2601880877742947,0.018808777429467086,0.4827586206896552,0.0,0.05642633228840126,0.006269592476489028,0.09717868338557993,-0.0018666335220994621,0.8510522573345507,0.0025995308328945433,0.9277576163271004,0.0025968412807368924,0.8480981358166397,0.025078369905956112,0.2601880877742947,0.018808777429467086,0.4827586206896552,0.0,0.05642633228840126,0.006269592476489028,0.09717868338557993,-0.02062164692319112,0.014337845012942637,0.9661183804924444,0.21003134796238246,0.10031347962382445,0.10344827586206896
bm25,M4_intersection,laplace_eb_k2|std1,dev,319,0.003016406068794406,0.726141149493454,0.008407213331016253,0.879654917597397,0.012884206236062757,0.7198527168114685,0.0219435736677116,0.25705329153605017,0.02821316614420063,0.49216300940438873,0.0,0.05642633228840126,0.003134796238244514,0.09404388714733543,0.001865609779626972,0.8547845006362772,0.004683848085074589,0.9298419335792805,0.006082838736357733,0.8515841332722608,0.0219435736677116,0.25705329153605017,0.02821316614420063,0.49216300940438873,0.0,0.05642633228840126,0.003134796238244514,0.09404388714733543,-0.013372922616902752,0.018927116825779588,0.5026768557083605,0.1786833855799373,0.09090909090909091,0.08150470219435736
bm25,M4_intersection,laplace_eb_k10|std1,dev,319,0.005243055312237396,0.728367798736897,0.006378610586297923,0.8776263148526786,0.010031051756259419,0.7169995623316651,0.025078369905956112,0.2601880877742947,0.0219435736677116,0.48589341692789967,0.0,0.05642633228840126,0.003134796238244514,0.09404388714733543,0.002492218088580523,0.8554111089452308,0.0034546132745413944,0.9286126987687473,0.0049138893528044405,0.8504151838887073,0.025078369905956112,0.2601880877742947,0.0219435736677116,0.48589341692789967,0.0,0.05642633228840126,0.003134796238244514,0.09404388714733543,-0.010756775844246617,0.020024705033597514,0.4407571178182137,0.15987460815047022,0.08150470219435736,0.07210031347962383
bm25,M4_intersection,laplace|std2,dev,319,-0.004276633925362254,0.7188481094992973,-0.012864379253133338,0.8583833250132474,-0.008933441866434478,0.6980350687089711,0.05642633228840126,0.29153605015673983,0.018808777429467086,0.4827586206896552,-0.003134796238244514,0.05329153605015674,0.006269592476489028,0.09717868338557993,-0.003923701828923719,0.8489951890277264,-0.00574534823154581,0.91941273726266,-0.003374464665087037,0.8421268298708159,0.05642633228840126,0.29153605015673983,0.018808777429467086,0.4827586206896552,-0.003134796238244514,0.05329153605015674,0.006269592476489028,0.09717868338557993,-0.02878644731622715,0.019928576331074716,0.9380664643767677,0.3448275862068966,0.1724137931034483,0.16300940438871472
bm25,M4_intersection,laplace_eb_k2|std2,dev,319,0.004503833486181815,0.7276285769108414,-0.000734841421853786,0.870512862844527,0.0115207156020459,0.7184892261774516,0.05329153605015674,0.2884012539184953,0.034482758620689655,0.49843260188087773,0.0,0.05642633228840126,0.009404388714733543,0.10031347962382445,0.0015632212162017822,0.854482112072852,0.0005039847382931126,0.925662070232499,0.004994218009392669,0.8504955125452957,0.05329153605015674,0.2884012539184953,0.034482758620689655,0.49843260188087773,0.0,0.05642633228840126,0.009404388714733543,0.10031347962382445,-0.018743494506283053,0.0267598082898272,0.5434792186969785,0.28213166144200624,0.15047021943573669,0.12852664576802508
bm25,M4_intersection,laplace_eb_k10|std2,dev,319,0.009298202105824103,0.7324229455304837,0.004177743224514689,0.8754254474908955,0.01687844173755018,0.7238469523129558,0.050156739811912224,0.2852664576802508,0.03134796238244514,0.4952978056426332,0.003134796238244514,0.05956112852664577,0.006269592476489028,0.09717868338557993,0.004035445309731654,0.8569543361663818,0.0026326215005593612,0.9277907069947652,0.0080363754194732,0.8535376699553763,0.050156739811912224,0.2852664576802508,0.03134796238244514,0.4952978056426332,0.003134796238244514,0.05956112852664577,0.006269592476489028,0.09717868338557993,-0.012426296983579856,0.02968248524075391,0.25678902701194484,0.23510971786833856,0.13479623824451412,0.09717868338557993
bm25,M5_backoff,laplace|std0.5,dev,319,0.008191951576818866,0.7313166950014784,0.006457281804010039,0.8777049860703908,0.010081099632391736,0.7170496102077974,0.0219435736677116,0.25705329153605017,0.018808777429467086,0.4827586206896552,0.006269592476489028,0.06269592476489028,0.003134796238244514,0.09404388714733543,0.004271021363877203,0.8571899122205274,0.003286996792102682,0.9284450822863085,0.004577449141624952,0.8500787436775279,0.0219435736677116,0.25705329153605017,0.018808777429467086,0.4827586206896552,0.006269592476489028,0.06269592476489028,0.003134796238244514,0.09404388714733543,-0.0056996308547389175,0.022104177005051816,0.23158908171385661,0.12852664576802508,0.06896551724137931,0.05642633228840126
bm25,M5_backoff,laplace_eb_k2|std0.5,dev,319,0.011963089711987486,0.735087833136647,0.005274368817903405,0.8765220730842841,0.010669766224009863,0.7176382767994155,0.01567398119122257,0.2507836990595611,0.018808777429467086,0.4827586206896552,0.006269592476489028,0.06269592476489028,0.003134796238244514,0.09404388714733543,0.006369911110886959,0.8592888019675371,0.0033710737213445683,0.9285291592155505,0.005036079136181775,0.8505373736720845,0.01567398119122257,0.2507836990595611,0.018808777429467086,0.4827586206896552,0.006269592476489028,0.06269592476489028,0.003134796238244514,0.09404388714733543,-0.0006281771162834287,0.025042505415162324,0.0427712367056132,0.109717868338558,0.06583072100313479,0.04075235109717868
bm25,M5_backoff,laplace_eb_k10|std0.5,dev,319,0.010949741616891844,0.7340744850415515,0.004797115314716829,0.8760448195810976,0.008986207833484423,0.7159547184088901,0.01567398119122257,0.2507836990595611,0.018808777429467086,0.4827586206896552,0.006269592476489028,0.06269592476489028,0.0,0.09090909090909091,0.005192946771095539,0.8581118376277457,0.00288749451173884,0.9280455800059447,0.00411280750480939,0.8496141020407124,0.01567398119122257,0.2507836990595611,0.018808777429467086,0.4827586206896552,0.006269592476489028,0.06269592476489028,0.0,0.09090909090909091,-0.0017321626874720413,0.024553429610957172,0.05254281785706896,0.10658307210031348,0.06269592476489028,0.04075235109717868
bm25,M5_backoff,laplace|std1,dev,319,-0.0005477937785061923,0.7225769496461534,0.004922680673554399,0.8761703849399352,0.01239591596361986,0.7193644265390255,0.02821316614420063,0.26332288401253917,0.02821316614420063,0.49216300940438873,0.0,0.05642633228840126,0.006269592476489028,0.09717868338557993,-0.0003554526728148744,0.8525634381838353,0.00247393768035506,0.927632023174561,0.0056514831359109905,0.851152777671814,0.02821316614420063,0.26332288401253917,0.02821316614420063,0.49216300940438873,0.0,0.05642633228840126,0.006269592476489028,0.09717868338557993,-0.018665984244929584,0.01651362009743538,0.8694898662232038,0.20376175548589343,0.09717868338557993,0.10031347962382445
bm25,M5_backoff,laplace_eb_k2|std1,dev,319,0.006192468737360078,0.7293172121620197,0.0075374048985657645,0.8787851091649465,0.013966978965531509,0.7209354895409371,0.025078369905956112,0.2601880877742947,0.034482758620689655,0.49843260188087773,0.0,0.05642633228840126,0.003134796238244514,0.09404388714733543,0.0038104487997611116,0.8567293396564113,0.0044186556227154864,0.9295767411169213,0.006966699066580647,0.8524679936024835,0.025078369905956112,0.2601880877742947,0.034482758620689655,0.49843260188087773,0.0,0.05642633228840126,0.003134796238244514,0.09404388714733543,-0.010220441955570892,0.023007168090642433,0.28357848334648106,0.18808777429467086,0.10031347962382445,0.08150470219435736
bm25,M5_backoff,laplace_eb_k10|std1,dev,319,0.005136978476772487,0.7282617219014321,0.0055833123040423495,0.8768310165704231,0.01152708389997763,0.7184955944753834,0.0219435736677116,0.25705329153605017,0.02821316614420063,0.49216300940438873,0.0,0.05642633228840126,0.003134796238244514,0.09404388714733543,0.0025737430421536246,0.8554926338988038,0.003376499425654875,0.9285345849198607,0.005687926368653588,0.8511892209045565,0.0219435736677116,0.25705329153605017,0.02821316614420063,0.49216300940438873,0.0,0.05642633228840126,0.003134796238244514,0.09404388714733543,-0.010911243581753166,0.020744620242556053,0.40944819102604935,0.16614420062695925,0.08463949843260188,0.07523510971786834
bm25,M5_backoff,laplace|std2,dev,319,0.009574556729076051,0.7326993001537356,-0.005813631751694276,0.8654340725146865,0.0051142411902079825,0.7120827517656135,0.07523510971786834,0.3103448275862069,0.034482758620689655,0.49843260188087773,-0.003134796238244514,0.05329153605015674,0.006269592476489028,0.09717868338557993,0.0029934029033565224,0.8559122937600067,-0.0021162649680828228,0.923041820526123,0.0021336596961305464,0.8476349542320335,0.07523510971786834,0.3103448275862069,0.034482758620689655,0.49843260188087773,-0.003134796238244514,0.05329153605015674,0.006269592476489028,0.09717868338557993,-0.015172947007800718,0.03440153610696987,0.32105165599578034,0.335423197492163,0.18181818181818182,0.14420062695924765
bm25,M5_backoff,laplace_eb_k2|std2,dev,319,0.007294476873074953,0.7304192202977345,-0.0003325480932726008,0.8709151561731081,0.010904924424954906,0.7178734350003606,0.05956112852664577,0.2946708463949843,0.03761755485893417,0.5015673981191222,0.0,0.05642633228840126,0.009404388714733543,0.10031347962382445,0.002729489044709639,0.8556483799013598,0.0007368221552020704,0.925894907649408,0.005193851509811738,0.8506951460457148,0.05956112852664577,0.2946708463949843,0.03761755485893417,0.5015673981191222,0.0,0.05642633228840126,0.009404388714733543,0.10031347962382445,-0.0158901486931176,0.030695643997678185,0.3792111619551982,0.2946708463949843,0.16300940438871472,0.12852664576802508
bm25,M5_backoff,laplace_eb_k10|std2,dev,319,0.009187498810149285,0.732312242234809,-0.00013628335768899947,0.8711114209086918,0.014085841431723306,0.721054352007129,0.050156739811912224,0.2852664576802508,0.034482758620689655,0.49843260188087773,0.003134796238244514,0.05956112852664577,0.006269592476489028,0.09717868338557993,0.004100258540957699,0.8570191493976079,0.0011972215108363232,0.9263553070050422,0.006880614619270015,0.852381909155173,0.050156739811912224,0.2852664576802508,0.034482758620689655,0.49843260188087773,0.003134796238244514,0.05956112852664577,0.006269592476489028,0.09717868338557993,-0.012772982950588006,0.031518078492633224,0.2778808710097832,0.26332288401253917,0.15047021943573669,0.109717868338558
bm25,semantic_intersection_tau0.6,laplace|std0.5,dev,319,0.004333995726414982,0.7274587391510746,0.003514825456942137,0.8747625297233229,-0.0005319326321906805,0.706436577943215,0.012539184952978056,0.2476489028213166,0.009404388714733543,0.47335423197492166,0.006269592476489028,0.06269592476489028,0.003134796238244514,0.09404388714733543,0.0026547825635413764,0.8555736734201915,0.002222012389789928,0.9273800978839958,0.00036509519086736083,0.8458663897267703,0.012539184952978056,0.2476489028213166,0.009404388714733543,0.47335423197492166,0.006269592476489028,0.06269592476489028,0.003134796238244514,0.09404388714733543,-0.008144731086249635,0.01719875365822666,0.49244451322854665,0.11912225705329153,0.05956112852664577,0.05642633228840126
bm25,semantic_intersection_tau0.6,laplace_eb_k2|std0.5,dev,319,0.005671348411087706,0.7287960918357473,0.0032078741953290744,0.8744555784617098,0.00331680836815819,0.7102853189435638,0.009404388714733543,0.2445141065830721,0.009404388714733543,0.47335423197492166,0.006269592476489028,0.06269592476489028,0.003134796238244514,0.09404388714733543,0.003448432796053752,0.856367323652704,0.0017583136648219955,0.9269163991590279,0.002153788913380014,0.847655083449283,0.009404388714733543,0.2445141065830721,0.009404388714733543,0.47335423197492166,0.006269592476489028,0.06269592476489028,0.003134796238244514,0.09404388714733543,-0.005446171087904784,0.017337951365402872,0.1648154704539846,0.09090909090909091,0.050156739811912224,0.03761755485893417
bm25,semantic_intersection_tau0.6,laplace_eb_k10|std0.5,dev,319,0.007777269731121004,0.7309020131557806,0.002599120513772516,0.8738468247801533,0.0028274450275965245,0.7097959556030021,0.009404388714733543,0.2445141065830721,0.006269592476489028,0.4702194357366771,0.006269592476489028,0.06269592476489028,0.0,0.09090909090909091,0.00413876071245319,0.8570576515691034,0.0015652217087700822,0.9267233072029759,0.0017471970996139185,0.8472484916355169,0.009404388714733543,0.2445141065830721,0.006269592476489028,0.4702194357366771,0.006269592476489028,0.06269592476489028,0.0,0.09090909090909091,-0.0038284206605256536,0.01961916619940984,0.12151235710849262,0.09090909090909091,0.050156739811912224,0.03761755485893417
bm25,semantic_intersection_tau0.6,laplace|std1,dev,319,-0.00434039428036041,0.7187843491442992,0.004153120760633654,0.8754008250270144,-0.0012726579994243494,0.7056958525759813,0.0219435736677116,0.25705329153605017,0.012539184952978056,0.47648902821316613,0.0,0.05642633228840126,0.006269592476489028,0.09717868338557993,-0.001522146142014889,0.8513967447146353,0.002199438672080683,0.9273575241662866,-0.00011795398583606514,0.8453833405500668,0.0219435736677116,0.25705329153605017,0.012539184952978056,0.47648902821316613,0.0,0.05642633228840126,0.006269592476489028,0.09717868338557993,-0.02140269462824989,0.012008860069078859,0.7752626707381234,0.18181818181818182,0.08150470219435736,0.09404388714733543
bm25,semantic_intersection_tau0.6,laplace_eb_k2|std1,dev,319,-0.004676889406289427,0.7184478540183702,0.004950004545125094,0.8761977088115058,0.003147721173808119,0.7101162317492138,0.009404388714733543,0.2445141065830721,0.009404388714733543,0.47335423197492166,0.0,0.05642633228840126,0.003134796238244514,0.09404388714733543,-0.001434849814561467,0.8514840410420887,0.0020713966841981704,0.9272294821784041,0.0019427385449783154,0.8474440330808813,0.009404388714733543,0.2445141065830721,0.009404388714733543,0.47335423197492166,0.0,0.05642633228840126,0.003134796238244514,0.09404388714733543,-0.0194898481588799,0.010033724347835981,0.8374698530988496,0.15673981191222572,0.07523510971786834,0.07523510971786834
bm25,semantic_intersection_tau0.6,laplace_eb_k10|std1,dev,319,-0.001028454415850505,0.7220962890088091,0.004244573344257558,0.8754922776106383,0.0034454387510458127,0.7104139493264515,0.012539184952978056,0.2476489028213166,0.006269592476489028,0.4702194357366771,0.0,0.05642633228840126,0.003134796238244514,0.09404388714733543,-6.882103632983742e-05,0.8528500698203203,0.001954222173900066,0.9271123076681059,0.002068442778901245,0.8475697373148042,0.012539184952978056,0.2476489028213166,0.006269592476489028,0.4702194357366771,0.0,0.05642633228840126,0.003134796238244514,0.09404388714733543,-0.016471301051890215,0.013311483054699185,0.9627676567293464,0.14420062695924765,0.06896551724137931,0.06896551724137931
bm25,semantic_intersection_tau0.6,laplace|std2,dev,319,-0.0017181748646927478,0.7214065685599669,-0.011238478381058266,0.8600092258853225,-0.008085579763759265,0.6988829308116463,0.047021943573667714,0.28213166144200624,-0.003134796238244514,0.4608150470219436,-0.003134796238244514,0.05329153605015674,0.003134796238244514,0.09404388714733543,-0.0001464377750049938,0.8527724530816452,-0.005654511687150196,0.9195035738070557,-0.003017257728546763,0.8424840368073564,0.047021943573667714,0.28213166144200624,-0.003134796238244514,0.4608150470219436,-0.003134796238244514,0.05329153605015674,0.003134796238244514,0.09404388714733543,-0.024611246612121506,0.02127205531775575,0.9737836615378976,0.27899686520376177,0.13479623824451412,0.13166144200626959
bm25,semantic_intersection_tau0.6,laplace_eb_k2|std2,dev,319,-0.005218282131752624,0.717906461292907,-0.0030757057535984672,0.8681719985127823,0.0011743595747738431,0.7081428701501795,0.03761755485893417,0.2727272727272727,0.009404388714733543,0.47335423197492166,0.0,0.05642633228840126,0.009404388714733543,0.10031347962382445,-0.002470021991520466,0.8504488688651297,-0.002140529477110477,0.9230175560170953,0.001140464566718073,0.8466417591026211,0.03761755485893417,0.2727272727272727,0.009404388714733543,0.47335423197492166,0.0,0.05642633228840126,0.009404388714733543,0.10031347962382445,-0.026370435486019216,0.016032840967832303,0.8841698781232774,0.23197492163009403,0.11912225705329153,0.109717868338558
bm25,semantic_intersection_tau0.6,laplace_eb_k10|std2,dev,319,0.004254621304688409,0.727379364729348,0.00024464235970966493,0.8714923466260904,0.003978383629860175,0.7109468942052658,0.0438871473354232,0.27899686520376177,0.006269592476489028,0.4702194357366771,0.003134796238244514,0.05956112852664577,0.006269592476489028,0.09717868338557993,0.001884649820088593,0.8548035406767388,-0.00011864313884962315,0.9250394423553563,0.0025343116174297276,0.8480356061533327,0.0438871473354232,0.27899686520376177,0.006269592476489028,0.4702194357366771,0.003134796238244514,0.05956112852664577,0.006269592476489028,0.09717868338557993,-0.017055935314549922,0.024340459017731162,0.40431703616839465,0.2225705329153605,0.12852664576802508,0.09090909090909091
bm25,semantic_intersection_tau0.7,laplace|std0.5,dev,319,0.004944454166209062,0.7280691975908686,0.002086427518192877,0.8733341317845736,4.255256402455011e-05,0.7070110631394302,0.012539184952978056,0.2476489028213166,0.009404388714733543,0.47335423197492166,0.006269592476489028,0.06269592476489028,0.006269592476489028,0.09717868338557993,0.003570555052413462,0.8564894459090636,0.0015037439086220481,0.9266618294028279,0.0004394921015796234,0.8459407866374825,0.012539184952978056,0.2476489028213166,0.009404388714733543,0.47335423197492166,0.006269592476489028,0.06269592476489028,0.006269592476489028,0.09717868338557993,-0.00701296559788964,0.01758046627605223,0.5902041413952115,0.109717868338558,0.05329153605015674,0.05329153605015674
bm25,semantic_intersection_tau0.7,laplace_eb_k2|std0.5,dev,319,0.007008847304646125,0.7301335907293057,0.0018966545972704514,0.8731443588636512,0.001306015780913792,0.7082745263563195,0.012539184952978056,0.2476489028213166,0.009404388714733543,0.47335423197492166,0.006269592476489028,0.06269592476489028,0.006269592476489028,0.09717868338557993,0.004589338007391807,0.857508228864042,0.0015349012557241983,0.9266929867499301,0.0011754408899145802,0.8466767354258176,0.012539184952978056,0.2476489028213166,0.009404388714733543,0.47335423197492166,0.006269592476489028,0.06269592476489028,0.006269592476489028,0.09717868338557993,-0.0028722047128460623,0.017647444038742386,0.10232187258757604,0.0877742946708464,0.050156739811912224,0.034482758620689655
bm25,semantic_intersection_tau0.7,laplace_eb_k10|std0.5,dev,319,0.007952835305731125,0.7310775787303907,0.0013056272249610445,0.8725533314913417,0.0013447976131050572,0.7083133081885107,0.012539184952978056,0.2476489028213166,0.006269592476489028,0.4702194357366771,0.006269592476489028,0.06269592476489028,0.003134796238244514,0.09404388714733543,0.004730452844715417,0.8576493437013656,0.0013329098964559622,0.9264909953906618,0.000971601319537267,0.8464728958554402,0.012539184952978056,0.2476489028213166,0.006269592476489028,0.4702194357366771,0.006269592476489028,0.06269592476489028,0.003134796238244514,0.09404388714733543,-0.0027637350171524156,0.019458881807644914,0.13013368168806846,0.0877742946708464,0.050156739811912224,0.034482758620689655
bm25,semantic_intersection_tau0.7,laplace|std1,dev,319,-0.005020661670773007,0.7181040817538866,0.003217829432233374,0.8744655336986141,-0.0008120573146216179,0.706156453260784,0.018808777429467086,0.25391849529780564,0.012539184952978056,0.47648902821316613,0.0,0.05642633228840126,0.006269592476489028,0.09717868338557993,-0.001759062926971053,0.8511598279296791,0.0015435603718772577,0.9267016458660832,7.142542297937071e-05,0.8455727199588824,0.018808777429467086,0.25391849529780564,0.012539184952978056,0.47648902821316613,0.0,0.05642633228840126,0.006269592476489028,0.09717868338557993,-0.0229662262802494,0.011159897475360324,0.7216969766329905,0.16614420062695925,0.07523510971786834,0.08463949843260188
bm25,semantic_intersection_tau0.7,laplace_eb_k2|std1,dev,319,-0.0033062097841295704,0.7198185336405301,0.0034458768498561226,0.8746935811162369,-0.00023593314482500612,0.7067325774305806,0.012539184952978056,0.2476489028213166,0.012539184952978056,0.47648902821316613,0.0,0.05642633228840126,0.006269592476489028,0.09717868338557993,-0.00023240925376318092,0.852686481602887,0.0016195912346197146,0.9267776767288256,0.00040654695146135863,0.8459078414873643,0.012539184952978056,0.2476489028213166,0.012539184952978056,0.47648902821316613,0.0,0.05642633228840126,0.006269592476489028,0.09717868338557993,-0.01773067209344112,0.011014026615967187,0.9518571588656567,0.14106583072100312,0.06583072100313479,0.06896551724137931
bm25,semantic_intersection_tau0.7,laplace_eb_k10|std1,dev,319,0.0004915531526164949,0.7236162965772761,0.003488724788528251,0.874736429054909,0.0006126579586241301,0.7075811685340297,0.012539184952978056,0.2476489028213166,0.012539184952978056,0.47648902821316613,0.0,0.05642633228840126,0.006269592476489028,0.09717868338557993,0.001061914389409989,0.8539808052460601,0.00187973654755978,0.9270378220417657,0.0008122554580246007,0.8463135499939276,0.012539184952978056,0.2476489028213166,0.012539184952978056,0.47648902821316613,0.0,0.05642633228840126,0.006269592476489028,0.09717868338557993,-0.013928685489119406,0.014246875213511676,0.7773344659789814,0.12539184952978055,0.06269592476489028,0.05642633228840126
bm25,semantic_intersection_tau0.7,laplace|std2,dev,319,-0.003343256266326366,0.7197814871583332,-0.009161300700286338,0.8620864035660945,-0.01043220210972251,0.696536308465683,0.0438871473354232,0.27899686520376177,0.006269592476489028,0.4702194357366771,-0.003134796238244514,0.05329153605015674,0.009404388714733543,0.10031347962382445,-0.0007344299349291571,0.8521844609217211,-0.004712442245602981,0.9204456432486029,-0.004138137890627392,0.8413631566452755,0.0438871473354232,0.27899686520376177,0.006269592476489028,0.4702194357366771,-0.003134796238244514,0.05329153605015674,0.009404388714733543,0.10031347962382445,-0.026205550770050493,0.0191133308910464,0.986091475586403,0.25391849529780564,0.12852664576802508,0.11598746081504702
bm25,semantic_intersection_tau0.7,laplace_eb_k2|std2,dev,319,-0.0034583049554809883,0.7196664384691787,-0.004458849099362532,0.8667888551670182,-0.00482500988207641,0.7021435006933293,0.03761755485893417,0.2727272727272727,0.009404388714733543,0.47335423197492166,0.0,0.05642633228840126,0.006269592476489028,0.09717868338557993,-0.0011436585161753209,0.8517752323404748,-0.002726197616433649,0.9224318878777722,-0.0014141237474160529,0.8440871707884869,0.03761755485893417,0.2727272727272727,0.009404388714733543,0.47335423197492166,0.0,0.05642633228840126,0.006269592476489028,0.09717868338557993,-0.024198125935740607,0.017419064506234413,0.9277239537263219,0.2225705329153605,0.11598746081504702,0.10344827586206896
bm25,semantic_intersection_tau0.7,laplace_eb_k10|std2,dev,319,0.004464528123413134,0.7275892715480727,-0.001270304232555497,0.8699774000338253,-0.0006974443232751584,0.7062710662521305,0.0438871473354232,0.27899686520376177,0.009404388714733543,0.47335423197492166,0.003134796238244514,0.05956112852664577,0.006269592476489028,0.09717868338557993,0.0026998094817314027,0.8556187003383816,-0.0005245345139578218,0.924633550980248,0.000568217655708049,0.8460695121916109,0.0438871473354232,0.27899686520376177,0.009404388714733543,0.47335423197492166,0.003134796238244514,0.05956112852664577,0.006269592476489028,0.09717868338557993,-0.016066459005809504,0.024220098982503786,0.40270872729281104,0.19435736677115986,0.11285266457680251,0.07836990595611286
bm25,semantic_backoff_tau0.6,laplace|std0.5,dev,319,0.004333995726414982,0.7274587391510746,0.0034064941084870726,0.8746541983748678,-0.0009269142272330375,0.7060415963481727,0.012539184952978056,0.2476489028213166,0.009404388714733543,0.47335423197492166,0.006269592476489028,0.06269592476489028,0.003134796238244514,0.09404388714733543,0.0026547825635413764,0.8555736734201915,0.002222012389789928,0.9273800978839958,0.0002115423589664558,0.8457128368948695,0.012539184952978056,0.2476489028213166,0.009404388714733543,0.47335423197492166,0.006269592476489028,0.06269592476489028,0.003134796238244514,0.09404388714733543,-0.008144731086249635,0.01719875365822666,0.49244451322854665,0.11912225705329153,0.05956112852664577,0.05642633228840126
bm25,semantic_backoff_tau0.6,laplace_eb_k2|std0.5,dev,319,0.005629274258419264,0.7287540176830789,0.0032011050041940146,0.8744488092705748,0.003828738172039343,0.7107972487474451,0.009404388714733543,0.2445141065830721,0.009404388714733543,0.47335423197492166,0.006269592476489028,0.06269592476489028,0.003134796238244514,0.09404388714733543,0.0034375494363539645,0.8563564402930042,0.001816842156144145,0.9269749276503501,0.002376445931700701,0.8478777404676036,0.009404388714733543,0.2445141065830721,0.009404388714733543,0.47335423197492166,0.006269592476489028,0.06269592476489028,0.003134796238244514,0.09404388714733543,-0.005489431214183101,0.017296929066551135,0.18357532003674315,0.09404388714733543,0.050156739811912224,0.04075235109717868
bm25,semantic_backoff_tau0.6,laplace_eb_k10|std0.5,dev,319,0.007735195578452561,0.7308599390031122,0.0026530034863463015,0.873900707752727,0.0027994419807176986,0.7097679525561233,0.009404388714733543,0.2445141065830721,0.006269592476489028,0.4702194357366771,0.006269592476489028,0.06269592476489028,0.0,0.09090909090909091,0.004127877352753403,0.8570467682094036,0.0015642183327749606,0.9267223038269808,0.0016701749312840275,0.847171469467187,0.009404388714733543,0.2445141065830721,0.006269592476489028,0.4702194357366771,0.006269592476489028,0.06269592476489028,0.0,0.09090909090909091,-0.003851460408547829,0.01959666075144068,0.144409367598642,0.09404388714733543,0.050156739811912224,0.04075235109717868
bm25,semantic_backoff_tau0.6,laplace|std1,dev,319,-0.00399134392181534,0.7191333995028443,0.003962387018442901,0.8752100912848236,-0.0020361343801582102,0.7049323761952474,0.0219435736677116,0.25705329153605017,0.012539184952978056,0.47648902821316613,0.0,0.05642633228840126,0.006269592476489028,0.09717868338557993,-0.0013964655444166129,0.8515224253122335,0.0020705667035333043,0.9272286521977392,-0.00048758647284911477,0.8450137080630539,0.0219435736677116,0.25705329153605017,0.012539184952978056,0.47648902821316613,0.0,0.05642633228840126,0.006269592476489028,0.09717868338557993,-0.020694242936900604,0.01250203719835574,0.8978992268106055,0.19122257053291536,0.0877742946708464,0.09717868338557993
bm25,semantic_backoff_tau0.6,laplace_eb_k2|std1,dev,319,-0.004709373003449933,0.7184153704212097,0.004917202371414926,0.8761649066377957,0.0035429755348396893,0.7105114861102454,0.009404388714733543,0.2445141065830721,0.009404388714733543,0.47335423197492166,0.0,0.05642633228840126,0.003134796238244514,0.09404388714733543,-0.0013892242340458598,0.8515296666226043,0.002107074735306647,0.9272651602295126,0.0021002439682760187,0.8476015385041789,0.009404388714733543,0.2445141065830721,0.009404388714733543,0.47335423197492166,0.0,0.05642633228840126,0.003134796238244514,0.09404388714733543,-0.019549073160955898,0.010002052840604483,0.815170199287161,0.15987460815047022,0.07523510971786834,0.07836990595611286
bm25,semantic_backoff_tau0.6,laplace_eb_k10|std1,dev,319,-0.0010609380130110115,0.7220638054116486,0.004295393777865228,0.875543098044246,0.0037523518488698625,0.7107208624242756,0.012539184952978056,0.2476489028213166,0.006269592476489028,0.4702194357366771,0.0,0.05642633228840126,0.003134796238244514,0.09404388714733543,-2.319545581423003e-05,0.852895695400836,0.0020127506652222156,0.9271708361594281,0.0022050806721176076,0.8477063752080204,0.012539184952978056,0.2476489028213166,0.006269592476489028,0.4702194357366771,0.0,0.05642633228840126,0.003134796238244514,0.09404388714733543,-0.016471718875311757,0.01324732795030718,0.9954969422956927,0.14733542319749215,0.06896551724137931,0.07210031347962383
bm25,semantic_backoff_tau0.6,laplace|std2,dev,319,-0.0008324639036737639,0.7222922795209858,-0.013043759011175939,0.8582039452552048,-0.00903307382589597,0.6979354367495096,0.0438871473354232,0.27899686520376177,-0.009404388714733543,0.45454545454545453,-0.003134796238244514,0.05329153605015674,0.003134796238244514,0.09404388714733543,0.00017504221219627835,0.8530939330688465,-0.006483649198538084,0.9186744362956678,-0.0033279995372676547,0.8421732949986355,0.0438871473354232,0.27899686520376177,-0.009404388714733543,0.45454545454545453,-0.003134796238244514,0.05329153605015674,0.003134796238244514,0.09404388714733543,-0.023683688533857324,0.022245847290749625,0.9624732858699447,0.29153605015673983,0.14106583072100312,0.13793103448275862
bm25,semantic_backoff_tau0.6,laplace_eb_k2|std2,dev,319,-0.0059845132934262385,0.7171402301312334,-0.0032007482638553393,0.8680469560025253,0.0009635911653034367,0.7079321017407091,0.03761755485893417,0.2727272727272727,0.009404388714733543,0.47335423197492166,0.0,0.05642633228840126,0.009404388714733543,0.10031347962382445,-0.0026057391517962034,0.850313151704854,-0.0021868648947593185,0.9229712205994466,0.0010922460159911616,0.8465935405518941,0.03761755485893417,0.2727272727272727,0.009404388714733543,0.47335423197492166,0.0,0.05642633228840126,0.009404388714733543,0.10031347962382445,-0.02722830164792209,0.015421596509886197,0.8162704521877754,0.23824451410658307,0.12225705329153605,0.11285266457680251
bm25,semantic_backoff_tau0.6,laplace_eb_k10|std2,dev,319,0.003488390143014794,0.7266131335676744,0.00017565063735160708,0.8714233549037324,0.004280262494161959,0.7112487730695676,0.0438871473354232,0.27899686520376177,0.006269592476489028,0.4702194357366771,0.003134796238244514,0.05956112852664577,0.006269592476489028,0.09717868338557993,0.0017489326598128555,0.8546678235164631,-0.00013397507906707476,0.9250241104151388,0.0026594465242284213,0.8481607410601313,0.0438871473354232,0.27899686520376177,0.006269592476489028,0.4702194357366771,0.003134796238244514,0.05956112852664577,0.006269592476489028,0.09717868338557993,-0.01799291018455006,0.023545639343022548,0.4588489543655122,0.22884012539184953,0.13166144200626959,0.09404388714733543
bm25,semantic_backoff_tau0.7,laplace|std0.5,dev,319,0.004944454166209062,0.7280691975908686,0.002039033837826648,0.8732867381042074,-4.941563714634428e-05,0.7069190949382593,0.012539184952978056,0.2476489028213166,0.009404388714733543,0.47335423197492166,0.006269592476489028,0.06269592476489028,0.006269592476489028,0.09717868338557993,0.003570555052413462,0.8564894459090636,0.0015037439086220481,0.9266618294028279,0.0004134367065369883,0.8459147312424399,0.012539184952978056,0.2476489028213166,0.009404388714733543,0.47335423197492166,0.006269592476489028,0.06269592476489028,0.006269592476489028,0.09717868338557993,-0.00701296559788964,0.01758046627605223,0.5902041413952115,0.109717868338558,0.05329153605015674,0.05329153605015674
bm25,semantic_backoff_tau0.7,laplace_eb_k2|std0.5,dev,319,0.007008847304646125,0.7301335907293057,0.00183251089063184,0.8730802151570126,0.0015541766644645264,0.7085226872398702,0.012539184952978056,0.2476489028213166,0.009404388714733543,0.47335423197492166,0.006269592476489028,0.06269592476489028,0.006269592476489028,0.09717868338557993,0.004589338007391807,0.857508228864042,0.0015577516959378711,0.9267158371901437,0.0012574872813628367,0.8467587818172657,0.012539184952978056,0.2476489028213166,0.009404388714733543,0.47335423197492166,0.006269592476489028,0.06269592476489028,0.006269592476489028,0.09717868338557993,-0.0028722047128460623,0.017647444038742386,0.10232187258757604,0.0877742946708464,0.050156739811912224,0.034482758620689655
bm25,semantic_backoff_tau0.7,laplace_eb_k10|std0.5,dev,319,0.007952835305731125,0.7310775787303907,0.0013056272249610445,0.8725533314913417,0.0012034707028290327,0.7081719812782348,0.012539184952978056,0.2476489028213166,0.006269592476489028,0.4702194357366771,0.006269592476489028,0.06269592476489028,0.003134796238244514,0.09404388714733543,0.004730452844715417,0.8576493437013656,0.0013329098964559622,0.9264909953906618,0.0008117124017876884,0.8463130069376905,0.012539184952978056,0.2476489028213166,0.006269592476489028,0.4702194357366771,0.006269592476489028,0.06269592476489028,0.003134796238244514,0.09404388714733543,-0.0027637350171524156,0.019458881807644914,0.13013368168806846,0.0877742946708464,0.050156739811912224,0.034482758620689655
bm25,semantic_backoff_tau0.7,laplace|std1,dev,319,-0.004625163855597517,0.7184995795690621,0.0032007441531901825,0.8744484484195709,-0.001202853589222349,0.7057656569861833,0.018808777429467086,0.25391849529780564,0.012539184952978056,0.47648902821316613,0.0,0.05642633228840126,0.006269592476489028,0.09717868338557993,-0.0016576411395237364,0.8512612497171265,0.0014488875492239446,0.9266069730434298,-0.00021558164802838544,0.8452857128878745,0.018808777429467086,0.25391849529780564,0.012539184952978056,0.47648902821316613,0.0,0.05642633228840126,0.006269592476489028,0.09717868338557993,-0.022341793543749655,0.011639971192634203,0.8838656424145017,0.1724137931034483,0.08150470219435736,0.08463949843260188
bm25,semantic_backoff_tau0.7,laplace_eb_k2|std1,dev,319,-0.0033062097841295704,0.7198185336405301,0.0033446001969161076,0.8745923044632968,-0.0001676536699447518,0.7068008569054609,0.012539184952978056,0.2476489028213166,0.012539184952978056,0.47648902821316613,0.0,0.05642633228840126,0.006269592476489028,0.09717868338557993,-0.00023240925376318092,0.852686481602887,0.001598027619448575,0.9267561131136545,0.00036926744126226967,0.8458705619771653,0.012539184952978056,0.2476489028213166,0.012539184952978056,0.47648902821316613,0.0,0.05642633228840126,0.006269592476489028,0.09717868338557993,-0.01773067209344112,0.011014026615967187,0.9518571588656567,0.14106583072100312,0.06583072100313479,0.06896551724137931
bm25,semantic_backoff_tau0.7,laplace_eb_k10|std1,dev,319,0.0004915531526164949,0.7236162965772761,0.003482170706632369,0.8747298749730131,0.0009124252443029584,0.7078809358197086,0.012539184952978056,0.2476489028213166,0.012539184952978056,0.47648902821316613,0.0,0.05642633228840126,0.006269592476489028,0.09717868338557993,0.001061914389409989,0.8539808052460601,0.0019025869877734528,0.9270606724819793,0.0008936875853045213,0.8463949821212072,0.012539184952978056,0.2476489028213166,0.012539184952978056,0.47648902821316613,0.0,0.05642633228840126,0.006269592476489028,0.09717868338557993,-0.013928685489119406,0.014246875213511676,0.7773344659789814,0.12539184952978055,0.06269592476489028,0.05642633228840126
bm25,semantic_backoff_tau0.7,laplace|std2,dev,319,-0.003054469636988864,0.7200702737876707,-0.009268458500551207,0.8619792457658295,-0.011035479254857126,0.6959330313205485,0.0438871473354232,0.27899686520376177,0.006269592476489028,0.4702194357366771,-0.003134796238244514,0.05329153605015674,0.009404388714733543,0.10031347962382445,-0.0006126495177469284,0.8523062413389032,-0.004858125059582223,0.9202999604346237,-0.004481376955128016,0.8410199175807748,0.0438871473354232,0.27899686520376177,0.006269592476489028,0.4702194357366771,-0.003134796238244514,0.05329153605015674,0.009404388714733543,0.10031347962382445,-0.02602148415071183,0.01908478133532226,0.9193694355796873,0.26332288401253917,0.13479623824451412,0.11912225705329153
bm25,semantic_backoff_tau0.7,laplace_eb_k2|std2,dev,319,-0.0034583049554809883,0.7196664384691787,-0.004701197614490425,0.8665465066518904,-0.005601679227755738,0.70136683134765,0.03761755485893417,0.2727272727272727,0.009404388714733543,0.47335423197492166,0.0,0.05642633228840126,0.006269592476489028,0.09717868338557993,-0.0011436585161753209,0.8517752323404748,-0.002799926880385061,0.9223581586138208,-0.001753297158543221,0.8437479973773598,0.03761755485893417,0.2727272727272727,0.009404388714733543,0.47335423197492166,0.0,0.05642633228840126,0.006269592476489028,0.09717868338557993,-0.024198125935740607,0.017419064506234413,0.9277239537263219,0.2225705329153605,0.11598746081504702,0.10344827586206896
bm25,semantic_backoff_tau0.7,laplace_eb_k10|std2,dev,319,0.004464528123413134,0.7275892715480727,-0.0014077704341434012,0.8698399338322373,-0.0007800653483426697,0.7061884452270629,0.0438871473354232,0.27899686520376177,0.009404388714733543,0.47335423197492166,0.003134796238244514,0.05956112852664577,0.006269592476489028,0.09717868338557993,0.0026998094817314027,0.8556187003383816,-0.0005971081204548898,0.924560977373751,0.00044444018396837866,0.8459457347198713,0.0438871473354232,0.27899686520376177,0.009404388714733543,0.47335423197492166,0.003134796238244514,0.05956112852664577,0.006269592476489028,0.09717868338557993,-0.016066459005809504,0.024220098982503786,0.40270872729281104,0.19435736677115986,0.11285266457680251,0.07836990595611286
hybrid_rrf,M4_intersection,laplace|std0.5,dev,319,0.013617505474150369,0.8014611405171571,-0.0013089222033569432,0.8752457080963637,0.006610264629125598,0.7639740193665587,0.03761755485893417,0.3385579937304075,0.01567398119122257,0.4702194357366771,-0.006269592476489028,0.05329153605015674,0.006269592476489028,0.09090909090909091,0.006371576023699721,0.8909701583527473,-0.0010632625941572518,0.9264375876670347,0.003065114372576293,0.8720485321219813,0.03761755485893417,0.3385579937304075,0.01567398119122257,0.4702194357366771,-0.006269592476489028,0.05329153605015674,0.006269592476489028,0.09090909090909091,-0.001853701983779949,0.03031107698067974,0.1185417091938289,0.27586206896551724,0.15047021943573669,0.11912225705329153
hybrid_rrf,M4_intersection,laplace_eb_k2|std0.5,dev,319,0.015304218919299614,0.8031478539623064,-5.5767432275610655e-05,0.876498862867445,0.00659401546638214,0.7639577702038154,0.03761755485893417,0.3385579937304075,0.01567398119122257,0.4702194357366771,-0.006269592476489028,0.05329153605015674,0.006269592476489028,0.09090909090909091,0.007697529553619672,0.8922961118826672,-0.0006019454391025077,0.9268989048220895,0.0028032370308723573,0.8717866547802774,0.03761755485893417,0.3385579937304075,0.01567398119122257,0.4702194357366771,-0.006269592476489028,0.05329153605015674,0.006269592476489028,0.09090909090909091,0.000616543919875704,0.03097605066006085,0.06611638910351304,0.23510971786833856,0.13166144200626959,0.10344827586206896
hybrid_rrf,M4_intersection,laplace_eb_k10|std0.5,dev,319,0.014789823127390822,0.8026334581703976,0.001383991263876888,0.8779386215635976,0.006469422349922337,0.7638331770873555,0.03134796238244514,0.3322884012539185,0.0219435736677116,0.47648902821316613,0.0,0.05956112852664577,0.006269592476489028,0.09090909090909091,0.007603274617449243,0.8922018569464968,0.0008620193759475756,0.9283628696371395,0.0029613850071886117,0.8719448027565935,0.03134796238244514,0.3322884012539185,0.0219435736677116,0.47648902821316613,0.0,0.05956112852664577,0.006269592476489028,0.09090909090909091,0.003501910772349767,0.027470403461247028,0.02697103699835859,0.1755485893416928,0.10031347962382445,0.07210031347962383
hybrid_rrf,M4_intersection,laplace|std1,dev,319,-0.00026683046899992843,0.7875768045740068,-0.0031089271684425377,0.8734457031312781,0.003645878166053739,0.7610096329034869,0.04075235109717868,0.34169278996865204,0.006269592476489028,0.4608150470219436,-0.006269592476489028,0.05329153605015674,0.003134796238244514,0.0877742946708464,-0.0009798116071097155,0.8836187707219378,-0.0020949552799093313,0.9254058949812827,0.0012429762596620675,0.870226394009067,0.04075235109717868,0.34169278996865204,0.006269592476489028,0.4608150470219436,-0.006269592476489028,0.05329153605015674,0.003134796238244514,0.0877742946708464,-0.018149475360341765,0.019560078839803544,0.9012752060400795,0.4200626959247649,0.20689655172413793,0.20376175548589343
hybrid_rrf,M4_intersection,laplace_eb_k2|std1,dev,319,0.008714409270630361,0.7965580443136371,-0.0017067503219114202,0.8748478799778092,0.010031558797464103,0.7673953135348973,0.0438871473354232,0.3448275862068966,0.01567398119122257,0.4702194357366771,-0.003134796238244514,0.05642633228840126,0.003134796238244514,0.0877742946708464,0.0033904196326635474,0.887989001961711,-0.0009735303239015202,0.9265273199372904,0.004043383377846505,0.8730268011272514,0.0438871473354232,0.3448275862068966,0.01567398119122257,0.4702194357366771,-0.003134796238244514,0.05642633228840126,0.003134796238244514,0.0877742946708464,-0.009140419429839591,0.027813987830963248,0.35862484009481577,0.34796238244514105,0.18181818181818182,0.16614420062695925
hybrid_rrf,M4_intersection,laplace_eb_k10|std1,dev,319,0.012218887529403064,0.8000625225724097,-0.000418175630808624,0.876136454668912,0.011324077966071223,0.7686878327035045,0.04075235109717868,0.34169278996865204,0.012539184952978056,0.4670846394984326,0.003134796238244514,0.06269592476489028,0.006269592476489028,0.09090909090909091,0.005413634463163753,0.8900122167922112,-0.000450095039176343,0.9270507552220156,0.0051924208862280784,0.874175838635633,0.04075235109717868,0.34169278996865204,0.012539184952978056,0.4670846394984326,0.003134796238244514,0.06269592476489028,0.006269592476489028,0.09090909090909091,-0.004091600143003239,0.02890784052378705,0.1104665703864627,0.3072100313479624,0.16300940438871472,0.13479623824451412
hybrid_rrf,M4_intersection,laplace|std2,dev,319,-0.03189554976351956,0.7559480852794871,-0.01016034667021055,0.8663942836295101,-0.013128220033029029,0.7442355347044042,0.034482758620689655,0.335423197492163,0.0,0.45454545454545453,-0.009404388714733543,0.050156739811912224,0.0,0.08463949843260188,-0.015732888891405446,0.8688656934376421,-0.005006734480304777,0.9224941157808871,-0.006096338347581485,0.8628870794018236,0.034482758620689655,0.335423197492163,0.0,0.45454545454545453,-0.009404388714733543,0.050156739811912224,0.0,0.08463949843260188,-0.05666701941456074,-0.007200760732997548,0.01532320653252831,0.5579937304075235,0.23510971786833856,0.30094043887147337
hybrid_rrf,M4_intersection,laplace_eb_k2|std2,dev,319,-0.01497950991119337,0.7728641251318134,0.0009249604794672664,0.8774795907791879,0.004664836950062958,0.7620285916874963,0.034482758620689655,0.335423197492163,0.01567398119122257,0.4702194357366771,0.0,0.05956112852664577,0.003134796238244514,0.0877742946708464,-0.007820611463445107,0.8767779708656024,0.0008693830720309554,0.9283702333332229,0.0015194993407748694,0.8705029170901798,0.034482758620689655,0.335423197492163,0.01567398119122257,0.4702194357366771,0.0,0.05956112852664577,0.003134796238244514,0.0877742946708464,-0.03801349104968919,0.008518574879647777,0.17176747645294344,0.45768025078369906,0.20689655172413793,0.2507836990595611
hybrid_rrf,M4_intersection,laplace_eb_k10|std2,dev,319,0.0018089204839778171,0.7896525555269845,-0.0019317038567462311,0.8746229264429745,0.008323484168717855,0.7656872389061511,0.04075235109717868,0.34169278996865204,0.006269592476489028,0.4608150470219436,0.0,0.05956112852664577,0.0,0.08463949843260188,-0.0006609615113667934,0.8839376208176807,-0.0012306421528041924,0.9262702081083878,0.003294654624962882,0.8722780723743679,0.04075235109717868,0.34169278996865204,0.006269592476489028,0.4608150470219436,0.0,0.05956112852664577,0.0,0.08463949843260188,-0.01883352118482971,0.023217703205851554,0.6910184813661719,0.4263322884012539,0.21316614420062696,0.2006269592476489
hybrid_rrf,M5_backoff,laplace|std0.5,dev,319,0.013306647772699314,0.801150282815706,0.0004168124781880633,0.8769714427779087,0.007073064718313728,0.7644368194557469,0.03761755485893417,0.3385579937304075,0.018808777429467086,0.47335423197492166,-0.006269592476489028,0.05329153605015674,0.006269592476489028,0.09090909090909091,0.006811001457764437,0.8914095837868119,-2.7345639411184854e-05,0.9274735046217808,0.0036123472321369808,0.8725957649815418,0.03761755485893417,0.3385579937304075,0.018808777429467086,0.47335423197492166,-0.006269592476489028,0.05329153605015674,0.006269592476489028,0.09090909090909091,-0.0012582223874087618,0.029680793471984726,0.15098811954278415,0.27586206896551724,0.14733542319749215,0.12225705329153605
hybrid_rrf,M5_backoff,laplace_eb_k2|std0.5,dev,319,0.01205206821237612,0.7998957032553828,0.0006918343350431389,0.8772464646347637,0.006891261024815164,0.7642550157622484,0.034482758620689655,0.335423197492163,0.01567398119122257,0.4702194357366771,-0.006269592476489028,0.05329153605015674,0.006269592476489028,0.09090909090909091,0.006194067318985081,0.8907926496480326,0.00018234948005795853,0.9276831997412499,0.0028543368028622813,0.8718377545522673,0.034482758620689655,0.335423197492163,0.01567398119122257,0.4702194357366771,-0.006269592476489028,0.05329153605015674,0.006269592476489028,0.09090909090909091,-0.0033320095623641925,0.02848898246242053,0.3628416249849974,0.2727272727272727,0.13793103448275862,0.13479623824451412
hybrid_rrf,M5_backoff,laplace_eb_k10|std0.5,dev,319,0.003448462761868504,0.7912920978048752,-0.00023444263165273637,0.876320187668068,0.007995316285791818,0.765359071023225,0.02821316614420063,0.329153605015674,0.018808777429467086,0.47335423197492166,0.0,0.05956112852664577,0.006269592476489028,0.09090909090909091,0.0021723134203764337,0.8867708957494239,-7.346038908046615e-05,0.9274273898721115,0.003695390478570633,0.8726788082279755,0.02821316614420063,0.329153605015674,0.018808777429467086,0.47335423197492166,0.0,0.05956112852664577,0.006269592476489028,0.09090909090909091,-0.01019446889820237,0.017513375587434415,0.7014840229494641,0.2225705329153605,0.109717868338558,0.109717868338558
hybrid_rrf,M5_backoff,laplace|std1,dev,319,0.00047099891594584833,0.7883146339589525,-0.001462290466392302,0.8750923398333283,0.005598632734397364,0.7629623874718305,0.03134796238244514,0.3322884012539185,0.012539184952978056,0.4670846394984326,-0.012539184952978056,0.047021943573667714,0.003134796238244514,0.0877742946708464,-8.568130316779158e-05,0.8845129010258798,-0.0010730650357691845,0.9264277852254228,0.0022931298678945233,0.8712765476172993,0.03134796238244514,0.3322884012539185,0.012539184952978056,0.4670846394984326,-0.012539184952978056,0.047021943573667714,0.003134796238244514,0.0877742946708464,-0.01642379970012414,0.018727604504733052,0.9601478326660687,0.4231974921630094,0.2006269592476489,0.21316614420062696
hybrid_rrf,M5_backoff,laplace_eb_k2|std1,dev,319,0.005996063234850905,0.7938396982778576,-0.0030434866403711252,0.8735111436593496,0.011740676502822709,0.769104431240256,0.02821316614420063,0.329153605015674,0.012539184952978056,0.4670846394984326,-0.009404388714733543,0.050156739811912224,0.003134796238244514,0.0877742946708464,0.002349982721304819,0.8869485650503524,-0.0015294729355360647,0.9259713773256559,0.005291006725783633,0.8742744244751887,0.02821316614420063,0.329153605015674,0.012539184952978056,0.4670846394984326,-0.009404388714733543,0.050156739811912224,0.003134796238244514,0.0877742946708464,-0.012199888816891607,0.02537361480832847,0.7302208771198482,0.4012539184952978,0.1974921630094044,0.20376175548589343
hybrid_rrf,M5_backoff,laplace_eb_k10|std1,dev,319,0.005190237819401074,0.7930338728624078,-0.0001831329354671849,0.8763714973642535,0.013065702260287953,0.7704294569977213,0.03134796238244514,0.3322884012539185,0.012539184952978056,0.4670846394984326,0.0,0.05956112852664577,0.006269592476489028,0.09090909090909091,0.002009357124286759,0.8866079394533343,-0.00037787625782168395,0.9271229740033703,0.005974205011110697,0.8749576227605157,0.03134796238244514,0.3322884012539185,0.012539184952978056,0.4670846394984326,0.0,0.05956112852664577,0.006269592476489028,0.09090909090909091,-0.012881640155090246,0.023805486140509938,0.6890468698221051,0.3573667711598746,0.1724137931034483,0.1755485893416928
hybrid_rrf,M5_backoff,laplace|std2,dev,319,-0.034430811491132154,0.7534128235518746,-0.004568539116076168,0.8719860911836445,-0.004438021905183044,0.7529257328322502,0.03134796238244514,0.3322884012539185,0.009404388714733543,0.46394984326018807,-0.01567398119122257,0.0438871473354232,0.003134796238244514,0.0877742946708464,-0.017204508045250345,0.8673940742837971,-0.0020343751929770442,0.9254664750682149,-0.0025218133642381985,0.8664616043851667,0.03134796238244514,0.3322884012539185,0.009404388714733543,0.46394984326018807,-0.01567398119122257,0.0438871473354232,0.003134796238244514,0.0877742946708464,-0.059884616935211105,-0.009644160294163758,0.013389491283464717,0.5830721003134797,0.2445141065830721,0.3166144200626959
hybrid_rrf,M5_backoff,laplace_eb_k2|std2,dev,319,-0.020459606682992654,0.7673840283600141,-0.0024697760522926116,0.874084854247428,0.004256360330925465,0.7616201150683587,0.01567398119122257,0.3166144200626959,0.009404388714733543,0.46394984326018807,-0.006269592476489028,0.05329153605015674,0.003134796238244514,0.0877742946708464,-0.00988095316767319,0.8747176291613743,-0.0005154145361861465,0.9269854357250058,0.0018784721630120333,0.870861889912417,0.01567398119122257,0.3166144200626959,0.009404388714733543,0.46394984326018807,-0.006269592476489028,0.05329153605015674,0.003134796238244514,0.0877742946708464,-0.04354553893383674,0.004218146746808814,0.061468336462876506,0.5141065830721003,0.2225705329153605,0.29153605015673983
hybrid_rrf,M5_backoff,laplace_eb_k10|std2,dev,319,-0.003003692388721394,0.7848399426542854,-0.0021428004794733654,0.8744118298202472,0.009367291741423473,0.7667310464788567,0.025078369905956112,0.32601880877742945,0.003134796238244514,0.45768025078369906,-0.006269592476489028,0.05329153605015674,0.0,0.08463949843260188,-0.002381346162210064,0.8822172361668374,-0.001350854538077471,0.9261499957231145,0.004101216643581571,0.8730846343929867,0.025078369905956112,0.32601880877742945,0.003134796238244514,0.45768025078369906,-0.006269592476489028,0.05329153605015674,0.0,0.08463949843260188,-0.02590613223694055,0.019702405223862293,0.7879163008907983,0.5047021943573667,0.2413793103448276,0.2507836990595611
hybrid_rrf,semantic_intersection_tau0.6,laplace|std0.5,dev,319,0.010696809260075369,0.798540444303082,0.0006825925788161896,0.8772372228785368,0.007388007514715945,0.7647517622521491,0.02821316614420063,0.329153605015674,0.009404388714733543,0.46394984326018807,-0.009404388714733543,0.050156739811912224,0.006269592476489028,0.09090909090909091,0.0045740114857784255,0.8891725938148259,0.00036086464376658856,0.9278617149049585,0.0035692129015548846,0.8725526306509597,0.02821316614420063,0.329153605015674,0.009404388714733543,0.46394984326018807,-0.009404388714733543,0.050156739811912224,0.006269592476489028,0.09090909090909091,-0.0036666003654369367,0.026107157770322405,0.355665372159777,0.25391849529780564,0.13166144200626959,0.11598746081504702
hybrid_rrf,semantic_intersection_tau0.6,laplace_eb_k2|std0.5,dev,319,0.012071096364607257,0.7999147314076139,0.0021824728358875623,0.8787371031356082,0.006483499822571736,0.7638472545600049,0.03134796238244514,0.3322884012539185,0.006269592476489028,0.4608150470219436,-0.006269592476489028,0.05329153605015674,0.006269592476489028,0.09090909090909091,0.0059178576200359665,0.8905164399490835,0.0008612764666446697,0.9283621267278366,0.003095274827323363,0.8720786925767283,0.03134796238244514,0.3322884012539185,0.006269592476489028,0.4608150470219436,-0.006269592476489028,0.05329153605015674,0.006269592476489028,0.09090909090909091,-0.0012053331879893065,0.02629798682272247,0.15845866402419906,0.1786833855799373,0.09717868338557993,0.08150470219435736
hybrid_rrf,semantic_intersection_tau0.6,laplace_eb_k10|std0.5,dev,319,0.009478831459362305,0.797322466502369,0.0013171043889275912,0.8778717346886482,0.006209306960756129,0.7635730616981894,0.025078369905956112,0.32601880877742945,0.006269592476489028,0.4608150470219436,0.0,0.05956112852664577,0.006269592476489028,0.09090909090909091,0.004965966771762573,0.8895645491008101,0.000819853480706768,0.9283207037418987,0.0030168511837627443,0.8720002689331677,0.025078369905956112,0.32601880877742945,0.006269592476489028,0.4608150470219436,0.0,0.05956112852664577,0.006269592476489028,0.09090909090909091,-0.0010909458756633687,0.021125894469620665,0.24020374887301787,0.14733542319749215,0.07523510971786834,0.06896551724137931
hybrid_rrf,semantic_intersection_tau0.6,laplace|std1,dev,319,-0.0018530087457928912,0.7859906262972138,-0.002619992229258379,0.8739346380704622,0.0014677420819067294,0.75883149681934,0.02821316614420063,0.329153605015674,-0.003134796238244514,0.45141065830721006,-0.006269592476489028,0.05329153605015674,0.0,0.08463949843260188,-0.0022010827512950358,0.8823974995777525,-0.0016044040085006284,0.9258964462526913,0.0008044681018422762,0.8697878858512472,0.02821316614420063,0.329153605015674,-0.003134796238244514,0.45141065830721006,-0.006269592476489028,0.05329153605015674,0.0,0.08463949843260188,-0.019377656593965512,0.01623544497853348,0.6713802194627592,0.3761755485893417,0.1786833855799373,0.18495297805642633
hybrid_rrf,semantic_intersection_tau0.6,laplace_eb_k2|std1,dev,319,0.006107248249098799,0.7939508832921055,0.0020664384746252556,0.8786210687743459,0.0056129217334675565,0.7629766764709007,0.04075235109717868,0.34169278996865204,0.0,0.45454545454545453,0.0,0.05956112852664577,0.003134796238244514,0.0877742946708464,0.0024654835369145984,0.8870640658659621,0.0009088351808745286,0.9284096854420665,0.002534671655642949,0.8715180894050479,0.04075235109717868,0.34169278996865204,0.0,0.45454545454545453,0.0,0.05956112852664577,0.003134796238244514,0.0877742946708464,-0.010234101719243398,0.023811457986975534,0.6029890311523609,0.27586206896551724,0.14106583072100312,0.13479623824451412
hybrid_rrf,semantic_intersection_tau0.6,laplace_eb_k10|std1,dev,319,0.008280951074298272,0.796124586117305,0.0018910924469041973,0.8784457227466248,0.009749853237295601,0.7671136079747288,0.034482758620689655,0.335423197492163,-0.003134796238244514,0.45141065830721006,0.003134796238244514,0.06269592476489028,0.006269592476489028,0.09090909090909091,0.003359823017658485,0.887958405346706,0.0009645204932712089,0.9284653707544632,0.004752273208295291,0.8737356909577003,0.034482758620689655,0.335423197492163,-0.003134796238244514,0.45141065830721006,0.003134796238244514,0.06269592476489028,0.006269592476489028,0.09090909090909091,-0.0066069663330025055,0.024121006084226505,0.3155610408774644,0.25391849529780564,0.12852664576802508,0.11598746081504702
hybrid_rrf,semantic_intersection_tau0.6,laplace|std2,dev,319,-0.03657131441241148,0.7512723206305952,-0.008963048364675158,0.8675915819350455,-0.019211477209408082,0.7381522775280251,0.025078369905956112,0.32601880877742945,-0.012539184952978056,0.44200626959247646,-0.009404388714733543,0.050156739811912224,-0.012539184952978056,0.07210031347962383,-0.018180768878482353,0.8664178134505651,-0.004488769930358217,0.9230120803308337,-0.009501122568842014,0.8594822951805628,0.025078369905956112,0.32601880877742945,-0.012539184952978056,0.44200626959247646,-0.009404388714733543,0.050156739811912224,-0.012539184952978056,0.07210031347962383,-0.060485224846201634,-0.013608173296719702,0.003770029149815888,0.48589341692789967,0.2006269592476489,0.2601880877742947
hybrid_rrf,semantic_intersection_tau0.6,laplace_eb_k2|std2,dev,319,-0.013906215238720645,0.7739374198042861,0.002950223262033492,0.8795048535617541,-0.0025697608913373823,0.7547939938460959,0.03134796238244514,0.3322884012539185,-0.003134796238244514,0.45141065830721006,0.003134796238244514,0.06269592476489028,0.006269592476489028,0.09090909090909091,-0.006951239976015958,0.8776473423530315,0.0014759274112019793,0.928976777672394,-0.001666573633594573,0.8673168441158102,0.03134796238244514,0.3322884012539185,-0.003134796238244514,0.45141065830721006,0.003134796238244514,0.06269592476489028,0.006269592476489028,0.09090909090909091,-0.03440601523486798,0.0067061400011788974,0.18844431143707718,0.34796238244514105,0.15673981191222572,0.19122257053291536
hybrid_rrf,semantic_intersection_tau0.6,laplace_eb_k10|std2,dev,319,0.0024542532931300914,0.7902978883361368,0.0017024938215656341,0.8782571241212863,0.0019564423815210037,0.7593201971189543,0.04075235109717868,0.34169278996865204,-0.009404388714733543,0.445141065830721,0.003134796238244514,0.06269592476489028,0.003134796238244514,0.0877742946708464,-7.901800837262671e-05,0.8845195643206749,0.0009118959447806906,0.9284127462059727,0.0007009595725977305,0.8696843773220025,0.04075235109717868,0.34169278996865204,-0.009404388714733543,0.445141065830721,0.003134796238244514,0.06269592476489028,0.003134796238244514,0.0877742946708464,-0.01666784064149408,0.022547783408325667,0.6427347709109416,0.335423197492163,0.16614420062695925,0.15673981191222572
hybrid_rrf,semantic_intersection_tau0.7,laplace|std0.5,dev,319,0.0060125687466146055,0.7938562037896213,0.00035453870378691574,0.8769091690035076,0.006763897794167451,0.7641276525316006,0.0219435736677116,0.322884012539185,0.009404388714733543,0.46394984326018807,-0.009404388714733543,0.050156739811912224,0.0,0.08463949843260188,0.0021325563749175834,0.8867311387039651,0.00018033226455640644,0.9276811825257484,0.0034659198832736127,0.8724493376326785,0.0219435736677116,0.322884012539185,0.009404388714733543,0.46394984326018807,-0.009404388714733543,0.050156739811912224,0.0,0.08463949843260188,-0.009262258139056472,0.02207772759457927,0.47639194561164366,0.21630094043887146,0.109717868338558,0.10031347962382445
hybrid_rrf,semantic_intersection_tau0.7,laplace_eb_k2|std0.5,dev,319,0.009717238126877333,0.797560873169884,0.0005482597784562545,0.8771028900781769,0.0026047325806931657,0.7599684873181264,0.025078369905956112,0.32601880877742945,0.0,0.45454545454545453,-0.003134796238244514,0.05642633228840126,0.0,0.08463949843260188,0.0047830292797387585,0.8893816116087863,0.000201252186933655,0.9277021024481256,0.0014911679078045308,0.8704745856572095,0.025078369905956112,0.32601880877742945,0.0,0.45454545454545453,-0.003134796238244514,0.05642633228840126,0.0,0.08463949843260188,-0.001997573656208089,0.022745546654193753,0.1318067775774277,0.1536050156739812,0.08463949843260188,0.06896551724137931
hybrid_rrf,semantic_intersection_tau0.7,laplace_eb_k10|std0.5,dev,319,0.008123049915397428,0.7959666849584042,9.985104623633119e-05,0.876654481345957,0.002471093721337454,0.7598348484587706,0.0219435736677116,0.322884012539185,0.0,0.45454545454545453,0.0,0.05956112852664577,0.0,0.08463949843260188,0.004172051401347576,0.8887706337303951,0.00020749909003326512,0.9277083493512253,0.0014236871912187915,0.8704071049406237,0.0219435736677116,0.322884012539185,0.0,0.45454545454545453,0.0,0.05956112852664577,0.0,0.08463949843260188,-0.0028718676850152986,0.01921623749746048,0.2112846984332808,0.12852664576802508,0.06583072100313479,0.05956112852664577
hybrid_rrf,semantic_intersection_tau0.7,laplace|std1,dev,319,-0.004024640823419565,0.7838189942195871,-0.00011083007232522516,0.8764438002273954,0.0023426443431818385,0.7597063990806151,0.025078369905956112,0.32601880877742945,0.0,0.45454545454545453,-0.006269592476489028,0.05329153605015674,-0.006269592476489028,0.07836990595611286,-0.003527573563835838,0.8810710087652117,-0.00011934587574304085,0.927381504385449,0.0012775992711883354,0.8702610170205933,0.025078369905956112,0.32601880877742945,0.0,0.45454545454545453,-0.006269592476489028,0.05329153605015674,-0.006269592476489028,0.07836990595611286,-0.022233393036272833,0.015309572745359804,0.8477688868696438,0.322884012539185,0.1536050156739812,0.15673981191222572
hybrid_rrf,semantic_intersection_tau0.7,laplace_eb_k2|std1,dev,319,0.005449542010839456,0.7932931770538462,0.00012678767446440217,0.8766814179741851,0.0011938592016136392,0.7585576139390469,0.025078369905956112,0.32601880877742945,-0.003134796238244514,0.45141065830721006,0.0,0.05956112852664577,-0.006269592476489028,0.07836990595611286,0.0020728204691297957,0.8866714027981774,-0.0002043886244483876,0.9272964616367436,0.0006133171458229382,0.8695967348952279,0.025078369905956112,0.32601880877742945,-0.003134796238244514,0.45141065830721006,0.0,0.05956112852664577,-0.006269592476489028,0.07836990595611286,-0.008481226766884887,0.02034255328667014,0.37261404821564026,0.23197492163009403,0.12225705329153605,0.109717868338558
hybrid_rrf,semantic_intersection_tau0.7,laplace_eb_k10|std1,dev,319,0.007757352670905732,0.7956009877139124,0.00029110759029567804,0.8768457378900163,0.0057336175049360295,0.7630973722423693,0.025078369905956112,0.32601880877742945,-0.003134796238244514,0.45141065830721006,0.0,0.05956112852664577,0.0,0.08463949843260188,0.002983510120535345,0.8875820924495829,0.00024757863585851784,0.9277484288970504,0.0030058485960885676,0.8719892663454935,0.025078369905956112,0.32601880877742945,-0.003134796238244514,0.45141065830721006,0.0,0.05956112852664577,0.0,0.08463949843260188,-0.006319763921318009,0.022904786621702124,0.22793485927859092,0.21316614420062696,0.109717868338558,0.09404388714733543
hybrid_rrf,semantic_intersection_tau0.7,laplace|std2,dev,319,-0.042020586287153175,0.7458230487558535,-0.0031082158365219738,0.8734464144631987,-0.016287067658662047,0.7410766870787712,0.009404388714733543,0.3103448275862069,0.0,0.45454545454545453,-0.012539184952978056,0.047021943573667714,-0.01567398119122257,0.06896551724137931,-0.02099778500843945,0.863600797320608,-0.001892882081034789,0.9256079681801572,-0.007564320440950066,0.8614190973084549,0.009404388714733543,0.3103448275862069,0.0,0.45454545454545453,-0.012539184952978056,0.047021943573667714,-0.01567398119122257,0.06896551724137931,-0.06620685487144792,-0.01748711470759775,0.0007821609190705195,0.4231974921630094,0.15673981191222572,0.2413793103448276
hybrid_rrf,semantic_intersection_tau0.7,laplace_eb_k2|std2,dev,319,-0.011277769239718637,0.776565865803288,0.0021449998254686312,0.8786996301251893,-0.006041512257626812,0.7513222424798064,0.02821316614420063,0.329153605015674,-0.003134796238244514,0.45141065830721006,0.003134796238244514,0.06269592476489028,-0.003134796238244514,0.08150470219435736,-0.005712047265988532,0.878886535063059,0.0005861460975718722,0.9280869963587638,-0.0029038415807167936,0.8660795761686881,0.02821316614420063,0.329153605015674,-0.003134796238244514,0.45141065830721006,0.003134796238244514,0.06269592476489028,-0.003134796238244514,0.08150470219435736,-0.030972153881453794,0.008072157913007326,0.4385087404157062,0.30094043887147337,0.14420062695924765,0.15673981191222572
hybrid_rrf,semantic_intersection_tau0.7,laplace_eb_k10|std2,dev,319,0.003335658565957718,0.7911792936089644,0.00264213171124832,0.879196762010969,-0.0007146656700062514,0.756649089067427,0.034482758620689655,0.335423197492163,-0.003134796238244514,0.45141065830721006,0.003134796238244514,0.06269592476489028,-0.003134796238244514,0.08150470219435736,0.0006025153267719903,0.8852010976558194,0.0009979009628295898,0.9284987512240216,-0.0003237969449321296,0.8686596208044728,0.034482758620689655,0.335423197492163,-0.003134796238244514,0.45141065830721006,0.003134796238244514,0.06269592476489028,-0.003134796238244514,0.08150470219435736,-0.014199963265732163,0.02120156120450518,0.28304650006942755,0.2884012539184953,0.1536050156739812,0.12225705329153605
hybrid_rrf,semantic_backoff_tau0.6,laplace|std0.5,dev,319,0.007378325753824838,0.7952219607968315,-0.0018155359922905328,0.8747390943074301,0.006637056097154711,0.7640008108345879,0.025078369905956112,0.32601880877742945,0.003134796238244514,0.45768025078369906,-0.01567398119122257,0.0438871473354232,0.006269592476489028,0.09090909090909091,0.0028934688029991795,0.8874920511320467,-0.0007751617685754471,0.9267256884926165,0.0032461569413869728,0.8722295746907918,0.025078369905956112,0.32601880877742945,0.003134796238244514,0.45768025078369906,-0.01567398119122257,0.0438871473354232,0.006269592476489028,0.09090909090909091,-0.007463526615995599,0.022814460516816758,0.7836109097255649,0.28213166144200624,0.13793103448275862,0.13793103448275862
hybrid_rrf,semantic_backoff_tau0.6,laplace_eb_k2|std0.5,dev,319,0.010496899649080437,0.7983405346920871,0.0018966304938247585,0.8784512607935454,0.0067804111956055275,0.7641441659330387,0.025078369905956112,0.32601880877742945,0.006269592476489028,0.4608150470219436,-0.009404388714733543,0.050156739811912224,0.006269592476489028,0.09090909090909091,0.0050261535427787085,0.8896247358718262,0.0008097416181175686,0.9283105918793095,0.003051520234738771,0.8720349379841437,0.025078369905956112,0.32601880877742945,0.006269592476489028,0.4608150470219436,-0.009404388714733543,0.050156739811912224,0.006269592476489028,0.09090909090909091,-0.0038899178467807724,0.02564255515271126,0.48424280112200513,0.20689655172413793,0.10344827586206896,0.10344827586206896
hybrid_rrf,semantic_backoff_tau0.6,laplace_eb_k10|std0.5,dev,319,0.003677941508427683,0.7915215765514344,0.001345584571922087,0.8779002148716427,0.0075734126250198265,0.7649371673624531,0.0219435736677116,0.322884012539185,0.006269592476489028,0.4608150470219436,0.0,0.05956112852664577,0.006269592476489028,0.09090909090909091,0.0022337846808299,0.8868323670098774,0.0008155029021834131,0.9283163531633754,0.0035802431427946657,0.8725636608921996,0.0219435736677116,0.322884012539185,0.006269592476489028,0.4608150470219436,0.0,0.05956112852664577,0.006269592476489028,0.09090909090909091,-0.008820145225683723,0.016214589773440778,0.9048694781477522,0.16927899686520376,0.07836990595611286,0.0877742946708464
hybrid_rrf,semantic_backoff_tau0.6,laplace|std1,dev,319,-0.00712994553826072,0.780713689504746,-0.003627329597652519,0.8729273007020681,0.0017519144569071114,0.7591156691943404,0.018808777429467086,0.31974921630094044,-0.003134796238244514,0.45141065830721006,-0.012539184952978056,0.047021943573667714,0.0,0.08463949843260188,-0.004777660377346984,0.8798209219517005,-0.002270441257094141,0.9252304090040978,0.0006454276814356116,0.8696288454308405,0.018808777429467086,0.31974921630094044,-0.003134796238244514,0.45141065830721006,-0.012539184952978056,0.047021943573667714,0.0,0.08463949843260188,-0.02519681269775924,0.012150933213975723,0.2527918501011931,0.4169278996865204,0.18808777429467086,0.21630094043887146
hybrid_rrf,semantic_backoff_tau0.6,laplace_eb_k2|std1,dev,319,0.0038587208311759566,0.7917023558741827,0.0015746972123657273,0.8781293275120864,0.006451993993830905,0.7638157487312642,0.034482758620689655,0.335423197492163,0.0,0.45454545454545453,-0.003134796238244514,0.05642633228840126,0.003134796238244514,0.0877742946708464,0.0010989931496706877,0.8856975754787182,0.0006895323158431576,0.9281903825770351,0.0027647308795056003,0.8717481486289105,0.034482758620689655,0.335423197492163,0.0,0.45454545454545453,-0.003134796238244514,0.05642633228840126,0.003134796238244514,0.0877742946708464,-0.013578845468878185,0.022638946583605483,0.9126107078869624,0.30407523510971785,0.15047021943573669,0.1536050156739812
hybrid_rrf,semantic_backoff_tau0.6,laplace_eb_k10|std1,dev,319,0.006770529063144074,0.7946141641061508,0.0019195726298986931,0.8784742029296193,0.010075312666011083,0.7674390674034444,0.03134796238244514,0.3322884012539185,-0.003134796238244514,0.45141065830721006,0.003134796238244514,0.06269592476489028,0.006269592476489028,0.09090909090909091,0.0025808965337687523,0.8871794788628162,0.0008465718699846896,0.9283474221311766,0.004696915179584468,0.8736803329289894,0.03134796238244514,0.3322884012539185,-0.003134796238244514,0.45141065830721006,0.003134796238244514,0.06269592476489028,0.006269592476489028,0.09090909090909091,-0.009247602028392699,0.023546286005538455,0.6189474424627035,0.27899686520376177,0.13479623824451412,0.13479623824451412
hybrid_rrf,semantic_backoff_tau0.6,laplace|std2,dev,319,-0.042875184838114117,0.7449684502048926,-0.011799942269968016,0.8647546880297526,-0.019037907932619315,0.738325846804814,0.018808777429467086,0.31974921630094044,-0.0219435736677116,0.43260188087774293,-0.012539184952978056,0.047021943573667714,-0.01567398119122257,0.06896551724137931,-0.02193865525685134,0.8626599270721962,-0.005774064777786829,0.9217267854834051,-0.009472105234020556,0.8595113125153844,0.018808777429467086,0.31974921630094044,-0.0219435736677116,0.43260188087774293,-0.012539184952978056,0.047021943573667714,-0.01567398119122257,0.06896551724137931,-0.06796909334038773,-0.018197782045714914,0.0010050978976807092,0.5360501567398119,0.219435736677116,0.29153605015673983
hybrid_rrf,semantic_backoff_tau0.6,laplace_eb_k2|std2,dev,319,-0.01590927989225029,0.7719343551507564,0.0004145497905796972,0.8769691800903003,-0.0030115341831897886,0.7543522205542436,0.025078369905956112,0.32601880877742945,-0.012539184952978056,0.44200626959247646,0.0,0.05956112852664577,0.003134796238244514,0.0877742946708464,-0.008296336966995908,0.8763022453620516,0.0002866699404103629,0.9277875202016024,-0.0017833198873226921,0.8672000978620822,0.025078369905956112,0.32601880877742945,-0.012539184952978056,0.44200626959247646,0.0,0.05956112852664577,0.003134796238244514,0.0877742946708464,-0.03731151298973067,0.006370476584262593,0.16547312720559304,0.3730407523510972,0.16927899686520376,0.20376175548589343
hybrid_rrf,semantic_backoff_tau0.6,laplace_eb_k10|std2,dev,319,0.0014842238779352002,0.7893278589209419,0.0015253709121183915,0.878080001211839,0.0031484831836903733,0.7605122379211237,0.034482758620689655,0.335423197492163,-0.009404388714733543,0.445141065830721,0.0,0.05956112852664577,0.003134796238244514,0.0877742946708464,-0.0008809397399986052,0.883717642589049,0.0006911676131819483,0.9281920178743739,0.0010838477775968348,0.8700672655270018,0.034482758620689655,0.335423197492163,-0.009404388714733543,0.445141065830721,0.0,0.05956112852664577,0.003134796238244514,0.0877742946708464,-0.018124294810020435,0.022446206889953146,0.9808263976484898,0.36990595611285265,0.1755485893416928,0.18181818181818182
hybrid_rrf,semantic_backoff_tau0.7,laplace|std0.5,dev,319,0.0027870249038206,0.7906306599468274,-0.00025035090581003027,0.8763042793939106,0.0067248617967468095,0.76408861653418,0.018808777429467086,0.31974921630094044,0.009404388714733543,0.46394984326018807,-0.01567398119122257,0.0438871473354232,0.0,0.08463949843260188,0.0005563934768628925,0.8851549758059104,-0.0002944620799121438,0.9272063881812799,0.00344230990424799,0.872425727653653,0.018808777429467086,0.31974921630094044,0.009404388714733543,0.46394984326018807,-0.01567398119122257,0.0438871473354232,0.0,0.08463949843260188,-0.013015943278666574,0.019562240700503122,0.9200818811075642,0.2413793103448276,0.11598746081504702,0.11912225705329153
hybrid_rrf,semantic_backoff_tau0.7,laplace_eb_k2|std0.5,dev,319,0.009098081215982526,0.7969417162589892,0.00025498722227389534,0.8768096175219945,0.0030059863127137438,0.760369741050147,0.018808777429467086,0.31974921630094044,0.0,0.45454545454545453,-0.006269592476489028,0.05329153605015674,0.0,0.08463949843260188,0.0041811351305265036,0.8887797174595741,0.00015406791692990868,0.9276549181781218,0.0015214643321440884,0.870504882081549,0.018808777429467086,0.31974921630094044,0.0,0.45454545454545453,-0.006269592476489028,0.05329153605015674,0.0,0.08463949843260188,-0.003654371447814482,0.02362154037823027,0.3196563612189397,0.1755485893416928,0.09090909090909091,0.08463949843260188
hybrid_rrf,semantic_backoff_tau0.7,laplace_eb_k10|std0.5,dev,319,0.00327719976909482,0.7911208348121015,0.00016485112587860012,0.8767194814255992,0.0036985436296761982,0.7610622983671094,0.018808777429467086,0.31974921630094044,0.0,0.45454545454545453,0.0,0.05956112852664577,0.0,0.08463949843260188,0.001729679238459907,0.8863282615675074,0.00020749909003326512,0.9277083493512253,0.0019427095647889614,0.8709261273141939,0.018808777429467086,0.31974921630094044,0.0,0.45454545454545453,0.0,0.05956112852664577,0.0,0.08463949843260188,-0.009785839570773806,0.015941543274538637,0.6638740374666934,0.14420062695924765,0.06896551724137931,0.07210031347962383
hybrid_rrf,semantic_backoff_tau0.7,laplace|std1,dev,319,-0.009765455855471214,0.7780781791875355,-0.0010625390236654252,0.8754920912760552,0.0024464489617691534,0.7598102036992025,0.01567398119122257,0.3166144200626959,0.0,0.45454545454545453,-0.012539184952978056,0.047021943573667714,-0.006269592476489028,0.07836990595611286,-0.007058963693421462,0.877539618635626,-0.0007555717398006714,0.9267452785213913,0.001056035783223597,0.8700394535326286,0.01567398119122257,0.3166144200626959,0.0,0.45454545454545453,-0.012539184952978056,0.047021943573667714,-0.006269592476489028,0.07836990595611286,-0.02929174148106837,0.010259709107838424,0.3917640406225491,0.36363636363636365,0.16614420062695925,0.18495297805642633
hybrid_rrf,semantic_backoff_tau0.7,laplace_eb_k2|std1,dev,319,0.0048943059431348105,0.7927379409861415,-4.74076939974459e-05,0.8765072226057232,0.001966369525765925,0.7593301242631991,0.018808777429467086,0.31974921630094044,-0.003134796238244514,0.45141065830721006,-0.003134796238244514,0.05642633228840126,-0.006269592476489028,0.07836990595611286,0.001421496131950785,0.8860200784609983,-0.00039253320813552713,0.9271083170530564,0.0007672935070288969,0.8697507112564339,0.018808777429467086,0.31974921630094044,-0.003134796238244514,0.45141065830721006,-0.003134796238244514,0.05642633228840126,-0.006269592476489028,0.07836990595611286,-0.009973941485289496,0.02112561427231959,0.5746846503394725,0.2507836990595611,0.12852664576802508,0.12225705329153605
hybrid_rrf,semantic_backoff_tau0.7,laplace_eb_k10|std1,dev,319,0.007132140166333477,0.7949757752093402,0.00035610766993794695,0.8769107379696586,0.006223267045888036,0.7635870217833213,0.0219435736677116,0.322884012539185,-0.003134796238244514,0.45141065830721006,0.0,0.05956112852664577,0.0,0.08463949843260188,0.002403014599342705,0.8870015969283902,0.00013398059109535337,0.9276348308522873,0.0030427087810719674,0.8720261265304771,0.0219435736677116,0.322884012539185,-0.003134796238244514,0.45141065830721006,0.0,0.05956112852664577,0.0,0.08463949843260188,-0.00834761750548611,0.023803385460404745,0.4243930938983165,0.22884012539184953,0.11285266457680251,0.10658307210031348
hybrid_rrf,semantic_backoff_tau0.7,laplace|std2,dev,319,-0.04773191951191911,0.7401117155310876,-0.006501909473846699,0.8700527208258739,-0.016334551143048326,0.7410292035943848,0.006269592476489028,0.3072100313479624,-0.006269592476489028,0.4482758620689655,-0.01567398119122257,0.0438871473354232,-0.018808777429467086,0.06583072100313479,-0.024821569553363287,0.8597770127756842,-0.0036615647118667075,0.9238392855493253,-0.00778031661218984,0.8612031011372151,0.006269592476489028,0.3072100313479624,-0.006269592476489028,0.4482758620689655,-0.01567398119122257,0.0438871473354232,-0.018808777429467086,0.06583072100313479,-0.07418183350999807,-0.02213533660075789,0.00041573813224760894,0.46394984326018807,0.1755485893416928,0.26332288401253917
hybrid_rrf,semantic_backoff_tau0.7,laplace_eb_k2|std2,dev,319,-0.01272730550328766,0.7751163295397191,0.001162221112221386,0.877716851411942,-0.007009047386601428,0.7503547073508318,0.0219435736677116,0.322884012539185,-0.009404388714733543,0.445141065830721,0.0,0.05956112852664577,-0.006269592476489028,0.07836990595611286,-0.006774597220286307,0.8778239851087613,-7.739055866731745e-05,0.9274234597025246,-0.003450227998267146,0.8655331897511377,0.0219435736677116,0.322884012539185,-0.009404388714733543,0.445141065830721,0.0,0.05956112852664577,-0.006269592476489028,0.07836990595611286,-0.03311023807275725,0.007513902401755965,0.32882454634893676,0.31347962382445144,0.14733542319749215,0.16614420062695925
hybrid_rrf,semantic_backoff_tau0.7,laplace_eb_k10|std2,dev,319,0.0032508386573447704,0.7910944737003515,0.0024265694113734374,0.8789811997110941,-0.0002134925612835288,0.7571502621761497,0.02821316614420063,0.329153605015674,-0.003134796238244514,0.45141065830721006,0.0,0.05956112852664577,-0.003134796238244514,0.08150470219435736,-9.75442156896322e-07,0.8845976068868906,0.0007941405227565466,0.9282949907839485,-0.00036765125851646093,0.8686157664908885,0.02821316614420063,0.329153605015674,-0.003134796238244514,0.45141065830721006,0.0,0.05956112852664577,-0.003134796238244514,0.08150470219435736,-0.014892428594883707,0.021906094952576942,0.5177529689622146,0.31347962382445144,0.15987460815047022,0.14106583072100312
dense_bge,M4_intersection,laplace|abs,dev,319,-0.0635946022002114,0.7144988919126576,-0.08691182625144253,0.7881425933964947,-0.07126156225987362,0.6828607687966016,0.04075235109717868,0.32601880877742945,-0.01567398119122257,0.4263322884012539,0.0,0.05329153605015674,0.003134796238244514,0.0877742946708464,-0.03469457484337977,0.8451773429925913,-0.04176143820756655,0.8860707320389702,-0.0370137802485762,0.8310872433140734,0.04075235109717868,0.32601880877742945,-0.01567398119122257,0.4263322884012539,0.0,0.05329153605015674,0.003134796238244514,0.0877742946708464,-0.09454400685636274,-0.03407849256346314,0.00011578094233527045,0.6959247648902821,0.2664576802507837,0.4012539184952978
dense_bge,M4_intersection,laplace_eb_k2|abs,dev,319,-0.05266147446716467,0.7254320196457044,-0.06398699257441075,0.8110674270735265,-0.04326243250744657,0.7108598985490288,0.05329153605015674,0.3385579937304075,0.009404388714733543,0.45141065830721006,-0.003134796238244514,0.050156739811912224,0.003134796238244514,0.0877742946708464,-0.03107684701214016,0.8487950708238309,-0.032334691771892916,0.8954974784746439,-0.025265194330843264,0.8428358292318063,0.05329153605015674,0.3385579937304075,0.009404388714733543,0.45141065830721006,-0.003134796238244514,0.050156739811912224,0.003134796238244514,0.0877742946708464,-0.08333123904480642,-0.022762570324642906,0.0019275764149039687,0.6050156739811913,0.2445141065830721,0.3573667711598746
dense_bge,M4_intersection,laplace_eb_k10|abs,dev,319,-0.03481375083887839,0.7432797432739906,-0.04950961059537427,0.825544809052563,-0.028808337926490932,0.7253139931299843,0.0438871473354232,0.329153605015674,0.012539184952978056,0.45454545454545453,0.0,0.05329153605015674,0.0,0.08463949843260188,-0.021644263058246863,0.8582276547777241,-0.0252456026017479,0.902586567644789,-0.017358782130722717,0.8507422414319269,0.0438871473354232,0.329153605015674,0.012539184952978056,0.45454545454545453,0.0,0.05329153605015674,0.0,0.08463949843260188,-0.0643211173392879,-0.0053707360488517404,0.05384581937728417,0.5642633228840125,0.2476489028213166,0.29153605015673983
dense_bge,M4_intersection,laplace|std0.5,dev,319,0.012355934489857067,0.7904494286027262,0.005601763865417074,0.8806561835133544,0.00851947031564847,0.7626418013721238,0.02821316614420063,0.31347962382445144,0.009404388714733543,0.45141065830721006,0.003134796238244514,0.05642633228840126,0.0,0.08463949843260188,0.0069552546010869425,0.886827172437058,0.002999003404360206,0.9308311736508971,0.004463035671688545,0.872564059234338,0.02821316614420063,0.31347962382445144,0.009404388714733543,0.45141065830721006,0.003134796238244514,0.05642633228840126,0.0,0.08463949843260188,-5.105046736409288e-06,0.025424045707364812,0.0601836178980028,0.19122257053291536,0.11598746081504702,0.06896551724137931
dense_bge,M4_intersection,laplace_eb_k2|std0.5,dev,319,0.01474315946378678,0.7928366535766558,0.0026219897789641236,0.8776764094269014,0.009919470609355498,0.7640418016658307,0.02821316614420063,0.31347962382445144,0.006269592476489028,0.4482758620689655,0.003134796238244514,0.05642633228840126,0.003134796238244514,0.0877742946708464,0.007162341129817186,0.8870342589657882,0.0010534780899932766,0.9288856483365301,0.00512379901162509,0.8732248225742747,0.02821316614420063,0.31347962382445144,0.006269592476489028,0.4482758620689655,0.003134796238244514,0.05642633228840126,0.003134796238244514,0.0877742946708464,0.0017434903656987934,0.027706552995222854,0.028031158167612622,0.1786833855799373,0.11285266457680251,0.06583072100313479
dense_bge,M4_intersection,laplace_eb_k10|std0.5,dev,319,0.015094543792611005,0.7931880379054801,0.0017790743456365173,0.8768334939935738,0.00821246904639241,0.7623348001028678,0.02821316614420063,0.31347962382445144,0.0,0.44200626959247646,0.003134796238244514,0.05642633228840126,0.0,0.08463949843260188,0.007873654739236383,0.8877455725752074,0.0007480607137410991,0.928580230960278,0.004055627180864816,0.8721566507435143,0.02821316614420063,0.31347962382445144,0.0,0.44200626959247646,0.003134796238244514,0.05642633228840126,0.0,0.08463949843260188,0.0036013761984890905,0.02779489395713731,0.0065680923357303925,0.15673981191222572,0.10344827586206896,0.047021943573667714
dense_bge,M4_intersection,laplace|std1,dev,319,0.017280726165139936,0.795374220278009,0.004263182231998742,0.879317601879936,0.009098763035195748,0.763221094091671,0.0438871473354232,0.329153605015674,0.01567398119122257,0.45768025078369906,0.003134796238244514,0.05642633228840126,0.003134796238244514,0.0877742946708464,0.007656949254038939,0.88752886709001,0.002154518257487904,0.9299866885040248,0.0048774692145260885,0.8729784927771757,0.0438871473354232,0.329153605015674,0.01567398119122257,0.45768025078369906,0.003134796238244514,0.05642633228840126,0.003134796238244514,0.0877742946708464,0.0009944816627963022,0.03381064753880181,0.05304574525740775,0.27899686520376177,0.15987460815047022,0.10658307210031348
dense_bge,M4_intersection,laplace_eb_k2|std1,dev,319,0.012500357595170179,0.7905938517080392,0.00806286622738016,0.8831172858753175,0.014433819786601678,0.7685561508430768,0.04075235109717868,0.32601880877742945,0.03134796238244514,0.47335423197492166,0.003134796238244514,0.05642633228840126,0.003134796238244514,0.0877742946708464,0.005859695818730656,0.8857316136547017,0.003770138029020782,0.9316023082755576,0.007419760174885811,0.8755207837375355,0.04075235109717868,0.32601880877742945,0.03134796238244514,0.47335423197492166,0.003134796238244514,0.05642633228840126,0.003134796238244514,0.0877742946708464,-0.0033166243318106313,0.028157357461633722,0.08895671012895362,0.2445141065830721,0.14733542319749215,0.09717868338557993
dense_bge,M4_intersection,laplace_eb_k10|std1,dev,319,0.01622118331421879,0.7943146774270878,0.004380508883619757,0.879434928531557,0.009870332955940388,0.7639926640124156,0.034482758620689655,0.31974921630094044,0.012539184952978056,0.45454545454545453,0.003134796238244514,0.05642633228840126,0.003134796238244514,0.0877742946708464,0.008060061819501058,0.8879319796554721,0.0018571181730790572,0.9296892884196158,0.004844388505881856,0.8729454120685313,0.034482758620689655,0.31974921630094044,0.012539184952978056,0.45454545454545453,0.003134796238244514,0.05642633228840126,0.003134796238244514,0.0877742946708464,0.0014820705783965074,0.03172649289933865,0.040064938235567456,0.22570532915360503,0.13166144200626959,0.08150470219435736
dense_bge,M4_intersection,laplace|std2,dev,319,-0.00906849684059433,0.7690249972722747,-0.013379116230250152,0.8616753034176872,-0.00800504173884945,0.7461172893176258,0.047021943573667714,0.3322884012539185,0.034482758620689655,0.47648902821316613,0.003134796238244514,0.05642633228840126,0.0,0.08463949843260188,-0.0056814257067199034,0.8741904921292512,-0.007596634772130314,0.9202355354744065,-0.00448946917318625,0.8636115543894634,0.047021943573667714,0.3322884012539185,0.034482758620689655,0.47648902821316613,0.003134796238244514,0.05642633228840126,0.0,0.08463949843260188,-0.031263032979200536,0.012722038564368567,0.6258510592436137,0.3981191222570533,0.18181818181818182,0.1974921630094044
dense_bge,M4_intersection,laplace_eb_k2|std2,dev,319,0.010761686171577267,0.7888551802844463,-0.003076961982212844,0.8719774576657244,0.004946450428996342,0.7590687814854715,0.047021943573667714,0.3322884012539185,0.02821316614420063,0.4702194357366771,0.0,0.05329153605015674,0.0,0.08463949843260188,0.004426244097443584,0.8842981619334146,-0.0025031637622271214,0.9253290064843097,0.0017504072861985363,0.8698514308488481,0.047021943573667714,0.3322884012539185,0.02821316614420063,0.4702194357366771,0.0,0.05329153605015674,0.0,0.08463949843260188,-0.009600289695572143,0.030176747621834088,0.19918355898394668,0.34796238244514105,0.19122257053291536,0.1536050156739812
dense_bge,M4_intersection,laplace_eb_k10|std2,dev,319,0.0077240608375647975,0.7858175549504338,0.0016434996572781506,0.8766979193052155,0.006437679039180093,0.7605600100956553,0.05329153605015674,0.3385579937304075,0.03134796238244514,0.47335423197492166,0.006269592476489028,0.05956112852664577,0.003134796238244514,0.0877742946708464,0.00334229775730719,0.8832142155932782,0.0001143050791701553,0.927946475325707,0.0027520367157496616,0.8708530602783993,0.05329153605015674,0.3385579937304075,0.03134796238244514,0.47335423197492166,0.006269592476489028,0.05956112852664577,0.003134796238244514,0.0877742946708464,-0.010380580780157661,0.02613862823858436,0.3333054670063431,0.3072100313479624,0.15673981191222572,0.13479623824451412
dense_bge,M5_backoff,laplace|abs,dev,319,-0.06812915226975952,0.7099643418431095,-0.07855723219044904,0.7964971874574882,-0.05713256849063601,0.6969897625658393,0.025078369905956112,0.3103448275862069,-0.0219435736677116,0.4200626959247649,-0.006269592476489028,0.047021943573667714,-0.003134796238244514,0.08150470219435736,-0.03659590705061407,0.843276010785357,-0.03918655679143708,0.8886456134550997,-0.030284909469580575,0.837816114093069,0.025078369905956112,0.3103448275862069,-0.0219435736677116,0.4200626959247649,-0.006269592476489028,0.047021943573667714,-0.003134796238244514,0.08150470219435736,-0.09777458952126739,-0.038218568568190926,3.837131494903367e-05,0.7241379310344828,0.26959247648902823,0.4263322884012539
dense_bge,M5_backoff,laplace_eb_k2|abs,dev,319,-0.0579449096840564,0.7201485844288127,-0.07315166182465688,0.8019027578232804,-0.04891463373101617,0.7052076973254591,0.03761755485893417,0.322884012539185,-0.003134796238244514,0.438871473354232,-0.006269592476489028,0.047021943573667714,0.003134796238244514,0.0877742946708464,-0.03157656590766668,0.8482953519283044,-0.03598109037151157,0.8918510798750252,-0.026968242456920467,0.8411327811057291,0.03761755485893417,0.322884012539185,-0.003134796238244514,0.438871473354232,-0.006269592476489028,0.047021943573667714,0.003134796238244514,0.0877742946708464,-0.08949998425594224,-0.027749195515081822,0.0006574023672016786,0.6426332288401254,0.2601880877742947,0.3793103448275862
dense_bge,M5_backoff,laplace_eb_k10|abs,dev,319,-0.04526436650033655,0.7328291276125325,-0.059756721775733566,0.8152976978722037,-0.03992215667305322,0.7142001743834221,0.0219435736677116,0.3072100313479624,-0.003134796238244514,0.438871473354232,-0.003134796238244514,0.050156739811912224,0.0,0.08463949843260188,-0.025074713749571653,0.8547972040863994,-0.029193594257659675,0.8986385759888772,-0.02124886484729085,0.8468521587153587,0.0219435736677116,0.3072100313479624,-0.003134796238244514,0.438871473354232,-0.003134796238244514,0.050156739811912224,0.0,0.08463949843260188,-0.0739694024731046,-0.016399081956104716,0.00453346067360545,0.6394984326018809,0.2601880877742947,0.3542319749216301
dense_bge,M5_backoff,laplace|std0.5,dev,319,0.012675416787216282,0.7907689109000853,0.005637768947966046,0.8806921885959034,0.009600047939997107,0.7637223789964723,0.02821316614420063,0.31347962382445144,0.009404388714733543,0.45141065830721006,0.003134796238244514,0.05642633228840126,0.0,0.08463949843260188,0.0071493017262425915,0.8870212195622136,0.003037096751521,0.9308692669980578,0.004843897038492662,0.8729449206011423,0.02821316614420063,0.31347962382445144,0.009404388714733543,0.45141065830721006,0.003134796238244514,0.05642633228840126,0.0,0.08463949843260188,0.0001969152787075521,0.02559694962628582,0.026505305283689544,0.18181818181818182,0.11598746081504702,0.05956112852664577
dense_bge,M5_backoff,laplace_eb_k2|std0.5,dev,319,0.013834100321729355,0.7919275944345984,0.002066212201193209,0.8771206318491305,0.013305126987748014,0.7674274580442233,0.02821316614420063,0.31347962382445144,0.003134796238244514,0.445141065830721,0.003134796238244514,0.05642633228840126,0.003134796238244514,0.0877742946708464,0.006750342240527879,0.8866222600764989,0.0008946885135853926,0.9287268587601222,0.007012998123527693,0.8751140216861774,0.02821316614420063,0.31347962382445144,0.003134796238244514,0.445141065830721,0.003134796238244514,0.05642633228840126,0.003134796238244514,0.0877742946708464,0.0007427965217856779,0.026999191391547456,0.03167393201491197,0.18181818181818182,0.11598746081504702,0.06583072100313479
dense_bge,M5_backoff,laplace_eb_k10|std0.5,dev,319,0.013986618891591937,0.792080113004461,0.0014328904286447363,0.876487310076582,0.011127197219286592,0.7652495282757619,0.02821316614420063,0.31347962382445144,0.0,0.44200626959247646,0.003134796238244514,0.05642633228840126,0.0,0.08463949843260188,0.007392705047392172,0.8872646228833632,0.0006603764889755966,0.9284925467355124,0.00566257477554034,0.87376359833819,0.02821316614420063,0.31347962382445144,0.0,0.44200626959247646,0.003134796238244514,0.05642633228840126,0.0,0.08463949843260188,0.0021164754534076,0.02682085747021866,0.014426086076265712,0.16614420062695925,0.10658307210031348,0.05329153605015674
dense_bge,M5_backoff,laplace|std1,dev,319,0.01638868054065585,0.7944821746535249,0.00483500200752928,0.8798894216554666,0.011920815461014507,0.7660431465174898,0.04075235109717868,0.32601880877742945,0.012539184952978056,0.45454545454545453,0.003134796238244514,0.05642633228840126,0.003134796238244514,0.0877742946708464,0.008083360322216834,0.8879552781581879,0.001873574099944303,0.9297057443464811,0.005937354093808738,0.8740383776564581,0.04075235109717868,0.32601880877742945,0.012539184952978056,0.45454545454545453,0.003134796238244514,0.05642633228840126,0.003134796238244514,0.0877742946708464,-0.00012816961002200364,0.033289848684937576,0.04149792837736663,0.2727272727272727,0.15987460815047022,0.10031347962382445
dense_bge,M5_backoff,laplace_eb_k2|std1,dev,319,0.014931826055236744,0.7930253201681058,0.0063354754616100585,0.8813898951095473,0.016175639103852845,0.7702979701603281,0.03761755485893417,0.322884012539185,0.025078369905956112,0.4670846394984326,0.003134796238244514,0.05642633228840126,0.003134796238244514,0.0877742946708464,0.007204498430030847,0.8870764162660019,0.0028927909169451198,0.9307249611634819,0.008583168400492414,0.876684191963142,0.03761755485893417,0.322884012539185,0.025078369905956112,0.4670846394984326,0.003134796238244514,0.05642633228840126,0.003134796238244514,0.0877742946708464,-0.0014465496341076016,0.031347886287843706,0.0836675955583187,0.2601880877742947,0.1536050156739812,0.10658307210031348
dense_bge,M5_backoff,laplace_eb_k10|std1,dev,319,0.015304509164958164,0.7933980032778272,0.003932497250996413,0.8789869168989337,0.012981367431183968,0.7671036984876592,0.034482758620689655,0.31974921630094044,0.009404388714733543,0.45141065830721006,0.003134796238244514,0.05642633228840126,0.003134796238244514,0.0877742946708464,0.007646481071520001,0.8875183989074911,0.001791422456783187,0.9296235927033201,0.0068328519599938475,0.8749338755226435,0.034482758620689655,0.31974921630094044,0.009404388714733543,0.45141065830721006,0.003134796238244514,0.05642633228840126,0.003134796238244514,0.0877742946708464,0.0006916127655199704,0.030662096628107607,0.045030167726055545,0.23197492163009403,0.13479623824451412,0.08463949843260188
dense_bge,M5_backoff,laplace|std2,dev,319,0.0009489605512738601,0.7790424546641429,-0.011076216460395383,0.8639782031875419,-0.00569080017437008,0.7484315308821052,0.0438871473354232,0.329153605015674,0.025078369905956112,0.4670846394984326,0.0,0.05329153605015674,0.0,0.08463949843260188,-0.0001664589565002059,0.8797054588794708,-0.006788831612906859,0.92104333863363,-0.0033669548722270134,0.8647340686904227,0.0438871473354232,0.329153605015674,0.025078369905956112,0.4670846394984326,0.0,0.05329153605015674,0.0,0.08463949843260188,-0.021484838370642505,0.023241512204715983,0.7616930615988429,0.38557993730407525,0.18181818181818182,0.18495297805642633
dense_bge,M5_backoff,laplace_eb_k2|std2,dev,319,0.007166089869591883,0.7852595839824609,-0.002282356907581461,0.8727720627403558,0.006196762397184641,0.76031909345366,0.034482758620689655,0.31974921630094044,0.02821316614420063,0.4702194357366771,-0.003134796238244514,0.050156739811912224,0.0,0.08463949843260188,0.004018731251779394,0.8838906490877504,-0.001987438870821627,0.9258447313757152,0.0029639391316141827,0.8710649626942636,0.034482758620689655,0.31974921630094044,0.02821316614420063,0.4702194357366771,-0.003134796238244514,0.050156739811912224,0.0,0.08463949843260188,-0.013520750160501296,0.02756732338543129,0.4789395876640986,0.3667711598746082,0.18808777429467086,0.1755485893416928
dense_bge,M5_backoff,laplace_eb_k10|std2,dev,319,0.007982429011862106,0.7860759231247312,0.0009708608205789309,0.8760252804685162,0.006377508682797323,0.7604998397392726,0.047021943573667714,0.3322884012539185,0.025078369905956112,0.4670846394984326,0.006269592476489028,0.05956112852664577,0.003134796238244514,0.0877742946708464,0.0041997339284532125,0.8840716517644243,-9.889643767784382e-05,0.927733273808859,0.003192193194242852,0.8712932167568924,0.047021943573667714,0.3322884012539185,0.025078369905956112,0.4670846394984326,0.006269592476489028,0.05956112852664577,0.003134796238244514,0.0877742946708464,-0.010026084416805763,0.02594825211491984,0.4556168886939903,0.335423197492163,0.16300940438871472,0.15673981191222572
dense_bge,semantic_intersection_tau0.6,laplace|abs,dev,319,-0.056132611599648635,0.7219608825132204,-0.06487466278121015,0.8101797568667272,-0.05890104557653206,0.6952212854799432,0.034482758620689655,0.31974921630094044,-0.006269592476489028,0.43573667711598746,0.0,0.05329153605015674,0.003134796238244514,0.0877742946708464,-0.030871934277884264,0.8489999835580868,-0.03273692147858838,0.8950952487679484,-0.03104818855707174,0.8370528350055778,0.034482758620689655,0.31974921630094044,-0.006269592476489028,0.43573667711598746,0.0,0.05329153605015674,0.003134796238244514,0.0877742946708464,-0.0845163420292324,-0.028041394948258677,0.0015129147574620273,0.5329153605015674,0.21316614420062696,0.2884012539184953
dense_bge,semantic_intersection_tau0.6,laplace_eb_k2|abs,dev,319,-0.04440924326734483,0.7336842508455242,-0.059995375363430636,0.8150590442845067,-0.05060219899240332,0.7035201320640719,0.047021943573667714,0.3322884012539185,0.0,0.44200626959247646,-0.003134796238244514,0.050156739811912224,0.003134796238244514,0.0877742946708464,-0.02537284020719857,0.8544990776287724,-0.031301107713047616,0.8965310625334892,-0.02772527099776792,0.8403757525648816,0.047021943573667714,0.3322884012539185,0.0,0.44200626959247646,-0.003134796238244514,0.050156739811912224,0.003134796238244514,0.0877742946708464,-0.07217640717715305,-0.016006009097920514,0.00697320127535169,0.445141065830721,0.18808777429467086,0.25391849529780564
dense_bge,semantic_intersection_tau0.6,laplace_eb_k10|abs,dev,319,-0.03402898509674311,0.744064509016126,-0.04849564263065781,0.8265587770172795,-0.04195980217576401,0.7121625288807113,0.03761755485893417,0.322884012539185,-0.003134796238244514,0.438871473354232,0.0,0.05329153605015674,0.0,0.08463949843260188,-0.02002616941368318,0.8598457484222879,-0.025906648381750413,0.9019255218647865,-0.022930432113360464,0.8451705914492893,0.03761755485893417,0.322884012539185,-0.003134796238244514,0.438871473354232,0.0,0.05329153605015674,0.0,0.08463949843260188,-0.0597822760468273,-0.007233838483597804,0.057636205399999314,0.43260188087774293,0.19435736677115986,0.21316614420062696
dense_bge,semantic_intersection_tau0.6,laplace|std0.5,dev,319,0.009938679238471866,0.7880321733513409,0.004781500766269839,0.8798359204142071,0.0049754001130130985,0.7590977311694885,0.0219435736677116,0.3072100313479624,0.006269592476489028,0.4482758620689655,0.003134796238244514,0.05642633228840126,0.0,0.08463949843260188,0.005719171048705481,0.8855910888846765,0.0022176143517688525,0.9300497845983057,0.0023094284870781487,0.8704104520497277,0.0219435736677116,0.3072100313479624,0.006269592476489028,0.4482758620689655,0.003134796238244514,0.05642633228840126,0.0,0.08463949843260188,-0.0012484292018002476,0.021730824566933794,0.0843733910111204,0.15987460815047022,0.09717868338557993,0.05642633228840126
dense_bge,semantic_intersection_tau0.6,laplace_eb_k2|std0.5,dev,319,0.008023154212389621,0.7861166483252586,0.00180794111800418,0.8768623607659415,0.004974288103348784,0.7590966191598241,0.0219435736677116,0.3072100313479624,0.003134796238244514,0.445141065830721,0.003134796238244514,0.05642633228840126,0.003134796238244514,0.0877742946708464,0.004587472045683188,0.8844593898816542,0.0004327570009381046,0.9282649272474749,0.002325213871032092,0.8704262374336816,0.0219435736677116,0.3072100313479624,0.003134796238244514,0.445141065830721,0.003134796238244514,0.05642633228840126,0.003134796238244514,0.0877742946708464,-0.004354620575437725,0.02072391976196564,0.19424543320598409,0.1536050156739812,0.09090909090909091,0.06269592476489028
dense_bge,semantic_intersection_tau0.6,laplace_eb_k10|std0.5,dev,319,0.00948822657142687,0.7875817206842959,0.0008875998116585901,0.8759420194595958,0.004980087102767443,0.7591024181592428,0.0219435736677116,0.3072100313479624,0.0,0.44200626959247646,0.003134796238244514,0.05642633228840126,0.0,0.08463949843260188,0.005378005086067702,0.8852499229220387,0.0002390131307619866,0.9280711833772988,0.0023207745768807127,0.8704217981395302,0.0219435736677116,0.3072100313479624,0.0,0.44200626959247646,0.003134796238244514,0.05642633228840126,0.0,0.08463949843260188,-0.0014042405896239145,0.021120719315022882,0.027498139849189043,0.13166144200626959,0.08463949843260188,0.04075235109717868
dense_bge,semantic_intersection_tau0.6,laplace|std1,dev,319,0.010030720301182666,0.7881242144140517,0.0034228926728885377,0.8784773123208258,0.0002673270326796753,0.7543896580891549,0.03134796238244514,0.3166144200626959,0.009404388714733543,0.45141065830721006,0.003134796238244514,0.05642633228840126,0.003134796238244514,0.0877742946708464,0.0056522359668647985,0.8855241538028358,0.001065068670948471,0.9288972389174853,-0.00011843353229630264,0.8679825900303533,0.03134796238244514,0.3166144200626959,0.009404388714733543,0.45141065830721006,0.003134796238244514,0.05642633228840126,0.003134796238244514,0.0877742946708464,-0.00466940488234209,0.024985615582114838,0.1854071145807391,0.2225705329153605,0.12225705329153605,0.0877742946708464
dense_bge,semantic_intersection_tau0.6,laplace_eb_k2|std1,dev,319,0.010319337388938497,0.7884128315018075,0.004049334826887962,0.8791037544748252,0.003156770919931346,0.7572791019764067,0.034482758620689655,0.31974921630094044,0.009404388714733543,0.45141065830721006,0.003134796238244514,0.05642633228840126,0.003134796238244514,0.0877742946708464,0.004925561549147842,0.8847974793851189,0.0011520090521689866,0.9289841792987058,0.0013113279514551921,0.8694123515141048,0.034482758620689655,0.31974921630094044,0.009404388714733543,0.45141065830721006,0.003134796238244514,0.05642633228840126,0.003134796238244514,0.0877742946708464,-0.004824730032196613,0.02496085855701124,0.13537624973784598,0.20376175548589343,0.12225705329153605,0.08150470219435736
dense_bge,semantic_intersection_tau0.6,laplace_eb_k10|std1,dev,319,0.010302129303773742,0.7883956234166428,0.003543648273219883,0.8785980679211571,0.004124456933673273,0.7582467879901486,0.02821316614420063,0.31347962382445144,0.009404388714733543,0.45141065830721006,0.003134796238244514,0.05642633228840126,0.003134796238244514,0.0877742946708464,0.0051993075583048375,0.8850712253942759,0.0012143469155768988,0.9290465171621137,0.0017738333129583858,0.869874856875608,0.02821316614420063,0.31347962382445144,0.009404388714733543,0.45141065830721006,0.003134796238244514,0.05642633228840126,0.003134796238244514,0.0877742946708464,-0.004174434683259378,0.025081161035919636,0.17939488971786188,0.20689655172413793,0.11285266457680251,0.08150470219435736
dense_bge,semantic_intersection_tau0.6,laplace|std2,dev,319,-0.009693278974873893,0.7684002151379952,-0.01241986411492279,0.8626345555330145,-0.01880275299276304,0.7353195780637123,0.03134796238244514,0.3166144200626959,0.012539184952978056,0.45454545454545453,0.003134796238244514,0.05642633228840126,0.0,0.08463949843260188,-0.005353950968356716,0.8745179668676143,-0.0071931273959647156,0.9206390428505721,-0.00981615437982972,0.8582848691828199,0.03134796238244514,0.3166144200626959,0.012539184952978056,0.45454545454545453,0.003134796238244514,0.05642633228840126,0.0,0.08463949843260188,-0.03095256296865245,0.010880102121437578,0.6351513625895362,0.3322884012539185,0.1536050156739812,0.15987460815047022
dense_bge,semantic_intersection_tau0.6,laplace_eb_k2|std2,dev,319,0.0020132207758374347,0.7801067148887065,-0.005277870777632376,0.8697765488703049,-0.009782569442049461,0.7443397616144258,0.03134796238244514,0.3166144200626959,0.006269592476489028,0.4482758620689655,0.0,0.05329153605015674,0.0,0.08463949843260188,0.00029939992300769,0.8801713177589787,-0.0037352336237796795,0.9240969366227572,-0.005300114222081105,0.8628009093405685,0.03134796238244514,0.3166144200626959,0.006269592476489028,0.4482758620689655,0.0,0.05329153605015674,0.0,0.08463949843260188,-0.015847769589820253,0.01980253079187907,0.47163088713430645,0.27899686520376177,0.15047021943573669,0.12539184952978055
dense_bge,semantic_intersection_tau0.6,laplace_eb_k10|std2,dev,319,0.003038810058073564,0.7811323041709426,-0.0019337574609768428,0.8731206621869605,-0.006673984925575016,0.7474483461309003,0.04075235109717868,0.32601880877742945,0.009404388714733543,0.45141065830721006,0.006269592476489028,0.05956112852664577,0.003134796238244514,0.0877742946708464,0.0007705477337852167,0.8806424655697562,-0.0019349496940086629,0.9258972205525282,-0.003891277369286947,0.8642097461933625,0.04075235109717868,0.32601880877742945,0.009404388714733543,0.45141065830721006,0.006269592476489028,0.05956112852664577,0.003134796238244514,0.0877742946708464,-0.013374850630386495,0.019462856349059404,0.47186796206260995,0.2664576802507837,0.13479623824451412,0.11598746081504702
dense_bge,semantic_intersection_tau0.7,laplace|abs,dev,319,-0.05433814645654356,0.7237553476563254,-0.06673176432478017,0.8083226553231572,-0.0572159029613468,0.6969064280951285,0.04075235109717868,0.32601880877742945,0.003134796238244514,0.445141065830721,-0.003134796238244514,0.050156739811912224,0.003134796238244514,0.0877742946708464,-0.028740455364358836,0.8511314624716122,-0.03374796040753212,0.8940842098390047,-0.02970656270517451,0.838394460857475,0.04075235109717868,0.32601880877742945,0.003134796238244514,0.445141065830721,-0.003134796238244514,0.050156739811912224,0.003134796238244514,0.0877742946708464,-0.08252641211576223,-0.027308739736956508,0.0006791469297245564,0.4827586206896552,0.18181818181818182,0.2727272727272727
dense_bge,semantic_intersection_tau0.7,laplace_eb_k2|abs,dev,319,-0.04779509370883804,0.730298400404031,-0.06199651433382662,0.8130579053141107,-0.0560989189764549,0.6980234120800204,0.0438871473354232,0.329153605015674,0.009404388714733543,0.45141065830721006,-0.003134796238244514,0.050156739811912224,0.003134796238244514,0.0877742946708464,-0.02576948370679419,0.8541024341291769,-0.03159060635163119,0.8962415638949056,-0.029281669686954222,0.8388193538756953,0.0438871473354232,0.329153605015674,0.009404388714733543,0.45141065830721006,-0.003134796238244514,0.050156739811912224,0.003134796238244514,0.0877742946708464,-0.0743492500114964,-0.020725277032364497,0.0011198381485536624,0.3981191222570533,0.14733542319749215,0.2445141065830721
dense_bge,semantic_intersection_tau0.7,laplace_eb_k10|abs,dev,319,-0.03598453417467099,0.742108959938198,-0.050694502633193445,0.8243599170147439,-0.04836960791794111,0.7057527231385342,0.03761755485893417,0.322884012539185,0.006269592476489028,0.4482758620689655,0.0,0.05329153605015674,0.0,0.08463949843260188,-0.019691788290735323,0.8601801295452357,-0.026291038362210074,0.9015411318843267,-0.025100004075089218,0.8430010194875602,0.03761755485893417,0.322884012539185,0.006269592476489028,0.4482758620689655,0.0,0.05329153605015674,0.0,0.08463949843260188,-0.06128680249763693,-0.010757105137720777,0.02992796112935116,0.4012539184952978,0.16927899686520376,0.20689655172413793
dense_bge,semantic_intersection_tau0.7,laplace|std0.5,dev,319,0.009464913681383044,0.7875584077942521,0.004428557187412226,0.8794829768353495,0.003483143925293113,0.7576054749817684,0.018808777429467086,0.30407523510971785,0.009404388714733543,0.45141065830721006,0.003134796238244514,0.05642633228840126,0.003134796238244514,0.0877742946708464,0.005318308138174696,0.8851902259741458,0.0020671896052584754,0.9298993598517953,0.0015898821122220304,0.8696909056748717,0.018808777429467086,0.30407523510971785,0.009404388714733543,0.45141065830721006,0.003134796238244514,0.05642633228840126,0.003134796238244514,0.0877742946708464,-0.001839667180302001,0.02142447394356832,0.0454974241534772,0.15673981191222572,0.09717868338557993,0.05329153605015674
dense_bge,semantic_intersection_tau0.7,laplace_eb_k2|std0.5,dev,319,0.008174513761526364,0.7862680078743954,0.0012680008119923941,0.8763224204599297,0.003509464448895949,0.7576317955053713,0.01567398119122257,0.30094043887147337,0.006269592476489028,0.4482758620689655,0.003134796238244514,0.05642633228840126,0.006269592476489028,0.09090909090909091,0.004493016808010568,0.8843649346439816,0.00041635133629682293,0.9282485215828337,0.001600813099583113,0.8697018366622328,0.01567398119122257,0.30094043887147337,0.006269592476489028,0.4482758620689655,0.003134796238244514,0.05642633228840126,0.006269592476489028,0.09090909090909091,-0.003594018733800392,0.02041373788890046,0.12755097006124186,0.14733542319749215,0.0877742946708464,0.05956112852664577
dense_bge,semantic_intersection_tau0.7,laplace_eb_k10|std0.5,dev,319,0.0099151436251159,0.7880086377379849,0.0004982057036277269,0.875552625351565,0.004003578686041518,0.7581259097425168,0.01567398119122257,0.30094043887147337,0.003134796238244514,0.445141065830721,0.003134796238244514,0.05642633228840126,0.003134796238244514,0.0877742946708464,0.0055231324931297185,0.8853950503291007,0.0002864274111661044,0.9281185976577029,0.0018050542632614157,0.8699060778259109,0.01567398119122257,0.30094043887147337,0.003134796238244514,0.445141065830721,0.003134796238244514,0.05642633228840126,0.003134796238244514,0.0877742946708464,-0.001031609897890061,0.021564303562745774,0.011072410886920424,0.13166144200626959,0.08463949843260188,0.04075235109717868
dense_bge,semantic_intersection_tau0.7,laplace|std1,dev,319,0.01037670742008006,0.7884702015329491,0.0036479788700988676,0.8787023985180361,-0.000511420529837893,0.7536109105266374,0.03134796238244514,0.3166144200626959,0.01567398119122257,0.45768025078369906,0.003134796238244514,0.05642633228840126,0.006269592476489028,0.09090909090909091,0.005714937810987515,0.8855868556469585,0.0014988335322436868,0.9293310037787805,-0.00035375842480076604,0.8677472651378487,0.03134796238244514,0.3166144200626959,0.01567398119122257,0.45768025078369906,0.003134796238244514,0.05642633228840126,0.006269592476489028,0.09090909090909091,-0.003854249714403691,0.025103189441197337,0.16614821542559033,0.20689655172413793,0.11285266457680251,0.08150470219435736
dense_bge,semantic_intersection_tau0.7,laplace_eb_k2|std1,dev,319,0.007991774982793205,0.7860852690956622,0.002965278853443349,0.8780196985013806,0.0005138348355936024,0.7546361658920689,0.025078369905956112,0.3103448275862069,0.012539184952978056,0.45454545454545453,0.003134796238244514,0.05642633228840126,0.006269592476489028,0.09090909090909091,0.004116969796183714,0.8839888876321548,0.001027769990101877,0.9288599402366388,0.00024700159189469477,0.8683480251545443,0.025078369905956112,0.3103448275862069,0.012539184952978056,0.45454545454545453,0.003134796238244514,0.05642633228840126,0.006269592476489028,0.09090909090909091,-0.006397554871617439,0.022634175361417295,0.2402529646077325,0.19435736677115986,0.109717868338558,0.08463949843260188
dense_bge,semantic_intersection_tau0.7,laplace_eb_k10|std1,dev,319,0.00852029693537745,0.7866137910482465,0.003070178357037631,0.8781245980049749,0.0021509486492898387,0.7562732797057652,0.018808777429467086,0.30407523510971785,0.012539184952978056,0.45454545454545453,0.003134796238244514,0.05642633228840126,0.006269592476489028,0.09090909090909091,0.004302387700932901,0.8841743055369039,0.0013230448606245944,0.9291552151071614,0.0008845807803461914,0.8689856043429958,0.018808777429467086,0.30407523510971785,0.012539184952978056,0.45454545454545453,0.003134796238244514,0.05642633228840126,0.006269592476489028,0.09090909090909091,-0.005346974644074245,0.02281346205259937,0.18940949391555162,0.19435736677115986,0.10344827586206896,0.07836990595611286
dense_bge,semantic_intersection_tau0.7,laplace|std2,dev,319,-0.007433439870613122,0.7706600542422559,-0.013484441094263968,0.8615699785536733,-0.02011714601030918,0.7340051850461661,0.0438871473354232,0.329153605015674,0.01567398119122257,0.45768025078369906,0.003134796238244514,0.05642633228840126,0.0,0.08463949843260188,-0.004290842337294432,0.8755810754986766,-0.007541023264858043,0.9202911469816788,-0.010226679072484701,0.8578743444901648,0.0438871473354232,0.329153605015674,0.01567398119122257,0.45768025078369906,0.003134796238244514,0.05642633228840126,0.0,0.08463949843260188,-0.02760766015320923,0.013262315907261589,0.6879750994231737,0.31347962382445144,0.13793103448275862,0.15673981191222572
dense_bge,semantic_intersection_tau0.7,laplace_eb_k2|std2,dev,319,0.0004362111741846258,0.7785297052870537,-0.007325270146038091,0.8677291495018992,-0.0148596002764089,0.7392627307800664,0.025078369905956112,0.3103448275862069,0.01567398119122257,0.45768025078369906,0.0,0.05329153605015674,0.003134796238244514,0.0877742946708464,0.00015185862125647852,0.8800237764572275,-0.0042830507583378995,0.923549119488199,-0.007485880410783343,0.8606151431518664,0.025078369905956112,0.3103448275862069,0.01567398119122257,0.45768025078369906,0.0,0.05329153605015674,0.003134796238244514,0.0877742946708464,-0.01655462320929037,0.017171407397544487,0.6494708139366209,0.2507836990595611,0.12539184952978055,0.12225705329153605
dense_bge,semantic_intersection_tau0.7,laplace_eb_k10|std2,dev,319,0.0014498442131150105,0.7795433383259841,-0.0028780924862828747,0.8721763271616544,-0.010317882512430411,0.7438044485440448,0.03134796238244514,0.3166144200626959,0.01567398119122257,0.45768025078369906,0.006269592476489028,0.05956112852664577,0.006269592476489028,0.09090909090909091,0.0005642188753827612,0.8804361367113538,-0.0022517487546866964,0.9255804214918502,-0.005484792487374667,0.8626162310752749,0.03134796238244514,0.3166144200626959,0.01567398119122257,0.45768025078369906,0.006269592476489028,0.05956112852664577,0.006269592476489028,0.09090909090909091,-0.014654075029688568,0.017636208918214217,0.6422584129100526,0.2445141065830721,0.11598746081504702,0.11285266457680251
dense_bge,semantic_backoff_tau0.6,laplace|abs,dev,319,-0.058859631676098395,0.7192338624367707,-0.06928870805939163,0.8057657115885457,-0.05937341587577119,0.694748915180704,0.018808777429467086,0.30407523510971785,-0.018808777429467086,0.4231974921630094,-0.006269592476489028,0.047021943573667714,0.0,0.08463949843260188,-0.032196060710566174,0.8476758571254048,-0.035409010970106694,0.8924231592764301,-0.03117475005152831,0.8369262735111213,0.018808777429467086,0.30407523510971785,-0.018808777429467086,0.4231974921630094,-0.006269592476489028,0.047021943573667714,0.0,0.08463949843260188,-0.08788719685532176,-0.030314142169389983,0.00037765434687709183,0.567398119122257,0.21630094043887146,0.31974921630094044
dense_bge,semantic_backoff_tau0.6,laplace_eb_k2|abs,dev,319,-0.047689999602618265,0.7304034945102508,-0.05959898135318278,0.8154554382947545,-0.05062193593541657,0.7035003951210587,0.034482758620689655,0.31974921630094044,-0.012539184952978056,0.42946708463949845,-0.006269592476489028,0.047021943573667714,0.0,0.08463949843260188,-0.027075560115347834,0.8527963577206232,-0.03133241192300491,0.8964997583235319,-0.02756477614928936,0.8405362474133602,0.034482758620689655,0.31974921630094044,-0.012539184952978056,0.42946708463949845,-0.006269592476489028,0.047021943573667714,0.0,0.08463949843260188,-0.07607021356602914,-0.019012659774701988,0.003761384253127381,0.45768025078369906,0.18808777429467086,0.2664576802507837
dense_bge,semantic_backoff_tau0.6,laplace_eb_k10|abs,dev,319,-0.03865814648078153,0.7394353476320875,-0.04749338898726018,0.8275610306606771,-0.041733978385088216,0.712388352671387,0.0219435736677116,0.3072100313479624,-0.009404388714733543,0.43260188087774293,-0.003134796238244514,0.050156739811912224,0.0,0.08463949843260188,-0.021888411530880347,0.8579835063050907,-0.02564371304825929,0.9021884571982776,-0.022810859665227907,0.8452901638974217,0.0219435736677116,0.3072100313479624,-0.009404388714733543,0.43260188087774293,-0.003134796238244514,0.050156739811912224,0.0,0.08463949843260188,-0.06473899408123897,-0.012030144264705517,0.017286294010822805,0.45454545454545453,0.19122257053291536,0.23824451410658307
dense_bge,semantic_backoff_tau0.6,laplace|std0.5,dev,319,0.010010197525114102,0.7881036916379831,0.004466101013380906,0.8795205206613181,0.004931480477222455,0.7590538115336978,0.0219435736677116,0.3072100313479624,0.003134796238244514,0.445141065830721,0.003134796238244514,0.05642633228840126,0.0,0.08463949843260188,0.005959368424729493,0.8858312862607005,0.001892085546236427,0.9297242557927733,0.0024021455299891637,0.8705031690926387,0.0219435736677116,0.3072100313479624,0.003134796238244514,0.445141065830721,0.003134796238244514,0.05642633228840126,0.0,0.08463949843260188,-0.0012479854508253476,0.021762624144740984,0.07914007366502389,0.15987460815047022,0.09717868338557993,0.05642633228840126
dense_bge,semantic_backoff_tau0.6,laplace_eb_k2|std0.5,dev,319,0.007386394055285798,0.7854798881681548,0.0013471924025436927,0.876401612050481,0.005846150270823776,0.759968481327299,0.0219435736677116,0.3072100313479624,0.0,0.44200626959247646,0.003134796238244514,0.05642633228840126,0.003134796238244514,0.0877742946708464,0.004272190007296475,0.8841441078432675,8.704127936527647e-05,0.9279192115259021,0.002722230768502692,0.8708232543311524,0.0219435736677116,0.3072100313479624,0.0,0.44200626959247646,0.003134796238244514,0.05642633228840126,0.003134796238244514,0.0877742946708464,-0.004965961273747926,0.019913623818316035,0.18923761790649618,0.15047021943573669,0.09090909090909091,0.05956112852664577
dense_bge,semantic_backoff_tau0.6,laplace_eb_k10|std0.5,dev,319,0.008652600655361402,0.7867460947682304,0.0005383236935146176,0.8755927433414519,0.005929199851418738,0.760051530907894,0.0219435736677116,0.3072100313479624,-0.003134796238244514,0.438871473354232,0.003134796238244514,0.05642633228840126,0.0,0.08463949843260188,0.004993772245126085,0.8848656900810972,-0.00011043750380273896,0.9277217327427341,0.002736645638008474,0.8708376692006581,0.0219435736677116,0.3072100313479624,-0.003134796238244514,0.438871473354232,0.003134796238244514,0.05642633228840126,0.0,0.08463949843260188,-0.002434675075510826,0.02060824646424723,0.04962394297995004,0.13479623824451412,0.08463949843260188,0.0438871473354232
dense_bge,semantic_backoff_tau0.6,laplace|std1,dev,319,0.009080822938661965,0.787174317051531,0.0030881804545471285,0.8781426001024845,0.0006463057615540249,0.7547686368180293,0.03134796238244514,0.3166144200626959,0.006269592476489028,0.4482758620689655,0.003134796238244514,0.05642633228840126,0.003134796238244514,0.0877742946708464,0.005400402232023616,0.8852723200679946,0.0007453205817171772,0.928577490828254,9.426362462178363e-05,0.8681952871872712,0.03134796238244514,0.3166144200626959,0.006269592476489028,0.4482758620689655,0.003134796238244514,0.05642633228840126,0.003134796238244514,0.0877742946708464,-0.005597043128503154,0.024268526710032663,0.32122437809660565,0.23197492163009403,0.12225705329153605,0.09717868338557993
dense_bge,semantic_backoff_tau0.6,laplace_eb_k2|std1,dev,319,0.0093797673252309,0.7874732614380999,0.003398755594480748,0.8784531752424181,0.003819510639648079,0.7579418416961233,0.03134796238244514,0.3166144200626959,0.006269592476489028,0.4482758620689655,0.003134796238244514,0.05642633228840126,0.003134796238244514,0.0877742946708464,0.004449794658672847,0.8843217124946439,0.0007775330618257433,0.9286097033083626,0.0015727966369880044,0.8696738201996377,0.03134796238244514,0.3166144200626959,0.006269592476489028,0.4482758620689655,0.003134796238244514,0.05642633228840126,0.003134796238244514,0.0877742946708464,-0.005796435061947305,0.02435535281476181,0.23602176776037864,0.20689655172413793,0.11912225705329153,0.0877742946708464
dense_bge,semantic_backoff_tau0.6,laplace_eb_k10|std1,dev,319,0.00966536914666992,0.7877588632595389,0.0031943721550759105,0.8782487918030132,0.004930014343097293,0.7590523453995726,0.02821316614420063,0.31347962382445144,0.006269592476489028,0.4482758620689655,0.003134796238244514,0.05642633228840126,0.003134796238244514,0.0877742946708464,0.004884025519918125,0.8847559433558891,0.0008648962810121734,0.928697066527549,0.002138825251390942,0.8702398488140405,0.02821316614420063,0.31347962382445144,0.006269592476489028,0.4482758620689655,0.003134796238244514,0.05642633228840126,0.003134796238244514,0.0877742946708464,-0.004983022409640136,0.024618275940044544,0.17121231953737914,0.20376175548589343,0.11285266457680251,0.07836990595611286
dense_bge,semantic_backoff_tau0.6,laplace|std2,dev,319,-0.012466011516352807,0.7656274825965163,-0.011946630001441812,0.8631077896464955,-0.018941011478347838,0.7351813195781275,0.0219435736677116,0.3072100313479624,0.006269592476489028,0.4482758620689655,0.0,0.05329153605015674,0.0,0.08463949843260188,-0.006573672391777876,0.8732982454441932,-0.007155173344298217,0.9206769969022386,-0.009723334290017158,0.8583776892726324,0.0219435736677116,0.3072100313479624,0.006269592476489028,0.4482758620689655,0.0,0.05329153605015674,0.0,0.08463949843260188,-0.033709648342622106,0.008483442458613164,0.30396396165581896,0.3448275862068966,0.14733542319749215,0.1786833855799373
dense_bge,semantic_backoff_tau0.6,laplace_eb_k2|std2,dev,319,0.001117592601566853,0.7792110867144358,-0.005068827899272165,0.8699855917486651,-0.009374276382796072,0.7447480546736792,0.025078369905956112,0.3103448275862069,0.006269592476489028,0.4482758620689655,-0.003134796238244514,0.050156739811912224,0.0,0.08463949843260188,-0.00028431789254693775,0.8795875999434241,-0.00372539885739174,0.9241067713891451,-0.0051886283865543005,0.8629123951760953,0.025078369905956112,0.3103448275862069,0.006269592476489028,0.4482758620689655,-0.003134796238244514,0.050156739811912224,0.0,0.08463949843260188,-0.016786664068044913,0.019019810974504496,0.6135778403006102,0.2852664576802508,0.14733542319749215,0.13479623824451412
dense_bge,semantic_backoff_tau0.6,laplace_eb_k10|std2,dev,319,0.0020441327909690834,0.7801376269038381,-0.002068763055771496,0.8729856565921658,-0.006212062503103177,0.7479102685533721,0.034482758620689655,0.31974921630094044,0.003134796238244514,0.445141065830721,0.003134796238244514,0.05642633228840126,0.003134796238244514,0.0877742946708464,0.0002582308640674364,0.8801301487000385,-0.0022337965457043304,0.9255983737008325,-0.0037601279801335826,0.864340895582516,0.034482758620689655,0.31974921630094044,0.003134796238244514,0.445141065830721,0.003134796238244514,0.05642633228840126,0.003134796238244514,0.0877742946708464,-0.014452372110656064,0.018803569730546404,0.6960649012479425,0.2727272727272727,0.13166144200626959,0.12539184952978055
dense_bge,semantic_backoff_tau0.7,laplace|abs,dev,319,-0.055970933159877514,0.7221225609529915,-0.07013290335765826,0.804921516290279,-0.05780892438929656,0.6963134066671788,0.034482758620689655,0.31974921630094044,-0.003134796238244514,0.438871473354232,-0.009404388714733543,0.0438871473354232,0.0,0.08463949843260188,-0.02937811799931302,0.850493799836658,-0.03569006602218532,0.8921421042243515,-0.0300034457052763,0.8380975778573734,0.034482758620689655,0.31974921630094044,-0.003134796238244514,0.438871473354232,-0.009404388714733543,0.0438871473354232,0.0,0.08463949843260188,-0.08521033564296356,-0.027714818526865193,0.0003070100949791172,0.5078369905956113,0.18495297805642633,0.2946708463949843
dense_bge,semantic_backoff_tau0.7,laplace_eb_k2|abs,dev,319,-0.049826101332809486,0.7282673927800596,-0.06088156545050092,0.8141728541974363,-0.056481637013930136,0.6976406940425453,0.03761755485893417,0.322884012539185,0.0,0.44200626959247646,-0.006269592476489028,0.047021943573667714,0.0,0.08463949843260188,-0.027011393379641924,0.8528605244563291,-0.031261244724536764,0.896570925522,-0.029465458329568463,0.8386355652330812,0.03761755485893417,0.322884012539185,0.0,0.44200626959247646,-0.006269592476489028,0.047021943573667714,0.0,0.08463949843260188,-0.07684876307272892,-0.02264767367754799,0.0008698639386932729,0.4012539184952978,0.14733542319749215,0.2476489028213166
dense_bge,semantic_backoff_tau0.7,laplace_eb_k10|abs,dev,319,-0.0387528729289303,0.7393406211839387,-0.0490626132693784,0.8259918063785588,-0.048117035319065235,0.7060052957374101,0.025078369905956112,0.3103448275862069,0.0,0.44200626959247646,-0.003134796238244514,0.050156739811912224,0.0,0.08463949843260188,-0.020899043000977616,0.8589728748349934,-0.025849009008616863,0.90198316123792,-0.025071136536643047,0.8430298870260065,0.025078369905956112,0.3103448275862069,0.0,0.44200626959247646,-0.003134796238244514,0.050156739811912224,0.0,0.08463949843260188,-0.06389662931004661,-0.014213303884135147,0.01065795937945577,0.40752351097178685,0.16300940438871472,0.219435736677116
dense_bge,semantic_backoff_tau0.7,laplace|std0.5,dev,319,0.009656164433141486,0.7877496585460105,0.004078838985915468,0.8791332586338527,0.0037997150869578788,0.7579220461434332,0.018808777429467086,0.30407523510971785,0.006269592476489028,0.4482758620689655,0.003134796238244514,0.05642633228840126,0.003134796238244514,0.0877742946708464,0.005385677082037851,0.8852575949180089,0.0017177389706937497,0.9295499092172306,0.0018258702792344039,0.8699268938418838,0.018808777429467086,0.30407523510971785,0.006269592476489028,0.4482758620689655,0.003134796238244514,0.05642633228840126,0.003134796238244514,0.0877742946708464,-0.0016068656336177478,0.021526144332833418,0.02772972309998777,0.1536050156739812,0.09717868338557993,0.050156739811912224
dense_bge,semantic_backoff_tau0.7,laplace_eb_k2|std0.5,dev,319,0.007574273501070316,0.7856677676139393,0.0008160894660740437,0.8758705091140113,0.003951487384246062,0.7580738184407213,0.01567398119122257,0.30094043887147337,0.003134796238244514,0.445141065830721,0.003134796238244514,0.05642633228840126,0.006269592476489028,0.09090909090909091,0.00418208534814721,0.8840540031841182,6.690070173209737e-05,0.927899070948269,0.001726031023133136,0.8698270545857827,0.01567398119122257,0.30094043887147337,0.003134796238244514,0.445141065830721,0.003134796238244514,0.05642633228840126,0.006269592476489028,0.09090909090909091,-0.004062075672385087,0.019914379601474838,0.10707239354992569,0.14420062695924765,0.0877742946708464,0.05642633228840126
dense_bge,semantic_backoff_tau0.7,laplace_eb_k10|std0.5,dev,319,0.009079517709050433,0.7871730118219195,3.638835536275164e-05,0.8750908080033001,0.0045083847539178264,0.7586307158103931,0.01567398119122257,0.30094043887147337,0.0,0.44200626959247646,0.003134796238244514,0.05642633228840126,0.003134796238244514,0.0877742946708464,0.005138899652188101,0.8850108174881591,-0.00013044448481831805,0.9277017257617185,0.0020318262816222833,0.8701328498442721,0.01567398119122257,0.30094043887147337,0.0,0.44200626959247646,0.003134796238244514,0.05642633228840126,0.003134796238244514,0.0877742946708464,-0.0018625887770637821,0.020907612215015203,0.02218705005600419,0.13479623824451412,0.08463949843260188,0.0438871473354232
dense_bge,semantic_backoff_tau0.7,laplace|std1,dev,319,0.010570607028411099,0.7886641011412802,0.0033427312456328294,0.8783971508935701,-3.529216708808152e-05,0.7540870388893871,0.03134796238244514,0.3166144200626959,0.012539184952978056,0.45454545454545453,0.003134796238244514,0.05642633228840126,0.006269592476489028,0.09090909090909091,0.0057307429448190525,0.8856026607807901,0.0012427717914401924,0.929074942037977,-9.173956410638294e-05,0.8680092839985432,0.03134796238244514,0.3166144200626959,0.012539184952978056,0.45454545454545453,0.003134796238244514,0.05642633228840126,0.006269592476489028,0.09090909090909091,-0.00371151564636948,0.025282851583251383,0.12514598090769338,0.21003134796238246,0.11598746081504702,0.08150470219435736
dense_bge,semantic_backoff_tau0.7,laplace_eb_k2|std1,dev,319,0.00708872481573338,0.7851822189286024,0.0023088252936784752,0.8773632449416158,0.0006656176244203565,0.7547879486808956,0.0219435736677116,0.3072100313479624,0.009404388714733543,0.45141065830721006,0.003134796238244514,0.05642633228840126,0.006269592476489028,0.09090909090909091,0.0036455534842320743,0.8835174713202031,0.0006377577407980414,0.9284699279873349,0.00023140658779204163,0.8683324301504416,0.0219435736677116,0.3072100313479624,0.009404388714733543,0.45141065830721006,0.003134796238244514,0.05642633228840126,0.006269592476489028,0.09090909090909091,-0.007478260391371377,0.021941551967848038,0.36254209512039937,0.1974921630094044,0.10658307210031348,0.09090909090909091
dense_bge,semantic_backoff_tau0.7,laplace_eb_k10|std1,dev,319,0.007875921771070427,0.7859694158839394,0.002616756294962007,0.8776711759428993,0.0026722237234205284,0.7567945547798958,0.018808777429467086,0.30407523510971785,0.009404388714733543,0.45141065830721006,0.003134796238244514,0.05642633228840126,0.006269592476489028,0.09090909090909091,0.003985523803854437,0.8838574416398255,0.0009061729646401719,0.928738343211177,0.0011060168563759062,0.8692070404190255,0.018808777429467086,0.30407523510971785,0.009404388714733543,0.45141065830721006,0.003134796238244514,0.05642633228840126,0.006269592476489028,0.09090909090909091,-0.006048828087817165,0.022417284158236548,0.19468511281212197,0.19435736677115986,0.10344827586206896,0.07836990595611286
dense_bge,semantic_backoff_tau0.7,laplace|std2,dev,319,-0.008014614165389799,0.7700788799474793,-0.014023257834036896,0.8610311618139004,-0.020143440529283685,0.7339788905271917,0.03761755485893417,0.322884012539185,0.009404388714733543,0.45141065830721006,0.0,0.05329153605015674,0.0,0.08463949843260188,-0.004621913253700471,0.8752500045822705,-0.007904464735132774,0.919927705511404,-0.010204370791635544,0.857896652771014,0.03761755485893417,0.322884012539185,0.009404388714733543,0.45141065830721006,0.0,0.05329153605015674,0.0,0.08463949843260188,-0.02877612623231351,0.01263953397243187,0.5441060486185394,0.31974921630094044,0.13479623824451412,0.16614420062695925
dense_bge,semantic_backoff_tau0.7,laplace_eb_k2|std2,dev,319,-0.00042271231035453775,0.7776707818025145,-0.007795385198907045,0.8672590344490302,-0.01513212291424551,0.7389902081422298,0.018808777429467086,0.30407523510971785,0.012539184952978056,0.45454545454545453,-0.003134796238244514,0.050156739811912224,0.003134796238244514,0.0877742946708464,-0.0004089588655573447,0.8794629589704137,-0.004613352606662762,0.923218817639874,-0.007777686384404342,0.8603233371782453,0.018808777429467086,0.30407523510971785,0.012539184952978056,0.45454545454545453,-0.003134796238244514,0.050156739811912224,0.003134796238244514,0.0877742946708464,-0.017485184129035585,0.016102202007763064,0.7882436055250418,0.25391849529780564,0.12225705329153605,0.12852664576802508
dense_bge,semantic_backoff_tau0.7,laplace_eb_k10|std2,dev,319,0.000491686842658303,0.7785851809555273,-0.003260947460291154,0.8717934721876461,-0.01022764305149126,0.7438946880049839,0.025078369905956112,0.3103448275862069,0.009404388714733543,0.45141065830721006,0.003134796238244514,0.05642633228840126,0.006269592476489028,0.09090909090909091,5.625258418833574e-05,0.8799281704201594,-0.0025891607457941227,0.9252430095007427,-0.0055315181192559515,0.8625695054433937,0.025078369905956112,0.3103448275862069,0.009404388714733543,0.45141065830721006,0.003134796238244514,0.05642633228840126,0.006269592476489028,0.09090909090909091,-0.015791504582547845,0.016673986662798165,0.8699694737499696,0.2507836990595611,0.11285266457680251,0.12225705329153605
hybrid_bge_rrf,M4_intersection,laplace|std0.5,dev,319,0.00665855410050449,0.780715816890745,0.0007751947473209107,0.8796957815795856,0.007299382877200375,0.7565792172773503,0.0438871473354232,0.3322884012539185,0.012539184952978056,0.47335423197492166,0.003134796238244514,0.06583072100313479,0.003134796238244514,0.09717868338557993,0.0030499565937676027,0.8804321104082568,0.0008494457854746277,0.9295636706030854,0.003700580305440297,0.869699716119557,0.0438871473354232,0.3322884012539185,0.012539184952978056,0.47335423197492166,0.003134796238244514,0.06583072100313479,0.003134796238244514,0.09717868338557993,-0.008730996022917633,0.02246778165121624,0.2163235849751759,0.2476489028213166,0.14106583072100312,0.10031347962382445
hybrid_bge_rrf,M4_intersection,laplace_eb_k2|std0.5,dev,319,0.007572630122537523,0.781629892912778,-8.744552591377665e-06,0.8789118422796733,0.011100422313033974,0.760380256713184,0.0438871473354232,0.3322884012539185,0.006269592476489028,0.4670846394984326,0.003134796238244514,0.06583072100313479,0.003134796238244514,0.09717868338557993,0.003754194253664405,0.8811363480681536,-0.00022040769971650223,0.9284938171178944,0.004975227072694831,0.8709743628868115,0.0438871473354232,0.3322884012539185,0.006269592476489028,0.4670846394984326,0.003134796238244514,0.06583072100313479,0.003134796238244514,0.09717868338557993,-0.0075582303422091525,0.0233864021280249,0.2855240123491559,0.1974921630094044,0.109717868338558,0.0877742946708464
hybrid_bge_rrf,M4_intersection,laplace_eb_k10|std0.5,dev,319,0.008003149146570307,0.7820604119368108,0.0007773338814140487,0.8796979207136788,0.007951289424701918,0.757231123824852,0.034482758620689655,0.322884012539185,0.003134796238244514,0.46394984326018807,0.003134796238244514,0.06583072100313479,0.003134796238244514,0.09717868338557993,0.0036265846330170346,0.8810087384475063,0.0004131597784993043,0.9291273845961101,0.0036664280958683885,0.869665563909985,0.034482758620689655,0.322884012539185,0.003134796238244514,0.46394984326018807,0.003134796238244514,0.06583072100313479,0.003134796238244514,0.09717868338557993,-0.004378157064645641,0.020358964574280946,0.08843199839824369,0.14733542319749215,0.0877742946708464,0.05956112852664577
hybrid_bge_rrf,M4_intersection,laplace|std1,dev,319,-0.007985019408236477,0.766072243382004,-0.003740824502089928,0.8751797623301748,0.006224734309278311,0.7555045687094284,0.03761755485893417,0.32601880877742945,0.012539184952978056,0.47335423197492166,-0.003134796238244514,0.05956112852664577,0.0,0.09404388714733543,-0.0031381602571302074,0.8742439935573589,-0.001177993314019565,0.9275362315035912,0.003313665236798945,0.8693128010509155,0.03761755485893417,0.32601880877742945,0.012539184952978056,0.47335423197492166,-0.003134796238244514,0.05956112852664577,0.0,0.09404388714733543,-0.028539363202583455,0.011892659307040008,0.8814089524386949,0.41379310344827586,0.20689655172413793,0.19122257053291536
hybrid_bge_rrf,M4_intersection,laplace_eb_k2|std1,dev,319,0.006052341183711742,0.7801096039739522,-8.910016206364646e-05,0.8788314866702011,0.011914468161925252,0.7611943025620753,0.0438871473354232,0.3322884012539185,0.018808777429467086,0.47962382445141066,0.0,0.06269592476489028,0.003134796238244514,0.09717868338557993,0.0033077840521044117,0.8806899378665936,9.23309580285721e-05,0.9288065557756394,0.005591229622640579,0.8715903654367573,0.0438871473354232,0.3322884012539185,0.018808777429467086,0.47962382445141066,0.0,0.06269592476489028,0.003134796238244514,0.09717868338557993,-0.013796294910897467,0.024608788214226872,0.49271539677997933,0.31974921630094044,0.1724137931034483,0.14733542319749215
hybrid_bge_rrf,M4_intersection,laplace_eb_k10|std1,dev,319,0.005743236237185129,0.7798004990274255,0.0018867352352620666,0.8808073220675268,0.013460816120652943,0.7627406505208031,0.04075235109717868,0.329153605015674,0.01567398119122257,0.47648902821316613,0.003134796238244514,0.06583072100313479,0.006269592476489028,0.10031347962382445,0.002830388217136778,0.880212542031626,0.0012330257780499593,0.9299472505956607,0.006022619061335501,0.8720217548754521,0.04075235109717868,0.329153605015674,0.01567398119122257,0.47648902821316613,0.003134796238244514,0.06583072100313479,0.006269592476489028,0.10031347962382445,-0.009084465525180196,0.021436063124328195,0.28192197017431253,0.26332288401253917,0.15047021943573669,0.109717868338558
hybrid_bge_rrf,M4_intersection,laplace|std2,dev,319,-0.020150392523566756,0.7539068702666737,-0.016555465594354467,0.8623651212379103,-0.010491180763255843,0.7387886536368942,0.034482758620689655,0.322884012539185,-0.006269592476489028,0.45454545454545453,-0.009404388714733543,0.05329153605015674,-0.003134796238244514,0.09090909090909091,-0.009132397025356473,0.8682497567891327,-0.007395455456078987,0.9213187693615319,-0.0054168960143779876,0.8605822397997387,0.034482758620689655,0.322884012539185,-0.006269592476489028,0.45454545454545453,-0.009404388714733543,0.05329153605015674,-0.003134796238244514,0.09090909090909091,-0.04656734563772301,0.0033966140150089265,0.23550781932675802,0.5705329153605015,0.2664576802507837,0.2852664576802508
hybrid_bge_rrf,M4_intersection,laplace_eb_k2|std2,dev,319,-0.009025093436614846,0.7650321693536256,-0.00712734927951729,0.8717932375527474,0.008671575207788744,0.7579514096079388,0.0438871473354232,0.3322884012539185,0.009404388714733543,0.4702194357366771,0.0,0.06269592476489028,0.0,0.09404388714733543,-0.0030895847138192587,0.8742925691006699,-0.0028144814377668134,0.925899743379844,0.0032745360954428175,0.8692736719095595,0.0438871473354232,0.3322884012539185,0.009404388714733543,0.4702194357366771,0.0,0.06269592476489028,0.0,0.09404388714733543,-0.03610340833874145,0.014163562061037388,0.6390722250290585,0.4670846394984326,0.23197492163009403,0.23197492163009403
hybrid_bge_rrf,M4_intersection,laplace_eb_k10|std2,dev,319,-0.003443977115296271,0.7706132856749442,-0.004107721079853261,0.8748128657524115,0.010176291277042374,0.7594561256771925,0.0438871473354232,0.3322884012539185,0.006269592476489028,0.4670846394984326,0.0,0.06269592476489028,0.0,0.09404388714733543,-0.0015359958137464375,0.8758461580007427,-0.0010394390473918854,0.927674785770219,0.004357505087568465,0.870356640901685,0.0438871473354232,0.3322884012539185,0.006269592476489028,0.4670846394984326,0.0,0.06269592476489028,0.0,0.09404388714733543,-0.02590912924641539,0.017302262683787296,0.8023993949849553,0.4106583072100313,0.21316614420062696,0.18495297805642633
hybrid_bge_rrf,M5_backoff,laplace|std0.5,dev,319,0.0058906802376235915,0.7799479430278641,-0.0009289311017362301,0.8779916557305285,0.00958169665082495,0.758861531050975,0.04075235109717868,0.329153605015674,0.009404388714733543,0.4702194357366771,0.003134796238244514,0.06583072100313479,0.003134796238244514,0.09717868338557993,0.0033583071164576613,0.8807404609309468,-0.00033314250479671276,0.9283810823128141,0.004668711681724714,0.8706678474958413,0.04075235109717868,0.329153605015674,0.009404388714733543,0.4702194357366771,0.003134796238244514,0.06583072100313479,0.003134796238244514,0.09717868338557993,-0.009578779894496578,0.02167563014619963,0.40608559252832177,0.25391849529780564,0.13793103448275862,0.109717868338558
hybrid_bge_rrf,M5_backoff,laplace_eb_k2|std0.5,dev,319,0.004297750823923786,0.7783550136141643,-0.001275642538519115,0.8776449442937456,0.011498607524603513,0.7607784419247536,0.03761755485893417,0.32601880877742945,0.003134796238244514,0.46394984326018807,0.003134796238244514,0.06583072100313479,0.003134796238244514,0.09717868338557993,0.002798403038126548,0.8801805568526158,-0.0010400470521382777,0.9276741777654726,0.005082123387943613,0.8710812592020604,0.03761755485893417,0.32601880877742945,0.003134796238244514,0.46394984326018807,0.003134796238244514,0.06583072100313479,0.003134796238244514,0.09717868338557993,-0.010933287717331912,0.02002268687334367,0.7444790019331868,0.23197492163009403,0.11598746081504702,0.11598746081504702
hybrid_bge_rrf,M5_backoff,laplace_eb_k10|std0.5,dev,319,0.005043690621292329,0.7791009534115328,-0.0010661611736381316,0.8778544256586266,0.007823473441656854,0.757103307841807,0.034482758620689655,0.322884012539185,0.0,0.4608150470219436,0.003134796238244514,0.06583072100313479,0.003134796238244514,0.09717868338557993,0.0027814347729040166,0.8801635885873932,-0.0005577518648488395,0.928156472952762,0.0036891199017766874,0.8696882557158933,0.034482758620689655,0.322884012539185,0.0,0.4608150470219436,0.003134796238244514,0.06583072100313479,0.003134796238244514,0.09717868338557993,-0.008162899393599982,0.01836986016703997,0.32356941859212596,0.18181818181818182,0.09717868338557993,0.08463949843260188
hybrid_bge_rrf,M5_backoff,laplace|std1,dev,319,-0.00901158111969879,0.7650456816705417,0.0004203118687513106,0.8793408987010161,0.011287066251693475,0.7605669006518436,0.025078369905956112,0.31347962382445144,0.012539184952978056,0.47335423197492166,-0.009404388714733543,0.05329153605015674,0.0,0.09404388714733543,-0.0034155564435223427,0.8739665973709668,0.00037573161170026723,0.9290899564293111,0.005589116684695394,0.871588252498812,0.025078369905956112,0.31347962382445144,0.012539184952978056,0.47335423197492166,-0.009404388714733543,0.05329153605015674,0.0,0.09404388714733543,-0.02930398571150243,0.009768201297493563,0.5338481773193007,0.40752351097178685,0.19122257053291536,0.2006269592476489
hybrid_bge_rrf,M5_backoff,laplace_eb_k2|std1,dev,319,0.0013433645791768281,0.7754006273694173,-0.0008293702310902945,0.8780912166011745,0.014588345302309737,0.7638681797024599,0.025078369905956112,0.31347962382445144,0.01567398119122257,0.47648902821316613,-0.006269592476489028,0.05642633228840126,0.003134796238244514,0.09717868338557993,0.002072372686900315,0.8794545265013896,0.00013889993619769345,0.9288531247538085,0.006792441094556944,0.8727915769086736,0.025078369905956112,0.31347962382445144,0.01567398119122257,0.47648902821316613,-0.006269592476489028,0.05642633228840126,0.003134796238244514,0.09717868338557993,-0.017952912600950388,0.019747566709697805,0.9015123317150584,0.3667711598746082,0.18495297805642633,0.18181818181818182
hybrid_bge_rrf,M5_backoff,laplace_eb_k10|std1,dev,319,0.0035832549991278813,0.7776405177893684,-0.0004450186012680628,0.8784755682309967,0.013466666575789828,0.76274650097594,0.03761755485893417,0.32601880877742945,0.012539184952978056,0.47335423197492166,0.003134796238244514,0.06583072100313479,0.006269592476489028,0.10031347962382445,0.0022956046004280403,0.8796777584149172,-8.580452969829116e-05,0.9286284202879126,0.006370456820371383,0.872369592634488,0.03761755485893417,0.32601880877742945,0.012539184952978056,0.47335423197492166,0.003134796238244514,0.06583072100313479,0.006269592476489028,0.10031347962382445,-0.013082225082389614,0.02099533596989877,0.7088053618716754,0.31347962382445144,0.16300940438871472,0.14733542319749215
hybrid_bge_rrf,M5_backoff,laplace|std2,dev,319,-0.015817160283136518,0.7582401025071039,-0.012355074940430333,0.8665655118918344,-0.0011947859674225057,0.7480850484327275,0.034482758620689655,0.322884012539185,0.006269592476489028,0.4670846394984326,-0.01567398119122257,0.047021943573667714,0.0,0.09404388714733543,-0.007376994739131868,0.8700051590753574,-0.005640393794517158,0.9230738310230937,-0.0013668206605044276,0.8646323151536122,0.034482758620689655,0.322884012539185,0.006269592476489028,0.4670846394984326,-0.01567398119122257,0.047021943573667714,0.0,0.09404388714733543,-0.04095681953976708,0.00747779161205112,0.32154723010762987,0.5705329153605015,0.2664576802507837,0.2852664576802508
hybrid_bge_rrf,M5_backoff,laplace_eb_k2|std2,dev,319,-0.006885333728267108,0.7671719290619734,-0.010768855954038686,0.8681517308782261,0.009327406456057556,0.7586072408562077,0.02821316614420063,0.3166144200626959,0.006269592476489028,0.4670846394984326,-0.006269592476489028,0.05642633228840126,0.0,0.09404388714733543,-0.0015304946226759764,0.8758516591918132,-0.0038347273224199827,0.9248794974951908,0.004123919398807061,0.8701230552129238,0.02821316614420063,0.3166144200626959,0.006269592476489028,0.4670846394984326,-0.006269592476489028,0.05642633228840126,0.0,0.09404388714733543,-0.03146587709157632,0.01623302269785382,0.7600681153676248,0.5172413793103449,0.25705329153605017,0.25705329153605017
hybrid_bge_rrf,M5_backoff,laplace_eb_k10|std2,dev,319,-0.008438816124742681,0.7656184466654978,-0.00794652548142735,0.8709740613508374,0.01113537514471335,0.7604152095448635,0.025078369905956112,0.31347962382445144,0.0,0.4608150470219436,-0.006269592476489028,0.05642633228840126,0.0,0.09404388714733543,-0.0029826772437200277,0.8743994765707692,-0.0031717203814407876,0.92554250443617,0.004798233658542451,0.8707973694726591,0.025078369905956112,0.31347962382445144,0.0,0.4608150470219436,-0.006269592476489028,0.05642633228840126,0.0,0.09404388714733543,-0.031838076498628035,0.013235273063883508,0.6588740725446799,0.4890282131661442,0.23824451410658307,0.23824451410658307
hybrid_bge_rrf,semantic_intersection_tau0.6,laplace|std0.5,dev,319,0.004211889375526703,0.7782691521657672,-2.5019002932366158e-05,0.8788955678293324,0.006157181685247391,0.7554370160853975,0.034482758620689655,0.322884012539185,0.0,0.4608150470219436,0.0,0.06269592476489028,0.0,0.09404388714733543,0.001898021907268273,0.8792801757217574,0.0002085041476641329,0.928922728965275,0.0032830896609255507,0.8692822254750423,0.034482758620689655,0.322884012539185,0.0,0.4608150470219436,0.0,0.06269592476489028,0.0,0.09404388714733543,-0.009895887408043523,0.018759971918380542,0.3867177792558002,0.21316614420062696,0.11912225705329153,0.0877742946708464
hybrid_bge_rrf,semantic_intersection_tau0.6,laplace_eb_k2|std0.5,dev,319,0.009093205803614052,0.7831504685938545,0.0010288851014499006,0.8799494719337146,0.008321754956693857,0.7576015893568439,0.03761755485893417,0.32601880877742945,0.003134796238244514,0.46394984326018807,0.003134796238244514,0.06583072100313479,0.003134796238244514,0.09717868338557993,0.004214972164189927,0.8815971259786791,0.000405648659015524,0.9291198734766264,0.0040546424149719516,0.8700537782290886,0.03761755485893417,0.32601880877742945,0.003134796238244514,0.46394984326018807,0.003134796238244514,0.06583072100313479,0.003134796238244514,0.09717868338557993,-0.0048245417251949405,0.023523092700816615,0.10586537203438512,0.1724137931034483,0.10658307210031348,0.06583072100313479
hybrid_bge_rrf,semantic_intersection_tau0.6,laplace_eb_k10|std0.5,dev,319,0.007302782705585037,0.7813600454958255,0.0007673223564243616,0.8796879091886891,0.006069069418787582,0.7553489038189377,0.02821316614420063,0.3166144200626959,0.003134796238244514,0.46394984326018807,0.003134796238244514,0.06583072100313479,0.003134796238244514,0.09717868338557993,0.0028315636805232415,0.8802137174950124,0.00043365200485181657,0.9291478768224627,0.002937044021104196,0.8689361798352208,0.02821316614420063,0.3166144200626959,0.003134796238244514,0.46394984326018807,0.003134796238244514,0.06583072100313479,0.003134796238244514,0.09717868338557993,-0.0035561670657235627,0.018520170231831484,0.06158140432479043,0.13166144200626959,0.08150470219435736,0.050156739811912224
hybrid_bge_rrf,semantic_intersection_tau0.6,laplace|std1,dev,319,-0.014345366542802709,0.7597118962474377,-0.0013544215677673914,0.8775661652644974,0.003957811348303732,0.7532376457484538,0.034482758620689655,0.322884012539185,0.003134796238244514,0.46394984326018807,-0.006269592476489028,0.05642633228840126,-0.003134796238244514,0.09090909090909091,-0.006458585912531073,0.8709235679019581,-0.0005020753343277217,0.9282121494832831,0.0021892398315537303,0.8681883756456703,0.034482758620689655,0.322884012539185,0.003134796238244514,0.46394984326018807,-0.006269592476489028,0.05642633228840126,-0.003134796238244514,0.09090909090909091,-0.03489868343985846,0.005444335256671071,0.570380436305934,0.34169278996865204,0.1724137931034483,0.1536050156739812
hybrid_bge_rrf,semantic_intersection_tau0.6,laplace_eb_k2|std1,dev,319,0.004309261036703952,0.7783665238269444,0.0012740532058907153,0.8801946400381555,0.006114145281920237,0.7553939796820703,0.04075235109717868,0.329153605015674,0.0,0.4608150470219436,0.003134796238244514,0.06583072100313479,0.003134796238244514,0.09717868338557993,0.0017020083893802846,0.8790841622038694,0.0007006466201853976,0.9294148714377962,0.0030554932112977786,0.8690546290254144,0.04075235109717868,0.329153605015674,0.0,0.4608150470219436,0.003134796238244514,0.06583072100313479,0.003134796238244514,0.09717868338557993,-0.0135060022821574,0.022199650313763596,0.3932495532996728,0.2507836990595611,0.14420062695924765,0.10658307210031348
hybrid_bge_rrf,semantic_intersection_tau0.6,laplace_eb_k10|std1,dev,319,0.007399784500322372,0.7814570472905629,0.0006645508694424525,0.8795851377017072,0.006974775178305407,0.7562546095784556,0.034482758620689655,0.322884012539185,0.0,0.4608150470219436,0.003134796238244514,0.06583072100313479,0.006269592476489028,0.10031347962382445,0.003419644406596695,0.8808017982210858,0.0004482317867697593,0.9291624566043806,0.00347592277586647,0.8694750585899832,0.034482758620689655,0.322884012539185,0.0,0.4608150470219436,0.003134796238244514,0.06583072100313479,0.006269592476489028,0.10031347962382445,-0.006689371885644231,0.022071562371097014,0.0762688839445925,0.219435736677116,0.13793103448275862,0.07836990595611286
hybrid_bge_rrf,semantic_intersection_tau0.6,laplace|std2,dev,319,-0.03569035822975224,0.7383669045604883,-0.013426314700733532,0.8654942721315312,-0.01762066103261093,0.7316591733675392,0.01567398119122257,0.30407523510971785,-0.009404388714733543,0.45141065830721006,-0.01567398119122257,0.047021943573667714,-0.009404388714733543,0.08463949843260188,-0.016783791836526327,0.8605983619779629,-0.006561387108411161,0.9221528377091996,-0.00871888955932426,0.8572802462547925,0.01567398119122257,0.30407523510971785,-0.009404388714733543,0.45141065830721006,-0.01567398119122257,0.047021943573667714,-0.009404388714733543,0.08463949843260188,-0.05999003758181038,-0.01309984874412372,0.03274432609619608,0.4670846394984326,0.21316614420062696,0.23197492163009403
hybrid_bge_rrf,semantic_intersection_tau0.6,laplace_eb_k2|std2,dev,319,-0.010835875047598514,0.7632213877426419,-0.0046962729442082225,0.8742243138880565,-0.00042192122218751043,0.7488579131779626,0.03761755485893417,0.32601880877742945,-0.009404388714733543,0.45141065830721006,0.003134796238244514,0.06583072100313479,0.0,0.09404388714733543,-0.0052921342251816515,0.8720900195893075,-0.0020169083227558194,0.926697316494855,-0.0006679589658695331,0.8653311768482472,0.03761755485893417,0.32601880877742945,-0.009404388714733543,0.45141065830721006,0.003134796238244514,0.06583072100313479,0.0,0.09404388714733543,-0.03341959319529956,0.010004327661097982,0.8900028190483336,0.3730407523510972,0.2006269592476489,0.16927899686520376
hybrid_bge_rrf,semantic_intersection_tau0.6,laplace_eb_k10|std2,dev,319,-0.005712404193175624,0.7683448585970648,-0.002706144670707679,0.8762144421615571,0.002707720942631782,0.7519875553427818,0.04075235109717868,0.329153605015674,-0.009404388714733543,0.45141065830721006,0.003134796238244514,0.06583072100313479,0.0,0.09404388714733543,-0.003157370703347424,0.8742247831111417,-0.0010407645500565771,0.9276734602675543,0.0012150480268890932,0.8672141838410058,0.04075235109717868,0.329153605015674,-0.009404388714733543,0.45141065830721006,0.003134796238244514,0.06583072100313479,0.0,0.09404388714733543,-0.02578028000564224,0.014343632522935391,0.7903083626056866,0.3385579937304075,0.1786833855799373,0.14733542319749215
hybrid_bge_rrf,semantic_intersection_tau0.7,laplace|std0.5,dev,319,0.004745788591969349,0.7788030513822098,-0.0008632826580896646,0.878057304174175,0.0061863058599932455,0.7554661402601434,0.02821316614420063,0.3166144200626959,0.0,0.4608150470219436,-0.003134796238244514,0.05956112852664577,0.0,0.09404388714733543,0.002370584160556614,0.8797527379750458,-0.00031456865113357017,0.9283996561664772,0.003307270293699161,0.8693064061078158,0.02821316614420063,0.3166144200626959,0.0,0.4608150470219436,-0.003134796238244514,0.05956112852664577,0.0,0.09404388714733543,-0.011096176016947318,0.020368574698073173,0.35607201203187666,0.20689655172413793,0.11285266457680251,0.0877742946708464
hybrid_bge_rrf,semantic_intersection_tau0.7,laplace_eb_k2|std0.5,dev,319,0.008450028991624479,0.782507291781865,0.0007545536962048761,0.8796751405284696,0.004539205334776996,0.753819039734927,0.025078369905956112,0.31347962382445144,0.006269592476489028,0.4670846394984326,0.0,0.06269592476489028,0.003134796238244514,0.09717868338557993,0.004113794681046824,0.881495948495536,0.00023767828567648384,0.9289519031032873,0.0024546237574849363,0.8684537595716016,0.025078369905956112,0.31347962382445144,0.006269592476489028,0.4670846394984326,0.0,0.06269592476489028,0.003134796238244514,0.09717868338557993,-0.004333475482034085,0.02269444046746414,0.068739012463175,0.14733542319749215,0.09090909090909091,0.05642633228840126
hybrid_bge_rrf,semantic_intersection_tau0.7,laplace_eb_k10|std0.5,dev,319,0.008821132368054884,0.7828783951582954,0.0007447699394345657,0.8796653567716993,0.0037869732301437,0.7530668076302939,0.0219435736677116,0.3103448275862069,0.006269592476489028,0.4670846394984326,0.0,0.06269592476489028,0.003134796238244514,0.09717868338557993,0.0036316590623048407,0.881013812876794,0.00046537643689720606,0.929179601254508,0.0019921682097695076,0.8679913040238861,0.0219435736677116,0.3103448275862069,0.006269592476489028,0.4670846394984326,0.0,0.06269592476489028,0.003134796238244514,0.09717868338557993,-0.002609402295143627,0.02125054212129415,0.0374268990043922,0.11912225705329153,0.07523510971786834,0.0438871473354232
hybrid_bge_rrf,semantic_intersection_tau0.7,laplace|std1,dev,319,-0.009981083248663099,0.7640761795415774,0.0002633262203778593,0.8791839130526427,0.0032696164186845375,0.7525494508188346,0.03134796238244514,0.31974921630094044,0.003134796238244514,0.46394984326018807,-0.006269592476489028,0.05642633228840126,-0.003134796238244514,0.09090909090909091,-0.004401444828248697,0.8729807089862405,0.0005232935602014715,0.9292375183778123,0.0020656264687780304,0.8680647622828946,0.03134796238244514,0.31974921630094044,0.003134796238244514,0.46394984326018807,-0.006269592476489028,0.05642633228840126,-0.003134796238244514,0.09090909090909091,-0.030760878691782585,0.010097775162200558,0.8001884258975358,0.30407523510971785,0.15047021943573669,0.13793103448275862
hybrid_bge_rrf,semantic_intersection_tau0.7,laplace_eb_k2|std1,dev,319,0.007327628009558471,0.7813848907997989,-0.0001979630942628675,0.8787226237380019,0.0028782878923565625,0.7521581222925067,0.03134796238244514,0.31974921630094044,0.003134796238244514,0.46394984326018807,0.003134796238244514,0.06583072100313479,0.0,0.09404388714733543,0.0032423299308107193,0.8806244837452999,-0.00014886456223490844,0.928565360255376,0.00172719542509336,0.8677263312392101,0.03134796238244514,0.31974921630094044,0.003134796238244514,0.46394984326018807,0.003134796238244514,0.06583072100313479,0.0,0.09404388714733543,-0.008953176612811028,0.024143014150470214,0.1663458427279516,0.219435736677116,0.12852664576802508,0.09090909090909091
hybrid_bge_rrf,semantic_intersection_tau0.7,laplace_eb_k10|std1,dev,319,0.010336730407323209,0.7843939931975636,0.0006894538395083436,0.8796100406717731,0.0038428156260039014,0.7531226500261541,0.025078369905956112,0.31347962382445144,0.006269592476489028,0.4670846394984326,0.003134796238244514,0.06583072100313479,0.006269592476489028,0.10031347962382445,0.004900647555025394,0.8822828013695145,0.0005209720620540989,0.9292351968796649,0.0022172146456368664,0.8682163504597536,0.025078369905956112,0.31347962382445144,0.006269592476489028,0.4670846394984326,0.003134796238244514,0.06583072100313479,0.006269592476489028,0.10031347962382445,-0.0035955334788766403,0.025145531536830253,0.0654192988004815,0.19435736677115986,0.11912225705329153,0.07210031347962383
hybrid_bge_rrf,semantic_intersection_tau0.7,laplace|std2,dev,319,-0.03425792763505983,0.7397993351551806,-0.008335927904212736,0.870584658928052,-0.015222651172767991,0.734057183227382,0.012539184952978056,0.30094043887147337,0.003134796238244514,0.46394984326018807,-0.01567398119122257,0.047021943573667714,-0.003134796238244514,0.09090909090909091,-0.016132528505355213,0.861249625309134,-0.0038508517801948477,0.924863373037416,-0.007318753844891969,0.8586803819692246,0.012539184952978056,0.30094043887147337,0.003134796238244514,0.46394984326018807,-0.01567398119122257,0.047021943573667714,-0.003134796238244514,0.09090909090909091,-0.058475960886286905,-0.010924601576474968,0.022062440461753565,0.40752351097178685,0.1724137931034483,0.21316614420062696
hybrid_bge_rrf,semantic_intersection_tau0.7,laplace_eb_k2|std2,dev,319,-0.008462508527275911,0.7655947542629645,-0.00570319681705726,0.8732173900152075,-0.004467443304375796,0.7448123910957744,0.03134796238244514,0.31974921630094044,-0.003134796238244514,0.45768025078369906,0.006269592476489028,0.06896551724137931,0.0,0.09404388714733543,-0.004144662599952244,0.873237491214537,-0.0027484241697855504,0.9259658006478253,-0.0020630334985667267,0.86393610231555,0.03134796238244514,0.31974921630094044,-0.003134796238244514,0.45768025078369906,0.006269592476489028,0.06896551724137931,0.0,0.09404388714733543,-0.029780566979047834,0.011453195345999659,0.9618451210029619,0.3103448275862069,0.16614420062695925,0.14106583072100312
hybrid_bge_rrf,semantic_intersection_tau0.7,laplace_eb_k10|std2,dev,319,-0.0037218885829082477,0.7703353742073322,-0.004115128218193413,0.8748054586140713,-0.0006275134774211062,0.7486523209227289,0.03134796238244514,0.31974921630094044,-0.003134796238244514,0.45768025078369906,0.003134796238244514,0.06583072100313479,0.0,0.09404388714733543,-0.0020329103948180578,0.8753492434196711,-0.0017590619927289719,0.9269551628248819,-9.885861955840249e-05,0.8659002771945584,0.03134796238244514,0.31974921630094044,-0.003134796238244514,0.45768025078369906,0.003134796238244514,0.06583072100313479,0.0,0.09404388714733543,-0.022399725679740263,0.0144026072106111,0.4456889195298105,0.27586206896551724,0.15047021943573669,0.11285266457680251
hybrid_bge_rrf,semantic_backoff_tau0.6,laplace|std0.5,dev,319,0.0028147828009061305,0.7768720455911466,-0.0017125855045258811,0.8772080013277389,0.006249429178088436,0.7555292635782385,0.034482758620689655,0.322884012539185,-0.003134796238244514,0.45768025078369906,-0.003134796238244514,0.05956112852664577,0.0,0.09404388714733543,0.0010909086858217245,0.8784730625003109,-0.0007427891593741773,0.9279714356582367,0.0033969380638816126,0.8693960738779983,0.034482758620689655,0.322884012539185,-0.003134796238244514,0.45768025078369906,-0.003134796238244514,0.05956112852664577,0.0,0.09404388714733543,-0.01135316258092005,0.0171613928280934,0.5957554968027767,0.23510971786833856,0.12852664576802508,0.10031347962382445
hybrid_bge_rrf,semantic_backoff_tau0.6,laplace_eb_k2|std0.5,dev,319,0.0055454161286727765,0.7796026789189132,0.001050746552996501,0.8799713333852612,0.008923712181260219,0.7582035465814103,0.034482758620689655,0.322884012539185,0.003134796238244514,0.46394984326018807,0.003134796238244514,0.06583072100313479,0.003134796238244514,0.09717868338557993,0.0026583177355763306,0.8800404715500655,0.0004522088553090828,0.92916643367292,0.004317365787619706,0.8703165016017363,0.034482758620689655,0.322884012539185,0.003134796238244514,0.46394984326018807,0.003134796238244514,0.06583072100313479,0.003134796238244514,0.09717868338557993,-0.00857451297225997,0.021107539918775838,0.41930163657353714,0.18495297805642633,0.10344827586206896,0.08150470219435736
hybrid_bge_rrf,semantic_backoff_tau0.6,laplace_eb_k10|std0.5,dev,319,0.004399903702511683,0.7784571664927521,0.0008051855063363676,0.8797257723386012,0.007407363669999338,0.7566871980701494,0.02821316614420063,0.3166144200626959,0.003134796238244514,0.46394984326018807,0.003134796238244514,0.06583072100313479,0.003134796238244514,0.09717868338557993,0.0014835895976302766,0.8788657434121194,0.0004663998056728638,0.9291806246232837,0.003712930686795225,0.8697120665009119,0.02821316614420063,0.3166144200626959,0.003134796238244514,0.46394984326018807,0.003134796238244514,0.06583072100313479,0.003134796238244514,0.09717868338557993,-0.007110810500560883,0.01630148760227013,0.22497241469591134,0.14106583072100312,0.08150470219435736,0.05956112852664577
hybrid_bge_rrf,semantic_backoff_tau0.6,laplace|std1,dev,319,-0.021956242060399728,0.7521010207298408,-0.0038345884006225203,0.8750859984316423,0.003834903898844523,0.7531147382989946,0.01567398119122257,0.30407523510971785,0.0,0.4608150470219436,-0.012539184952978056,0.050156739811912224,-0.003134796238244514,0.09090909090909091,-0.010563889827847854,0.8668182639866413,-0.0020916532946978245,0.926622571522913,0.0022206406608270626,0.8682197764749436,0.01567398119122257,0.30407523510971785,0.0,0.4608150470219436,-0.012539184952978056,0.050156739811912224,-0.003134796238244514,0.09090909090909091,-0.043314112675577686,-0.0017315982639509394,0.1070741812735213,0.3824451410658307,0.1755485893416928,0.19122257053291536
hybrid_bge_rrf,semantic_backoff_tau0.6,laplace_eb_k2|std1,dev,319,0.00351482122949672,0.7775720840197372,0.0010926260563273414,0.8800132128885921,0.007303080200962137,0.7565829146011123,0.034482758620689655,0.322884012539185,0.0,0.4608150470219436,0.0,0.06269592476489028,0.003134796238244514,0.09717868338557993,0.0010550587341703218,0.8784372125486595,0.0006397084382634178,0.9293539332558742,0.0035683295569823447,0.8695674653710991,0.034482758620689655,0.322884012539185,0.0,0.4608150470219436,0.0,0.06269592476489028,0.003134796238244514,0.09717868338557993,-0.014831900562168475,0.02184664697085614,0.5987119411930857,0.26332288401253917,0.14420062695924765,0.11912225705329153
hybrid_bge_rrf,semantic_backoff_tau0.6,laplace_eb_k10|std1,dev,319,0.004508278773496143,0.7785655415637366,0.0006692387093570912,0.8795898255416218,0.007894155523246358,0.7571739899233965,0.034482758620689655,0.322884012539185,0.0,0.4608150470219436,0.003134796238244514,0.06583072100313479,0.006269592476489028,0.10031347962382445,0.0019507536133254958,0.8793329074278147,0.00032224886843403304,0.9290364736860449,0.003923978215100997,0.8699231140292176,0.034482758620689655,0.322884012539185,0.0,0.4608150470219436,0.003134796238244514,0.06583072100313479,0.006269592476489028,0.10031347962382445,-0.009956884560493467,0.01996791755377684,0.2980390005447905,0.2413793103448276,0.14106583072100312,0.09717868338557993
hybrid_bge_rrf,semantic_backoff_tau0.6,laplace|std2,dev,319,-0.040115682192170134,0.7339415805980704,-0.016633222843038625,0.8622873639892261,-0.017193396137239046,0.732086438262911,0.003134796238244514,0.29153605015673983,-0.018808777429467086,0.44200626959247646,-0.0219435736677116,0.04075235109717868,-0.012539184952978056,0.08150470219435736,-0.01948161072865549,0.8579005430858337,-0.00824088811126996,0.9204733367063409,-0.00834901129190451,0.8576501245222122,0.003134796238244514,0.29153605015673983,-0.018808777429467086,0.44200626959247646,-0.0219435736677116,0.04075235109717868,-0.012539184952978056,0.08150470219435736,-0.0655778758157757,-0.016308743216471053,0.0061021507228502195,0.5078369905956113,0.219435736677116,0.2664576802507837
hybrid_bge_rrf,semantic_backoff_tau0.6,laplace_eb_k2|std2,dev,319,-0.011404148673749642,0.7626531141164908,-0.00547279716472267,0.8734477896675421,0.0002838174424201326,0.7495636518425702,0.025078369905956112,0.31347962382445144,-0.01567398119122257,0.445141065830721,0.0,0.06269592476489028,-0.003134796238244514,0.09090909090909091,-0.005684142295843382,0.8716980115186458,-0.002452176566407972,0.9262620482512028,-0.00015166416810971438,0.865847471646007,0.025078369905956112,0.31347962382445144,-0.01567398119122257,0.445141065830721,0.0,0.06269592476489028,-0.003134796238244514,0.09090909090909091,-0.03545597254774507,0.009873767531123642,0.7071031899675166,0.3949843260188088,0.20689655172413793,0.18495297805642633
hybrid_bge_rrf,semantic_backoff_tau0.6,laplace_eb_k10|std2,dev,319,-0.009119742856504028,0.7649375199337365,-0.002546154780073973,0.8763744320521908,0.004169111794625701,0.7534489461947759,0.03134796238244514,0.31974921630094044,-0.009404388714733543,0.45141065830721006,0.0,0.06269592476489028,0.0,0.09404388714733543,-0.005212840708819303,0.8721693131056699,-0.0011083692966210056,0.9276058555209898,0.0019713998401426572,0.8679705356542593,0.03134796238244514,0.31974921630094044,-0.009404388714733543,0.45141065830721006,0.0,0.06269592476489028,0.0,0.09404388714733543,-0.029943695194949178,0.011692671000163354,0.6211750620709267,0.3667711598746082,0.1786833855799373,0.1755485893416928
hybrid_bge_rrf,semantic_backoff_tau0.7,laplace|std0.5,dev,319,0.0034525466142776994,0.7775098094045182,-0.0015305792650085258,0.8773900075672563,0.00633391929924675,0.7556137536993968,0.03134796238244514,0.31974921630094044,0.0,0.4608150470219436,-0.006269592476489028,0.05642633228840126,0.0,0.09404388714733543,0.0016546590388008045,0.87903681285329,-0.0007684960447508713,0.92794572877286,0.0034205438014481867,0.8694196796155649,0.03134796238244514,0.31974921630094044,0.0,0.4608150470219436,-0.006269592476489028,0.05642633228840126,0.0,0.09404388714733543,-0.013647375595653693,0.01984748320659871,0.4795208782973309,0.23197492163009403,0.12539184952978055,0.10031347962382445
hybrid_bge_rrf,semantic_backoff_tau0.7,laplace_eb_k2|std0.5,dev,319,0.007298295774429943,0.7813555585646704,0.0007663225305491481,0.8796869093628139,0.00480277126765924,0.7540826056678094,0.0219435736677116,0.3103448275862069,0.006269592476489028,0.4670846394984326,0.0,0.06269592476489028,0.003134796238244514,0.09717868338557993,0.0035063008716487588,0.880888454686138,0.00027302085045363087,0.9289872456680645,0.0025416345992432094,0.86854077041336,0.0219435736677116,0.3103448275862069,0.006269592476489028,0.4670846394984326,0.0,0.06269592476489028,0.003134796238244514,0.09717868338557993,-0.005532385223197713,0.021413531154394143,0.20116927196300027,0.1536050156739812,0.0877742946708464,0.06583072100313479
hybrid_bge_rrf,semantic_backoff_tau0.7,laplace_eb_k10|std0.5,dev,319,0.006712240672036772,0.7807695034622772,0.0007623889976908047,0.8796829758299556,0.004522908864350155,0.7538027432645003,0.0219435736677116,0.3103448275862069,0.006269592476489028,0.4670846394984326,0.0,0.06269592476489028,0.003134796238244514,0.09717868338557993,0.002499897745335737,0.8798820515598249,0.00048690660620184155,0.9292011314238127,0.002455965964398038,0.8684551017785146,0.0219435736677116,0.3103448275862069,0.006269592476489028,0.4670846394984326,0.0,0.06269592476489028,0.003134796238244514,0.09717868338557993,-0.005065983974120834,0.019445329572900336,0.1127227321432755,0.12539184952978055,0.07523510971786834,0.050156739811912224
hybrid_bge_rrf,semantic_backoff_tau0.7,laplace|std1,dev,319,-0.01601635898261982,0.7580409038076207,-0.00042438549120971775,0.878496201341055,0.003225832836568168,0.7525056672367181,0.0219435736677116,0.3103448275862069,0.0,0.4608150470219436,-0.012539184952978056,0.050156739811912224,-0.003134796238244514,0.09090909090909091,-0.008326950585206848,0.8690552032292823,-4.225464823851391e-05,0.9286719701693723,0.002056000972616261,0.868055136786733,0.0219435736677116,0.3103448275862069,0.0,0.4608150470219436,-0.012539184952978056,0.050156739811912224,-0.003134796238244514,0.09090909090909091,-0.03832167926007958,0.005710855646636978,0.4231470257382558,0.34169278996865204,0.16300940438871472,0.16300940438871472
hybrid_bge_rrf,semantic_backoff_tau0.7,laplace_eb_k2|std1,dev,319,0.008135257353042734,0.7821925201432832,-0.0004077895214565122,0.8785127973108082,0.003872551173438848,0.753152385573589,0.025078369905956112,0.31347962382445144,0.003134796238244514,0.46394984326018807,0.0,0.06269592476489028,0.0,0.09404388714733543,0.003328328128892426,0.8807104819433816,-0.00022102037567330005,0.9284932044419375,0.002078157513866603,0.8680772933279833,0.025078369905956112,0.31347962382445144,0.003134796238244514,0.46394984326018807,0.0,0.06269592476489028,0.0,0.09404388714733543,-0.00832966821309074,0.025134704934088592,0.25397693917142183,0.22884012539184953,0.12852664576802508,0.10031347962382445
hybrid_bge_rrf,semantic_backoff_tau0.7,laplace_eb_k10|std1,dev,319,0.00984128113824372,0.7838985439284842,0.0006789733249939348,0.8795995601572587,0.004225176152390748,0.7535050105525409,0.025078369905956112,0.31347962382445144,0.006269592476489028,0.4670846394984326,0.003134796238244514,0.06583072100313479,0.006269592476489028,0.10031347962382445,0.004380917380969726,0.8817630711954589,0.00038377151220196095,0.9290979963298128,0.0023746762529809643,0.8683738120670975,0.025078369905956112,0.31347962382445144,0.006269592476489028,0.4670846394984326,0.003134796238244514,0.06583072100313479,0.006269592476489028,0.10031347962382445,-0.004938977098436938,0.02490968367896483,0.15521559297386756,0.21003134796238246,0.12225705329153605,0.08463949843260188
hybrid_bge_rrf,semantic_backoff_tau0.7,laplace|std2,dev,319,-0.038346189573453884,0.7357110732167865,-0.011477981755352319,0.8674426050769124,-0.01506862240525249,0.7342112119948976,0.009404388714733543,0.29780564263322884,-0.003134796238244514,0.45768025078369906,-0.0219435736677116,0.04075235109717868,-0.006269592476489028,0.0877742946708464,-0.019245967502504308,0.8581361863119848,-0.005481284987590156,0.9232329398300206,-0.007314769975070295,0.8586843658390464,0.009404388714733543,0.29780564263322884,-0.003134796238244514,0.45768025078369906,-0.0219435736677116,0.04075235109717868,-0.006269592476489028,0.0877742946708464,-0.06382668709329864,-0.01436997489787662,0.008565434848039118,0.445141065830721,0.18495297805642633,0.23824451410658307
hybrid_bge_rrf,semantic_backoff_tau0.7,laplace_eb_k2|std2,dev,319,-0.007170433885064618,0.7668868289051759,-0.006170254842988376,0.8727503319892763,-0.004257840333874324,0.7450219940662758,0.025078369905956112,0.31347962382445144,-0.009404388714733543,0.45141065830721006,0.003134796238244514,0.06583072100313479,-0.003134796238244514,0.09090909090909091,-0.00372934098527723,0.8736528128292119,-0.0029866602914086706,0.9257275645262022,-0.002004192409844235,0.8639949434042724,0.025078369905956112,0.31347962382445144,-0.009404388714733543,0.45141065830721006,0.003134796238244514,0.06583072100313479,-0.003134796238244514,0.09090909090909091,-0.028248223424144674,0.012861043416827821,0.9613945608851646,0.322884012539185,0.16927899686520376,0.15047021943573669
hybrid_bge_rrf,semantic_backoff_tau0.7,laplace_eb_k10|std2,dev,319,-0.003905503307016666,0.7701517594832238,-0.003974013334157698,0.874946573498107,0.00015907293670229785,0.7494389073368524,0.025078369905956112,0.31347962382445144,-0.006269592476489028,0.45454545454545453,0.0,0.06269592476489028,0.0,0.09404388714733543,-0.0026099753790888294,0.8747721784354003,-0.0018885599968949081,0.9268256648207159,0.00016845223671963714,0.866167588050836,0.025078369905956112,0.31347962382445144,-0.006269592476489028,0.45454545454545453,0.0,0.06269592476489028,0.0,0.09404388714733543,-0.02255852116522931,0.01466730185273485,0.7772242237753739,0.2884012539184953,0.14733542319749215,0.12852664576802508
ce_rerank,M4_intersection,laplace|std0.5,dev,319,0.011855072852772978,0.7897819535205357,0.0050896866287931004,0.8837457988703139,0.013860323039528716,0.7649709389886605,0.0219435736677116,0.3072100313479624,-0.006269592476489028,0.4608150470219436,0.01567398119122257,0.06583072100313479,0.006269592476489028,0.09090909090909091,0.007542624275512456,0.885182319389989,0.0028035943410987018,0.9309564524309762,0.007808899449704209,0.8733820796386574,0.0219435736677116,0.3072100313479624,-0.006269592476489028,0.4608150470219436,0.01567398119122257,0.06583072100313479,0.006269592476489028,0.09090909090909091,-0.0007128108789134174,0.024977219755232875,0.048923304873544515,0.22570532915360503,0.13166144200626959,0.0877742946708464
ce_rerank,M4_intersection,laplace_eb_k2|std0.5,dev,319,0.012461588183727383,0.7903884688514901,0.004516630570716619,0.8831727428122373,0.01449329470018608,0.7656039106493179,0.0219435736677116,0.3072100313479624,-0.003134796238244514,0.46394984326018807,0.01567398119122257,0.06583072100313479,0.009404388714733543,0.09404388714733543,0.006819321537466259,0.8844590166519428,0.002888524607057482,0.931041382696935,0.007771582439027985,0.8733447626279813,0.0219435736677116,0.3072100313479624,-0.003134796238244514,0.46394984326018807,0.01567398119122257,0.06583072100313479,0.009404388714733543,0.09404388714733543,0.001709846362214664,0.02364666700876992,0.04931509102884686,0.1786833855799373,0.10658307210031348,0.06896551724137931
ce_rerank,M4_intersection,laplace_eb_k10|std0.5,dev,319,0.01389230098750524,0.791819181655268,0.002480086674884569,0.8811361989164054,0.013424884721776907,0.7645355006709088,0.012539184952978056,0.29780564263322884,-0.009404388714733543,0.45768025078369906,0.012539184952978056,0.06269592476489028,0.009404388714733543,0.09404388714733543,0.007404890647128831,0.8850445857616054,0.002039496240944698,0.9301923543308223,0.007326169858531895,0.8728993500474852,0.012539184952978056,0.29780564263322884,-0.009404388714733543,0.45768025078369906,0.012539184952978056,0.06269592476489028,0.009404388714733543,0.09404388714733543,0.0033558671949518886,0.02488011927533672,0.016018532187551015,0.15987460815047022,0.09717868338557993,0.05956112852664577
ce_rerank,M4_intersection,laplace|std1,dev,319,0.015791167449614844,0.7937180481173776,0.0005393543960906122,0.8791954666376114,0.014943902857811846,0.7660545188069438,0.04075235109717868,0.32601880877742945,-0.012539184952978056,0.45454545454545453,0.01567398119122257,0.06583072100313479,0.006269592476489028,0.09090909090909091,0.00927241057811486,0.8869121056925914,0.001621217002689278,0.9297740750925668,0.008119658112152242,0.8736928383011057,0.04075235109717868,0.32601880877742945,-0.012539184952978056,0.45454545454545453,0.01567398119122257,0.06583072100313479,0.006269592476489028,0.09090909090909091,0.0004009868803676395,0.0309146930227132,0.032216907220134525,0.34169278996865204,0.19122257053291536,0.14106583072100312
ce_rerank,M4_intersection,laplace_eb_k2|std1,dev,319,0.02028940625044993,0.7982162869182127,0.0057682868408558885,0.8844243990823767,0.017886203317246094,0.768996819266378,0.050156739811912224,0.335423197492163,-0.006269592476489028,0.4608150470219436,0.01567398119122257,0.06583072100313479,0.003134796238244514,0.0877742946708464,0.01044266238855344,0.88808235750303,0.00352156255686171,0.9316744206467392,0.009259963745607478,0.8748331439345609,0.050156739811912224,0.335423197492163,-0.006269592476489028,0.4608150470219436,0.01567398119122257,0.06583072100313479,0.003134796238244514,0.0877742946708464,0.005847221024357787,0.03545999708862793,0.027726636073245464,0.30094043887147337,0.16614420062695925,0.13166144200626959
ce_rerank,M4_intersection,laplace_eb_k10|std1,dev,319,0.019979468590600364,0.797906349258363,0.00576188333542743,0.8844179955769482,0.016446887082814422,0.7675575030319461,0.04075235109717868,0.32601880877742945,-0.006269592476489028,0.4608150470219436,0.01567398119122257,0.06583072100313479,0.009404388714733543,0.09404388714733543,0.010198198422369164,0.8878378935368457,0.0036542038185095713,0.9318070619083871,0.00891431674688214,0.8744874969358355,0.04075235109717868,0.32601880877742945,-0.006269592476489028,0.4608150470219436,0.01567398119122257,0.06583072100313479,0.009404388714733543,0.09404388714733543,0.00736374053753749,0.03275519423653898,0.013890726003888583,0.2601880877742947,0.14420062695924765,0.109717868338558
ce_rerank,M4_intersection,laplace|std2,dev,319,0.007526099191377155,0.7854529798591399,-0.004548095423599769,0.874108016817921,0.0050097054495333165,0.7561203213986651,0.018808777429467086,0.30407523510971785,-0.0219435736677116,0.445141065830721,0.012539184952978056,0.06269592476489028,-0.003134796238244514,0.08150470219435736,0.003845838170066523,0.881485533284543,-0.0016775428314567734,0.9264753152584208,0.0024287364325926955,0.868001916621546,0.018808777429467086,0.30407523510971785,-0.0219435736677116,0.445141065830721,0.012539184952978056,0.06269592476489028,-0.003134796238244514,0.08150470219435736,-0.012809656544655655,0.028421115216019536,0.5655044799205122,0.49216300940438873,0.2413793103448276,0.23824451410658307
ce_rerank,M4_intersection,laplace_eb_k2|std2,dev,319,0.020958869037770177,0.7988857497055328,0.004872730089392408,0.8835288423309132,0.020005693697723852,0.7711163096468556,0.04075235109717868,0.32601880877742945,-0.01567398119122257,0.45141065830721006,0.012539184952978056,0.06269592476489028,0.003134796238244514,0.0877742946708464,0.00962201536262297,0.8872617104770996,0.0018554909102221641,0.9300083490000997,0.009893721398141314,0.8754669015870946,0.04075235109717868,0.32601880877742945,-0.01567398119122257,0.45141065830721006,0.012539184952978056,0.06269592476489028,0.003134796238244514,0.0877742946708464,0.00231860550616789,0.03960760107795273,0.09819790376671506,0.44200626959247646,0.2413793103448276,0.2006269592476489
ce_rerank,M4_intersection,laplace_eb_k10|std2,dev,319,0.025308514440134402,0.8032353951078971,0.006813027268293135,0.8854691395098139,0.017822997089837412,0.7689336130389692,0.0438871473354232,0.329153605015674,-0.006269592476489028,0.4608150470219436,0.012539184952978056,0.06269592476489028,0.006269592476489028,0.09090909090909091,0.011425127616870366,0.8890648227313469,0.0038510077051981863,0.9320038657950757,0.00919386454884161,0.874767044737795,0.0438871473354232,0.329153605015674,-0.006269592476489028,0.4608150470219436,0.012539184952978056,0.06269592476489028,0.006269592476489028,0.09090909090909091,0.007266395732316665,0.042645122168065985,0.01620577159851766,0.3887147335423197,0.219435736677116,0.15987460815047022
ce_rerank,M5_backoff,laplace|std0.5,dev,319,0.013611803421032466,0.7915386840887951,0.006783949263790932,0.8854400615053117,0.016535482160910542,0.7676460981100425,0.018808777429467086,0.30407523510971785,-0.003134796238244514,0.46394984326018807,0.01567398119122257,0.06583072100313479,0.009404388714733543,0.09404388714733543,0.007654923163237616,0.8852946182777142,0.003928213470781859,0.9320810715606593,0.008946943955735353,0.8745201241446887,0.018808777429467086,0.30407523510971785,-0.003134796238244514,0.46394984326018807,0.01567398119122257,0.06583072100313479,0.009404388714733543,0.09404388714733543,0.000976528778532082,0.02624365163727613,0.020229299493434248,0.21316614420062696,0.12852664576802508,0.07836990595611286
ce_rerank,M5_backoff,laplace_eb_k2|std0.5,dev,319,0.012908893342488986,0.7908357740102517,0.003653077356120262,0.882309189597641,0.015670079681847162,0.7667806956309791,0.025078369905956112,0.3103448275862069,-0.006269592476489028,0.4608150470219436,0.01567398119122257,0.06583072100313479,0.009404388714733543,0.09404388714733543,0.007816637104207819,0.8854563322186844,0.0026208126806540177,0.9307736707705315,0.008631950728945598,0.874205130917899,0.025078369905956112,0.3103448275862069,-0.006269592476489028,0.4608150470219436,0.01567398119122257,0.06583072100313479,0.009404388714733543,0.09404388714733543,-0.0007788847904173557,0.027515646396058843,0.07427433401018536,0.19435736677115986,0.11285266457680251,0.07836990595611286
ce_rerank,M5_backoff,laplace_eb_k10|std0.5,dev,319,0.008129609953086578,0.7860564906208493,0.002367197065891517,0.8810233093074122,0.01427363441982613,0.765384250368958,0.009404388714733543,0.2946708463949843,-0.012539184952978056,0.45454545454545453,0.012539184952978056,0.06269592476489028,0.009404388714733543,0.09404388714733543,0.004999899845511936,0.8826395949599884,0.0020186252728525,0.93017148336273,0.008069097696800592,0.8736422778857541,0.009404388714733543,0.2946708463949843,-0.012539184952978056,0.45454545454545453,0.012539184952978056,0.06269592476489028,0.009404388714733543,0.09404388714733543,-0.004415032718926201,0.02047375980297506,0.17506438332212593,0.1724137931034483,0.09404388714733543,0.07523510971786834
ce_rerank,M5_backoff,laplace|std1,dev,319,0.02473169789418905,0.8026585785619518,0.006292895697127316,0.8849490079386481,0.018499952363183126,0.769610568312315,0.047021943573667714,0.3322884012539185,-0.006269592476489028,0.4608150470219436,0.01567398119122257,0.06583072100313479,0.006269592476489028,0.09090909090909091,0.012939921273706849,0.8905796163881834,0.003958310079425106,0.9321111681693026,0.00986956466328014,0.8754427448522335,0.047021943573667714,0.3322884012539185,-0.006269592476489028,0.4608150470219436,0.01567398119122257,0.06583072100313479,0.006269592476489028,0.09090909090909091,0.008135668587722,0.040990987754073636,0.003634133315441099,0.3322884012539185,0.19435736677115986,0.12852664576802508
ce_rerank,M5_backoff,laplace_eb_k2|std1,dev,319,0.021992155166815814,0.7999190358345785,0.005610711475524783,0.8842668237170456,0.019638337860567068,0.770748953809699,0.050156739811912224,0.335423197492163,-0.012539184952978056,0.45454545454545453,0.01567398119122257,0.06583072100313479,0.003134796238244514,0.0877742946708464,0.012020804665305397,0.8896604997797819,0.003543428679618716,0.9316962867694962,0.010354636361980139,0.8759278165509334,0.050156739811912224,0.335423197492163,-0.012539184952978056,0.45454545454545453,0.01567398119122257,0.06583072100313479,0.003134796238244514,0.0877742946708464,0.004704488987295793,0.039728816703756005,0.023327818852544664,0.322884012539185,0.1755485893416928,0.14106583072100312
ce_rerank,M5_backoff,laplace_eb_k10|std1,dev,319,0.018034765362552715,0.7959616460303154,0.004633068851542697,0.8832891810930634,0.01627231823940262,0.7673829341885344,0.03761755485893417,0.322884012539185,-0.012539184952978056,0.45454545454545453,0.01567398119122257,0.06583072100313479,0.009404388714733543,0.09404388714733543,0.010365362638216408,0.888005057752693,0.0032386706914273923,0.9313915287813049,0.009146975405911292,0.8747201555948646,0.03761755485893417,0.322884012539185,-0.012539184952978056,0.45454545454545453,0.01567398119122257,0.06583072100313479,0.009404388714733543,0.09404388714733543,0.002647561361563617,0.03349740621940375,0.036011407977918374,0.2852664576802508,0.1536050156739812,0.12539184952978055
ce_rerank,M5_backoff,laplace|std2,dev,319,0.0159244720231403,0.793851352690903,0.0038533505507771125,0.8825094627922979,0.01308861931663322,0.764199235265765,0.018808777429467086,0.30407523510971785,-0.012539184952978056,0.45454545454545453,0.009404388714733543,0.05956112852664577,-0.003134796238244514,0.08150470219435736,0.006173696076982074,0.8838133911914586,0.0018966691247348127,0.9300495272146123,0.006150507534559241,0.8717236877235126,0.018808777429467086,0.30407523510971785,-0.012539184952978056,0.45454545454545453,0.009404388714733543,0.05956112852664577,-0.003134796238244514,0.08150470219435736,-0.005849928274563861,0.03733165585742474,0.20085582744384145,0.49843260188087773,0.2507836990595611,0.23510971786833856
ce_rerank,M5_backoff,laplace_eb_k2|std2,dev,319,0.01575175782542991,0.7936786384931926,0.0016149818243277859,0.8802710940658486,0.02119036432951222,0.772300980278644,0.03761755485893417,0.322884012539185,-0.02821316614420063,0.438871473354232,0.009404388714733543,0.05956112852664577,0.006269592476489028,0.09090909090909091,0.00760888091075383,0.8852485760252304,0.00048036709848242495,0.9286332251883599,0.010822066972995623,0.8763952471619489,0.03761755485893417,0.322884012539185,-0.02821316614420063,0.438871473354232,0.009404388714733543,0.05956112852664577,0.006269592476489028,0.09090909090909091,-0.004768128316487451,0.03572895666204835,0.29420768938120134,0.4670846394984326,0.2413793103448276,0.22570532915360503
ce_rerank,M5_backoff,laplace_eb_k10|std2,dev,319,0.022706929489176103,0.8006338101569388,0.0033338853277756503,0.8819899975692964,0.018361789291742082,0.769472405240874,0.03134796238244514,0.3166144200626959,-0.0219435736677116,0.445141065830721,0.009404388714733543,0.05956112852664577,0.003134796238244514,0.0877742946708464,0.011501145493647896,0.8891408406081245,0.0022724713651364127,0.9304253294550139,0.009908812677598671,0.875481992866552,0.03134796238244514,0.3166144200626959,-0.0219435736677116,0.445141065830721,0.009404388714733543,0.05956112852664577,0.003134796238244514,0.0877742946708464,0.0022004517822943885,0.04278828177752913,0.04709741956596733,0.43260188087774293,0.23510971786833856,0.18808777429467086
ce_rerank,semantic_intersection_tau0.6,laplace|std0.5,dev,319,0.011081180742541824,0.7890080614103046,0.004931003812899036,0.8835871160544199,0.009935899466556443,0.7610465154156882,0.025078369905956112,0.3103448275862069,-0.006269592476489028,0.4608150470219436,0.01567398119122257,0.06583072100313479,0.006269592476489028,0.09090909090909091,0.007496433385113564,0.8851361284995901,0.003031604716022934,0.9311844628059005,0.005839311572077878,0.8714124917610312,0.025078369905956112,0.3103448275862069,-0.006269592476489028,0.4608150470219436,0.01567398119122257,0.06583072100313479,0.006269592476489028,0.09090909090909091,-0.0013402568567602612,0.023526880030044377,0.1343837333999506,0.219435736677116,0.12225705329153605,0.09090909090909091
ce_rerank,semantic_intersection_tau0.6,laplace_eb_k2|std0.5,dev,319,0.008089106821901747,0.7860159874896644,0.004151710568924309,0.8828078228104451,0.011044102911851999,0.7621547188609838,0.012539184952978056,0.29780564263322884,-0.006269592476489028,0.4608150470219436,0.01567398119122257,0.06583072100313479,0.009404388714733543,0.09404388714733543,0.005519366469876519,0.8831590615843531,0.002584987299569348,0.9307378453894468,0.0063013684413276115,0.871874548630281,0.012539184952978056,0.29780564263322884,-0.006269592476489028,0.4608150470219436,0.01567398119122257,0.06583072100313479,0.009404388714733543,0.09404388714733543,-0.0022127931890863236,0.018774053822256925,0.25529579578327,0.16927899686520376,0.09090909090909091,0.07523510971786834
ce_rerank,semantic_intersection_tau0.6,laplace_eb_k10|std0.5,dev,319,0.009089170461724918,0.7870160511294876,0.0037038744803880074,0.8823599867219087,0.010633403889624677,0.7617440198387566,0.009404388714733543,0.2946708463949843,-0.003134796238244514,0.46394984326018807,0.012539184952978056,0.06269592476489028,0.009404388714733543,0.09404388714733543,0.005704439078752524,0.8833441341932291,0.0024939001914475777,0.9306467582813251,0.0061594834148323285,0.8717326636037858,0.009404388714733543,0.2946708463949843,-0.003134796238244514,0.46394984326018807,0.012539184952978056,0.06269592476489028,0.009404388714733543,0.09404388714733543,-0.0008821491426481722,0.019425750730506664,0.15332775756551434,0.14420062695924765,0.07836990595611286,0.06269592476489028
ce_rerank,semantic_intersection_tau0.6,laplace|std1,dev,319,0.011866626367673605,0.7897935070354363,0.005532793794119246,0.88418890603564,0.007783699736326093,0.7588943156854581,0.034482758620689655,0.31974921630094044,-0.006269592476489028,0.4608150470219436,0.01567398119122257,0.06583072100313479,0.006269592476489028,0.09090909090909091,0.0080687840904188,0.8857084792048954,0.003505702676444218,0.9316585607663217,0.004859463903223833,0.8704326440921772,0.034482758620689655,0.31974921630094044,-0.006269592476489028,0.4608150470219436,0.01567398119122257,0.06583072100313479,0.006269592476489028,0.09090909090909091,-0.003195087752395476,0.025802935165904903,0.18006100733233177,0.30407523510971785,0.15673981191222572,0.13793103448275862
ce_rerank,semantic_intersection_tau0.6,laplace_eb_k2|std1,dev,319,0.01154053624614279,0.7894674169139055,0.004805401317938742,0.8834615135594596,0.012327250856964567,0.7634378668060965,0.034482758620689655,0.31974921630094044,-0.009404388714733543,0.45768025078369906,0.01567398119122257,0.06583072100313479,0.003134796238244514,0.0877742946708464,0.006792101833887608,0.8844317969483642,0.003303209629178421,0.931456067719056,0.006874581937879604,0.8724477621268331,0.034482758620689655,0.31974921630094044,-0.009404388714733543,0.45768025078369906,0.01567398119122257,0.06583072100313479,0.003134796238244514,0.0877742946708464,-0.0006218126925368293,0.02379374191235038,0.23753933056167142,0.2601880877742947,0.12852664576802508,0.12852664576802508
ce_rerank,semantic_intersection_tau0.6,laplace_eb_k10|std1,dev,319,0.015252279987716376,0.7931791606554791,0.006042112050385311,0.884698224291906,0.012657029207410483,0.7637676451565423,0.03134796238244514,0.3166144200626959,-0.003134796238244514,0.46394984326018807,0.01567398119122257,0.06583072100313479,0.009404388714733543,0.09404388714733543,0.00866602926418699,0.8863057243786635,0.003653301901204459,0.931806159991082,0.007079300312412944,0.8726524805013662,0.03134796238244514,0.3166144200626959,-0.003134796238244514,0.46394984326018807,0.01567398119122257,0.06583072100313479,0.009404388714733543,0.09404388714733543,0.003186782477511134,0.027753420896991666,0.10047388485153123,0.2476489028213166,0.12539184952978055,0.11598746081504702
ce_rerank,semantic_intersection_tau0.6,laplace|std2,dev,319,0.0026998208327726884,0.7806267015005354,0.0038310127291933498,0.8824871249707141,-0.0049865868071029915,0.7461240291420289,0.0219435736677116,0.3072100313479624,-0.012539184952978056,0.45454545454545453,0.009404388714733543,0.05956112852664577,-0.003134796238244514,0.08150470219435736,0.002554536613177356,0.8801942317276539,0.002451005774231914,0.9306038638641094,-0.0013735989044452543,0.864199581284508,0.0219435736677116,0.3072100313479624,-0.012539184952978056,0.45454545454545453,0.009404388714733543,0.05956112852664577,-0.003134796238244514,0.08150470219435736,-0.016851222136738158,0.022048969839503954,0.872428180936244,0.42946708463949845,0.20689655172413793,0.21003134796238246
ce_rerank,semantic_intersection_tau0.6,laplace_eb_k2|std2,dev,319,0.009366689687799136,0.7872935703555618,0.006501036307841633,0.8851571485493624,0.010194186590682004,0.7613048025398138,0.02821316614420063,0.31347962382445144,-0.01567398119122257,0.45141065830721006,0.012539184952978056,0.06269592476489028,0.003134796238244514,0.0877742946708464,0.005368347825675175,0.8830080429401518,0.003647849290722216,0.9318007073805997,0.0058516041238479855,0.8714247843128013,0.02821316614420063,0.31347962382445144,-0.01567398119122257,0.45141065830721006,0.012539184952978056,0.06269592476489028,0.003134796238244514,0.0877742946708464,-0.006971646599518281,0.025260675677498304,0.3700860900751478,0.3730407523510972,0.19435736677115986,0.1786833855799373
ce_rerank,semantic_intersection_tau0.6,laplace_eb_k10|std2,dev,319,0.011550370732258106,0.7894772514000208,0.0056160630944380565,0.8842721753359588,0.011030700984980246,0.7621413169341121,0.0219435736677116,0.3072100313479624,-0.012539184952978056,0.45454545454545453,0.012539184952978056,0.06269592476489028,0.006269592476489028,0.09090909090909091,0.0053985648581226795,0.8830382599725992,0.003398649184307708,0.9315515072741852,0.0064266609921350745,0.8719998411810884,0.0219435736677116,0.3072100313479624,-0.012539184952978056,0.45454545454545453,0.012539184952978056,0.06269592476489028,0.006269592476489028,0.09090909090909091,-0.004097549736406362,0.02650936222095101,0.2587642808404915,0.3605015673981191,0.18181818181818182,0.16927899686520376
ce_rerank,semantic_intersection_tau0.7,laplace|std0.5,dev,319,0.013806346815581606,0.7917332274833443,0.005546521617327364,0.8842026338588481,0.010204530014513429,0.7613151459636454,0.0219435736677116,0.3072100313479624,0.003134796238244514,0.4702194357366771,0.012539184952978056,0.06269592476489028,0.006269592476489028,0.09090909090909091,0.008735827237461054,0.8863755223519376,0.00370880410215324,0.9318616621920308,0.006148744769230903,0.8717219249581843,0.0219435736677116,0.3072100313479624,0.003134796238244514,0.4702194357366771,0.012539184952978056,0.06269592476489028,0.006269592476489028,0.09090909090909091,0.0028399972426106567,0.025193500288741715,0.08572876060137094,0.2006269592476489,0.10658307210031348,0.09090909090909091
ce_rerank,semantic_intersection_tau0.7,laplace_eb_k2|std0.5,dev,319,0.008700974565875194,0.7866278552336379,0.004525779369856497,0.8831818916113773,0.009895324482813151,0.7610059404319449,0.01567398119122257,0.30094043887147337,0.0,0.4670846394984326,0.012539184952978056,0.06269592476489028,0.012539184952978056,0.09717868338557993,0.00606651020274267,0.8837062053172192,0.002936489529744211,0.9310893476196217,0.005811161027059284,0.8713843412160127,0.01567398119122257,0.30094043887147337,0.0,0.4670846394984326,0.012539184952978056,0.06269592476489028,0.012539184952978056,0.09717868338557993,-0.0011417512276843422,0.019322683856615265,0.2804622721382234,0.15673981191222572,0.08150470219435736,0.07210031347962383
ce_rerank,semantic_intersection_tau0.7,laplace_eb_k10|std0.5,dev,319,0.009224415549477066,0.7871512962172398,0.004283470980425987,0.8829395832219468,0.009698422211090973,0.7608090381602229,0.006269592476489028,0.29153605015673983,0.0,0.4670846394984326,0.009404388714733543,0.05956112852664577,0.012539184952978056,0.09717868338557993,0.005836326780737754,0.8834760218952143,0.002707556497340666,0.9308604145872181,0.0057371051333914725,0.8713102853223448,0.006269592476489028,0.29153605015673983,0.0,0.4670846394984326,0.009404388714733543,0.05956112852664577,0.012539184952978056,0.09717868338557993,-0.0005737631899949898,0.01915264069088105,0.20643110239831963,0.13166144200626959,0.06896551724137931,0.05956112852664577
ce_rerank,semantic_intersection_tau0.7,laplace|std1,dev,319,0.013360008644086067,0.7912868893118488,0.0062796514609764365,0.8849357637024972,0.009520420217215083,0.7606310361663469,0.03134796238244514,0.3166144200626959,0.003134796238244514,0.4702194357366771,0.01567398119122257,0.06583072100313479,0.009404388714733543,0.09404388714733543,0.008761443221083255,0.8864011383355598,0.004078183241398731,0.9322310413312762,0.0058707399241229195,0.8714439201130763,0.03134796238244514,0.3166144200626959,0.003134796238244514,0.4702194357366771,0.01567398119122257,0.06583072100313479,0.009404388714733543,0.09404388714733543,0.0007938176562840289,0.02606163728620191,0.27795290784188076,0.25391849529780564,0.11912225705329153,0.12852664576802508
ce_rerank,semantic_intersection_tau0.7,laplace_eb_k2|std1,dev,319,0.01238959875880364,0.7903164794265664,0.005671932218964197,0.884328044460485,0.011451148407586317,0.7625617643567183,0.02821316614420063,0.31347962382445144,0.003134796238244514,0.4702194357366771,0.01567398119122257,0.06583072100313479,0.009404388714733543,0.09404388714733543,0.0076976796863221075,0.8853373748007987,0.0038334458225573118,0.9319863039124349,0.006833487823839098,0.8724066680127924,0.02821316614420063,0.31347962382445144,0.003134796238244514,0.4702194357366771,0.01567398119122257,0.06583072100313479,0.009404388714733543,0.09404388714733543,0.0007234038201198684,0.024010342075182912,0.19103461190693438,0.22884012539184953,0.11285266457680251,0.11285266457680251
ce_rerank,semantic_intersection_tau0.7,laplace_eb_k10|std1,dev,319,0.015630659708595576,0.7935575403763583,0.005721350448632315,0.884377462690153,0.012228431410176627,0.7633390473593086,0.025078369905956112,0.3103448275862069,0.003134796238244514,0.4702194357366771,0.012539184952978056,0.06269592476489028,0.012539184952978056,0.09717868338557993,0.009015179446498428,0.886654874560975,0.0037446782506745436,0.9318975363405521,0.007340322448915822,0.8729135026378692,0.025078369905956112,0.3103448275862069,0.003134796238244514,0.4702194357366771,0.012539184952978056,0.06269592476489028,0.012539184952978056,0.09717868338557993,0.003990215464819188,0.026981816749704478,0.09853137396407104,0.23510971786833856,0.11598746081504702,0.11285266457680251
ce_rerank,semantic_intersection_tau0.7,laplace|std2,dev,319,0.003248907929303878,0.7811757885970666,0.004205328123322849,0.8828614403648436,-0.004632268056600443,0.7464783478925314,0.02821316614420063,0.31347962382445144,0.0,0.4670846394984326,0.009404388714733543,0.05956112852664577,0.003134796238244514,0.0877742946708464,0.0038897100847716617,0.8815294051992482,0.0027311225669884756,0.930883980656866,-0.0008271466415130248,0.8647460335474405,0.02821316614420063,0.31347962382445144,0.0,0.4670846394984326,0.009404388714733543,0.05956112852664577,0.003134796238244514,0.0877742946708464,-0.015890492624997345,0.02253354163986388,0.9349265773012241,0.3667711598746082,0.16927899686520376,0.18495297805642633
ce_rerank,semantic_intersection_tau0.7,laplace_eb_k2|std2,dev,319,0.010741411448459267,0.7886682921162219,0.005333436039921632,0.8839895482814424,0.008217598016732913,0.7593282139658647,0.03134796238244514,0.3166144200626959,-0.003134796238244514,0.46394984326018807,0.012539184952978056,0.06269592476489028,0.006269592476489028,0.09090909090909091,0.007029314680159279,0.8846690097946358,0.0033597744370702665,0.9315126325269478,0.005272964979040211,0.8708461451679935,0.03134796238244514,0.3166144200626959,-0.003134796238244514,0.46394984326018807,0.012539184952978056,0.06269592476489028,0.006269592476489028,0.09090909090909091,-0.003844374797794512,0.025224816543415046,0.11505552210292713,0.322884012539185,0.18495297805642633,0.13793103448275862
ce_rerank,semantic_intersection_tau0.7,laplace_eb_k10|std2,dev,319,0.010661321630859076,0.7885882022986218,0.006006491595301135,0.8846626038368219,0.009672904070641928,0.7607835200197738,0.02821316614420063,0.31347962382445144,0.0,0.4670846394984326,0.01567398119122257,0.06583072100313479,0.012539184952978056,0.09717868338557993,0.005888459357348355,0.8835281544718249,0.003865724260156805,0.9320185823500343,0.006094182826882244,0.8716673630158356,0.02821316614420063,0.31347962382445144,0.0,0.4670846394984326,0.01567398119122257,0.06583072100313479,0.012539184952978056,0.09717868338557993,-0.003882213179781145,0.0252895110861915,0.22504144278091143,0.3103448275862069,0.15987460815047022,0.14106583072100312
ce_rerank,semantic_backoff_tau0.6,laplace|std0.5,dev,319,0.010376024115421928,0.7883029047831847,0.0050218482749962885,0.883677960516517,0.011010178022063265,0.7621207939711951,0.0219435736677116,0.3072100313479624,-0.006269592476489028,0.4608150470219436,0.01567398119122257,0.06583072100313479,0.009404388714733543,0.09404388714733543,0.0069851430605945165,0.8846248381750711,0.0030398323991829325,0.9311926904890605,0.006531918067543482,0.8721050982564968,0.0219435736677116,0.3072100313479624,-0.006269592476489028,0.4608150470219436,0.01567398119122257,0.06583072100313479,0.009404388714733543,0.09404388714733543,-0.001859872392889661,0.02283893524023899,0.19690963693964636,0.22570532915360503,0.12225705329153605,0.09717868338557993
ce_rerank,semantic_backoff_tau0.6,laplace_eb_k2|std0.5,dev,319,0.0055937311118673,0.78352061177963,0.0039632159714414784,0.8826193282129623,0.012501620284068548,0.7636122362332004,0.006269592476489028,0.29153605015673983,-0.009404388714733543,0.45768025078369906,0.01567398119122257,0.06583072100313479,0.009404388714733543,0.09404388714733543,0.004214574270487579,0.8818542693849641,0.002532617425470143,0.9306854755153476,0.007078681208870627,0.8726518613978238,0.006269592476489028,0.29153605015673983,-0.009404388714733543,0.45768025078369906,0.01567398119122257,0.06583072100313479,0.009404388714733543,0.09404388714733543,-0.005868872307638016,0.017042676585968752,0.3799732989182504,0.18181818181818182,0.09717868338557993,0.08150470219435736
ce_rerank,semantic_backoff_tau0.6,laplace_eb_k10|std0.5,dev,319,0.006447561365496776,0.7843744420332595,0.0036042526037341747,0.8822603648452549,0.012026128182216872,0.7631367441313487,0.006269592476489028,0.29153605015673983,-0.006269592476489028,0.4608150470219436,0.012539184952978056,0.06269592476489028,0.009404388714733543,0.09404388714733543,0.004345448132966379,0.8819851432474429,0.0024415303173483728,0.9305943884072259,0.006978586269396601,0.87255176645835,0.006269592476489028,0.29153605015673983,-0.006269592476489028,0.4608150470219436,0.012539184952978056,0.06269592476489028,0.009404388714733543,0.09404388714733543,-0.004573610838981445,0.017398126543058674,0.3302757502908651,0.15047021943573669,0.07836990595611286,0.06896551724137931
ce_rerank,semantic_backoff_tau0.6,laplace|std1,dev,319,0.010980094861834775,0.7889069755295974,0.0037243068685352244,0.882380419110056,0.008260504037235225,0.7593711199863671,0.02821316614420063,0.31347962382445144,-0.01567398119122257,0.45141065830721006,0.012539184952978056,0.06269592476489028,0.006269592476489028,0.09090909090909091,0.007401427878855164,0.8850411229933317,0.002474589968176097,0.9306274480580536,0.005188999037757562,0.8707621792267111,0.02821316614420063,0.31347962382445144,-0.01567398119122257,0.45141065830721006,0.012539184952978056,0.06269592476489028,0.006269592476489028,0.09090909090909091,-0.0039389662578888825,0.025195488743016876,0.31312153210493254,0.31974921630094044,0.15673981191222572,0.1536050156739812
ce_rerank,semantic_backoff_tau0.6,laplace_eb_k2|std1,dev,319,0.010660730932947237,0.7885876116007099,0.004294233449200478,0.8829503456907213,0.013518750462038764,0.7646293664111705,0.025078369905956112,0.3103448275862069,-0.01567398119122257,0.45141065830721006,0.012539184952978056,0.06269592476489028,0.003134796238244514,0.0877742946708464,0.0060847499714376035,0.8837244450859142,0.0028866075423070255,0.9310394656321845,0.007418831519572339,0.8729920117085258,0.025078369905956112,0.3103448275862069,-0.01567398119122257,0.45141065830721006,0.012539184952978056,0.06269592476489028,0.003134796238244514,0.0877742946708464,-0.003272675254548605,0.024353401498944955,0.31715259722330214,0.28213166144200624,0.13793103448275862,0.14106583072100312
ce_rerank,semantic_backoff_tau0.6,laplace_eb_k10|std1,dev,319,0.011977039511114078,0.7899039201788768,0.005477288486815546,0.8841334007283363,0.014165984360401906,0.7652766003095338,0.02821316614420063,0.31347962382445144,-0.009404388714733543,0.45768025078369906,0.01567398119122257,0.06583072100313479,0.009404388714733543,0.09404388714733543,0.007038088708088316,0.8846777838225649,0.003249825541875953,0.9314026836317535,0.00790239419309323,0.8734755743820467,0.02821316614420063,0.31347962382445144,-0.009404388714733543,0.45768025078369906,0.01567398119122257,0.06583072100313479,0.009404388714733543,0.09404388714733543,-0.0011648358923140737,0.024914978436985542,0.24771992999005044,0.25705329153605017,0.12539184952978055,0.12539184952978055
ce_rerank,semantic_backoff_tau0.6,laplace|std2,dev,319,0.0003421723282075601,0.7782690529959703,0.0017954321770832457,0.8804515444186041,-0.0043540382366569035,0.7467565777124751,0.012539184952978056,0.29780564263322884,-0.025078369905956112,0.44200626959247646,0.003134796238244514,0.05329153605015674,-0.006269592476489028,0.07836990595611286,0.0010633933880486084,0.8787030885025252,0.0013183017135787534,0.9294711598034563,-0.0011721789089489884,0.8644010012800044,0.012539184952978056,0.29780564263322884,-0.025078369905956112,0.44200626959247646,0.003134796238244514,0.05329153605015674,-0.006269592476489028,0.07836990595611286,-0.019517172673325926,0.02065846910904566,0.8779555422399742,0.46394984326018807,0.21630094043887146,0.23510971786833856
ce_rerank,semantic_backoff_tau0.6,laplace_eb_k2|std2,dev,319,0.004369900658212859,0.7822967813259756,0.0053994351046212415,0.884055547346142,0.010882801536856028,0.7619934174859878,0.018808777429467086,0.30407523510971785,-0.025078369905956112,0.44200626959247646,0.009404388714733543,0.05956112852664577,0.0,0.08463949843260188,0.0026124101073764336,0.8802521052218529,0.0028089835165436366,0.9309618416064211,0.006313625192941168,0.8718868053818944,0.018808777429467086,0.30407523510971785,-0.025078369905956112,0.44200626959247646,0.009404388714733543,0.05956112852664577,0.0,0.08463949843260188,-0.013380459764954812,0.02060509057230897,0.6548085089598275,0.4012539184952978,0.20376175548589343,0.1974921630094044
ce_rerank,semantic_backoff_tau0.6,laplace_eb_k10|std2,dev,319,0.00944961892400042,0.7873764995917631,0.0045199965982227865,0.8831761088397435,0.013148147587118478,0.7642587635362503,0.01567398119122257,0.30094043887147337,-0.0219435736677116,0.445141065830721,0.012539184952978056,0.06269592476489028,0.003134796238244514,0.0877742946708464,0.004103092097189733,0.8817427872116663,0.002566075530545465,0.930718933620423,0.007461908001884772,0.8730350881908383,0.01567398119122257,0.30094043887147337,-0.0219435736677116,0.445141065830721,0.012539184952978056,0.06269592476489028,0.003134796238244514,0.0877742946708464,-0.007765264816138438,0.025840398823392795,0.4248895121002997,0.3887147335423197,0.19435736677115986,0.18495297805642633
ce_rerank,semantic_backoff_tau0.7,laplace|std0.5,dev,319,0.011338152925609421,0.7892650335933721,0.005544659486011278,0.8842007717275321,0.010535778492969404,0.7616463944421012,0.018808777429467086,0.30407523510971785,0.003134796238244514,0.4702194357366771,0.012539184952978056,0.06269592476489028,0.006269592476489028,0.09090909090909091,0.0072665070665293725,0.8849062021810059,0.0037329017555452065,0.9318857598454228,0.006263229353674525,0.8718364095426279,0.018808777429467086,0.30407523510971785,0.003134796238244514,0.4702194357366771,0.012539184952978056,0.06269592476489028,0.006269592476489028,0.09090909090909091,-4.5949937688131054e-07,0.023664414652602796,0.17509942788117305,0.20689655172413793,0.10658307210031348,0.09717868338557993
ce_rerank,semantic_backoff_tau0.7,laplace_eb_k2|std0.5,dev,319,0.004598523662381785,0.7825254043301445,0.0045487151997963835,0.8832048274413171,0.010423812013247918,0.7615344279623798,0.012539184952978056,0.29780564263322884,0.0,0.4670846394984326,0.012539184952978056,0.06269592476489028,0.012539184952978056,0.09717868338557993,0.003917660739354579,0.8815573558538311,0.0029130940527004132,0.9310659521425779,0.005929718178267761,0.8715028983672211,0.012539184952978056,0.29780564263322884,0.0,0.4670846394984326,0.012539184952978056,0.06269592476489028,0.012539184952978056,0.09717868338557993,-0.007206062872114599,0.01580511417158158,0.5297568347054449,0.16614420062695925,0.08463949843260188,0.07836990595611286
ce_rerank,semantic_backoff_tau0.7,laplace_eb_k10|std0.5,dev,319,0.005096114891636708,0.7830229955593994,0.004293175887164651,0.8829492881286854,0.010357182704169176,0.7614677986533009,0.003134796238244514,0.2884012539184953,0.0,0.4670846394984326,0.009404388714733543,0.05956112852664577,0.012539184952978056,0.09717868338557993,0.0036689049584738512,0.8813086000729504,0.002709318477905656,0.9308621765677831,0.006001573819725491,0.8715747540086789,0.003134796238244514,0.2884012539184953,0.0,0.4670846394984326,0.009404388714733543,0.05956112852664577,0.012539184952978056,0.09717868338557993,-0.006591302732758948,0.01612549010068645,0.49128132903886657,0.13793103448275862,0.06896551724137931,0.06583072100313479
ce_rerank,semantic_backoff_tau0.7,laplace|std1,dev,319,0.012092101139521524,0.7900189818072842,0.005954941191643383,0.8846110534331642,0.009048154810005597,0.7601587707591375,0.02821316614420063,0.31347962382445144,0.0,0.4670846394984326,0.012539184952978056,0.06269592476489028,0.009404388714733543,0.09404388714733543,0.007726121285118653,0.8853658163995952,0.0037242919673740305,0.9318771500572516,0.005493982271714643,0.8710671624606678,0.02821316614420063,0.31347962382445144,0.0,0.4670846394984326,0.012539184952978056,0.06269592476489028,0.009404388714733543,0.09404388714733543,-0.0012953402036596615,0.025987288229704652,0.3833689072250931,0.2664576802507837,0.12225705329153605,0.13793103448275862
ce_rerank,semantic_backoff_tau0.7,laplace_eb_k2|std1,dev,319,0.009859100287797682,0.7877859809555604,0.00525257860231549,0.8839086908438363,0.011432119662111457,0.7625427356112434,0.0219435736677116,0.3072100313479624,0.0,0.4670846394984326,0.012539184952978056,0.06269592476489028,0.009404388714733543,0.09404388714733543,0.00609018604583501,0.8837298811603116,0.0034547386498286806,0.9316075967397062,0.006568600970749573,0.872141781159703,0.0219435736677116,0.3072100313479624,0.0,0.4670846394984326,0.012539184952978056,0.06269592476489028,0.009404388714733543,0.09404388714733543,-0.004202484439322754,0.023442946788402374,0.35293556871918097,0.2476489028213166,0.11912225705329153,0.12539184952978055
ce_rerank,semantic_backoff_tau0.7,laplace_eb_k10|std1,dev,319,0.011502359050755216,0.7894292397185179,0.005731055355370979,0.8843871675968917,0.012856533740381464,0.7639671496895134,0.0219435736677116,0.3072100313479624,0.003134796238244514,0.4702194357366771,0.012539184952978056,0.06269592476489028,0.012539184952978056,0.09717868338557993,0.0068477576242345255,0.8844874527387111,0.0037177393802654782,0.931870597470143,0.007555050405215319,0.8731282305941687,0.0219435736677116,0.3072100313479624,0.003134796238244514,0.4702194357366771,0.012539184952978056,0.06269592476489028,0.012539184952978056,0.09717868338557993,-0.0015441707017186293,0.024637087252353047,0.2286023517842526,0.2413793103448276,0.11598746081504702,0.11912225705329153
ce_rerank,semantic_backoff_tau0.7,laplace|std2,dev,319,-0.0006500246429518099,0.7772768560248109,0.0038217660681954748,0.8824778783097162,-0.004571533707615721,0.7465390822415162,0.0219435736677116,0.3072100313479624,-0.006269592476489028,0.4608150470219436,0.003134796238244514,0.05329153605015674,0.0,0.08463949843260188,0.0015011861406523607,0.8791408812551289,0.0022545098137332353,0.9304073679036108,-0.0009907912311135432,0.8645823889578399,0.0219435736677116,0.3072100313479624,-0.006269592476489028,0.4608150470219436,0.003134796238244514,0.05329153605015674,0.0,0.08463949843260188,-0.02055421588259244,0.01967794334685259,0.6446718699586348,0.3949843260188088,0.1786833855799373,0.20376175548589343
ce_rerank,semantic_backoff_tau0.7,laplace_eb_k2|std2,dev,319,0.0047328875029348655,0.7826597681706976,0.004845039504448822,0.8835011517459695,0.00785468204828639,0.7589652979974183,0.025078369905956112,0.3103448275862069,-0.009404388714733543,0.45768025078369906,0.009404388714733543,0.05956112852664577,0.003134796238244514,0.0877742946708464,0.00362034539070249,0.881260040505179,0.002877798760572571,0.9310306568504501,0.004875276847319168,0.8704484570362725,0.025078369905956112,0.3103448275862069,-0.009404388714733543,0.45768025078369906,0.009404388714733543,0.05956112852664577,0.003134796238244514,0.0877742946708464,-0.01181046523177138,0.020639957638229695,0.30885515121661655,0.3385579937304075,0.18808777429467086,0.15047021943573669
ce_rerank,semantic_backoff_tau0.7,laplace_eb_k10|std2,dev,319,0.007741432181533227,0.785668312849296,0.005629596665361458,0.8842857089068822,0.010539907282422703,0.7616505232315545,0.025078369905956112,0.3103448275862069,-0.003134796238244514,0.46394984326018807,0.01567398119122257,0.06583072100313479,0.012539184952978056,0.09717868338557993,0.003971063044377629,0.8816107581588541,0.003407141071128247,0.9315599991610057,0.00634997715023244,0.8719231573391858,0.025078369905956112,0.3103448275862069,-0.003134796238244514,0.46394984326018807,0.01567398119122257,0.06583072100313479,0.012539184952978056,0.09717868338557993,-0.008646737514968764,0.024072432105187145,0.39416472794115864,0.3322884012539185,0.16927899686520376,0.1536050156739812
