lift,routing,train_gain,dev_gain,dev_pct_improved,dev_pct_worsened,min_evidence,w_global,w_class,w_team,w_intersection
laplace_eb_k2|absolute1,M1_global,-0.06283454966343141,-0.06479820220214447,0.2006269592476489,0.3761755485893417,,,,,
laplace_eb_k2|absolute1,M2_team,0.016740829974215624,0.019940134885262546,0.2507836990595611,0.19435736677115986,,,,,
laplace_eb_k2|absolute1,M3_class,-0.0024221335964145856,-0.015985228927064464,0.23197492163009403,0.21630094043887146,,,,,
laplace_eb_k2|absolute1,M4_intersection,0.044851995953666325,0.05260207955973649,0.21316614420062696,0.0877742946708464,,,,,
laplace_eb_k2|absolute1,M5_backoff,0.040680212051191864,0.05144454750194445,0.219435736677116,0.09717868338557993,1.0,,,,
laplace_eb_k2|absolute1,M5_backoff,0.04157674996100646,0.04672730932461804,0.22570532915360503,0.10344827586206896,2.0,,,,
laplace_eb_k2|absolute1,M5_backoff,0.03784031129006195,0.04033095736441941,0.21630094043887146,0.12539184952978055,3.0,,,,
laplace_eb_k2|absolute1,M5_backoff,0.03217715522404845,0.03277988226202588,0.21003134796238246,0.13166144200626959,5.0,,,,
laplace_eb_k2|absolute1,M5_backoff,0.02356555637853657,0.023414770882798586,0.21316614420062696,0.14733542319749215,8.0,,,,
laplace_eb_k2|absolute1,M6_blend,0.025939013223441696,0.02836077673168018,0.11598746081504702,0.0438871473354232,,0.0,0.0,0.0,0.25
laplace_eb_k2|absolute1,M6_blend,0.03413323494595113,0.042472069131262995,0.16614420062695925,0.07523510971786834,,0.0,0.0,0.0,0.5
laplace_eb_k2|absolute1,M6_blend,0.04023442654987131,0.05130251724751765,0.1974921630094044,0.07836990595611286,,0.0,0.0,0.0,0.75
laplace_eb_k2|absolute1,M6_blend,0.044851995953666325,0.05260207955973649,0.21316614420062696,0.0877742946708464,,0.0,0.0,0.0,1.0
laplace_eb_k2|absolute1,M6_blend,0.015794528189755908,0.020725515125126673,0.13479623824451412,0.06583072100313479,,0.0,0.0,0.25,0.0
laplace_eb_k2|absolute1,M6_blend,0.028659207033309535,0.03334459542153771,0.18181818181818182,0.09404388714733543,,0.0,0.0,0.25,0.25
laplace_eb_k2|absolute1,M6_blend,0.0385875018153887,0.047861649850412594,0.22884012539184953,0.09090909090909091,,0.0,0.0,0.25,0.5
laplace_eb_k2|absolute1,M6_blend,0.03973811488478723,0.05275735911857746,0.2445141065830721,0.10658307210031348,,0.0,0.0,0.25,0.75
laplace_eb_k2|absolute1,M6_blend,0.041023157303357295,0.05328401697793724,0.2445141065830721,0.13166144200626959,,0.0,0.0,0.25,1.0
laplace_eb_k2|absolute1,M6_blend,0.018921172572777166,0.02814252561302768,0.19435736677115986,0.14106583072100312,,0.0,0.0,0.5,0.0
laplace_eb_k2|absolute1,M6_blend,0.033457825783213734,0.04180460055373306,0.22884012539184953,0.12225705329153605,,0.0,0.0,0.5,0.25
laplace_eb_k2|absolute1,M6_blend,0.03734045930960956,0.04907337423168753,0.2664576802507837,0.12539184952978055,,0.0,0.0,0.5,0.5
laplace_eb_k2|absolute1,M6_blend,0.038567236932005165,0.04963881247983457,0.26332288401253917,0.14733542319749215,,0.0,0.0,0.5,0.75
laplace_eb_k2|absolute1,M6_blend,0.03838647196386519,0.04745044560408144,0.25705329153605017,0.1724137931034483,,0.0,0.0,0.5,1.0
laplace_eb_k2|absolute1,M6_blend,0.018522464629667886,0.025968973340939578,0.22570532915360503,0.1786833855799373,,0.0,0.0,0.75,0.0
laplace_eb_k2|absolute1,M6_blend,0.029273583301012075,0.038586999169991684,0.2507836990595611,0.16300940438871472,,0.0,0.0,0.75,0.25
laplace_eb_k2|absolute1,M6_blend,0.03312201251870908,0.04218751347410642,0.25705329153605017,0.18181818181818182,,0.0,0.0,0.75,0.5
laplace_eb_k2|absolute1,M6_blend,0.03486486472128965,0.04466994771249242,0.26332288401253917,0.19122257053291536,,0.0,0.0,0.75,0.75
laplace_eb_k2|absolute1,M6_blend,0.03680986146032089,0.03869764332814277,0.25705329153605017,0.23510971786833856,,0.0,0.0,0.75,1.0
laplace_eb_k2|absolute1,M6_blend,0.016740829974215624,0.019940134885262546,0.2507836990595611,0.19435736677115986,,0.0,0.0,1.0,0.0
laplace_eb_k2|absolute1,M6_blend,0.025374572609279705,0.029338256890964358,0.2507836990595611,0.20376175548589343,,0.0,0.0,1.0,0.25
laplace_eb_k2|absolute1,M6_blend,0.030587915996999684,0.03563521420553934,0.25391849529780564,0.21003134796238246,,0.0,0.0,1.0,0.5
laplace_eb_k2|absolute1,M6_blend,0.0324099929215692,0.03924184006443218,0.2664576802507837,0.22884012539184953,,0.0,0.0,1.0,0.75
laplace_eb_k2|absolute1,M6_blend,0.03404857835584959,0.03656309914299313,0.2664576802507837,0.2476489028213166,,0.0,0.0,1.0,1.0
laplace_eb_k2|absolute1,M6_blend,-0.011180324322949239,-0.02370784722478786,0.14106583072100312,0.12539184952978055,,0.0,0.25,0.0,0.0
laplace_eb_k2|absolute1,M6_blend,0.034053154866760575,0.03503370075997514,0.18495297805642633,0.12539184952978055,,0.0,0.25,0.0,0.25
laplace_eb_k2|absolute1,M6_blend,0.03933698193494714,0.04537170869663218,0.219435736677116,0.13166144200626959,,0.0,0.25,0.0,0.5
laplace_eb_k2|absolute1,M6_blend,0.04244698288771992,0.054398250208472755,0.25705329153605017,0.13166144200626959,,0.0,0.25,0.0,0.75
laplace_eb_k2|absolute1,M6_blend,0.04412662521310168,0.056310844330298114,0.26332288401253917,0.15047021943573669,,0.0,0.25,0.0,1.0
laplace_eb_k2|absolute1,M6_blend,0.02943500088064259,0.03244382440810293,0.20376175548589343,0.11285266457680251,,0.0,0.25,0.25,0.0
laplace_eb_k2|absolute1,M6_blend,0.03799486885368103,0.04094911608436264,0.23510971786833856,0.12539184952978055,,0.0,0.25,0.25,0.25
laplace_eb_k2|absolute1,M6_blend,0.03768415331966742,0.05420730943823683,0.2727272727272727,0.13166144200626959,,0.0,0.25,0.25,0.5
laplace_eb_k2|absolute1,M6_blend,0.039287990349204896,0.0555317539102792,0.26959247648902823,0.15987460815047022,,0.0,0.25,0.25,0.75
laplace_eb_k2|absolute1,M6_blend,0.0413628822414773,0.05080738484999603,0.26959247648902823,0.18181818181818182,,0.0,0.25,0.25,1.0
laplace_eb_k2|absolute1,M6_blend,0.032275113155948665,0.039970518174496567,0.21630094043887146,0.16300940438871472,,0.0,0.25,0.5,0.0
laplace_eb_k2|absolute1,M6_blend,0.03552172150105399,0.049953545977983356,0.2664576802507837,0.16927899686520376,,0.0,0.25,0.5,0.25
laplace_eb_k2|absolute1,M6_blend,0.03831610369102516,0.04986330468592973,0.2664576802507837,0.19122257053291536,,0.0,0.25,0.5,0.5
laplace_eb_k2|absolute1,M6_blend,0.03899377340462551,0.04753445601528715,0.26332288401253917,0.20689655172413793,,0.0,0.25,0.5,0.75
laplace_eb_k2|absolute1,M6_blend,0.03922826895603787,0.04914470557648934,0.25705329153605017,0.23510971786833856,,0.0,0.25,0.5,1.0
laplace_eb_k2|absolute1,M6_blend,0.029464617515553494,0.04004256608297459,0.2507836990595611,0.20376175548589343,,0.0,0.25,0.75,0.0
laplace_eb_k2|absolute1,M6_blend,0.033248880869339824,0.043559203035312015,0.26332288401253917,0.219435736677116,,0.0,0.25,0.75,0.25
laplace_eb_k2|absolute1,M6_blend,0.03610982303321998,0.044145809690873825,0.2664576802507837,0.23510971786833856,,0.0,0.25,0.75,0.5
laplace_eb_k2|absolute1,M6_blend,0.03740222930694996,0.041429426427638645,0.2507836990595611,0.27586206896551724,,0.0,0.25,0.75,0.75
laplace_eb_k2|absolute1,M6_blend,0.03939048593289989,0.03961948801684529,0.2507836990595611,0.2852664576802508,,0.0,0.25,0.75,1.0
laplace_eb_k2|absolute1,M6_blend,0.02625279907526444,0.03009491973209157,0.25705329153605017,0.2445141065830721,,0.0,0.25,1.0,0.0
laplace_eb_k2|absolute1,M6_blend,0.030615707969447865,0.03629957544719538,0.2601880877742947,0.2445141065830721,,0.0,0.25,1.0,0.25
laplace_eb_k2|absolute1,M6_blend,0.0318199034081772,0.03905169554872199,0.2601880877742947,0.27899686520376177,,0.0,0.25,1.0,0.5
laplace_eb_k2|absolute1,M6_blend,0.034532170678841075,0.03756401621295741,0.2601880877742947,0.2884012539184953,,0.0,0.25,1.0,0.75
laplace_eb_k2|absolute1,M6_blend,0.03492382473809801,0.038642219113051705,0.26332288401253917,0.2946708463949843,,0.0,0.25,1.0,1.0
laplace_eb_k2|absolute1,M6_blend,-0.006469421966981507,-0.018147994883848956,0.1786833855799373,0.15987460815047022,,0.0,0.5,0.0,0.0
laplace_eb_k2|absolute1,M6_blend,0.02546522761260187,0.01964671310726378,0.2225705329153605,0.16614420062695925,,0.0,0.5,0.0,0.25
laplace_eb_k2|absolute1,M6_blend,0.03753605569821012,0.038200682735648646,0.23510971786833856,0.1724137931034483,,0.0,0.5,0.0,0.5
laplace_eb_k2|absolute1,M6_blend,0.04119533926655872,0.04927031334991739,0.25705329153605017,0.1755485893416928,,0.0,0.5,0.0,0.75
laplace_eb_k2|absolute1,M6_blend,0.04402503537561465,0.054417812046492736,0.26959247648902823,0.18808777429467086,,0.0,0.5,0.0,1.0
laplace_eb_k2|absolute1,M6_blend,0.026008624888708337,0.01733067597855221,0.22570532915360503,0.14420062695924765,,0.0,0.5,0.25,0.0
laplace_eb_k2|absolute1,M6_blend,0.03673829605398755,0.04429363602988399,0.25391849529780564,0.1536050156739812,,0.0,0.5,0.25,0.25
laplace_eb_k2|absolute1,M6_blend,0.03805109509293431,0.048984441042039834,0.26959247648902823,0.16614420062695925,,0.0,0.5,0.25,0.5
laplace_eb_k2|absolute1,M6_blend,0.04053596763978744,0.05089478132820054,0.27586206896551724,0.18181818181818182,,0.0,0.5,0.25,0.75
laplace_eb_k2|absolute1,M6_blend,0.04034284341434369,0.050330149541173985,0.27586206896551724,0.20376175548589343,,0.0,0.5,0.25,1.0
laplace_eb_k2|absolute1,M6_blend,0.032514785604969364,0.0414152537650636,0.25391849529780564,0.1755485893416928,,0.0,0.5,0.5,0.0
laplace_eb_k2|absolute1,M6_blend,0.03758441711535172,0.04897118022309201,0.2664576802507837,0.19122257053291536,,0.0,0.5,0.5,0.25
laplace_eb_k2|absolute1,M6_blend,0.03887086485937908,0.050378433717735885,0.2664576802507837,0.20689655172413793,,0.0,0.5,0.5,0.5
laplace_eb_k2|absolute1,M6_blend,0.036030827582058556,0.050636285606503115,0.2601880877742947,0.23824451410658307,,0.0,0.5,0.5,0.75
laplace_eb_k2|absolute1,M6_blend,0.03906404721292885,0.04752718667765396,0.2601880877742947,0.2476489028213166,,0.0,0.5,0.5,1.0
laplace_eb_k2|absolute1,M6_blend,0.03171787936222402,0.04325696722046709,0.2664576802507837,0.2225705329153605,,0.0,0.5,0.75,0.0
laplace_eb_k2|absolute1,M6_blend,0.03408769849483093,0.043194060473699926,0.26959247648902823,0.2445141065830721,,0.0,0.5,0.75,0.25
laplace_eb_k2|absolute1,M6_blend,0.035204178944032785,0.043562914195199,0.25705329153605017,0.2727272727272727,,0.0,0.5,0.75,0.5
laplace_eb_k2|absolute1,M6_blend,0.036509307652684286,0.04105136257400707,0.2601880877742947,0.29153605015673983,,0.0,0.5,0.75,0.75
laplace_eb_k2|absolute1,M6_blend,0.036627305247014755,0.04016118595919639,0.2601880877742947,0.29153605015673983,,0.0,0.5,0.75,1.0
laplace_eb_k2|absolute1,M6_blend,0.03044727296968349,0.036755819060492294,0.26332288401253917,0.2476489028213166,,0.0,0.5,1.0,0.0
laplace_eb_k2|absolute1,M6_blend,0.031780414686088526,0.03751923336551107,0.26332288401253917,0.27586206896551724,,0.0,0.5,1.0,0.25
laplace_eb_k2|absolute1,M6_blend,0.03349243110795728,0.03902757514653535,0.2601880877742947,0.2884012539184953,,0.0,0.5,1.0,0.5
laplace_eb_k2|absolute1,M6_blend,0.03447626691904547,0.03652323582749755,0.2601880877742947,0.2946708463949843,,0.0,0.5,1.0,0.75
laplace_eb_k2|absolute1,M6_blend,0.03599255847249282,0.038244110768585,0.2601880877742947,0.3072100313479624,,0.0,0.5,1.0,1.0
laplace_eb_k2|absolute1,M6_blend,-0.004553541927205946,-0.015113512725572228,0.21316614420062696,0.1786833855799373,,0.0,0.75,0.0,0.0
laplace_eb_k2|absolute1,M6_blend,0.023148325100065908,0.016379995744523583,0.23510971786833856,0.18495297805642633,,0.0,0.75,0.0,0.25
laplace_eb_k2|absolute1,M6_blend,0.03168302927174709,0.020662741192549374,0.2507836990595611,0.20689655172413793,,0.0,0.75,0.0,0.5
laplace_eb_k2|absolute1,M6_blend,0.036094966690333935,0.03683933836399201,0.26332288401253917,0.2225705329153605,,0.0,0.75,0.0,0.75
laplace_eb_k2|absolute1,M6_blend,0.042362594132678656,0.0461523188248884,0.2664576802507837,0.219435736677116,,0.0,0.75,0.0,1.0
laplace_eb_k2|absolute1,M6_blend,0.021108800303222767,0.017391134964354734,0.2507836990595611,0.1786833855799373,,0.0,0.75,0.25,0.0
laplace_eb_k2|absolute1,M6_blend,0.028607221735813197,0.020241476934064518,0.2601880877742947,0.20689655172413793,,0.0,0.75,0.25,0.25
laplace_eb_k2|absolute1,M6_blend,0.03647985995417261,0.040332348777862924,0.26332288401253917,0.20689655172413793,,0.0,0.75,0.25,0.5
laplace_eb_k2|absolute1,M6_blend,0.04049260722943168,0.047281013468870176,0.2664576802507837,0.21003134796238246,,0.0,0.75,0.25,0.75
laplace_eb_k2|absolute1,M6_blend,0.03911283286792228,0.050314235591496045,0.2727272727272727,0.23824451410658307,,0.0,0.75,0.25,1.0
laplace_eb_k2|absolute1,M6_blend,0.02757119663151995,0.027448176671999003,0.26332288401253917,0.20689655172413793,,0.0,0.75,0.5,0.0
laplace_eb_k2|absolute1,M6_blend,0.03618212389162527,0.04096783743149435,0.2664576802507837,0.2225705329153605,,0.0,0.75,0.5,0.25
laplace_eb_k2|absolute1,M6_blend,0.03788114514319621,0.04894262558100366,0.2601880877742947,0.23824451410658307,,0.0,0.75,0.5,0.5
laplace_eb_k2|absolute1,M6_blend,0.0381457867450346,0.04908361667796362,0.26332288401253917,0.25705329153605017,,0.0,0.75,0.5,0.75
laplace_eb_k2|absolute1,M6_blend,0.03950848311990932,0.04846177407800217,0.26959247648902823,0.2664576802507837,,0.0,0.75,0.5,1.0
laplace_eb_k2|absolute1,M6_blend,0.03059264921168489,0.0339419770647179,0.26959247648902823,0.2507836990595611,,0.0,0.75,0.75,0.0
laplace_eb_k2|absolute1,M6_blend,0.034084364572160186,0.043225101250746405,0.26332288401253917,0.2664576802507837,,0.0,0.75,0.75,0.25
laplace_eb_k2|absolute1,M6_blend,0.03653878097847774,0.04161139078975471,0.26332288401253917,0.2852664576802508,,0.0,0.75,0.75,0.5
laplace_eb_k2|absolute1,M6_blend,0.03764129174180575,0.0421714420112136,0.26959247648902823,0.2946708463949843,,0.0,0.75,0.75,0.75
laplace_eb_k2|absolute1,M6_blend,0.03676214705964928,0.03911085712919041,0.2664576802507837,0.30094043887147337,,0.0,0.75,0.75,1.0
laplace_eb_k2|absolute1,M6_blend,0.03076962734586379,0.03873261555935895,0.2727272727272727,0.27586206896551724,,0.0,0.75,1.0,0.0
laplace_eb_k2|absolute1,M6_blend,0.03248380025682211,0.037679688391920915,0.2727272727272727,0.2884012539184953,,0.0,0.75,1.0,0.25
laplace_eb_k2|absolute1,M6_blend,0.03439479539725624,0.038584908336214134,0.2727272727272727,0.2946708463949843,,0.0,0.75,1.0,0.5
laplace_eb_k2|absolute1,M6_blend,0.033814147500594936,0.04009128138890087,0.27586206896551724,0.30094043887147337,,0.0,0.75,1.0,0.75
laplace_eb_k2|absolute1,M6_blend,0.033550669750726965,0.03733094329697585,0.2727272727272727,0.3072100313479624,,0.0,0.75,1.0,1.0
laplace_eb_k2|absolute1,M6_blend,-0.0024221335964145856,-0.015985228927064464,0.23197492163009403,0.21630094043887146,,0.0,1.0,0.0,0.0
laplace_eb_k2|absolute1,M6_blend,0.0018185914487732842,-0.008196814902430417,0.23824451410658307,0.23197492163009403,,0.0,1.0,0.0,0.25
laplace_eb_k2|absolute1,M6_blend,0.028140428703032214,0.017852854777746438,0.25391849529780564,0.23197492163009403,,0.0,1.0,0.0,0.5
laplace_eb_k2|absolute1,M6_blend,0.03294119512097982,0.02300868639985222,0.25705329153605017,0.2445141065830721,,0.0,1.0,0.0,0.75
laplace_eb_k2|absolute1,M6_blend,0.03408293308932037,0.0332854638769522,0.26332288401253917,0.26332288401253917,,0.0,1.0,0.0,1.0
laplace_eb_k2|absolute1,M6_blend,0.005069532560806187,-0.006113521626283382,0.2507836990595611,0.2225705329153605,,0.0,1.0,0.25,0.0
laplace_eb_k2|absolute1,M6_blend,0.029242250945043576,0.018840181311376415,0.26332288401253917,0.2225705329153605,,0.0,1.0,0.25,0.25
laplace_eb_k2|absolute1,M6_blend,0.029977622401374467,0.018072279304452824,0.2601880877742947,0.2413793103448276,,0.0,1.0,0.25,0.5
laplace_eb_k2|absolute1,M6_blend,0.03487825041062969,0.037449362217726004,0.2727272727272727,0.2476489028213166,,0.0,1.0,0.25,0.75
laplace_eb_k2|absolute1,M6_blend,0.03494690822364215,0.04018293408717855,0.27586206896551724,0.25391849529780564,,0.0,1.0,0.25,1.0
laplace_eb_k2|absolute1,M6_blend,0.028287073771006817,0.015346315575524183,0.2601880877742947,0.2413793103448276,,0.0,1.0,0.5,0.0
laplace_eb_k2|absolute1,M6_blend,0.029881256388273335,0.023869975782393662,0.25391849529780564,0.25391849529780564,,0.0,1.0,0.5,0.25
laplace_eb_k2|absolute1,M6_blend,0.03642979038933373,0.03940729900820875,0.25705329153605017,0.2601880877742947,,0.0,1.0,0.5,0.5
laplace_eb_k2|absolute1,M6_blend,0.0365203155545679,0.04311035995059252,0.2664576802507837,0.27586206896551724,,0.0,1.0,0.5,0.75
laplace_eb_k2|absolute1,M6_blend,0.038795762701471316,0.04565809191814784,0.26332288401253917,0.28213166144200624,,0.0,1.0,0.5,1.0
laplace_eb_k2|absolute1,M6_blend,0.029444698273768576,0.017168313813714024,0.26332288401253917,0.27899686520376177,,0.0,1.0,0.75,0.0
laplace_eb_k2|absolute1,M6_blend,0.03144081701033437,0.03097679882914669,0.2601880877742947,0.29153605015673983,,0.0,1.0,0.75,0.25
laplace_eb_k2|absolute1,M6_blend,0.03391919426321941,0.033968147053894206,0.26332288401253917,0.3103448275862069,,0.0,1.0,0.75,0.5
laplace_eb_k2|absolute1,M6_blend,0.037764915220326996,0.039668178471932214,0.26959247648902823,0.3103448275862069,,0.0,1.0,0.75,0.75
laplace_eb_k2|absolute1,M6_blend,0.035658864541762085,0.03873925860445701,0.26332288401253917,0.31347962382445144,,0.0,1.0,0.75,1.0
laplace_eb_k2|absolute1,M6_blend,0.029195759568208562,0.026872952518324868,0.2727272727272727,0.29153605015673983,,0.0,1.0,1.0,0.0
laplace_eb_k2|absolute1,M6_blend,0.029224492503162516,0.032650467919238306,0.2727272727272727,0.30094043887147337,,0.0,1.0,1.0,0.25
laplace_eb_k2|absolute1,M6_blend,0.033787513168471395,0.03961085403180421,0.27899686520376177,0.30094043887147337,,0.0,1.0,1.0,0.5
laplace_eb_k2|absolute1,M6_blend,0.03383654542240804,0.03982946938808809,0.27899686520376177,0.30407523510971785,,0.0,1.0,1.0,0.75
laplace_eb_k2|absolute1,M6_blend,0.03345080646224838,0.03464817971598392,0.2727272727272727,0.322884012539185,,0.0,1.0,1.0,1.0
laplace_eb_k2|absolute1,M6_blend,-0.025836639488137123,-0.02839863057420545,0.11598746081504702,0.14420062695924765,,0.25,0.0,0.0,0.0
laplace_eb_k2|absolute1,M6_blend,0.02103638125833862,0.021720216740915396,0.18495297805642633,0.13166144200626959,,0.25,0.0,0.0,0.25
laplace_eb_k2|absolute1,M6_blend,0.03374040397499308,0.038568389464788674,0.219435736677116,0.14106583072100312,,0.25,0.0,0.0,0.5
laplace_eb_k2|absolute1,M6_blend,0.036297032486537054,0.04488871348175136,0.25391849529780564,0.15987460815047022,,0.25,0.0,0.0,0.75
laplace_eb_k2|absolute1,M6_blend,0.038374440163238176,0.04562808658495592,0.26332288401253917,0.1724137931034483,,0.25,0.0,0.0,1.0
laplace_eb_k2|absolute1,M6_blend,0.011640466185093588,0.01524570529410458,0.18808777429467086,0.15987460815047022,,0.25,0.0,0.25,0.0
laplace_eb_k2|absolute1,M6_blend,0.03036058442492106,0.037539975524976336,0.2413793103448276,0.14733542319749215,,0.25,0.0,0.25,0.25
laplace_eb_k2|absolute1,M6_blend,0.03506256288192224,0.04335971869131241,0.2664576802507837,0.15673981191222572,,0.25,0.0,0.25,0.5
laplace_eb_k2|absolute1,M6_blend,0.03740971563845355,0.05220046164146785,0.28213166144200624,0.1755485893416928,,0.25,0.0,0.25,0.75
laplace_eb_k2|absolute1,M6_blend,0.03958530219538023,0.05151126787159884,0.2852664576802508,0.1786833855799373,,0.25,0.0,0.25,1.0
laplace_eb_k2|absolute1,M6_blend,0.017812701926252682,0.018122427364034712,0.22884012539184953,0.19122257053291536,,0.25,0.0,0.5,0.0
laplace_eb_k2|absolute1,M6_blend,0.029101454650459213,0.03903874510834957,0.2727272727272727,0.18181818181818182,,0.25,0.0,0.5,0.25
laplace_eb_k2|absolute1,M6_blend,0.03420597251588457,0.04428076495337636,0.2852664576802508,0.19122257053291536,,0.25,0.0,0.5,0.5
laplace_eb_k2|absolute1,M6_blend,0.036658352877094,0.045107461593834955,0.2884012539184953,0.1974921630094044,,0.25,0.0,0.5,0.75
laplace_eb_k2|absolute1,M6_blend,0.036214212481524365,0.045604330093415926,0.2852664576802508,0.219435736677116,,0.25,0.0,0.5,1.0
laplace_eb_k2|absolute1,M6_blend,0.016070888057119873,0.02132629347398737,0.2601880877742947,0.2225705329153605,,0.25,0.0,0.75,0.0
laplace_eb_k2|absolute1,M6_blend,0.028562579121268812,0.03394556539512727,0.27586206896551724,0.219435736677116,,0.25,0.0,0.75,0.25
laplace_eb_k2|absolute1,M6_blend,0.03162074447551144,0.04064198869476124,0.2884012539184953,0.21630094043887146,,0.25,0.0,0.75,0.5
laplace_eb_k2|absolute1,M6_blend,0.03477990819466913,0.04250674541794394,0.29153605015673983,0.2445141065830721,,0.25,0.0,0.75,0.75
laplace_eb_k2|absolute1,M6_blend,0.03478180033664997,0.04171412759299936,0.29153605015673983,0.2601880877742947,,0.25,0.0,0.75,1.0
laplace_eb_k2|absolute1,M6_blend,0.013655287724631099,0.016649151962472353,0.27586206896551724,0.25705329153605017,,0.25,0.0,1.0,0.0
laplace_eb_k2|absolute1,M6_blend,0.02518652801233257,0.028270585024525004,0.27899686520376177,0.2445141065830721,,0.25,0.0,1.0,0.25
laplace_eb_k2|absolute1,M6_blend,0.02849797012177264,0.028409513361681966,0.2727272727272727,0.26959247648902823,,0.25,0.0,1.0,0.5
laplace_eb_k2|absolute1,M6_blend,0.029917859580263852,0.03558108442956377,0.29780564263322884,0.2664576802507837,,0.25,0.0,1.0,0.75
laplace_eb_k2|absolute1,M6_blend,0.029438083923256326,0.03480405247183429,0.29780564263322884,0.2727272727272727,,0.25,0.0,1.0,1.0
laplace_eb_k2|absolute1,M6_blend,-0.020884722967659693,-0.03429907545167077,0.18808777429467086,0.18808777429467086,,0.25,0.25,0.0,0.0
laplace_eb_k2|absolute1,M6_blend,0.022049855190522306,0.01745485181578648,0.22570532915360503,0.18181818181818182,,0.25,0.25,0.0,0.25
laplace_eb_k2|absolute1,M6_blend,0.035332213815700494,0.036273044677083394,0.25705329153605017,0.19122257053291536,,0.25,0.25,0.0,0.5
laplace_eb_k2|absolute1,M6_blend,0.0359199800377962,0.044298756517306394,0.27899686520376177,0.1974921630094044,,0.25,0.25,0.0,0.75
laplace_eb_k2|absolute1,M6_blend,0.03990007752811447,0.04757023031668603,0.2884012539184953,0.2006269592476489,,0.25,0.25,0.0,1.0
laplace_eb_k2|absolute1,M6_blend,0.02332023013110542,0.02776907985813939,0.22570532915360503,0.15987460815047022,,0.25,0.25,0.25,0.0
laplace_eb_k2|absolute1,M6_blend,0.03410489332320164,0.04154470304850501,0.2664576802507837,0.1786833855799373,,0.25,0.25,0.25,0.25
laplace_eb_k2|absolute1,M6_blend,0.036648620518002925,0.051043293751239026,0.2852664576802508,0.19122257053291536,,0.25,0.25,0.25,0.5
laplace_eb_k2|absolute1,M6_blend,0.0391617146421941,0.05163240461934323,0.2852664576802508,0.2006269592476489,,0.25,0.25,0.25,0.75
laplace_eb_k2|absolute1,M6_blend,0.039843089551588516,0.05060961832026703,0.28213166144200624,0.219435736677116,,0.25,0.25,0.25,1.0
laplace_eb_k2|absolute1,M6_blend,0.027404354193358172,0.03517182165505744,0.25705329153605017,0.20689655172413793,,0.25,0.25,0.5,0.0
laplace_eb_k2|absolute1,M6_blend,0.032784292253491665,0.040971661611317094,0.27899686520376177,0.21316614420062696,,0.25,0.25,0.5,0.25
laplace_eb_k2|absolute1,M6_blend,0.03682116685081952,0.045304213233035184,0.29153605015673983,0.219435736677116,,0.25,0.25,0.5,0.5
laplace_eb_k2|absolute1,M6_blend,0.03834681915080043,0.045092353030899104,0.27899686520376177,0.2445141065830721,,0.25,0.25,0.5,0.75
laplace_eb_k2|absolute1,M6_blend,0.03748536145962682,0.04416623266653207,0.2852664576802508,0.25705329153605017,,0.25,0.25,0.5,1.0
laplace_eb_k2|absolute1,M6_blend,0.025748180467073205,0.02958655216056725,0.2727272727272727,0.2445141065830721,,0.25,0.25,0.75,0.0
laplace_eb_k2|absolute1,M6_blend,0.03272136809502713,0.038761138437216555,0.28213166144200624,0.2413793103448276,,0.25,0.25,0.75,0.25
laplace_eb_k2|absolute1,M6_blend,0.03473093333905499,0.03923913059890457,0.27899686520376177,0.2727272727272727,,0.25,0.25,0.75,0.5
laplace_eb_k2|absolute1,M6_blend,0.03670422120549099,0.04154099630291185,0.2884012539184953,0.27899686520376177,,0.25,0.25,0.75,0.75
laplace_eb_k2|absolute1,M6_blend,0.0371978102219535,0.041406386009297774,0.2852664576802508,0.2946708463949843,,0.25,0.25,0.75,1.0
laplace_eb_k2|absolute1,M6_blend,0.02595786774899081,0.02741036747456718,0.27899686520376177,0.2664576802507837,,0.25,0.25,1.0,0.0
laplace_eb_k2|absolute1,M6_blend,0.03112349627356009,0.03059830190759841,0.27586206896551724,0.2884012539184953,,0.25,0.25,1.0,0.25
laplace_eb_k2|absolute1,M6_blend,0.03240493249231928,0.032845861801065995,0.29153605015673983,0.2884012539184953,,0.25,0.25,1.0,0.5
laplace_eb_k2|absolute1,M6_blend,0.03225558356764877,0.03664565323428674,0.2884012539184953,0.30094043887147337,,0.25,0.25,1.0,0.75
laplace_eb_k2|absolute1,M6_blend,0.03332438096292699,0.03639070377874898,0.29153605015673983,0.3103448275862069,,0.25,0.25,1.0,1.0
laplace_eb_k2|absolute1,M6_blend,-0.011710140272839195,-0.02251511909137699,0.22570532915360503,0.20376175548589343,,0.25,0.5,0.0,0.0
laplace_eb_k2|absolute1,M6_blend,0.013438182766284106,0.006066190306576068,0.25391849529780564,0.1974921630094044,,0.25,0.5,0.0,0.25
laplace_eb_k2|absolute1,M6_blend,0.028668638098144857,0.02395600499731246,0.2727272727272727,0.2225705329153605,,0.25,0.5,0.0,0.5
laplace_eb_k2|absolute1,M6_blend,0.03816932693531139,0.04125023017809683,0.27586206896551724,0.23197492163009403,,0.25,0.5,0.0,0.75
laplace_eb_k2|absolute1,M6_blend,0.04072882030541099,0.04643114138873393,0.28213166144200624,0.23510971786833856,,0.25,0.5,0.0,1.0
laplace_eb_k2|absolute1,M6_blend,0.007233109401278028,-0.0068098345777270934,0.2413793103448276,0.20376175548589343,,0.25,0.5,0.25,0.0
laplace_eb_k2|absolute1,M6_blend,0.029259457840299943,0.029741892865552424,0.27899686520376177,0.20376175548589343,,0.25,0.5,0.25,0.25
laplace_eb_k2|absolute1,M6_blend,0.03790349090245928,0.05005548337363524,0.2852664576802508,0.20376175548589343,,0.25,0.5,0.25,0.5
laplace_eb_k2|absolute1,M6_blend,0.038837565609533976,0.05105199701033042,0.27899686520376177,0.22884012539184953,,0.25,0.5,0.25,0.75
laplace_eb_k2|absolute1,M6_blend,0.038612101977778035,0.05098840156365712,0.28213166144200624,0.2476489028213166,,0.25,0.5,0.25,1.0
laplace_eb_k2|absolute1,M6_blend,0.02526533472959529,0.030112943784289973,0.27586206896551724,0.219435736677116,,0.25,0.5,0.5,0.0
laplace_eb_k2|absolute1,M6_blend,0.03302960862763065,0.043657737477539475,0.2884012539184953,0.2225705329153605,,0.25,0.5,0.5,0.25
laplace_eb_k2|absolute1,M6_blend,0.03655327175524306,0.048311210783391165,0.2852664576802508,0.2476489028213166,,0.25,0.5,0.5,0.5
laplace_eb_k2|absolute1,M6_blend,0.036841646290558194,0.04479529609360665,0.2852664576802508,0.25705329153605017,,0.25,0.5,0.5,0.75
laplace_eb_k2|absolute1,M6_blend,0.0370857864827796,0.04621361440111851,0.2852664576802508,0.2727272727272727,,0.25,0.5,0.5,1.0
laplace_eb_k2|absolute1,M6_blend,0.027316432726009407,0.03220521610779074,0.27899686520376177,0.26332288401253917,,0.25,0.5,0.75,0.0
laplace_eb_k2|absolute1,M6_blend,0.03325896693583459,0.040515635746493237,0.2884012539184953,0.27586206896551724,,0.25,0.5,0.75,0.25
laplace_eb_k2|absolute1,M6_blend,0.03479249448253474,0.042070207002114356,0.29153605015673983,0.27899686520376177,,0.25,0.5,0.75,0.5
laplace_eb_k2|absolute1,M6_blend,0.037173187088354966,0.040835557207698735,0.2884012539184953,0.2946708463949843,,0.25,0.5,0.75,0.75
laplace_eb_k2|absolute1,M6_blend,0.03717954268817979,0.04187042589611768,0.29153605015673983,0.29780564263322884,,0.25,0.5,0.75,1.0
laplace_eb_k2|absolute1,M6_blend,0.02957854410585712,0.02957318285275776,0.28213166144200624,0.2852664576802508,,0.25,0.5,1.0,0.0
laplace_eb_k2|absolute1,M6_blend,0.030555455998203595,0.03374068318723138,0.28213166144200624,0.29153605015673983,,0.25,0.5,1.0,0.25
laplace_eb_k2|absolute1,M6_blend,0.03264053639821106,0.034307808302880084,0.2946708463949843,0.29780564263322884,,0.25,0.5,1.0,0.5
laplace_eb_k2|absolute1,M6_blend,0.03313592838729119,0.0384164289410772,0.2946708463949843,0.30094043887147337,,0.25,0.5,1.0,0.75
laplace_eb_k2|absolute1,M6_blend,0.03279833888061184,0.036696528788177196,0.2946708463949843,0.3166144200626959,,0.25,0.5,1.0,1.0
laplace_eb_k2|absolute1,M6_blend,-0.009192888215523646,-0.018842072357484915,0.25391849529780564,0.2225705329153605,,0.25,0.75,0.0,0.0
laplace_eb_k2|absolute1,M6_blend,-0.0038977299852971338,-0.016119001018683365,0.2601880877742947,0.2507836990595611,,0.25,0.75,0.0,0.25
laplace_eb_k2|absolute1,M6_blend,0.024358699399477258,0.013988498831897693,0.27586206896551724,0.2413793103448276,,0.25,0.75,0.0,0.5
laplace_eb_k2|absolute1,M6_blend,0.03125630296206692,0.025496983451062237,0.2852664576802508,0.25391849529780564,,0.25,0.75,0.0,0.75
laplace_eb_k2|absolute1,M6_blend,0.03361708778624926,0.0375110860972382,0.2946708463949843,0.2664576802507837,,0.25,0.75,0.0,1.0
laplace_eb_k2|absolute1,M6_blend,0.001152085806221907,-0.010405925689352717,0.26332288401253917,0.23824451410658307,,0.25,0.75,0.25,0.0
laplace_eb_k2|absolute1,M6_blend,0.025219482223074755,0.019427813858167504,0.27899686520376177,0.23824451410658307,,0.25,0.75,0.25,0.25
laplace_eb_k2|absolute1,M6_blend,0.030684678248609237,0.026814090502579758,0.2852664576802508,0.2476489028213166,,0.25,0.75,0.25,0.5
laplace_eb_k2|absolute1,M6_blend,0.036953794296591166,0.04783845040071347,0.2946708463949843,0.2413793103448276,,0.25,0.75,0.25,0.75
laplace_eb_k2|absolute1,M6_blend,0.03987466399202543,0.0498391568170259,0.30094043887147337,0.25391849529780564,,0.25,0.75,0.25,1.0
laplace_eb_k2|absolute1,M6_blend,0.022372589448460534,0.015334814705164828,0.28213166144200624,0.2507836990595611,,0.25,0.75,0.5,0.0
laplace_eb_k2|absolute1,M6_blend,0.028141692344148077,0.02733198458731735,0.2852664576802508,0.25705329153605017,,0.25,0.75,0.5,0.25
laplace_eb_k2|absolute1,M6_blend,0.03274758477034451,0.041343537372388064,0.29153605015673983,0.26332288401253917,,0.25,0.75,0.5,0.5
laplace_eb_k2|absolute1,M6_blend,0.036797811580314845,0.04158953034251835,0.2884012539184953,0.27586206896551724,,0.25,0.75,0.5,0.75
laplace_eb_k2|absolute1,M6_blend,0.03750424034833051,0.04450135961828934,0.2884012539184953,0.2852664576802508,,0.25,0.75,0.5,1.0
laplace_eb_k2|absolute1,M6_blend,0.025356955562955818,0.023166229183490747,0.2884012539184953,0.2852664576802508,,0.25,0.75,0.75,0.0
laplace_eb_k2|absolute1,M6_blend,0.030008702897169715,0.03541532216073951,0.29153605015673983,0.2852664576802508,,0.25,0.75,0.75,0.25
laplace_eb_k2|absolute1,M6_blend,0.03397695124886531,0.041366191855325224,0.2946708463949843,0.2946708463949843,,0.25,0.75,0.75,0.5
laplace_eb_k2|absolute1,M6_blend,0.03534116976547579,0.04058158270384077,0.29153605015673983,0.30094043887147337,,0.25,0.75,0.75,0.75
laplace_eb_k2|absolute1,M6_blend,0.03538005565243279,0.04179613393816081,0.29780564263322884,0.30407523510971785,,0.25,0.75,0.75,1.0
laplace_eb_k2|absolute1,M6_blend,0.0269728285387256,0.028581460616711914,0.29153605015673983,0.30407523510971785,,0.25,0.75,1.0,0.0
laplace_eb_k2|absolute1,M6_blend,0.029734908333440696,0.031428990751318046,0.2946708463949843,0.30407523510971785,,0.25,0.75,1.0,0.25
laplace_eb_k2|absolute1,M6_blend,0.032209159763676276,0.037066298907733636,0.30094043887147337,0.3072100313479624,,0.25,0.75,1.0,0.5
laplace_eb_k2|absolute1,M6_blend,0.031909557220373294,0.03677677560515912,0.29780564263322884,0.31347962382445144,,0.25,0.75,1.0,0.75
laplace_eb_k2|absolute1,M6_blend,0.03231958261238101,0.030623127055298946,0.29780564263322884,0.329153605015674,,0.25,0.75,1.0,1.0
laplace_eb_k2|absolute1,M6_blend,-0.007946411198628791,-0.01741990665423459,0.2664576802507837,0.2445141065830721,,0.25,1.0,0.0,0.0
laplace_eb_k2|absolute1,M6_blend,-0.005881038212253455,-0.020100480114871807,0.2601880877742947,0.28213166144200624,,0.25,1.0,0.0,0.25
laplace_eb_k2|absolute1,M6_blend,0.01714931864605406,0.0099545594736887,0.2664576802507837,0.27586206896551724,,0.25,1.0,0.0,0.5
laplace_eb_k2|absolute1,M6_blend,0.02746984029956722,0.015591335836155662,0.28213166144200624,0.29153605015673983,,0.25,1.0,0.0,0.75
laplace_eb_k2|absolute1,M6_blend,0.03057456140434009,0.02684144104676187,0.2852664576802508,0.29153605015673983,,0.25,1.0,0.0,1.0
laplace_eb_k2|absolute1,M6_blend,-0.002876248524910378,-0.011526020097788598,0.26959247648902823,0.26959247648902823,,0.25,1.0,0.25,0.0
laplace_eb_k2|absolute1,M6_blend,0.021180153244964202,0.017325911554142974,0.27586206896551724,0.2664576802507837,,0.25,1.0,0.25,0.25
laplace_eb_k2|absolute1,M6_blend,0.02814550497086511,0.016485999919310632,0.27899686520376177,0.28213166144200624,,0.25,1.0,0.25,0.5
laplace_eb_k2|absolute1,M6_blend,0.029625670322225534,0.030460942770153005,0.2946708463949843,0.28213166144200624,,0.25,1.0,0.25,0.75
laplace_eb_k2|absolute1,M6_blend,0.03369951554906082,0.03906047123493072,0.29153605015673983,0.2852664576802508,,0.25,1.0,0.25,1.0
laplace_eb_k2|absolute1,M6_blend,0.012651395909477593,0.0006555243742690191,0.2664576802507837,0.30407523510971785,,0.25,1.0,0.5,0.0
laplace_eb_k2|absolute1,M6_blend,0.02438556595948357,0.01652205421306123,0.27899686520376177,0.2946708463949843,,0.25,1.0,0.5,0.25
laplace_eb_k2|absolute1,M6_blend,0.02846596024666355,0.02524771379032479,0.29153605015673983,0.29153605015673983,,0.25,1.0,0.5,0.5
laplace_eb_k2|absolute1,M6_blend,0.033685740265636734,0.038154629295615944,0.2884012539184953,0.30094043887147337,,0.25,1.0,0.5,0.75
laplace_eb_k2|absolute1,M6_blend,0.03790345262276785,0.042565042334010234,0.29153605015673983,0.30407523510971785,,0.25,1.0,0.5,1.0
laplace_eb_k2|absolute1,M6_blend,0.024075721816694394,0.01435281197339016,0.2852664576802508,0.30407523510971785,,0.25,1.0,0.75,0.0
laplace_eb_k2|absolute1,M6_blend,0.026837350876740943,0.02102175743835847,0.2884012539184953,0.30407523510971785,,0.25,1.0,0.75,0.25
laplace_eb_k2|absolute1,M6_blend,0.028938730465564326,0.03524159388996217,0.29153605015673983,0.31347962382445144,,0.25,1.0,0.75,0.5
laplace_eb_k2|absolute1,M6_blend,0.03327192802693915,0.040586056275334105,0.30094043887147337,0.3103448275862069,,0.25,1.0,0.75,0.75
laplace_eb_k2|absolute1,M6_blend,0.033979719945713284,0.03828213776120198,0.29780564263322884,0.31974921630094044,,0.25,1.0,0.75,1.0
laplace_eb_k2|absolute1,M6_blend,0.024517958241001468,0.01559042413266475,0.29153605015673983,0.3103448275862069,,0.25,1.0,1.0,0.0
laplace_eb_k2|absolute1,M6_blend,0.02706702289851446,0.029037021228979373,0.30407523510971785,0.3103448275862069,,0.25,1.0,1.0,0.25
laplace_eb_k2|absolute1,M6_blend,0.028425220633190813,0.03386993564922234,0.30407523510971785,0.31347962382445144,,0.25,1.0,1.0,0.5
laplace_eb_k2|absolute1,M6_blend,0.031837800933219966,0.034755235590437736,0.3072100313479624,0.3166144200626959,,0.25,1.0,1.0,0.75
laplace_eb_k2|absolute1,M6_blend,0.031239629627400605,0.03106688372907594,0.30407523510971785,0.3322884012539185,,0.25,1.0,1.0,1.0
laplace_eb_k2|absolute1,M6_blend,-0.03263174153117628,-0.03735937564677579,0.16300940438871472,0.23824451410658307,,0.5,0.0,0.0,0.0
laplace_eb_k2|absolute1,M6_blend,0.010512432490808545,0.025853758286626363,0.22570532915360503,0.18181818181818182,,0.5,0.0,0.0,0.25
laplace_eb_k2|absolute1,M6_blend,0.02556678718953035,0.03018026933260846,0.2445141065830721,0.2006269592476489,,0.5,0.0,0.0,0.5
laplace_eb_k2|absolute1,M6_blend,0.032828590168632515,0.037744720048945524,0.2727272727272727,0.21316614420062696,,0.5,0.0,0.0,0.75
laplace_eb_k2|absolute1,M6_blend,0.03562937967122823,0.042048584412911844,0.2884012539184953,0.219435736677116,,0.5,0.0,0.0,1.0
laplace_eb_k2|absolute1,M6_blend,-0.00019459785805518712,0.007261923499709013,0.21003134796238246,0.2507836990595611,,0.5,0.0,0.25,0.0
laplace_eb_k2|absolute1,M6_blend,0.021439078091834683,0.030615249105662014,0.25391849529780564,0.21003134796238246,,0.5,0.0,0.25,0.25
laplace_eb_k2|absolute1,M6_blend,0.030065512793522608,0.037432157612613,0.27586206896551724,0.21316614420062696,,0.5,0.0,0.25,0.5
laplace_eb_k2|absolute1,M6_blend,0.03332704261920133,0.04446532158035096,0.2946708463949843,0.219435736677116,,0.5,0.0,0.25,0.75
laplace_eb_k2|absolute1,M6_blend,0.03511613741880898,0.049357572821520715,0.30407523510971785,0.22884012539184953,,0.5,0.0,0.25,1.0
laplace_eb_k2|absolute1,M6_blend,0.011407353683769415,0.007377110503403744,0.2445141065830721,0.28213166144200624,,0.5,0.0,0.5,0.0
laplace_eb_k2|absolute1,M6_blend,0.02405903677605644,0.030457971203009537,0.2852664576802508,0.23197492163009403,,0.5,0.0,0.5,0.25
laplace_eb_k2|absolute1,M6_blend,0.028570315191481933,0.039796481136711415,0.30094043887147337,0.22884012539184953,,0.5,0.0,0.5,0.5
laplace_eb_k2|absolute1,M6_blend,0.03245965342577292,0.04340555078604005,0.3103448275862069,0.2476489028213166,,0.5,0.0,0.5,0.75
laplace_eb_k2|absolute1,M6_blend,0.03415371471213003,0.045535075545404397,0.3072100313479624,0.26332288401253917,,0.5,0.0,0.5,1.0
laplace_eb_k2|absolute1,M6_blend,0.014492129109076443,0.009270501069047234,0.26332288401253917,0.3072100313479624,,0.5,0.0,0.75,0.0
laplace_eb_k2|absolute1,M6_blend,0.024404001220422192,0.0260083321423553,0.2884012539184953,0.2664576802507837,,0.5,0.0,0.75,0.25
laplace_eb_k2|absolute1,M6_blend,0.028683251889840465,0.031656540498184185,0.30094043887147337,0.27586206896551724,,0.5,0.0,0.75,0.5
laplace_eb_k2|absolute1,M6_blend,0.028740306136385032,0.03458442220166559,0.30407523510971785,0.2884012539184953,,0.5,0.0,0.75,0.75
laplace_eb_k2|absolute1,M6_blend,0.03205158075626413,0.03985115443137372,0.3072100313479624,0.29780564263322884,,0.5,0.0,0.75,1.0
laplace_eb_k2|absolute1,M6_blend,0.01201239947822573,0.00655801487987318,0.27899686520376177,0.329153605015674,,0.5,0.0,1.0,0.0
laplace_eb_k2|absolute1,M6_blend,0.021736206134393015,0.027187895310055873,0.30094043887147337,0.2852664576802508,,0.5,0.0,1.0,0.25
laplace_eb_k2|absolute1,M6_blend,0.02693153202829666,0.032583285987283744,0.30407523510971785,0.29153605015673983,,0.5,0.0,1.0,0.5
laplace_eb_k2|absolute1,M6_blend,0.02690662253103887,0.031395630601524935,0.3072100313479624,0.30094043887147337,,0.5,0.0,1.0,0.75
laplace_eb_k2|absolute1,M6_blend,0.02861371389850083,0.034325629951531614,0.3072100313479624,0.3072100313479624,,0.5,0.0,1.0,1.0
laplace_eb_k2|absolute1,M6_blend,-0.02732999863395794,-0.031027021814943483,0.2225705329153605,0.25705329153605017,,0.5,0.25,0.0,0.0
laplace_eb_k2|absolute1,M6_blend,-0.00906480795752622,-0.022662399365890738,0.23510971786833856,0.2476489028213166,,0.5,0.25,0.0,0.25
laplace_eb_k2|absolute1,M6_blend,0.02664560812752448,0.025579816577109424,0.2727272727272727,0.2445141065830721,,0.5,0.25,0.0,0.5
laplace_eb_k2|absolute1,M6_blend,0.03635832590978075,0.0383823043009891,0.2884012539184953,0.23510971786833856,,0.5,0.25,0.0,0.75
laplace_eb_k2|absolute1,M6_blend,0.03765720515968045,0.04776828938096668,0.30407523510971785,0.2445141065830721,,0.5,0.25,0.0,1.0
laplace_eb_k2|absolute1,M6_blend,-0.013721824469042684,-0.017128331942898353,0.23824451410658307,0.2445141065830721,,0.5,0.25,0.25,0.0
laplace_eb_k2|absolute1,M6_blend,0.02556807764170475,0.03521559101333813,0.28213166144200624,0.21630094043887146,,0.5,0.25,0.25,0.25
laplace_eb_k2|absolute1,M6_blend,0.03466900871246671,0.04356893972963748,0.30094043887147337,0.219435736677116,,0.5,0.25,0.25,0.5
laplace_eb_k2|absolute1,M6_blend,0.036734634747034985,0.050863103748395526,0.3072100313479624,0.22884012539184953,,0.5,0.25,0.25,0.75
laplace_eb_k2|absolute1,M6_blend,0.035675637258252804,0.04956805830979048,0.31347962382445144,0.2445141065830721,,0.5,0.25,0.25,1.0
laplace_eb_k2|absolute1,M6_blend,0.020433094857126934,0.02793911420579614,0.27586206896551724,0.25705329153605017,,0.5,0.25,0.5,0.0
laplace_eb_k2|absolute1,M6_blend,0.029087840924983534,0.03431939477317012,0.29153605015673983,0.25391849529780564,,0.5,0.25,0.5,0.25
laplace_eb_k2|absolute1,M6_blend,0.03234433099719779,0.04085194785439856,0.30407523510971785,0.26332288401253917,,0.5,0.25,0.5,0.5
laplace_eb_k2|absolute1,M6_blend,0.03412912446970506,0.048172257081561705,0.3166144200626959,0.26332288401253917,,0.5,0.25,0.5,0.75
laplace_eb_k2|absolute1,M6_blend,0.03515838114157582,0.04654669809537622,0.3103448275862069,0.27899686520376177,,0.5,0.25,0.5,1.0
laplace_eb_k2|absolute1,M6_blend,0.02483916844815177,0.02240278012466655,0.2852664576802508,0.2884012539184953,,0.5,0.25,0.75,0.0
laplace_eb_k2|absolute1,M6_blend,0.028209097301301066,0.031038604291348623,0.2946708463949843,0.29153605015673983,,0.5,0.25,0.75,0.25
laplace_eb_k2|absolute1,M6_blend,0.029220945865567137,0.032787402513726006,0.29780564263322884,0.30094043887147337,,0.5,0.25,0.75,0.5
laplace_eb_k2|absolute1,M6_blend,0.032501450580425965,0.0402401179472294,0.3072100313479624,0.30407523510971785,,0.5,0.25,0.75,0.75
laplace_eb_k2|absolute1,M6_blend,0.03313666013104455,0.0365813163030297,0.30094043887147337,0.322884012539185,,0.5,0.25,0.75,1.0
laplace_eb_k2|absolute1,M6_blend,0.02257784036786883,0.023042864688791825,0.30094043887147337,0.3072100313479624,,0.5,0.25,1.0,0.0
laplace_eb_k2|absolute1,M6_blend,0.024692913835310294,0.030147514221343128,0.3072100313479624,0.3072100313479624,,0.5,0.25,1.0,0.25
laplace_eb_k2|absolute1,M6_blend,0.027921456202667352,0.03268511739317152,0.3072100313479624,0.3103448275862069,,0.5,0.25,1.0,0.5
laplace_eb_k2|absolute1,M6_blend,0.029899306013779228,0.03495516823049997,0.31347962382445144,0.31974921630094044,,0.5,0.25,1.0,0.75
laplace_eb_k2|absolute1,M6_blend,0.029525848224086597,0.03528376499360258,0.3103448275862069,0.329153605015674,,0.5,0.25,1.0,1.0
laplace_eb_k2|absolute1,M6_blend,-0.02152933226580093,-0.03081311391765795,0.2507836990595611,0.2664576802507837,,0.5,0.5,0.0,0.0
laplace_eb_k2|absolute1,M6_blend,-0.011111000408513943,-0.023912148894654546,0.2601880877742947,0.26332288401253917,,0.5,0.5,0.0,0.25
laplace_eb_k2|absolute1,M6_blend,0.017911852466829276,0.010417907671027796,0.2852664576802508,0.25705329153605017,,0.5,0.5,0.0,0.5
laplace_eb_k2|absolute1,M6_blend,0.029409039426162194,0.030588049581712316,0.29153605015673983,0.27586206896551724,,0.5,0.5,0.0,0.75
laplace_eb_k2|absolute1,M6_blend,0.037413891676414526,0.04021647253707285,0.3072100313479624,0.2727272727272727,,0.5,0.5,0.0,1.0
laplace_eb_k2|absolute1,M6_blend,-0.009981116713003462,-0.023066385517766855,0.25391849529780564,0.2727272727272727,,0.5,0.5,0.25,0.0
laplace_eb_k2|absolute1,M6_blend,0.019639934631380633,0.013174001804806969,0.28213166144200624,0.25705329153605017,,0.5,0.5,0.25,0.25
laplace_eb_k2|absolute1,M6_blend,0.028581564363191894,0.03385564312338829,0.2884012539184953,0.26332288401253917,,0.5,0.5,0.25,0.5
laplace_eb_k2|absolute1,M6_blend,0.034579891011125255,0.046851953497407575,0.3072100313479624,0.25391849529780564,,0.5,0.5,0.25,0.75
laplace_eb_k2|absolute1,M6_blend,0.03649479127409475,0.04787511636611062,0.30407523510971785,0.26959247648902823,,0.5,0.5,0.25,1.0
laplace_eb_k2|absolute1,M6_blend,0.014603586502294725,0.008984142511522509,0.2664576802507837,0.28213166144200624,,0.5,0.5,0.5,0.0
laplace_eb_k2|absolute1,M6_blend,0.025759782981295096,0.03018212333601844,0.29780564263322884,0.27899686520376177,,0.5,0.5,0.5,0.25
laplace_eb_k2|absolute1,M6_blend,0.029698686173306628,0.042165919075658705,0.3072100313479624,0.27899686520376177,,0.5,0.5,0.5,0.5
laplace_eb_k2|absolute1,M6_blend,0.03322774219747786,0.04493582707634167,0.30407523510971785,0.29153605015673983,,0.5,0.5,0.5,0.75
laplace_eb_k2|absolute1,M6_blend,0.03510247133985153,0.04437916042709426,0.3072100313479624,0.30094043887147337,,0.5,0.5,0.5,1.0
laplace_eb_k2|absolute1,M6_blend,0.02133517899865535,0.01918832797755642,0.28213166144200624,0.31974921630094044,,0.5,0.5,0.75,0.0
laplace_eb_k2|absolute1,M6_blend,0.027608029841093222,0.028718908880851858,0.2946708463949843,0.3166144200626959,,0.5,0.5,0.75,0.25
laplace_eb_k2|absolute1,M6_blend,0.02942780449807194,0.030813739135814686,0.29780564263322884,0.329153605015674,,0.5,0.5,0.75,0.5
laplace_eb_k2|absolute1,M6_blend,0.030547240409302123,0.0363074907431595,0.30094043887147337,0.3322884012539185,,0.5,0.5,0.75,0.75
laplace_eb_k2|absolute1,M6_blend,0.03306677086774158,0.03516506267051712,0.2946708463949843,0.3385579937304075,,0.5,0.5,0.75,1.0
laplace_eb_k2|absolute1,M6_blend,0.0250178531726084,0.023874291934096327,0.2946708463949843,0.329153605015674,,0.5,0.5,1.0,0.0
laplace_eb_k2|absolute1,M6_blend,0.025894845638303236,0.029106192302460955,0.2946708463949843,0.329153605015674,,0.5,0.5,1.0,0.25
laplace_eb_k2|absolute1,M6_blend,0.027932158953208976,0.034079551615031164,0.3072100313479624,0.329153605015674,,0.5,0.5,1.0,0.5
laplace_eb_k2|absolute1,M6_blend,0.029357458110251686,0.03411646482759509,0.30094043887147337,0.335423197492163,,0.5,0.5,1.0,0.75
laplace_eb_k2|absolute1,M6_blend,0.029133936279699426,0.031641105324216774,0.29780564263322884,0.34796238244514105,,0.5,0.5,1.0,1.0
laplace_eb_k2|absolute1,M6_blend,-0.01393488561628484,-0.02249907738409446,0.27899686520376177,0.27586206896551724,,0.5,0.75,0.0,0.0
laplace_eb_k2|absolute1,M6_blend,-0.011490141047941254,-0.02544177278035487,0.2852664576802508,0.2884012539184953,,0.5,0.75,0.0,0.25
laplace_eb_k2|absolute1,M6_blend,0.01290603864573129,0.009661452558627322,0.2884012539184953,0.27899686520376177,,0.5,0.75,0.0,0.5
laplace_eb_k2|absolute1,M6_blend,0.026528991572134588,0.013605692111492904,0.29780564263322884,0.2946708463949843,,0.5,0.75,0.0,0.75
laplace_eb_k2|absolute1,M6_blend,0.031174242309801672,0.028319198825049175,0.30407523510971785,0.30407523510971785,,0.5,0.75,0.0,1.0
laplace_eb_k2|absolute1,M6_blend,-0.009649823854914983,-0.017315272498747397,0.2852664576802508,0.27586206896551724,,0.5,0.75,0.25,0.0
laplace_eb_k2|absolute1,M6_blend,0.004627915603906374,-0.004257697051501947,0.27899686520376177,0.29153605015673983,,0.5,0.75,0.25,0.25
laplace_eb_k2|absolute1,M6_blend,0.02401069603019218,0.015291667528754117,0.2946708463949843,0.29153605015673983,,0.5,0.75,0.25,0.5
laplace_eb_k2|absolute1,M6_blend,0.02799458301478704,0.029995563437105348,0.3072100313479624,0.29780564263322884,,0.5,0.75,0.25,0.75
laplace_eb_k2|absolute1,M6_blend,0.03329803845935325,0.042841382149525195,0.31347962382445144,0.28213166144200624,,0.5,0.75,0.25,1.0
laplace_eb_k2|absolute1,M6_blend,-0.00165291244279729,-0.01881246410053352,0.27586206896551724,0.31974921630094044,,0.5,0.75,0.5,0.0
laplace_eb_k2|absolute1,M6_blend,0.02270434569362721,0.015232594864775769,0.30094043887147337,0.3072100313479624,,0.5,0.75,0.5,0.25
laplace_eb_k2|absolute1,M6_blend,0.025699205827848362,0.03697313584363946,0.31347962382445144,0.30407523510971785,,0.5,0.75,0.5,0.5
laplace_eb_k2|absolute1,M6_blend,0.03010573331027977,0.036175132510150115,0.3166144200626959,0.3072100313479624,,0.5,0.75,0.5,0.75
laplace_eb_k2|absolute1,M6_blend,0.03339257107804697,0.04147831907606798,0.31347962382445144,0.31347962382445144,,0.5,0.75,0.5,1.0
laplace_eb_k2|absolute1,M6_blend,0.021017381229548205,0.005514056366345725,0.2884012539184953,0.3322884012539185,,0.5,0.75,0.75,0.0
laplace_eb_k2|absolute1,M6_blend,0.02445864767352743,0.022991474507650985,0.30407523510971785,0.3322884012539185,,0.5,0.75,0.75,0.25
laplace_eb_k2|absolute1,M6_blend,0.025482482779378618,0.02664282690254872,0.3103448275862069,0.329153605015674,,0.5,0.75,0.75,0.5
laplace_eb_k2|absolute1,M6_blend,0.029703173883723896,0.033380667909652835,0.30407523510971785,0.3322884012539185,,0.5,0.75,0.75,0.75
laplace_eb_k2|absolute1,M6_blend,0.03166455828509419,0.034349698433214594,0.3072100313479624,0.335423197492163,,0.5,0.75,0.75,1.0
laplace_eb_k2|absolute1,M6_blend,0.0236141499137752,0.021618448910201232,0.3072100313479624,0.335423197492163,,0.5,0.75,1.0,0.0
laplace_eb_k2|absolute1,M6_blend,0.023585340504296937,0.026157125468631522,0.31974921630094044,0.329153605015674,,0.5,0.75,1.0,0.25
laplace_eb_k2|absolute1,M6_blend,0.028440728821528646,0.031764892259828724,0.31347962382445144,0.3322884012539185,,0.5,0.75,1.0,0.5
laplace_eb_k2|absolute1,M6_blend,0.028546942703177675,0.03188318188147485,0.31347962382445144,0.335423197492163,,0.5,0.75,1.0,0.75
laplace_eb_k2|absolute1,M6_blend,0.029991682173083865,0.030108316973739283,0.3103448275862069,0.3510971786833856,,0.5,0.75,1.0,1.0
laplace_eb_k2|absolute1,M6_blend,-0.01483722500808554,-0.02476298357111907,0.28213166144200624,0.30407523510971785,,0.5,1.0,0.0,0.0
laplace_eb_k2|absolute1,M6_blend,-0.011997013906513369,-0.021313815059426436,0.2884012539184953,0.31347962382445144,,0.5,1.0,0.0,0.25
laplace_eb_k2|absolute1,M6_blend,-0.007779210059137714,-0.0198978660365444,0.27899686520376177,0.335423197492163,,0.5,1.0,0.0,0.5
laplace_eb_k2|absolute1,M6_blend,0.017521881873895476,0.0069721861389176595,0.2946708463949843,0.32601880877742945,,0.5,1.0,0.0,0.75
laplace_eb_k2|absolute1,M6_blend,0.02445382081769865,0.012182180118691585,0.30407523510971785,0.32601880877742945,,0.5,1.0,0.0,1.0
laplace_eb_k2|absolute1,M6_blend,-0.012411576155032156,-0.020703835698971555,0.2852664576802508,0.3103448275862069,,0.5,1.0,0.25,0.0
laplace_eb_k2|absolute1,M6_blend,-0.004749060907838166,-0.013656060138372792,0.2852664576802508,0.3166144200626959,,0.5,1.0,0.25,0.25
laplace_eb_k2|absolute1,M6_blend,0.020391404989137312,0.012904772669263768,0.29780564263322884,0.3166144200626959,,0.5,1.0,0.25,0.5
laplace_eb_k2|absolute1,M6_blend,0.022606717838146266,0.01526776725735784,0.3103448275862069,0.3103448275862069,,0.5,1.0,0.25,0.75
laplace_eb_k2|absolute1,M6_blend,0.02898607384768826,0.02795151262587888,0.30407523510971785,0.322884012539185,,0.5,1.0,0.25,1.0
laplace_eb_k2|absolute1,M6_blend,-0.008059699657152497,-0.023135482716055873,0.27899686520376177,0.34796238244514105,,0.5,1.0,0.5,0.0
laplace_eb_k2|absolute1,M6_blend,0.01638261129913092,0.006867598975807148,0.29780564263322884,0.329153605015674,,0.5,1.0,0.5,0.25
laplace_eb_k2|absolute1,M6_blend,0.018470961451774424,0.013925828354952851,0.3103448275862069,0.329153605015674,,0.5,1.0,0.5,0.5
laplace_eb_k2|absolute1,M6_blend,0.027045220233964603,0.03319478540631671,0.3072100313479624,0.329153605015674,,0.5,1.0,0.5,0.75
laplace_eb_k2|absolute1,M6_blend,0.02911065402997611,0.03542981636608282,0.31347962382445144,0.329153605015674,,0.5,1.0,0.5,1.0
laplace_eb_k2|absolute1,M6_blend,0.015778404696322638,0.005677572787275135,0.2946708463949843,0.34169278996865204,,0.5,1.0,0.75,0.0
laplace_eb_k2|absolute1,M6_blend,0.018128656283400716,0.011801571086002367,0.3072100313479624,0.3385579937304075,,0.5,1.0,0.75,0.25
laplace_eb_k2|absolute1,M6_blend,0.02482182246973369,0.027693345126780598,0.30407523510971785,0.34169278996865204,,0.5,1.0,0.75,0.5
laplace_eb_k2|absolute1,M6_blend,0.026737969584820328,0.029133632463814698,0.3072100313479624,0.3448275862068966,,0.5,1.0,0.75,0.75
laplace_eb_k2|absolute1,M6_blend,0.029822337824866124,0.03211960765214923,0.3103448275862069,0.34796238244514105,,0.5,1.0,0.75,1.0
laplace_eb_k2|absolute1,M6_blend,0.0176375667245821,0.006393254025135668,0.30407523510971785,0.3510971786833856,,0.5,1.0,1.0,0.0
laplace_eb_k2|absolute1,M6_blend,0.02255606439981847,0.026051370526275666,0.3103448275862069,0.34169278996865204,,0.5,1.0,1.0,0.25
laplace_eb_k2|absolute1,M6_blend,0.024524229758733074,0.026162329664144397,0.3103448275862069,0.3448275862068966,,0.5,1.0,1.0,0.5
laplace_eb_k2|absolute1,M6_blend,0.02725800836606244,0.03201154431439119,0.3166144200626959,0.3448275862068966,,0.5,1.0,1.0,0.75
laplace_eb_k2|absolute1,M6_blend,0.02895407845793347,0.029848299932236956,0.31974921630094044,0.3542319749216301,,0.5,1.0,1.0,1.0
laplace_eb_k2|absolute1,M6_blend,-0.043649460819119204,-0.04879980801741905,0.18808777429467086,0.335423197492163,,0.75,0.0,0.0,0.0
laplace_eb_k2|absolute1,M6_blend,-0.022757346693061477,-0.021253259940113768,0.21630094043887146,0.2852664576802508,,0.75,0.0,0.0,0.25
laplace_eb_k2|absolute1,M6_blend,0.014498557280197503,0.027103078064032858,0.25391849529780564,0.25391849529780564,,0.75,0.0,0.0,0.5
laplace_eb_k2|absolute1,M6_blend,0.024524644441512287,0.03408099504240254,0.27899686520376177,0.25391849529780564,,0.75,0.0,0.0,0.75
laplace_eb_k2|absolute1,M6_blend,0.031559641224784024,0.04121098591476025,0.2946708463949843,0.25705329153605017,,0.75,0.0,0.0,1.0
laplace_eb_k2|absolute1,M6_blend,-0.02657611372404369,-0.02104921198704026,0.20376175548589343,0.32601880877742945,,0.75,0.0,0.25,0.0
laplace_eb_k2|absolute1,M6_blend,0.009658887689341292,0.021023675997896254,0.25391849529780564,0.27586206896551724,,0.75,0.0,0.25,0.25
laplace_eb_k2|absolute1,M6_blend,0.022857973063290373,0.02860552442718449,0.2852664576802508,0.2727272727272727,,0.75,0.0,0.25,0.5
laplace_eb_k2|absolute1,M6_blend,0.02853577194925279,0.0351842525867646,0.30094043887147337,0.2727272727272727,,0.75,0.0,0.25,0.75
laplace_eb_k2|absolute1,M6_blend,0.030761102621511455,0.039053471286001624,0.30407523510971785,0.2946708463949843,,0.75,0.0,0.25,1.0
laplace_eb_k2|absolute1,M6_blend,0.0023263791416387727,0.0035830213101493156,0.23824451410658307,0.3385579937304075,,0.75,0.0,0.5,0.0
laplace_eb_k2|absolute1,M6_blend,0.01760220966765398,0.02173083862961273,0.27899686520376177,0.29780564263322884,,0.75,0.0,0.5,0.25
laplace_eb_k2|absolute1,M6_blend,0.02548575021113335,0.028140652691215556,0.29153605015673983,0.2946708463949843,,0.75,0.0,0.5,0.5
laplace_eb_k2|absolute1,M6_blend,0.02740161704267577,0.02911789886957052,0.2884012539184953,0.3166144200626959,,0.75,0.0,0.5,0.75
laplace_eb_k2|absolute1,M6_blend,0.0288287731084298,0.03833919029017227,0.30407523510971785,0.31974921630094044,,0.75,0.0,0.5,1.0
laplace_eb_k2|absolute1,M6_blend,0.006998926260856517,0.00555357828642881,0.2601880877742947,0.3510971786833856,,0.75,0.0,0.75,0.0
laplace_eb_k2|absolute1,M6_blend,0.02093125041335575,0.02036013768337737,0.27899686520376177,0.31974921630094044,,0.75,0.0,0.75,0.25
laplace_eb_k2|absolute1,M6_blend,0.023490959392056497,0.02522026734619305,0.28213166144200624,0.32601880877742945,,0.75,0.0,0.75,0.5
laplace_eb_k2|absolute1,M6_blend,0.024660265191716983,0.02769714910361834,0.2884012539184953,0.3385579937304075,,0.75,0.0,0.75,0.75
laplace_eb_k2|absolute1,M6_blend,0.026845395535067283,0.031584484298307694,0.2884012539184953,0.34169278996865204,,0.75,0.0,0.75,1.0
laplace_eb_k2|absolute1,M6_blend,0.008025092935955453,0.0021668228679876714,0.2664576802507837,0.36990595611285265,,0.75,0.0,1.0,0.0
laplace_eb_k2|absolute1,M6_blend,0.018156602902068483,0.017328232701949563,0.2852664576802508,0.3510971786833856,,0.75,0.0,1.0,0.25
laplace_eb_k2|absolute1,M6_blend,0.02073637749930814,0.027222207242325182,0.29153605015673983,0.3448275862068966,,0.75,0.0,1.0,0.5
laplace_eb_k2|absolute1,M6_blend,0.02352332719628209,0.027320993532861663,0.2884012539184953,0.3573667711598746,,0.75,0.0,1.0,0.75
laplace_eb_k2|absolute1,M6_blend,0.02515599048820564,0.030319373167140357,0.29780564263322884,0.3542319749216301,,0.75,0.0,1.0,1.0
laplace_eb_k2|absolute1,M6_blend,-0.03576302841933686,-0.04287599240864706,0.219435736677116,0.322884012539185,,0.75,0.25,0.0,0.0
laplace_eb_k2|absolute1,M6_blend,-0.020424127735723666,-0.028641115617135476,0.2476489028213166,0.3072100313479624,,0.75,0.25,0.0,0.25
laplace_eb_k2|absolute1,M6_blend,0.006437087295776348,0.006064976959673215,0.2727272727272727,0.29153605015673983,,0.75,0.25,0.0,0.5
laplace_eb_k2|absolute1,M6_blend,0.025217964744581448,0.033837889861257096,0.2946708463949843,0.28213166144200624,,0.75,0.25,0.0,0.75
laplace_eb_k2|absolute1,M6_blend,0.03304366340567962,0.038085942323024743,0.29780564263322884,0.29153605015673983,,0.75,0.25,0.0,1.0
laplace_eb_k2|absolute1,M6_blend,-0.02334362366486018,-0.025545436608660557,0.23197492163009403,0.3166144200626959,,0.75,0.25,0.25,0.0
laplace_eb_k2|absolute1,M6_blend,0.0031662889560557274,0.012743898658636595,0.2727272727272727,0.29153605015673983,,0.75,0.25,0.25,0.25
laplace_eb_k2|absolute1,M6_blend,0.022373653001869033,0.0340349061245268,0.30094043887147337,0.2884012539184953,,0.75,0.25,0.25,0.5
laplace_eb_k2|absolute1,M6_blend,0.02960264897011093,0.03313675914018132,0.30094043887147337,0.3072100313479624,,0.75,0.25,0.25,0.75
laplace_eb_k2|absolute1,M6_blend,0.03103284244579401,0.04099846641798752,0.31974921630094044,0.31347962382445144,,0.75,0.25,0.25,1.0
laplace_eb_k2|absolute1,M6_blend,-0.005320219790026257,-0.007657371332933162,0.25705329153605017,0.32601880877742945,,0.75,0.25,0.5,0.0
laplace_eb_k2|absolute1,M6_blend,0.016787068947782667,0.025115418618655877,0.2884012539184953,0.3103448275862069,,0.75,0.25,0.5,0.25
laplace_eb_k2|absolute1,M6_blend,0.026297681580683754,0.027310582245685465,0.29153605015673983,0.322884012539185,,0.75,0.25,0.5,0.5
laplace_eb_k2|absolute1,M6_blend,0.02774308035060008,0.035818827831913314,0.3103448275862069,0.32601880877742945,,0.75,0.25,0.5,0.75
laplace_eb_k2|absolute1,M6_blend,0.02948969716693069,0.03577036939584723,0.30094043887147337,0.3448275862068966,,0.75,0.25,0.5,1.0
laplace_eb_k2|absolute1,M6_blend,0.016178283445560427,0.017828560536464554,0.27899686520376177,0.335423197492163,,0.75,0.25,0.75,0.0
laplace_eb_k2|absolute1,M6_blend,0.022317827621672157,0.02393073393586661,0.28213166144200624,0.3322884012539185,,0.75,0.25,0.75,0.25
laplace_eb_k2|absolute1,M6_blend,0.023816499213904465,0.02561272179772114,0.2884012539184953,0.3510971786833856,,0.75,0.25,0.75,0.5
laplace_eb_k2|absolute1,M6_blend,0.02518772036404665,0.03131396660937411,0.29780564263322884,0.3510971786833856,,0.75,0.25,0.75,0.75
laplace_eb_k2|absolute1,M6_blend,0.026722949273737917,0.033209212392942285,0.29780564263322884,0.3510971786833856,,0.75,0.25,0.75,1.0
laplace_eb_k2|absolute1,M6_blend,0.01755728682472343,0.01608650786889758,0.28213166144200624,0.3573667711598746,,0.75,0.25,1.0,0.0
laplace_eb_k2|absolute1,M6_blend,0.020488571757206732,0.022723727033336333,0.29153605015673983,0.36363636363636365,,0.75,0.25,1.0,0.25
laplace_eb_k2|absolute1,M6_blend,0.02340682054544186,0.026825775675545664,0.2946708463949843,0.3605015673981191,,0.75,0.25,1.0,0.5
laplace_eb_k2|absolute1,M6_blend,0.02438907399492504,0.030641966887682583,0.30407523510971785,0.3573667711598746,,0.75,0.25,1.0,0.75
laplace_eb_k2|absolute1,M6_blend,0.026086627125712473,0.031311483043581716,0.30407523510971785,0.3605015673981191,,0.75,0.25,1.0,1.0
laplace_eb_k2|absolute1,M6_blend,-0.029625931135240882,-0.03826175974594388,0.2445141065830721,0.335423197492163,,0.75,0.5,0.0,0.0
laplace_eb_k2|absolute1,M6_blend,-0.0236037869668292,-0.029467887137096877,0.27586206896551724,0.32601880877742945,,0.75,0.5,0.0,0.25
laplace_eb_k2|absolute1,M6_blend,-0.007485745033431705,-0.013226465967288211,0.28213166144200624,0.322884012539185,,0.75,0.5,0.0,0.5
laplace_eb_k2|absolute1,M6_blend,0.017306070706906786,0.019938795695951365,0.30407523510971785,0.32601880877742945,,0.75,0.5,0.0,0.75
laplace_eb_k2|absolute1,M6_blend,0.025804147098832903,0.026355763272525375,0.3103448275862069,0.329153605015674,,0.75,0.5,0.0,1.0
laplace_eb_k2|absolute1,M6_blend,-0.01715731912728501,-0.030037839689691988,0.2727272727272727,0.322884012539185,,0.75,0.5,0.25,0.0
laplace_eb_k2|absolute1,M6_blend,-0.010857146292986404,-0.021365008208912368,0.29153605015673983,0.335423197492163,,0.75,0.5,0.25,0.25
laplace_eb_k2|absolute1,M6_blend,0.018006459811696008,0.017896182473083274,0.31347962382445144,0.31974921630094044,,0.75,0.5,0.25,0.5
laplace_eb_k2|absolute1,M6_blend,0.025371282541507046,0.03320567537577922,0.322884012539185,0.3166144200626959,,0.75,0.5,0.25,0.75
laplace_eb_k2|absolute1,M6_blend,0.03035707888432093,0.04094675899159198,0.3322884012539185,0.3103448275862069,,0.75,0.5,0.25,1.0
laplace_eb_k2|absolute1,M6_blend,-0.01300666920425994,-0.019368389428689563,0.27899686520376177,0.34169278996865204,,0.75,0.5,0.5,0.0
laplace_eb_k2|absolute1,M6_blend,0.01897448780739591,0.015607629578595624,0.3072100313479624,0.335423197492163,,0.75,0.5,0.5,0.25
laplace_eb_k2|absolute1,M6_blend,0.022088491211216768,0.026808214867283183,0.31347962382445144,0.335423197492163,,0.75,0.5,0.5,0.5
laplace_eb_k2|absolute1,M6_blend,0.025818852690506752,0.035665339799043155,0.322884012539185,0.329153605015674,,0.75,0.5,0.5,0.75
laplace_eb_k2|absolute1,M6_blend,0.0293232584602872,0.03614892603882054,0.322884012539185,0.3385579937304075,,0.75,0.5,0.5,1.0
laplace_eb_k2|absolute1,M6_blend,0.01267692012630683,0.012473659163638715,0.29780564263322884,0.3448275862068966,,0.75,0.5,0.75,0.0
laplace_eb_k2|absolute1,M6_blend,0.020666326919903635,0.02086284503247297,0.30407523510971785,0.34796238244514105,,0.75,0.5,0.75,0.25
laplace_eb_k2|absolute1,M6_blend,0.02274332314720144,0.03045460669364675,0.31347962382445144,0.3448275862068966,,0.75,0.5,0.75,0.5
laplace_eb_k2|absolute1,M6_blend,0.025526131640913937,0.030139048189672182,0.3103448275862069,0.3510971786833856,,0.75,0.5,0.75,0.75
laplace_eb_k2|absolute1,M6_blend,0.0264125851898906,0.03150135770346677,0.3072100313479624,0.3573667711598746,,0.75,0.5,0.75,1.0
laplace_eb_k2|absolute1,M6_blend,0.02006384083690389,0.021612756713337285,0.30407523510971785,0.3605015673981191,,0.75,0.5,1.0,0.0
laplace_eb_k2|absolute1,M6_blend,0.019748316945959993,0.022976191848703312,0.3072100313479624,0.3605015673981191,,0.75,0.5,1.0,0.25
laplace_eb_k2|absolute1,M6_blend,0.02306272118306742,0.029003484811061603,0.31347962382445144,0.3542319749216301,,0.75,0.5,1.0,0.5
laplace_eb_k2|absolute1,M6_blend,0.02409723814728549,0.03313838661324268,0.31347962382445144,0.3573667711598746,,0.75,0.5,1.0,0.75
laplace_eb_k2|absolute1,M6_blend,0.02498125364226427,0.028386360997783727,0.3072100313479624,0.36990595611285265,,0.75,0.5,1.0,1.0
laplace_eb_k2|absolute1,M6_blend,-0.02556794191496383,-0.03333721598347526,0.28213166144200624,0.3385579937304075,,0.75,0.75,0.0,0.0
laplace_eb_k2|absolute1,M6_blend,-0.017985332617217967,-0.02531516595180132,0.29153605015673983,0.34169278996865204,,0.75,0.75,0.0,0.25
laplace_eb_k2|absolute1,M6_blend,-0.016090676039966473,-0.022784004379122234,0.2852664576802508,0.3510971786833856,,0.75,0.75,0.0,0.5
laplace_eb_k2|absolute1,M6_blend,0.011166471241207492,0.0033125882168361757,0.2946708463949843,0.3542319749216301,,0.75,0.75,0.0,0.75
laplace_eb_k2|absolute1,M6_blend,0.018572476457015256,0.01669210423262889,0.31347962382445144,0.3448275862068966,,0.75,0.75,0.0,1.0
laplace_eb_k2|absolute1,M6_blend,-0.020988002317906665,-0.03054354829147318,0.2946708463949843,0.3448275862068966,,0.75,0.75,0.25,0.0
laplace_eb_k2|absolute1,M6_blend,-0.011219763759457865,-0.019905824891545555,0.30094043887147337,0.34796238244514105,,0.75,0.75,0.25,0.25
laplace_eb_k2|absolute1,M6_blend,0.01116640833529998,0.0029931520009676116,0.31347962382445144,0.34796238244514105,,0.75,0.75,0.25,0.5
laplace_eb_k2|absolute1,M6_blend,0.018587988671626057,0.018081386226191418,0.32601880877742945,0.3448275862068966,,0.75,0.75,0.25,0.75
laplace_eb_k2|absolute1,M6_blend,0.023544442404755273,0.027739131350222053,0.32601880877742945,0.34169278996865204,,0.75,0.75,0.25,1.0
laplace_eb_k2|absolute1,M6_blend,-0.011958652810545761,-0.026809393670585088,0.2852664576802508,0.36990595611285265,,0.75,0.75,0.5,0.0
laplace_eb_k2|absolute1,M6_blend,0.009801221480815839,0.008919547332398196,0.3103448275862069,0.34796238244514105,,0.75,0.75,0.5,0.25
laplace_eb_k2|absolute1,M6_blend,0.018402239909991708,0.018318057422260507,0.31974921630094044,0.34169278996865204,,0.75,0.75,0.5,0.5
laplace_eb_k2|absolute1,M6_blend,0.024527087616458415,0.02940578199339137,0.31974921630094044,0.3448275862068966,,0.75,0.75,0.5,0.75
laplace_eb_k2|absolute1,M6_blend,0.027681215863265437,0.03510099561844126,0.322884012539185,0.34796238244514105,,0.75,0.75,0.5,1.0
laplace_eb_k2|absolute1,M6_blend,0.0010841635895409284,-0.016136139502813077,0.2852664576802508,0.36990595611285265,,0.75,0.75,0.75,0.0
laplace_eb_k2|absolute1,M6_blend,0.017414877458225196,0.016200361148597305,0.31347962382445144,0.3542319749216301,,0.75,0.75,0.75,0.25
laplace_eb_k2|absolute1,M6_blend,0.021210135526876634,0.02479142108260651,0.31347962382445144,0.3510971786833856,,0.75,0.75,0.75,0.5
laplace_eb_k2|absolute1,M6_blend,0.02340105100845651,0.027659022193810782,0.31347962382445144,0.3605015673981191,,0.75,0.75,0.75,0.75
laplace_eb_k2|absolute1,M6_blend,0.027799182704857768,0.028565449692705955,0.31347962382445144,0.36363636363636365,,0.75,0.75,0.75,1.0
laplace_eb_k2|absolute1,M6_blend,0.014863696890980735,0.007960703013739242,0.3072100313479624,0.3730407523510972,,0.75,0.75,1.0,0.0
laplace_eb_k2|absolute1,M6_blend,0.019287468665831028,0.021632883837884496,0.31347962382445144,0.3667711598746082,,0.75,0.75,1.0,0.25
laplace_eb_k2|absolute1,M6_blend,0.021615470150445328,0.0250586311808761,0.31347962382445144,0.36990595611285265,,0.75,0.75,1.0,0.5
laplace_eb_k2|absolute1,M6_blend,0.02391943823867573,0.03306286070834507,0.32601880877742945,0.3573667711598746,,0.75,0.75,1.0,0.75
laplace_eb_k2|absolute1,M6_blend,0.026592818094928725,0.028839905912693017,0.31974921630094044,0.3730407523510972,,0.75,0.75,1.0,1.0
laplace_eb_k2|absolute1,M6_blend,-0.022121852085605298,-0.02891866436525946,0.28213166144200624,0.3542319749216301,,0.75,1.0,0.0,0.0
laplace_eb_k2|absolute1,M6_blend,-0.018195531511327127,-0.025931193268504637,0.29153605015673983,0.36363636363636365,,0.75,1.0,0.0,0.25
laplace_eb_k2|absolute1,M6_blend,-0.015250429303166807,-0.024088660786424684,0.2884012539184953,0.36363636363636365,,0.75,1.0,0.0,0.5
laplace_eb_k2|absolute1,M6_blend,0.0018264598898368979,0.001415548268063315,0.31347962382445144,0.3510971786833856,,0.75,1.0,0.0,0.75
laplace_eb_k2|absolute1,M6_blend,0.0165113129892762,0.007876900751669205,0.3103448275862069,0.3542319749216301,,0.75,1.0,0.0,1.0
laplace_eb_k2|absolute1,M6_blend,-0.022150116359787423,-0.028192543556043722,0.2946708463949843,0.3605015673981191,,0.75,1.0,0.25,0.0
laplace_eb_k2|absolute1,M6_blend,-0.016013377441829475,-0.024718837176090497,0.29780564263322884,0.36363636363636365,,0.75,1.0,0.25,0.25
laplace_eb_k2|absolute1,M6_blend,-0.0024769181528304764,-0.007017062363860002,0.31347962382445144,0.3605015673981191,,0.75,1.0,0.25,0.5
laplace_eb_k2|absolute1,M6_blend,0.015427707085345611,0.007829019700565308,0.32601880877742945,0.3542319749216301,,0.75,1.0,0.25,0.75
laplace_eb_k2|absolute1,M6_blend,0.022108482120289194,0.0160604447336593,0.31974921630094044,0.3605015673981191,,0.75,1.0,0.25,1.0
laplace_eb_k2|absolute1,M6_blend,-0.012124240746592217,-0.026123084116224958,0.29780564263322884,0.3730407523510972,,0.75,1.0,0.5,0.0
laplace_eb_k2|absolute1,M6_blend,-0.006310558069872846,-0.026947111790550166,0.30407523510971785,0.3824451410658307,,0.75,1.0,0.5,0.25
laplace_eb_k2|absolute1,M6_blend,0.01543615555156294,0.007537375341481923,0.3166144200626959,0.3605015673981191,,0.75,1.0,0.5,0.5
laplace_eb_k2|absolute1,M6_blend,0.023656166143501113,0.01995576213940184,0.31974921630094044,0.3573667711598746,,0.75,1.0,0.5,0.75
laplace_eb_k2|absolute1,M6_blend,0.02535977330380215,0.030312247609363453,0.322884012539185,0.3573667711598746,,0.75,1.0,0.5,1.0
laplace_eb_k2|absolute1,M6_blend,-0.005333871006008857,-0.022297297116824454,0.2946708463949843,0.3761755485893417,,0.75,1.0,0.75,0.0
laplace_eb_k2|absolute1,M6_blend,0.01592247166001537,0.00835251148358034,0.31347962382445144,0.36363636363636365,,0.75,1.0,0.75,0.25
laplace_eb_k2|absolute1,M6_blend,0.020453730071703893,0.018071592426318735,0.3103448275862069,0.36363636363636365,,0.75,1.0,0.75,0.5
laplace_eb_k2|absolute1,M6_blend,0.02432836831896301,0.02439101382529474,0.31347962382445144,0.3667711598746082,,0.75,1.0,0.75,0.75
laplace_eb_k2|absolute1,M6_blend,0.023475377109476656,0.021815393143406484,0.31347962382445144,0.3761755485893417,,0.75,1.0,0.75,1.0
laplace_eb_k2|absolute1,M6_blend,0.014635907481573012,0.005782448514408452,0.31347962382445144,0.36990595611285265,,0.75,1.0,1.0,0.0
laplace_eb_k2|absolute1,M6_blend,0.020253823166087287,0.012617804775697685,0.3166144200626959,0.3730407523510972,,0.75,1.0,1.0,0.25
laplace_eb_k2|absolute1,M6_blend,0.02215764575223131,0.025802543439368095,0.31974921630094044,0.36990595611285265,,0.75,1.0,1.0,0.5
laplace_eb_k2|absolute1,M6_blend,0.023749693502366526,0.026323518374216592,0.322884012539185,0.3730407523510972,,0.75,1.0,1.0,0.75
laplace_eb_k2|absolute1,M6_blend,0.025914436749051112,0.029990743939125427,0.32601880877742945,0.36990595611285265,,0.75,1.0,1.0,1.0
laplace_eb_k2|absolute1,M6_blend,-0.06283454966343141,-0.06479820220214447,0.2006269592476489,0.3761755485893417,,1.0,0.0,0.0,0.0
laplace_eb_k2|absolute1,M6_blend,-0.03457796861945836,-0.04386481587836361,0.23197492163009403,0.34169278996865204,,1.0,0.0,0.0,0.25
laplace_eb_k2|absolute1,M6_blend,-0.004656590705902946,0.01599740112042726,0.30407523510971785,0.29153605015673983,,1.0,0.0,0.0,0.5
laplace_eb_k2|absolute1,M6_blend,0.013618793535833342,0.027789936765888267,0.3166144200626959,0.2884012539184953,,1.0,0.0,0.0,0.75
laplace_eb_k2|absolute1,M6_blend,0.019995134958153027,0.029991896887277734,0.3103448275862069,0.3072100313479624,,1.0,0.0,0.0,1.0
laplace_eb_k2|absolute1,M6_blend,-0.033001398275222346,-0.03074164166579426,0.2225705329153605,0.3730407523510972,,1.0,0.0,0.25,0.0
laplace_eb_k2|absolute1,M6_blend,-0.016864571484879236,-0.011398077116210633,0.26332288401253917,0.3322884012539185,,1.0,0.0,0.25,0.25
laplace_eb_k2|absolute1,M6_blend,0.011507385868604607,0.025702704491566714,0.3103448275862069,0.29780564263322884,,1.0,0.0,0.25,0.5
laplace_eb_k2|absolute1,M6_blend,0.01723550649779872,0.027433435032640504,0.3072100313479624,0.3166144200626959,,1.0,0.0,0.25,0.75
laplace_eb_k2|absolute1,M6_blend,0.025994982657389788,0.030950679289042764,0.31974921630094044,0.31974921630094044,,1.0,0.0,0.25,1.0
laplace_eb_k2|absolute1,M6_blend,-0.025212260321682164,-0.026785062316536528,0.2445141065830721,0.3761755485893417,,1.0,0.0,0.5,0.0
laplace_eb_k2|absolute1,M6_blend,0.005295054900092932,0.0214082828860111,0.29153605015673983,0.32601880877742945,,1.0,0.0,0.5,0.25
laplace_eb_k2|absolute1,M6_blend,0.013657860939469451,0.025400828873756165,0.29780564263322884,0.31974921630094044,,1.0,0.0,0.5,0.5
laplace_eb_k2|absolute1,M6_blend,0.02029367814854568,0.0290972879477616,0.3072100313479624,0.32601880877742945,,1.0,0.0,0.5,0.75
laplace_eb_k2|absolute1,M6_blend,0.022061700465959542,0.032066223237862033,0.3103448275862069,0.335423197492163,,1.0,0.0,0.5,1.0
laplace_eb_k2|absolute1,M6_blend,0.0011290456348677974,0.005169815859731088,0.27586206896551724,0.3824451410658307,,1.0,0.0,0.75,0.0
laplace_eb_k2|absolute1,M6_blend,0.010131271409638785,0.018573026753798547,0.29153605015673983,0.3510971786833856,,1.0,0.0,0.75,0.25
laplace_eb_k2|absolute1,M6_blend,0.018788335354816263,0.024375359594915356,0.30094043887147337,0.3385579937304075,,1.0,0.0,0.75,0.5
laplace_eb_k2|absolute1,M6_blend,0.02024778234295055,0.02561756551592701,0.30094043887147337,0.3510971786833856,,1.0,0.0,0.75,0.75
laplace_eb_k2|absolute1,M6_blend,0.02299971249938894,0.03378335163464367,0.3072100313479624,0.3510971786833856,,1.0,0.0,0.75,1.0
laplace_eb_k2|absolute1,M6_blend,4.4514626637949756e-05,0.0026733257623862325,0.28213166144200624,0.3887147335423197,,1.0,0.0,1.0,0.0
laplace_eb_k2|absolute1,M6_blend,0.0097959553356153,0.01882069110636801,0.30094043887147337,0.3542319749216301,,1.0,0.0,1.0,0.25
laplace_eb_k2|absolute1,M6_blend,0.01486195661848865,0.019529395284230432,0.29780564263322884,0.3667711598746082,,1.0,0.0,1.0,0.5
laplace_eb_k2|absolute1,M6_blend,0.01737093285006176,0.02766007179143287,0.30407523510971785,0.3573667711598746,,1.0,0.0,1.0,0.75
laplace_eb_k2|absolute1,M6_blend,0.017448596802703477,0.03208591397793315,0.3103448275862069,0.3573667711598746,,1.0,0.0,1.0,1.0
laplace_eb_k2|absolute1,M6_blend,-0.04416152427146945,-0.060165845873680984,0.23197492163009403,0.36363636363636365,,1.0,0.25,0.0,0.0
laplace_eb_k2|absolute1,M6_blend,-0.03228780995112481,-0.03674587206827436,0.28213166144200624,0.3510971786833856,,1.0,0.25,0.0,0.25
laplace_eb_k2|absolute1,M6_blend,-0.019947300955721076,-0.029529560053703552,0.29780564263322884,0.3510971786833856,,1.0,0.25,0.0,0.5
laplace_eb_k2|absolute1,M6_blend,0.01047464786415627,0.018012088796468363,0.3166144200626959,0.3322884012539185,,1.0,0.25,0.0,0.75
laplace_eb_k2|absolute1,M6_blend,0.021396866691954314,0.029831818477206843,0.322884012539185,0.32601880877742945,,1.0,0.25,0.0,1.0
laplace_eb_k2|absolute1,M6_blend,-0.029560059347192084,-0.03617400590762449,0.2445141065830721,0.3667711598746082,,1.0,0.25,0.25,0.0
laplace_eb_k2|absolute1,M6_blend,-0.020218966422700123,-0.02494718616705703,0.27586206896551724,0.3542319749216301,,1.0,0.25,0.25,0.25
laplace_eb_k2|absolute1,M6_blend,0.0090489222716905,0.022115180706809682,0.3072100313479624,0.329153605015674,,1.0,0.25,0.25,0.5
laplace_eb_k2|absolute1,M6_blend,0.0211066857727079,0.030305310278009846,0.31974921630094044,0.3322884012539185,,1.0,0.25,0.25,0.75
laplace_eb_k2|absolute1,M6_blend,0.025407432707913374,0.028306815960097088,0.322884012539185,0.34169278996865204,,1.0,0.25,0.25,1.0
laplace_eb_k2|absolute1,M6_blend,-0.021481136309835797,-0.017370085462600833,0.2601880877742947,0.3793103448275862,,1.0,0.25,0.5,0.0
laplace_eb_k2|absolute1,M6_blend,0.007747744869839629,0.01914391821968518,0.2946708463949843,0.3448275862068966,,1.0,0.25,0.5,0.25
laplace_eb_k2|absolute1,M6_blend,0.017039502654776214,0.02870097909367944,0.30094043887147337,0.3385579937304075,,1.0,0.25,0.5,0.5
laplace_eb_k2|absolute1,M6_blend,0.020835189700364253,0.029981173820163014,0.3103448275862069,0.3448275862068966,,1.0,0.25,0.5,0.75
laplace_eb_k2|absolute1,M6_blend,0.022638033910024412,0.03162811228240545,0.3072100313479624,0.3542319749216301,,1.0,0.25,0.5,1.0
laplace_eb_k2|absolute1,M6_blend,-0.0013073864255041087,0.014985855598715032,0.27899686520376177,0.3730407523510972,,1.0,0.25,0.75,0.0
laplace_eb_k2|absolute1,M6_blend,0.015176261246951131,0.02371862809813135,0.29780564263322884,0.3605015673981191,,1.0,0.25,0.75,0.25
laplace_eb_k2|absolute1,M6_blend,0.018654269363586887,0.02616466524599114,0.30094043887147337,0.3573667711598746,,1.0,0.25,0.75,0.5
laplace_eb_k2|absolute1,M6_blend,0.021315694105618364,0.029712640414697622,0.30407523510971785,0.36363636363636365,,1.0,0.25,0.75,0.75
laplace_eb_k2|absolute1,M6_blend,0.022097716090992807,0.033367761705642957,0.3072100313479624,0.3605015673981191,,1.0,0.25,0.75,1.0
laplace_eb_k2|absolute1,M6_blend,0.01000913888309363,0.017221443273337283,0.2884012539184953,0.3824451410658307,,1.0,0.25,1.0,0.0
laplace_eb_k2|absolute1,M6_blend,0.012868836225097435,0.02021011816436968,0.30094043887147337,0.3761755485893417,,1.0,0.25,1.0,0.25
laplace_eb_k2|absolute1,M6_blend,0.019012595329577938,0.021176369060823538,0.29780564263322884,0.36990595611285265,,1.0,0.25,1.0,0.5
laplace_eb_k2|absolute1,M6_blend,0.019469889305141628,0.029624500046236013,0.3103448275862069,0.36363636363636365,,1.0,0.25,1.0,0.75
laplace_eb_k2|absolute1,M6_blend,0.019776966681614824,0.03220417426437793,0.3103448275862069,0.3667711598746082,,1.0,0.25,1.0,1.0
laplace_eb_k2|absolute1,M6_blend,-0.04029716739265549,-0.04204466054945904,0.26332288401253917,0.3605015673981191,,1.0,0.5,0.0,0.0
laplace_eb_k2|absolute1,M6_blend,-0.03138100304524149,-0.03687121507749662,0.30094043887147337,0.3573667711598746,,1.0,0.5,0.0,0.25
laplace_eb_k2|absolute1,M6_blend,-0.023331451011240345,-0.031853170102012565,0.29780564263322884,0.3730407523510972,,1.0,0.5,0.0,0.5
laplace_eb_k2|absolute1,M6_blend,0.004966502466105383,0.00643161316416854,0.32601880877742945,0.3542319749216301,,1.0,0.5,0.0,0.75
laplace_eb_k2|absolute1,M6_blend,0.014496644173912145,0.0164718227723736,0.329153605015674,0.3573667711598746,,1.0,0.5,0.0,1.0
laplace_eb_k2|absolute1,M6_blend,-0.029033908404087424,-0.03552298305036506,0.2884012539184953,0.36363636363636365,,1.0,0.5,0.25,0.0
laplace_eb_k2|absolute1,M6_blend,-0.01955486180638398,-0.03300766788166145,0.29153605015673983,0.3730407523510972,,1.0,0.5,0.25,0.25
laplace_eb_k2|absolute1,M6_blend,0.001928288922358754,0.0077236225962825705,0.3166144200626959,0.3510971786833856,,1.0,0.5,0.25,0.5
laplace_eb_k2|absolute1,M6_blend,0.016095616890792152,0.024601070052684287,0.3322884012539185,0.3448275862068966,,1.0,0.5,0.25,0.75
laplace_eb_k2|absolute1,M6_blend,0.022134695393043934,0.02739332390943291,0.3322884012539185,0.3542319749216301,,1.0,0.5,0.25,1.0
laplace_eb_k2|absolute1,M6_blend,-0.02003086102460267,-0.024152808206675567,0.27899686520376177,0.3605015673981191,,1.0,0.5,0.5,0.0
laplace_eb_k2|absolute1,M6_blend,-0.00685855836219288,-0.0133144592626902,0.2884012539184953,0.3667711598746082,,1.0,0.5,0.5,0.25
laplace_eb_k2|absolute1,M6_blend,0.017147241885814145,0.023988624339847355,0.3166144200626959,0.34796238244514105,,1.0,0.5,0.5,0.5
laplace_eb_k2|absolute1,M6_blend,0.018665822765923577,0.02623704999545151,0.31974921630094044,0.3510971786833856,,1.0,0.5,0.5,0.75
laplace_eb_k2|absolute1,M6_blend,0.025381792442775532,0.03071059271412957,0.322884012539185,0.3510971786833856,,1.0,0.5,0.5,1.0
laplace_eb_k2|absolute1,M6_blend,-0.008386755413068183,-0.015045902537047675,0.2884012539184953,0.3793103448275862,,1.0,0.5,0.75,0.0
laplace_eb_k2|absolute1,M6_blend,0.01391085373886897,0.021450945237493815,0.3166144200626959,0.36363636363636365,,1.0,0.5,0.75,0.25
laplace_eb_k2|absolute1,M6_blend,0.01567450839525475,0.0264482393884173,0.3166144200626959,0.3667711598746082,,1.0,0.5,0.75,0.5
laplace_eb_k2|absolute1,M6_blend,0.021670339501766247,0.03165460271661558,0.322884012539185,0.3605015673981191,,1.0,0.5,0.75,0.75
laplace_eb_k2|absolute1,M6_blend,0.022824861919655888,0.03163329989512138,0.31974921630094044,0.3605015673981191,,1.0,0.5,0.75,1.0
laplace_eb_k2|absolute1,M6_blend,0.010799202081537328,0.023435883095552182,0.31347962382445144,0.36990595611285265,,1.0,0.5,1.0,0.0
laplace_eb_k2|absolute1,M6_blend,0.012032481915994223,0.0179666295577553,0.3072100313479624,0.3793103448275862,,1.0,0.5,1.0,0.25
laplace_eb_k2|absolute1,M6_blend,0.01933825849332679,0.024720114028098816,0.31347962382445144,0.3730407523510972,,1.0,0.5,1.0,0.5
laplace_eb_k2|absolute1,M6_blend,0.01964635559376796,0.031793466918053674,0.31974921630094044,0.36363636363636365,,1.0,0.5,1.0,0.75
laplace_eb_k2|absolute1,M6_blend,0.020355305237725274,0.02837556664799822,0.31347962382445144,0.3793103448275862,,1.0,0.5,1.0,1.0
laplace_eb_k2|absolute1,M6_blend,-0.034527942474617504,-0.0375208765338394,0.29780564263322884,0.3605015673981191,,1.0,0.75,0.0,0.0
laplace_eb_k2|absolute1,M6_blend,-0.028944047286699193,-0.03172261404533371,0.30407523510971785,0.3730407523510972,,1.0,0.75,0.0,0.25
laplace_eb_k2|absolute1,M6_blend,-0.022564914556971172,-0.0307645930508648,0.31974921630094044,0.3793103448275862,,1.0,0.75,0.0,0.5
laplace_eb_k2|absolute1,M6_blend,-0.012261333283469726,-0.019683183232164683,0.3166144200626959,0.3793103448275862,,1.0,0.75,0.0,0.75
laplace_eb_k2|absolute1,M6_blend,0.009976131060841687,0.002576176240619821,0.32601880877742945,0.36990595611285265,,1.0,0.75,0.0,1.0
laplace_eb_k2|absolute1,M6_blend,-0.031996113343635287,-0.035216751015018144,0.2946708463949843,0.3761755485893417,,1.0,0.75,0.25,0.0
laplace_eb_k2|absolute1,M6_blend,-0.01816127780222404,-0.02838638500780521,0.3166144200626959,0.3761755485893417,,1.0,0.75,0.25,0.25
laplace_eb_k2|absolute1,M6_blend,-0.011379720172197781,-0.027175734841431196,0.31974921630094044,0.3824451410658307,,1.0,0.75,0.25,0.5
laplace_eb_k2|absolute1,M6_blend,0.009181855462813976,0.0027837167876454357,0.329153605015674,0.3761755485893417,,1.0,0.75,0.25,0.75
laplace_eb_k2|absolute1,M6_blend,0.021747634947673334,0.02174021183370049,0.3322884012539185,0.36363636363636365,,1.0,0.75,0.25,1.0
laplace_eb_k2|absolute1,M6_blend,-0.01816424575118785,-0.029979859645183557,0.29153605015673983,0.3793103448275862,,1.0,0.75,0.5,0.0
laplace_eb_k2|absolute1,M6_blend,-0.00994433657794444,-0.019764540395860015,0.30407523510971785,0.3730407523510972,,1.0,0.75,0.5,0.25
laplace_eb_k2|absolute1,M6_blend,0.011865968465940827,0.008889666300115166,0.31974921630094044,0.3605015673981191,,1.0,0.75,0.5,0.5
laplace_eb_k2|absolute1,M6_blend,0.020108288824388542,0.024366547263060992,0.322884012539185,0.3605015673981191,,1.0,0.75,0.5,0.75
laplace_eb_k2|absolute1,M6_blend,0.02265288116906797,0.025953458406054487,0.32601880877742945,0.3573667711598746,,1.0,0.75,0.5,1.0
laplace_eb_k2|absolute1,M6_blend,-0.013112994751008333,-0.019901332962195328,0.30094043887147337,0.3824451410658307,,1.0,0.75,0.75,0.0
laplace_eb_k2|absolute1,M6_blend,0.010221840240960784,0.00903500904997688,0.3166144200626959,0.3761755485893417,,1.0,0.75,0.75,0.25
laplace_eb_k2|absolute1,M6_blend,0.01618331209130602,0.023923935129257577,0.322884012539185,0.3730407523510972,,1.0,0.75,0.75,0.5
laplace_eb_k2|absolute1,M6_blend,0.018334561543102146,0.026371962726583303,0.322884012539185,0.36990595611285265,,1.0,0.75,0.75,0.75
laplace_eb_k2|absolute1,M6_blend,0.022489190224668432,0.029623056385304113,0.3322884012539185,0.3730407523510972,,1.0,0.75,0.75,1.0
laplace_eb_k2|absolute1,M6_blend,-0.001708901434254266,0.005254966840381532,0.3103448275862069,0.38557993730407525,,1.0,0.75,1.0,0.0
laplace_eb_k2|absolute1,M6_blend,0.013462563072901923,0.017066442328840963,0.3166144200626959,0.3824451410658307,,1.0,0.75,1.0,0.25
laplace_eb_k2|absolute1,M6_blend,0.01644614958342224,0.02320681198216905,0.322884012539185,0.3730407523510972,,1.0,0.75,1.0,0.5
laplace_eb_k2|absolute1,M6_blend,0.01826676788712281,0.02873381905748179,0.32601880877742945,0.36990595611285265,,1.0,0.75,1.0,0.75
laplace_eb_k2|absolute1,M6_blend,0.021849448998418376,0.02752794158355943,0.32601880877742945,0.3730407523510972,,1.0,0.75,1.0,1.0
laplace_eb_k2|absolute1,M6_blend,-0.030742900488486595,-0.03738178040680467,0.29153605015673983,0.3949843260188088,,1.0,1.0,0.0,0.0
laplace_eb_k2|absolute1,M6_blend,-0.024055101397470625,-0.032485104828699256,0.3166144200626959,0.3887147335423197,,1.0,1.0,0.0,0.25
laplace_eb_k2|absolute1,M6_blend,-0.02081949227746228,-0.033993099748994865,0.3103448275862069,0.39184952978056425,,1.0,1.0,0.0,0.5
laplace_eb_k2|absolute1,M6_blend,-0.018187071436460304,-0.030656314487087315,0.31347962382445144,0.39184952978056425,,1.0,1.0,0.0,0.75
laplace_eb_k2|absolute1,M6_blend,0.006044455148398469,0.00174636149714733,0.32601880877742945,0.3761755485893417,,1.0,1.0,0.0,1.0
laplace_eb_k2|absolute1,M6_blend,-0.02730109729297069,-0.03261695609524332,0.3166144200626959,0.38557993730407525,,1.0,1.0,0.25,0.0
laplace_eb_k2|absolute1,M6_blend,-0.02176139454499464,-0.033070105148426794,0.3166144200626959,0.3887147335423197,,1.0,1.0,0.25,0.25
laplace_eb_k2|absolute1,M6_blend,-0.0130934515683689,-0.027958785023154884,0.31974921630094044,0.38557993730407525,,1.0,1.0,0.25,0.5
laplace_eb_k2|absolute1,M6_blend,0.009467902209329714,-0.0028906801954892737,0.322884012539185,0.38557993730407525,,1.0,1.0,0.25,0.75
laplace_eb_k2|absolute1,M6_blend,0.012857632355123827,0.005055416211906271,0.31974921630094044,0.38557993730407525,,1.0,1.0,0.25,1.0
laplace_eb_k2|absolute1,M6_blend,-0.016343988461212038,-0.02959956374708388,0.29780564263322884,0.3824451410658307,,1.0,1.0,0.5,0.0
laplace_eb_k2|absolute1,M6_blend,-0.012617651449520659,-0.028858972532341848,0.30094043887147337,0.4012539184952978,,1.0,1.0,0.5,0.25
laplace_eb_k2|absolute1,M6_blend,0.005086166813867782,0.0007327345074344204,0.31347962382445144,0.38557993730407525,,1.0,1.0,0.5,0.5
laplace_eb_k2|absolute1,M6_blend,0.017340385238374827,0.011384741207555544,0.31347962382445144,0.36990595611285265,,1.0,1.0,0.5,0.75
laplace_eb_k2|absolute1,M6_blend,0.023822230717553364,0.02486820991930543,0.31974921630094044,0.3667711598746082,,1.0,1.0,0.5,1.0
laplace_eb_k2|absolute1,M6_blend,-0.009753284636452149,-0.018720071295679177,0.30094043887147337,0.3887147335423197,,1.0,1.0,0.75,0.0
laplace_eb_k2|absolute1,M6_blend,-0.000842715416247861,-0.013274354398904549,0.29780564263322884,0.4012539184952978,,1.0,1.0,0.75,0.25
laplace_eb_k2|absolute1,M6_blend,0.015454757254324632,0.011191593944372429,0.31347962382445144,0.3824451410658307,,1.0,1.0,0.75,0.5
laplace_eb_k2|absolute1,M6_blend,0.02202072347978932,0.025840990910989736,0.322884012539185,0.3793103448275862,,1.0,1.0,0.75,0.75
laplace_eb_k2|absolute1,M6_blend,0.02362421959859228,0.02187931660247447,0.31974921630094044,0.39184952978056425,,1.0,1.0,0.75,1.0
laplace_eb_k2|absolute1,M6_blend,-0.008056197790662358,-0.024410932473721548,0.2946708463949843,0.4012539184952978,,1.0,1.0,1.0,0.0
laplace_eb_k2|absolute1,M6_blend,0.011450505770895639,0.007305221252587148,0.31347962382445144,0.3793103448275862,,1.0,1.0,1.0,0.25
laplace_eb_k2|absolute1,M6_blend,0.01928495485887169,0.023516491791204224,0.322884012539185,0.3761755485893417,,1.0,1.0,1.0,0.5
laplace_eb_k2|absolute1,M6_blend,0.019993137886454956,0.02140494736150888,0.31974921630094044,0.3824451410658307,,1.0,1.0,1.0,0.75
laplace_eb_k2|absolute1,M6_blend,0.01995930844888193,0.02275483825223573,0.3166144200626959,0.3887147335423197,,1.0,1.0,1.0,1.0
laplace_eb_k5|absolute1,M1_global,-0.05774025683098203,-0.0606839994441566,0.1974921630094044,0.36990595611285265,,,,,
laplace_eb_k5|absolute1,M2_team,0.015359532121719543,0.017244944389804402,0.2476489028213166,0.22884012539184953,,,,,
laplace_eb_k5|absolute1,M3_class,-0.0033858646012859626,-0.010719374791488379,0.22884012539184953,0.20376175548589343,,,,,
laplace_eb_k5|absolute1,M4_intersection,0.04274532107258712,0.05478415917313211,0.2413793103448276,0.09404388714733543,,,,,
laplace_eb_k5|absolute1,M5_backoff,0.03988384771514005,0.05265120233534645,0.2476489028213166,0.10031347962382445,1.0,,,,
laplace_eb_k5|absolute1,M5_backoff,0.03995339683143545,0.05056228833185468,0.25705329153605017,0.10031347962382445,2.0,,,,
laplace_eb_k5|absolute1,M5_backoff,0.03373333594495545,0.04456187250985995,0.2476489028213166,0.12225705329153605,3.0,,,,
laplace_eb_k5|absolute1,M5_backoff,0.02779015971868509,0.03561726912015284,0.2413793103448276,0.12852664576802508,5.0,,,,
laplace_eb_k5|absolute1,M5_backoff,0.023044433614190302,0.02948318605185676,0.2507836990595611,0.1536050156739812,8.0,,,,
laplace_eb_k5|absolute1,M6_blend,0.024680463732952136,0.02256098431666443,0.11912225705329153,0.05329153605015674,,0.0,0.0,0.0,0.25
laplace_eb_k5|absolute1,M6_blend,0.035203274721300956,0.03531512021317751,0.16300940438871472,0.07836990595611286,,0.0,0.0,0.0,0.5
laplace_eb_k5|absolute1,M6_blend,0.03848146382456217,0.051546708321590036,0.21316614420062696,0.08463949843260188,,0.0,0.0,0.0,0.75
laplace_eb_k5|absolute1,M6_blend,0.04274532107258712,0.05478415917313211,0.2413793103448276,0.09404388714733543,,0.0,0.0,0.0,1.0
laplace_eb_k5|absolute1,M6_blend,0.014604485137356288,0.020887103924370112,0.14106583072100312,0.07210031347962383,,0.0,0.0,0.25,0.0
laplace_eb_k5|absolute1,M6_blend,0.028172209120359788,0.03299707722000567,0.19122257053291536,0.109717868338558,,0.0,0.0,0.25,0.25
laplace_eb_k5|absolute1,M6_blend,0.03645187783068797,0.049150310024665814,0.22884012539184953,0.11285266457680251,,0.0,0.0,0.25,0.5
laplace_eb_k5|absolute1,M6_blend,0.04121167393022584,0.05600670677227286,0.2727272727272727,0.11912225705329153,,0.0,0.0,0.25,0.75
laplace_eb_k5|absolute1,M6_blend,0.040616614998377654,0.054302083532731735,0.2727272727272727,0.13479623824451412,,0.0,0.0,0.25,1.0
laplace_eb_k5|absolute1,M6_blend,0.017376782996039033,0.019072926179929214,0.18181818181818182,0.16300940438871472,,0.0,0.0,0.5,0.0
laplace_eb_k5|absolute1,M6_blend,0.031743759484293366,0.037678276144878994,0.20689655172413793,0.15047021943573669,,0.0,0.0,0.5,0.25
laplace_eb_k5|absolute1,M6_blend,0.03829174465420263,0.04929811812259934,0.2601880877742947,0.15673981191222572,,0.0,0.0,0.5,0.5
laplace_eb_k5|absolute1,M6_blend,0.03895123871886606,0.051587004611578106,0.27586206896551724,0.16614420062695925,,0.0,0.0,0.5,0.75
laplace_eb_k5|absolute1,M6_blend,0.040013581365590876,0.05149881241603705,0.2727272727272727,0.19122257053291536,,0.0,0.0,0.5,1.0
laplace_eb_k5|absolute1,M6_blend,0.017944291700473253,0.02574424958294462,0.219435736677116,0.19122257053291536,,0.0,0.0,0.75,0.0
laplace_eb_k5|absolute1,M6_blend,0.030635630609817666,0.03804051080794544,0.25391849529780564,0.19122257053291536,,0.0,0.0,0.75,0.25
laplace_eb_k5|absolute1,M6_blend,0.03302337961130328,0.04319140519421302,0.2664576802507837,0.19435736677115986,,0.0,0.0,0.75,0.5
laplace_eb_k5|absolute1,M6_blend,0.03656870417338255,0.046139799770796935,0.27586206896551724,0.21316614420062696,,0.0,0.0,0.75,0.75
laplace_eb_k5|absolute1,M6_blend,0.03683539132448656,0.04566693610765717,0.27586206896551724,0.23824451410658307,,0.0,0.0,0.75,1.0
laplace_eb_k5|absolute1,M6_blend,0.015359532121719543,0.017244944389804402,0.2476489028213166,0.22884012539184953,,0.0,0.0,1.0,0.0
laplace_eb_k5|absolute1,M6_blend,0.02503538174540916,0.03120536169148164,0.25391849529780564,0.22884012539184953,,0.0,0.0,1.0,0.25
laplace_eb_k5|absolute1,M6_blend,0.031192954743953512,0.038578512748487316,0.25705329153605017,0.23824451410658307,,0.0,0.0,1.0,0.5
laplace_eb_k5|absolute1,M6_blend,0.03242444318686326,0.03550259137181653,0.26959247648902823,0.2601880877742947,,0.0,0.0,1.0,0.75
laplace_eb_k5|absolute1,M6_blend,0.035737894767956864,0.036392528984146806,0.27586206896551724,0.2664576802507837,,0.0,0.0,1.0,1.0
laplace_eb_k5|absolute1,M6_blend,-0.011665410037600098,-0.025060048029060273,0.13166144200626959,0.13793103448275862,,0.0,0.25,0.0,0.0
laplace_eb_k5|absolute1,M6_blend,0.03481611967986293,0.03507476436634049,0.18808777429467086,0.12225705329153605,,0.0,0.25,0.0,0.25
laplace_eb_k5|absolute1,M6_blend,0.03959796820387482,0.04065992170506884,0.21003134796238246,0.14733542319749215,,0.0,0.25,0.0,0.5
laplace_eb_k5|absolute1,M6_blend,0.04248282372747847,0.051678934849822035,0.25391849529780564,0.15047021943573669,,0.0,0.25,0.0,0.75
laplace_eb_k5|absolute1,M6_blend,0.04255589216540234,0.05465174864592223,0.25705329153605017,0.16614420062695925,,0.0,0.25,0.0,1.0
laplace_eb_k5|absolute1,M6_blend,0.02773214336076289,0.03149948784129747,0.19122257053291536,0.109717868338558,,0.0,0.25,0.25,0.0
laplace_eb_k5|absolute1,M6_blend,0.035131611056988615,0.04241023332954948,0.2225705329153605,0.13479623824451412,,0.0,0.25,0.25,0.25
laplace_eb_k5|absolute1,M6_blend,0.040179026174965764,0.05013304263306636,0.2664576802507837,0.13479623824451412,,0.0,0.25,0.25,0.5
laplace_eb_k5|absolute1,M6_blend,0.03941786522125287,0.05476601208125162,0.28213166144200624,0.15673981191222572,,0.0,0.25,0.25,0.75
laplace_eb_k5|absolute1,M6_blend,0.0397291087960731,0.05247005106746964,0.27586206896551724,0.18808777429467086,,0.0,0.25,0.25,1.0
laplace_eb_k5|absolute1,M6_blend,0.031276244822632866,0.03900985853004979,0.21003134796238246,0.16927899686520376,,0.0,0.25,0.5,0.0
laplace_eb_k5|absolute1,M6_blend,0.037162967522391004,0.04592288875234164,0.25705329153605017,0.1724137931034483,,0.0,0.25,0.5,0.25
laplace_eb_k5|absolute1,M6_blend,0.0385704558713421,0.04970069060271436,0.2852664576802508,0.19435736677115986,,0.0,0.25,0.5,0.5
laplace_eb_k5|absolute1,M6_blend,0.04004149421055617,0.04857911766276091,0.27586206896551724,0.219435736677116,,0.0,0.25,0.5,0.75
laplace_eb_k5|absolute1,M6_blend,0.040288291128770214,0.04772017128929076,0.27899686520376177,0.23824451410658307,,0.0,0.25,0.5,1.0
laplace_eb_k5|absolute1,M6_blend,0.03222689401662796,0.037105607470281445,0.25391849529780564,0.19122257053291536,,0.0,0.25,0.75,0.0
laplace_eb_k5|absolute1,M6_blend,0.03364309984612531,0.0437889910860682,0.2727272727272727,0.21003134796238246,,0.0,0.25,0.75,0.25
laplace_eb_k5|absolute1,M6_blend,0.035647714501809,0.044360293478334215,0.27899686520376177,0.22884012539184953,,0.0,0.25,0.75,0.5
laplace_eb_k5|absolute1,M6_blend,0.037193088556516804,0.045538601888851685,0.2852664576802508,0.2476489028213166,,0.0,0.25,0.75,0.75
laplace_eb_k5|absolute1,M6_blend,0.03730249030230215,0.045447057562655414,0.27899686520376177,0.2601880877742947,,0.0,0.25,0.75,1.0
laplace_eb_k5|absolute1,M6_blend,0.02727234943113279,0.028423026402635634,0.2601880877742947,0.25391849529780564,,0.0,0.25,1.0,0.0
laplace_eb_k5|absolute1,M6_blend,0.030701746858374252,0.03549990379090967,0.2601880877742947,0.26332288401253917,,0.0,0.25,1.0,0.25
laplace_eb_k5|absolute1,M6_blend,0.03313425925357696,0.03694633428346027,0.2727272727272727,0.27899686520376177,,0.0,0.25,1.0,0.5
laplace_eb_k5|absolute1,M6_blend,0.03494420715905768,0.037695020752547305,0.27586206896551724,0.2884012539184953,,0.0,0.25,1.0,0.75
laplace_eb_k5|absolute1,M6_blend,0.033705212434399494,0.03515692644965686,0.27899686520376177,0.30094043887147337,,0.0,0.25,1.0,1.0
laplace_eb_k5|absolute1,M6_blend,-0.006564402698214613,-0.02094876276895544,0.1755485893416928,0.16927899686520376,,0.0,0.5,0.0,0.0
laplace_eb_k5|absolute1,M6_blend,0.026139328875716836,0.017080314142109834,0.219435736677116,0.16300940438871472,,0.0,0.5,0.0,0.25
laplace_eb_k5|absolute1,M6_blend,0.039739126292882586,0.04346179470513308,0.2413793103448276,0.16927899686520376,,0.0,0.5,0.0,0.5
laplace_eb_k5|absolute1,M6_blend,0.04402086579989735,0.05135000512284171,0.2601880877742947,0.18181818181818182,,0.0,0.5,0.0,0.75
laplace_eb_k5|absolute1,M6_blend,0.04565441846032892,0.053848654720757075,0.26959247648902823,0.2006269592476489,,0.0,0.5,0.0,1.0
laplace_eb_k5|absolute1,M6_blend,0.024255487694222574,0.020489700290383217,0.22570532915360503,0.14733542319749215,,0.0,0.5,0.25,0.0
laplace_eb_k5|absolute1,M6_blend,0.03671184218629711,0.04264347947736893,0.25705329153605017,0.1536050156739812,,0.0,0.5,0.25,0.25
laplace_eb_k5|absolute1,M6_blend,0.04090648912002623,0.05171911559742073,0.27899686520376177,0.16927899686520376,,0.0,0.5,0.25,0.5
laplace_eb_k5|absolute1,M6_blend,0.04174688647226441,0.054340763957616306,0.2884012539184953,0.18495297805642633,,0.0,0.5,0.25,0.75
laplace_eb_k5|absolute1,M6_blend,0.03971096849920767,0.05463057865029592,0.28213166144200624,0.21003134796238246,,0.0,0.5,0.25,1.0
laplace_eb_k5|absolute1,M6_blend,0.03175268287410862,0.03849515149539167,0.2507836990595611,0.18181818181818182,,0.0,0.5,0.5,0.0
laplace_eb_k5|absolute1,M6_blend,0.03754642836994583,0.04834866508561242,0.2852664576802508,0.19122257053291536,,0.0,0.5,0.5,0.25
laplace_eb_k5|absolute1,M6_blend,0.039661448291642906,0.053792502731084824,0.29153605015673983,0.219435736677116,,0.0,0.5,0.5,0.5
laplace_eb_k5|absolute1,M6_blend,0.03976175793608892,0.04719218615220632,0.27899686520376177,0.2445141065830721,,0.0,0.5,0.5,0.75
laplace_eb_k5|absolute1,M6_blend,0.04093427236901558,0.04676718139863313,0.27899686520376177,0.25391849529780564,,0.0,0.5,0.5,1.0
laplace_eb_k5|absolute1,M6_blend,0.03308871292518685,0.04168150780669948,0.27899686520376177,0.22570532915360503,,0.0,0.5,0.75,0.0
laplace_eb_k5|absolute1,M6_blend,0.033219612527857184,0.04468229710822195,0.28213166144200624,0.2445141065830721,,0.0,0.5,0.75,0.25
laplace_eb_k5|absolute1,M6_blend,0.03568452632702794,0.04506881386742323,0.2852664576802508,0.2601880877742947,,0.0,0.5,0.75,0.5
laplace_eb_k5|absolute1,M6_blend,0.03701117039464015,0.046156023421724764,0.28213166144200624,0.2727272727272727,,0.0,0.5,0.75,0.75
laplace_eb_k5|absolute1,M6_blend,0.038829485132414125,0.04625893593254882,0.2852664576802508,0.28213166144200624,,0.0,0.5,0.75,1.0
laplace_eb_k5|absolute1,M6_blend,0.03144984854388439,0.03727508954073194,0.26959247648902823,0.2664576802507837,,0.0,0.5,1.0,0.0
laplace_eb_k5|absolute1,M6_blend,0.031915117220386674,0.036386917272238146,0.2727272727272727,0.2884012539184953,,0.0,0.5,1.0,0.25
laplace_eb_k5|absolute1,M6_blend,0.034602707998396445,0.0354676970563899,0.27586206896551724,0.30094043887147337,,0.0,0.5,1.0,0.5
laplace_eb_k5|absolute1,M6_blend,0.03541150609755799,0.03717028941713904,0.28213166144200624,0.3072100313479624,,0.0,0.5,1.0,0.75
laplace_eb_k5|absolute1,M6_blend,0.035312880097638076,0.03811433730314144,0.27586206896551724,0.31974921630094044,,0.0,0.5,1.0,1.0
laplace_eb_k5|absolute1,M6_blend,-0.005357432367963237,-0.01471901611427902,0.21630094043887146,0.18181818181818182,,0.0,0.75,0.0,0.0
laplace_eb_k5|absolute1,M6_blend,0.01948945097421595,0.01401615522358111,0.2413793103448276,0.18495297805642633,,0.0,0.75,0.0,0.25
laplace_eb_k5|absolute1,M6_blend,0.03112655372310065,0.02318199036123237,0.2601880877742947,0.20376175548589343,,0.0,0.75,0.0,0.5
laplace_eb_k5|absolute1,M6_blend,0.04311783394536559,0.04173143498809734,0.26332288401253917,0.20376175548589343,,0.0,0.75,0.0,0.75
laplace_eb_k5|absolute1,M6_blend,0.045102663066637,0.05031795581353122,0.25705329153605017,0.22884012539184953,,0.0,0.75,0.0,1.0
laplace_eb_k5|absolute1,M6_blend,0.01225909793506544,0.015527892414025005,0.25705329153605017,0.1755485893416928,,0.0,0.75,0.25,0.0
laplace_eb_k5|absolute1,M6_blend,0.02922988033790888,0.021520149826910053,0.26959247648902823,0.2006269592476489,,0.0,0.75,0.25,0.25
laplace_eb_k5|absolute1,M6_blend,0.0379884485746702,0.04133049694114718,0.27899686520376177,0.2006269592476489,,0.0,0.75,0.25,0.5
laplace_eb_k5|absolute1,M6_blend,0.04013060821206489,0.04831119856817595,0.27586206896551724,0.21630094043887146,,0.0,0.75,0.25,0.75
laplace_eb_k5|absolute1,M6_blend,0.04119419522455136,0.047512914588365436,0.28213166144200624,0.22570532915360503,,0.0,0.75,0.25,1.0
laplace_eb_k5|absolute1,M6_blend,0.027411021639864492,0.02481790257144871,0.26959247648902823,0.21003134796238246,,0.0,0.75,0.5,0.0
laplace_eb_k5|absolute1,M6_blend,0.0350620943863594,0.039910565758106475,0.28213166144200624,0.21630094043887146,,0.0,0.75,0.5,0.25
laplace_eb_k5|absolute1,M6_blend,0.03885901903023981,0.04835068678547596,0.27899686520376177,0.2445141065830721,,0.0,0.75,0.5,0.5
laplace_eb_k5|absolute1,M6_blend,0.03983119349467413,0.04677736269876501,0.2727272727272727,0.25705329153605017,,0.0,0.75,0.5,0.75
laplace_eb_k5|absolute1,M6_blend,0.03960827672254753,0.046173027094722166,0.27586206896551724,0.2664576802507837,,0.0,0.75,0.5,1.0
laplace_eb_k5|absolute1,M6_blend,0.030551230012765898,0.036814744581342866,0.28213166144200624,0.23510971786833856,,0.0,0.75,0.75,0.0
laplace_eb_k5|absolute1,M6_blend,0.033823868666843414,0.039786510718373296,0.27899686520376177,0.2601880877742947,,0.0,0.75,0.75,0.25
laplace_eb_k5|absolute1,M6_blend,0.03547295196918487,0.04519963338036896,0.28213166144200624,0.2727272727272727,,0.0,0.75,0.75,0.5
laplace_eb_k5|absolute1,M6_blend,0.038104842444255965,0.04308352779398517,0.2884012539184953,0.28213166144200624,,0.0,0.75,0.75,0.75
laplace_eb_k5|absolute1,M6_blend,0.03851330574312309,0.043793156544523176,0.2884012539184953,0.2946708463949843,,0.0,0.75,0.75,1.0
laplace_eb_k5|absolute1,M6_blend,0.030839431826990515,0.029503984522763465,0.27586206896551724,0.29780564263322884,,0.0,0.75,1.0,0.0
laplace_eb_k5|absolute1,M6_blend,0.03308765191753482,0.03384480899824618,0.28213166144200624,0.30094043887147337,,0.0,0.75,1.0,0.25
laplace_eb_k5|absolute1,M6_blend,0.03420638459748408,0.036518619527170275,0.2852664576802508,0.30407523510971785,,0.0,0.75,1.0,0.5
laplace_eb_k5|absolute1,M6_blend,0.0364760489227963,0.03866676317066608,0.28213166144200624,0.31974921630094044,,0.0,0.75,1.0,0.75
laplace_eb_k5|absolute1,M6_blend,0.03550795900581324,0.038162290384309794,0.2884012539184953,0.32601880877742945,,0.0,0.75,1.0,1.0
laplace_eb_k5|absolute1,M6_blend,-0.0033858646012859626,-0.010719374791488379,0.22884012539184953,0.20376175548589343,,0.0,1.0,0.0,0.0
laplace_eb_k5|absolute1,M6_blend,-0.0006311297510031415,-0.009611455145581016,0.2445141065830721,0.22884012539184953,,0.0,1.0,0.0,0.25
laplace_eb_k5|absolute1,M6_blend,0.029559177255304638,0.022229676861841477,0.2664576802507837,0.21316614420062696,,0.0,1.0,0.0,0.5
laplace_eb_k5|absolute1,M6_blend,0.033847216372473635,0.019216063546256212,0.2507836990595611,0.25705329153605017,,0.0,1.0,0.0,0.75
laplace_eb_k5|absolute1,M6_blend,0.0390147774698794,0.036530186682005285,0.25391849529780564,0.25705329153605017,,0.0,1.0,0.0,1.0
laplace_eb_k5|absolute1,M6_blend,0.0030844914628795276,-0.005134686488996853,0.25391849529780564,0.219435736677116,,0.0,1.0,0.25,0.0
laplace_eb_k5|absolute1,M6_blend,0.027624124402004232,0.01970263137292339,0.26959247648902823,0.21630094043887146,,0.0,1.0,0.25,0.25
laplace_eb_k5|absolute1,M6_blend,0.030252375272696665,0.01901934133568154,0.2664576802507837,0.2413793103448276,,0.0,1.0,0.25,0.5
laplace_eb_k5|absolute1,M6_blend,0.0376989246642531,0.03445421335605618,0.2664576802507837,0.2413793103448276,,0.0,1.0,0.25,0.75
laplace_eb_k5|absolute1,M6_blend,0.03881025718655522,0.046011771983394054,0.27899686520376177,0.2445141065830721,,0.0,1.0,0.25,1.0
laplace_eb_k5|absolute1,M6_blend,0.026914604949862496,0.016932163107264378,0.26332288401253917,0.2413793103448276,,0.0,1.0,0.5,0.0
laplace_eb_k5|absolute1,M6_blend,0.029316560371358855,0.02582220657258572,0.26959247648902823,0.2476489028213166,,0.0,1.0,0.5,0.25
laplace_eb_k5|absolute1,M6_blend,0.03714504867239488,0.03794152543042147,0.26959247648902823,0.2601880877742947,,0.0,1.0,0.5,0.5
laplace_eb_k5|absolute1,M6_blend,0.03909205299497694,0.04510858287118072,0.2727272727272727,0.26332288401253917,,0.0,1.0,0.5,0.75
laplace_eb_k5|absolute1,M6_blend,0.03900418729666654,0.046125451750983266,0.28213166144200624,0.27899686520376177,,0.0,1.0,0.5,1.0
laplace_eb_k5|absolute1,M6_blend,0.02825426791422281,0.0185117808558911,0.26959247648902823,0.2727272727272727,,0.0,1.0,0.75,0.0
laplace_eb_k5|absolute1,M6_blend,0.03128390791873683,0.03410721113642555,0.2727272727272727,0.27899686520376177,,0.0,1.0,0.75,0.25
laplace_eb_k5|absolute1,M6_blend,0.03431133780355835,0.03848019792321707,0.2852664576802508,0.2884012539184953,,0.0,1.0,0.75,0.5
laplace_eb_k5|absolute1,M6_blend,0.03585117521132544,0.04156873890178331,0.28213166144200624,0.30407523510971785,,0.0,1.0,0.75,0.75
laplace_eb_k5|absolute1,M6_blend,0.037554563589315595,0.04114367795354894,0.2946708463949843,0.3072100313479624,,0.0,1.0,0.75,1.0
laplace_eb_k5|absolute1,M6_blend,0.028836961665640506,0.023136196757278474,0.2727272727272727,0.30094043887147337,,0.0,1.0,1.0,0.0
laplace_eb_k5|absolute1,M6_blend,0.02905722531401987,0.029997844669419023,0.27586206896551724,0.31347962382445144,,0.0,1.0,1.0,0.25
laplace_eb_k5|absolute1,M6_blend,0.032855026410937155,0.03706500895298013,0.28213166144200624,0.31974921630094044,,0.0,1.0,1.0,0.5
laplace_eb_k5|absolute1,M6_blend,0.03262843799608672,0.035366545358328234,0.2852664576802508,0.32601880877742945,,0.0,1.0,1.0,0.75
laplace_eb_k5|absolute1,M6_blend,0.034515436259013495,0.034886876138680405,0.2884012539184953,0.3385579937304075,,0.0,1.0,1.0,1.0
laplace_eb_k5|absolute1,M6_blend,-0.02573090872317892,-0.02839863057420545,0.11598746081504702,0.14420062695924765,,0.25,0.0,0.0,0.0
laplace_eb_k5|absolute1,M6_blend,0.02076647353437061,0.025987945929122944,0.16927899686520376,0.12852664576802508,,0.25,0.0,0.0,0.25
laplace_eb_k5|absolute1,M6_blend,0.03151729209921354,0.04172477799943622,0.22884012539184953,0.13166144200626959,,0.25,0.0,0.0,0.5
laplace_eb_k5|absolute1,M6_blend,0.03787928299473467,0.044855488516787376,0.25391849529780564,0.13793103448275862,,0.25,0.0,0.0,0.75
laplace_eb_k5|absolute1,M6_blend,0.03840819051264359,0.051750093476619095,0.2664576802507837,0.15987460815047022,,0.25,0.0,0.0,1.0
laplace_eb_k5|absolute1,M6_blend,0.010930370696149936,0.012707319846347582,0.1786833855799373,0.1724137931034483,,0.25,0.0,0.25,0.0
laplace_eb_k5|absolute1,M6_blend,0.02689687219890713,0.035223201185838555,0.2225705329153605,0.15987460815047022,,0.25,0.0,0.25,0.25
laplace_eb_k5|absolute1,M6_blend,0.03420902402930445,0.04399979054974538,0.26332288401253917,0.1724137931034483,,0.25,0.0,0.25,0.5
laplace_eb_k5|absolute1,M6_blend,0.03803804962697454,0.04670412792914713,0.27899686520376177,0.18495297805642633,,0.25,0.0,0.25,0.75
laplace_eb_k5|absolute1,M6_blend,0.03946055296637704,0.05139687639839223,0.29153605015673983,0.2006269592476489,,0.25,0.0,0.25,1.0
laplace_eb_k5|absolute1,M6_blend,0.017538560749294666,0.018890556251647705,0.22884012539184953,0.2006269592476489,,0.25,0.0,0.5,0.0
laplace_eb_k5|absolute1,M6_blend,0.02953755417663672,0.0348385440588558,0.2601880877742947,0.19435736677115986,,0.25,0.0,0.5,0.25
laplace_eb_k5|absolute1,M6_blend,0.03494383497794789,0.03900702586134773,0.27586206896551724,0.20689655172413793,,0.25,0.0,0.5,0.5
laplace_eb_k5|absolute1,M6_blend,0.03679400889053389,0.04594942949548784,0.2946708463949843,0.20689655172413793,,0.25,0.0,0.5,0.75
laplace_eb_k5|absolute1,M6_blend,0.03758174161864805,0.045748980873524206,0.2946708463949843,0.2445141065830721,,0.25,0.0,0.5,1.0
laplace_eb_k5|absolute1,M6_blend,0.016323999516349837,0.018268393883977937,0.25391849529780564,0.22884012539184953,,0.25,0.0,0.75,0.0
laplace_eb_k5|absolute1,M6_blend,0.026664097328534548,0.03546475456753121,0.27899686520376177,0.219435736677116,,0.25,0.0,0.75,0.25
laplace_eb_k5|absolute1,M6_blend,0.029885614697889324,0.04115199359560088,0.2946708463949843,0.22884012539184953,,0.25,0.0,0.75,0.5
laplace_eb_k5|absolute1,M6_blend,0.034253361127615095,0.04048704296397191,0.30094043887147337,0.25705329153605017,,0.25,0.0,0.75,0.75
laplace_eb_k5|absolute1,M6_blend,0.03455686322673264,0.03927855991224136,0.3072100313479624,0.25705329153605017,,0.25,0.0,0.75,1.0
laplace_eb_k5|absolute1,M6_blend,0.014954425954336305,0.015529051855159777,0.26959247648902823,0.26959247648902823,,0.25,0.0,1.0,0.0
laplace_eb_k5|absolute1,M6_blend,0.02221196574176999,0.024887282564815684,0.27586206896551724,0.2664576802507837,,0.25,0.0,1.0,0.25
laplace_eb_k5|absolute1,M6_blend,0.02875754698354683,0.028327268504517205,0.2852664576802508,0.2852664576802508,,0.25,0.0,1.0,0.5
laplace_eb_k5|absolute1,M6_blend,0.03047767875091319,0.03343487102363177,0.30407523510971785,0.2852664576802508,,0.25,0.0,1.0,0.75
laplace_eb_k5|absolute1,M6_blend,0.03172854763898014,0.032204738126185996,0.29153605015673983,0.30407523510971785,,0.25,0.0,1.0,1.0
laplace_eb_k5|absolute1,M6_blend,-0.020979594082862207,-0.03324075873509096,0.18495297805642633,0.19122257053291536,,0.25,0.25,0.0,0.0
laplace_eb_k5|absolute1,M6_blend,0.025153232017077996,0.023176516917151717,0.2225705329153605,0.1724137931034483,,0.25,0.25,0.0,0.25
laplace_eb_k5|absolute1,M6_blend,0.0356962836574517,0.042188521007478795,0.2507836990595611,0.16614420062695925,,0.25,0.25,0.0,0.5
laplace_eb_k5|absolute1,M6_blend,0.03878392636402593,0.050798096545157385,0.27586206896551724,0.18808777429467086,,0.25,0.25,0.0,0.75
laplace_eb_k5|absolute1,M6_blend,0.03907778328772558,0.04875368988112223,0.27586206896551724,0.20376175548589343,,0.25,0.25,0.0,1.0
laplace_eb_k5|absolute1,M6_blend,0.02216189016470291,0.025981779837963348,0.22570532915360503,0.16614420062695925,,0.25,0.25,0.25,0.0
laplace_eb_k5|absolute1,M6_blend,0.033624691493832556,0.046670565539299505,0.2601880877742947,0.16927899686520376,,0.25,0.25,0.25,0.25
laplace_eb_k5|absolute1,M6_blend,0.036821612324258034,0.04592783273807887,0.27899686520376177,0.2006269592476489,,0.25,0.25,0.25,0.5
laplace_eb_k5|absolute1,M6_blend,0.038119783293793154,0.046809707000431224,0.2884012539184953,0.20689655172413793,,0.25,0.25,0.25,0.75
laplace_eb_k5|absolute1,M6_blend,0.03889018045563319,0.047866927617489355,0.2884012539184953,0.2445141065830721,,0.25,0.25,0.25,1.0
laplace_eb_k5|absolute1,M6_blend,0.02713164055358262,0.032974309016451195,0.26332288401253917,0.2006269592476489,,0.25,0.25,0.5,0.0
laplace_eb_k5|absolute1,M6_blend,0.03302719849633829,0.04092416633212454,0.2852664576802508,0.21316614420062696,,0.25,0.25,0.5,0.25
laplace_eb_k5|absolute1,M6_blend,0.03539432858033127,0.04257299303774923,0.29780564263322884,0.219435736677116,,0.25,0.25,0.5,0.5
laplace_eb_k5|absolute1,M6_blend,0.03656506809487659,0.04341948503003599,0.2946708463949843,0.2601880877742947,,0.25,0.25,0.5,0.75
laplace_eb_k5|absolute1,M6_blend,0.03938594424395964,0.043070160354659846,0.2884012539184953,0.2727272727272727,,0.25,0.25,0.5,1.0
laplace_eb_k5|absolute1,M6_blend,0.026550991914409017,0.03331515042338999,0.28213166144200624,0.23510971786833856,,0.25,0.25,0.75,0.0
laplace_eb_k5|absolute1,M6_blend,0.02982045921782384,0.035929920613111746,0.29153605015673983,0.2413793103448276,,0.25,0.25,0.75,0.25
laplace_eb_k5|absolute1,M6_blend,0.03268537447593707,0.03809970177032731,0.29780564263322884,0.2727272727272727,,0.25,0.25,0.75,0.5
laplace_eb_k5|absolute1,M6_blend,0.03371070689815553,0.037077913078301376,0.29780564263322884,0.27899686520376177,,0.25,0.25,0.75,0.75
laplace_eb_k5|absolute1,M6_blend,0.03626228773468949,0.04103057706570924,0.30094043887147337,0.2852664576802508,,0.25,0.25,0.75,1.0
laplace_eb_k5|absolute1,M6_blend,0.022759068375166957,0.024803551818976956,0.27899686520376177,0.26332288401253917,,0.25,0.25,1.0,0.0
laplace_eb_k5|absolute1,M6_blend,0.02758714751842175,0.027957158460979552,0.2852664576802508,0.29780564263322884,,0.25,0.25,1.0,0.25
laplace_eb_k5|absolute1,M6_blend,0.030641651451152777,0.03285323371847969,0.29780564263322884,0.2946708463949843,,0.25,0.25,1.0,0.5
laplace_eb_k5|absolute1,M6_blend,0.0328161364337981,0.03173377655656734,0.29780564263322884,0.30407523510971785,,0.25,0.25,1.0,0.75
laplace_eb_k5|absolute1,M6_blend,0.033096451884833566,0.03513167535763549,0.29780564263322884,0.31347962382445144,,0.25,0.25,1.0,1.0
laplace_eb_k5|absolute1,M6_blend,-0.012087683594342244,-0.025331581402628398,0.21316614420062696,0.20376175548589343,,0.25,0.5,0.0,0.0
laplace_eb_k5|absolute1,M6_blend,0.01084866869880697,0.010097484381688426,0.23824451410658307,0.19122257053291536,,0.25,0.5,0.0,0.25
laplace_eb_k5|absolute1,M6_blend,0.02891299835828415,0.029399421813439425,0.26959247648902823,0.219435736677116,,0.25,0.5,0.0,0.5
laplace_eb_k5|absolute1,M6_blend,0.040457103146846855,0.047036361369686815,0.26959247648902823,0.219435736677116,,0.25,0.5,0.0,0.75
laplace_eb_k5|absolute1,M6_blend,0.04074423878129088,0.047676302480940534,0.2664576802507837,0.23824451410658307,,0.25,0.5,0.0,1.0
laplace_eb_k5|absolute1,M6_blend,0.0022234343507291075,-0.009181098796450606,0.2445141065830721,0.2006269592476489,,0.25,0.5,0.25,0.0
laplace_eb_k5|absolute1,M6_blend,0.030314727514241833,0.030741733198162157,0.28213166144200624,0.20689655172413793,,0.25,0.5,0.25,0.25
laplace_eb_k5|absolute1,M6_blend,0.03859704377735352,0.048278725878291746,0.29153605015673983,0.21003134796238246,,0.25,0.5,0.25,0.5
laplace_eb_k5|absolute1,M6_blend,0.040101384226145786,0.046813114087876855,0.2852664576802508,0.23824451410658307,,0.25,0.5,0.25,0.75
laplace_eb_k5|absolute1,M6_blend,0.039916782599347715,0.04558256820871912,0.2946708463949843,0.25705329153605017,,0.25,0.5,0.25,1.0
laplace_eb_k5|absolute1,M6_blend,0.025583675092750214,0.030641270643771628,0.28213166144200624,0.2225705329153605,,0.25,0.5,0.5,0.0
laplace_eb_k5|absolute1,M6_blend,0.03401945412539769,0.0393607877428442,0.2946708463949843,0.23510971786833856,,0.25,0.5,0.5,0.25
laplace_eb_k5|absolute1,M6_blend,0.035683225148467765,0.04175407585445616,0.2884012539184953,0.26332288401253917,,0.25,0.5,0.5,0.5
laplace_eb_k5|absolute1,M6_blend,0.039149735109925116,0.04577073635866276,0.29780564263322884,0.26959247648902823,,0.25,0.5,0.5,0.75
laplace_eb_k5|absolute1,M6_blend,0.03972805791628888,0.042444238339939086,0.29153605015673983,0.28213166144200624,,0.25,0.5,0.5,1.0
laplace_eb_k5|absolute1,M6_blend,0.02634392950258479,0.03151459631080911,0.2884012539184953,0.26332288401253917,,0.25,0.5,0.75,0.0
laplace_eb_k5|absolute1,M6_blend,0.03214770034013914,0.0364264888706439,0.2946708463949843,0.27586206896551724,,0.25,0.5,0.75,0.25
laplace_eb_k5|absolute1,M6_blend,0.0331989358344215,0.03680235342499231,0.30407523510971785,0.2852664576802508,,0.25,0.5,0.75,0.5
laplace_eb_k5|absolute1,M6_blend,0.03531492154823578,0.04167315699043319,0.29780564263322884,0.2946708463949843,,0.25,0.5,0.75,0.75
laplace_eb_k5|absolute1,M6_blend,0.03581572343952793,0.04091159475027207,0.2946708463949843,0.30407523510971785,,0.25,0.5,0.75,1.0
laplace_eb_k5|absolute1,M6_blend,0.028142462405779216,0.022696111141047134,0.27899686520376177,0.3103448275862069,,0.25,0.5,1.0,0.0
laplace_eb_k5|absolute1,M6_blend,0.03023357184870054,0.031666941905750375,0.29780564263322884,0.3103448275862069,,0.25,0.5,1.0,0.25
laplace_eb_k5|absolute1,M6_blend,0.03271657617519777,0.033122473037261575,0.30094043887147337,0.3166144200626959,,0.25,0.5,1.0,0.5
laplace_eb_k5|absolute1,M6_blend,0.03400698292693908,0.033212087032469834,0.2946708463949843,0.329153605015674,,0.25,0.5,1.0,0.75
laplace_eb_k5|absolute1,M6_blend,0.03365687617330954,0.03631921924160192,0.29780564263322884,0.3322884012539185,,0.25,0.5,1.0,1.0
laplace_eb_k5|absolute1,M6_blend,-0.008787654751831143,-0.01877568212562594,0.25705329153605017,0.219435736677116,,0.25,0.75,0.0,0.0
laplace_eb_k5|absolute1,M6_blend,-0.004804100022398801,-0.011910918843129585,0.25705329153605017,0.22884012539184953,,0.25,0.75,0.0,0.25
laplace_eb_k5|absolute1,M6_blend,0.027762877502412894,0.0175613278295366,0.2727272727272727,0.23824451410658307,,0.25,0.75,0.0,0.5
laplace_eb_k5|absolute1,M6_blend,0.03247395284253264,0.032530097600341215,0.27586206896551724,0.2476489028213166,,0.25,0.75,0.0,0.75
laplace_eb_k5|absolute1,M6_blend,0.04214824132774034,0.04199087702695479,0.27899686520376177,0.25391849529780564,,0.25,0.75,0.0,1.0
laplace_eb_k5|absolute1,M6_blend,2.938033753034398e-05,-0.00802482341103793,0.26959247648902823,0.23197492163009403,,0.25,0.75,0.25,0.0
laplace_eb_k5|absolute1,M6_blend,0.0267942468198186,0.01806837363536455,0.2852664576802508,0.2445141065830721,,0.25,0.75,0.25,0.25
laplace_eb_k5|absolute1,M6_blend,0.030374987296715533,0.02866276695763803,0.2852664576802508,0.2601880877742947,,0.25,0.75,0.25,0.5
laplace_eb_k5|absolute1,M6_blend,0.038450502923897685,0.04309438060396891,0.2852664576802508,0.25705329153605017,,0.25,0.75,0.25,0.75
laplace_eb_k5|absolute1,M6_blend,0.04017430175162623,0.04577222738566817,0.29780564263322884,0.26332288401253917,,0.25,0.75,0.25,1.0
laplace_eb_k5|absolute1,M6_blend,0.022454331075011037,0.01238658782503448,0.2852664576802508,0.25705329153605017,,0.25,0.75,0.5,0.0
laplace_eb_k5|absolute1,M6_blend,0.030677908645138773,0.02927570092874261,0.2946708463949843,0.26332288401253917,,0.25,0.75,0.5,0.25
laplace_eb_k5|absolute1,M6_blend,0.03386315438182545,0.037302785777840124,0.2946708463949843,0.26959247648902823,,0.25,0.75,0.5,0.5
laplace_eb_k5|absolute1,M6_blend,0.040030301851644724,0.04284422409057991,0.29780564263322884,0.28213166144200624,,0.25,0.75,0.5,0.75
laplace_eb_k5|absolute1,M6_blend,0.03932372249364811,0.04102810634574546,0.30094043887147337,0.29780564263322884,,0.25,0.75,0.5,1.0
laplace_eb_k5|absolute1,M6_blend,0.025124943795813363,0.02387592702123065,0.29780564263322884,0.28213166144200624,,0.25,0.75,0.75,0.0
laplace_eb_k5|absolute1,M6_blend,0.028538357640154118,0.027401363132609095,0.29780564263322884,0.2946708463949843,,0.25,0.75,0.75,0.25
laplace_eb_k5|absolute1,M6_blend,0.031229861721063377,0.03767239039641189,0.30407523510971785,0.30094043887147337,,0.25,0.75,0.75,0.5
laplace_eb_k5|absolute1,M6_blend,0.033589203254073635,0.03814205911512659,0.3072100313479624,0.30407523510971785,,0.25,0.75,0.75,0.75
laplace_eb_k5|absolute1,M6_blend,0.034587495245096744,0.03822693271930315,0.3103448275862069,0.3103448275862069,,0.25,0.75,0.75,1.0
laplace_eb_k5|absolute1,M6_blend,0.026230040877995957,0.025194560344036096,0.29780564263322884,0.31974921630094044,,0.25,0.75,1.0,0.0
laplace_eb_k5|absolute1,M6_blend,0.02863212771144121,0.030348694308144172,0.30407523510971785,0.31974921630094044,,0.25,0.75,1.0,0.25
laplace_eb_k5|absolute1,M6_blend,0.02999434164000764,0.031313002821887176,0.3072100313479624,0.329153605015674,,0.25,0.75,1.0,0.5
laplace_eb_k5|absolute1,M6_blend,0.03264054612300077,0.031754648669106086,0.30407523510971785,0.3385579937304075,,0.25,0.75,1.0,0.75
laplace_eb_k5|absolute1,M6_blend,0.03223570339898271,0.03309951891953295,0.3072100313479624,0.34169278996865204,,0.25,0.75,1.0,1.0
laplace_eb_k5|absolute1,M6_blend,-0.0071465162377897865,-0.016119668231021646,0.2664576802507837,0.23510971786833856,,0.25,1.0,0.0,0.0
laplace_eb_k5|absolute1,M6_blend,-0.005525721941389364,-0.015105913110007313,0.2664576802507837,0.2601880877742947,,0.25,1.0,0.0,0.25
laplace_eb_k5|absolute1,M6_blend,0.01910365711057512,0.014865328140299896,0.26959247648902823,0.2601880877742947,,0.25,1.0,0.0,0.5
laplace_eb_k5|absolute1,M6_blend,0.03111587279817781,0.015504748925426536,0.27586206896551724,0.2727272727272727,,0.25,1.0,0.0,0.75
laplace_eb_k5|absolute1,M6_blend,0.034260183861288235,0.034733120258605595,0.29153605015673983,0.27899686520376177,,0.25,1.0,0.0,1.0
laplace_eb_k5|absolute1,M6_blend,-0.0018797882226378507,-0.008438306016888364,0.27586206896551724,0.25391849529780564,,0.25,1.0,0.25,0.0
laplace_eb_k5|absolute1,M6_blend,0.01970076392927676,0.013180592275431911,0.27899686520376177,0.2664576802507837,,0.25,1.0,0.25,0.25
laplace_eb_k5|absolute1,M6_blend,0.02895902027190368,0.014076404892445358,0.28213166144200624,0.28213166144200624,,0.25,1.0,0.25,0.5
laplace_eb_k5|absolute1,M6_blend,0.03323421681141757,0.031497831243239224,0.29153605015673983,0.28213166144200624,,0.25,1.0,0.25,0.75
laplace_eb_k5|absolute1,M6_blend,0.03683887182332889,0.041168524869089965,0.30094043887147337,0.27899686520376177,,0.25,1.0,0.25,1.0
laplace_eb_k5|absolute1,M6_blend,0.008961300354754311,-0.005564352456585367,0.2664576802507837,0.3072100313479624,,0.25,1.0,0.5,0.0
laplace_eb_k5|absolute1,M6_blend,0.02740231864042962,0.01111044448604778,0.2884012539184953,0.29780564263322884,,0.25,1.0,0.5,0.25
laplace_eb_k5|absolute1,M6_blend,0.03160080764679225,0.027124500164884758,0.2946708463949843,0.29153605015673983,,0.25,1.0,0.5,0.5
laplace_eb_k5|absolute1,M6_blend,0.03620023334240817,0.03881749859938054,0.30094043887147337,0.29780564263322884,,0.25,1.0,0.5,0.75
laplace_eb_k5|absolute1,M6_blend,0.040195117383964085,0.03806327060332119,0.29780564263322884,0.3072100313479624,,0.25,1.0,0.5,1.0
laplace_eb_k5|absolute1,M6_blend,0.025030303534050315,0.009887655712313786,0.2884012539184953,0.30407523510971785,,0.25,1.0,0.75,0.0
laplace_eb_k5|absolute1,M6_blend,0.02797595005464403,0.02235896003704086,0.30407523510971785,0.30407523510971785,,0.25,1.0,0.75,0.25
laplace_eb_k5|absolute1,M6_blend,0.027987491326451147,0.03442145404070149,0.30094043887147337,0.3166144200626959,,0.25,1.0,0.75,0.5
laplace_eb_k5|absolute1,M6_blend,0.030943751805843807,0.037060003494113966,0.3072100313479624,0.3166144200626959,,0.25,1.0,0.75,0.75
laplace_eb_k5|absolute1,M6_blend,0.03401390712995693,0.037341766257925096,0.31347962382445144,0.3103448275862069,,0.25,1.0,0.75,1.0
laplace_eb_k5|absolute1,M6_blend,0.024699576130902696,0.02030355220537948,0.29780564263322884,0.32601880877742945,,0.25,1.0,1.0,0.0
laplace_eb_k5|absolute1,M6_blend,0.026847870451618825,0.023628871047104413,0.30407523510971785,0.3322884012539185,,0.25,1.0,1.0,0.25
laplace_eb_k5|absolute1,M6_blend,0.027667509824417295,0.02621521570699342,0.30094043887147337,0.34169278996865204,,0.25,1.0,1.0,0.5
laplace_eb_k5|absolute1,M6_blend,0.03154269820116333,0.032808217754278064,0.3072100313479624,0.335423197492163,,0.25,1.0,1.0,0.75
laplace_eb_k5|absolute1,M6_blend,0.03335797624182007,0.03293542030229464,0.3072100313479624,0.3448275862068966,,0.25,1.0,1.0,1.0
laplace_eb_k5|absolute1,M6_blend,-0.031370793119208686,-0.036520045460858686,0.15673981191222572,0.22884012539184953,,0.5,0.0,0.0,0.0
laplace_eb_k5|absolute1,M6_blend,0.012955478818955616,0.03044141598956712,0.22884012539184953,0.1755485893416928,,0.5,0.0,0.0,0.25
laplace_eb_k5|absolute1,M6_blend,0.02643879678244607,0.036528691847963396,0.2507836990595611,0.19122257053291536,,0.5,0.0,0.0,0.5
laplace_eb_k5|absolute1,M6_blend,0.03326156745603253,0.040536929062074255,0.27899686520376177,0.20376175548589343,,0.5,0.0,0.0,0.75
laplace_eb_k5|absolute1,M6_blend,0.03676019133766583,0.04573554789711689,0.30094043887147337,0.20376175548589343,,0.5,0.0,0.0,1.0
laplace_eb_k5|absolute1,M6_blend,0.002743375162776466,0.011094391381011861,0.21316614420062696,0.23197492163009403,,0.5,0.0,0.25,0.0
laplace_eb_k5|absolute1,M6_blend,0.021292827093967393,0.03297643908839614,0.25391849529780564,0.20689655172413793,,0.5,0.0,0.25,0.25
laplace_eb_k5|absolute1,M6_blend,0.02893475324720577,0.0375851335873985,0.27899686520376177,0.219435736677116,,0.5,0.0,0.25,0.5
laplace_eb_k5|absolute1,M6_blend,0.03392143079513527,0.03945872975881197,0.2946708463949843,0.22570532915360503,,0.5,0.0,0.25,0.75
laplace_eb_k5|absolute1,M6_blend,0.03691540893081338,0.04017604185636141,0.29780564263322884,0.2413793103448276,,0.5,0.0,0.25,1.0
laplace_eb_k5|absolute1,M6_blend,0.012075447313782413,0.009688281749016064,0.2476489028213166,0.2727272727272727,,0.5,0.0,0.5,0.0
laplace_eb_k5|absolute1,M6_blend,0.02105636338428605,0.032294299780481664,0.28213166144200624,0.23197492163009403,,0.5,0.0,0.5,0.25
laplace_eb_k5|absolute1,M6_blend,0.026544263624323102,0.033474305498656064,0.30094043887147337,0.23510971786833856,,0.5,0.0,0.5,0.5
laplace_eb_k5|absolute1,M6_blend,0.031148918452227153,0.03846081074175416,0.31347962382445144,0.2507836990595611,,0.5,0.0,0.5,0.75
laplace_eb_k5|absolute1,M6_blend,0.03344848205930509,0.04118545639524265,0.3166144200626959,0.26332288401253917,,0.5,0.0,0.5,1.0
laplace_eb_k5|absolute1,M6_blend,0.012538789264202236,0.01168589858005413,0.2601880877742947,0.2852664576802508,,0.5,0.0,0.75,0.0
laplace_eb_k5|absolute1,M6_blend,0.019962639218792405,0.02748903656687856,0.2884012539184953,0.25705329153605017,,0.5,0.0,0.75,0.25
laplace_eb_k5|absolute1,M6_blend,0.024676337506959387,0.029155171414994893,0.30094043887147337,0.27899686520376177,,0.5,0.0,0.75,0.5
laplace_eb_k5|absolute1,M6_blend,0.030734750995643708,0.03487931496717713,0.31974921630094044,0.27586206896551724,,0.5,0.0,0.75,0.75
laplace_eb_k5|absolute1,M6_blend,0.03152690695864965,0.03743933875779373,0.3166144200626959,0.2852664576802508,,0.5,0.0,0.75,1.0
laplace_eb_k5|absolute1,M6_blend,0.008876144346899878,0.005936144836550596,0.2727272727272727,0.31974921630094044,,0.5,0.0,1.0,0.0
laplace_eb_k5|absolute1,M6_blend,0.020443100448016817,0.02239140979128198,0.2946708463949843,0.29780564263322884,,0.5,0.0,1.0,0.25
laplace_eb_k5|absolute1,M6_blend,0.02569588715850178,0.02883808822794394,0.30407523510971785,0.29780564263322884,,0.5,0.0,1.0,0.5
laplace_eb_k5|absolute1,M6_blend,0.027606417694137537,0.03281214577510813,0.3103448275862069,0.30407523510971785,,0.5,0.0,1.0,0.75
laplace_eb_k5|absolute1,M6_blend,0.0296164685412117,0.03197211313257023,0.3072100313479624,0.322884012539185,,0.5,0.0,1.0,1.0
laplace_eb_k5|absolute1,M6_blend,-0.026934737051096756,-0.03285128138609067,0.21316614420062696,0.2601880877742947,,0.5,0.25,0.0,0.0
laplace_eb_k5|absolute1,M6_blend,-0.006813319332066049,-0.013019376285490944,0.2413793103448276,0.23510971786833856,,0.5,0.25,0.0,0.25
laplace_eb_k5|absolute1,M6_blend,0.028783941751766042,0.03613864122466608,0.26959247648902823,0.219435736677116,,0.5,0.25,0.0,0.5
laplace_eb_k5|absolute1,M6_blend,0.03732316124683632,0.04596776011922516,0.29780564263322884,0.219435736677116,,0.5,0.25,0.0,0.75
laplace_eb_k5|absolute1,M6_blend,0.03748798533289742,0.04326234761403646,0.29153605015673983,0.2445141065830721,,0.5,0.25,0.0,1.0
laplace_eb_k5|absolute1,M6_blend,-0.014370066001597613,-0.015235134158108302,0.2413793103448276,0.23197492163009403,,0.5,0.25,0.25,0.0
laplace_eb_k5|absolute1,M6_blend,0.023413002308286253,0.03686956665405659,0.27586206896551724,0.2225705329153605,,0.5,0.25,0.25,0.25
laplace_eb_k5|absolute1,M6_blend,0.031942378215922426,0.04358666734682355,0.30407523510971785,0.22884012539184953,,0.5,0.25,0.25,0.5
laplace_eb_k5|absolute1,M6_blend,0.037222478228752715,0.03967356732039242,0.2946708463949843,0.2476489028213166,,0.5,0.25,0.25,0.75
laplace_eb_k5|absolute1,M6_blend,0.03627011536727691,0.04111388170373477,0.30407523510971785,0.26332288401253917,,0.5,0.25,0.25,1.0
laplace_eb_k5|absolute1,M6_blend,0.01785713663735217,0.0326776161299417,0.28213166144200624,0.23510971786833856,,0.5,0.25,0.5,0.0
laplace_eb_k5|absolute1,M6_blend,0.027307291177593614,0.032239819733793834,0.29780564263322884,0.2413793103448276,,0.5,0.25,0.5,0.25
laplace_eb_k5|absolute1,M6_blend,0.030462006963778855,0.037105023125215755,0.30094043887147337,0.25705329153605017,,0.5,0.25,0.5,0.5
laplace_eb_k5|absolute1,M6_blend,0.03252691484044745,0.04058737572878132,0.3103448275862069,0.2727272727272727,,0.5,0.25,0.5,0.75
laplace_eb_k5|absolute1,M6_blend,0.033490365302956036,0.041090251148027314,0.30407523510971785,0.28213166144200624,,0.5,0.25,0.5,1.0
laplace_eb_k5|absolute1,M6_blend,0.02122987829258025,0.024634056599069164,0.2884012539184953,0.26959247648902823,,0.5,0.25,0.75,0.0
laplace_eb_k5|absolute1,M6_blend,0.026468728450211806,0.02697767916377809,0.2884012539184953,0.2852664576802508,,0.5,0.25,0.75,0.25
laplace_eb_k5|absolute1,M6_blend,0.029454591138562046,0.03533515554844025,0.3072100313479624,0.2884012539184953,,0.5,0.25,0.75,0.5
laplace_eb_k5|absolute1,M6_blend,0.03169485380536832,0.037087834098589456,0.31347962382445144,0.29780564263322884,,0.5,0.25,0.75,0.75
laplace_eb_k5|absolute1,M6_blend,0.03236169044266758,0.03628065846977189,0.30407523510971785,0.3166144200626959,,0.5,0.25,0.75,1.0
laplace_eb_k5|absolute1,M6_blend,0.02118092777439794,0.019068876999579255,0.2852664576802508,0.3103448275862069,,0.5,0.25,1.0,0.0
laplace_eb_k5|absolute1,M6_blend,0.023589135141001593,0.028983149046901625,0.30094043887147337,0.3103448275862069,,0.5,0.25,1.0,0.25
laplace_eb_k5|absolute1,M6_blend,0.02808970427602012,0.033918779670351354,0.31347962382445144,0.31347962382445144,,0.5,0.25,1.0,0.5
laplace_eb_k5|absolute1,M6_blend,0.03015464475110029,0.031023412580867545,0.30407523510971785,0.335423197492163,,0.5,0.25,1.0,0.75
laplace_eb_k5|absolute1,M6_blend,0.030767190246524582,0.033007699412331684,0.3072100313479624,0.335423197492163,,0.5,0.25,1.0,1.0
laplace_eb_k5|absolute1,M6_blend,-0.020262579902463457,-0.029286510786946666,0.2445141065830721,0.2507836990595611,,0.5,0.5,0.0,0.0
laplace_eb_k5|absolute1,M6_blend,-0.01048760043546252,-0.015355729699415099,0.25705329153605017,0.2601880877742947,,0.5,0.5,0.0,0.25
laplace_eb_k5|absolute1,M6_blend,0.021874146417190654,0.016232072267693038,0.2852664576802508,0.2476489028213166,,0.5,0.5,0.0,0.5
laplace_eb_k5|absolute1,M6_blend,0.03587767491138334,0.03136020290393814,0.2884012539184953,0.2664576802507837,,0.5,0.5,0.0,0.75
laplace_eb_k5|absolute1,M6_blend,0.03863634192013523,0.04557737267830155,0.30407523510971785,0.25705329153605017,,0.5,0.5,0.0,1.0
laplace_eb_k5|absolute1,M6_blend,-0.010616664696486925,-0.015177465239568937,0.25391849529780564,0.2601880877742947,,0.5,0.5,0.25,0.0
laplace_eb_k5|absolute1,M6_blend,0.020884420722457823,0.011013404434097224,0.2852664576802508,0.2601880877742947,,0.5,0.5,0.25,0.25
laplace_eb_k5|absolute1,M6_blend,0.031297885992878235,0.036811924291348386,0.29780564263322884,0.2601880877742947,,0.5,0.5,0.25,0.5
laplace_eb_k5|absolute1,M6_blend,0.03794816172398534,0.041991090547982425,0.30407523510971785,0.2664576802507837,,0.5,0.5,0.25,0.75
laplace_eb_k5|absolute1,M6_blend,0.03840959422128033,0.04162522948414181,0.30094043887147337,0.27899686520376177,,0.5,0.5,0.25,1.0
laplace_eb_k5|absolute1,M6_blend,0.016176928101788467,0.011945519479558011,0.27899686520376177,0.2727272727272727,,0.5,0.5,0.5,0.0
laplace_eb_k5|absolute1,M6_blend,0.024469346036882073,0.030842861610239948,0.30407523510971785,0.2727272727272727,,0.5,0.5,0.5,0.25
laplace_eb_k5|absolute1,M6_blend,0.03101021270739691,0.03939862358953138,0.31347962382445144,0.27899686520376177,,0.5,0.5,0.5,0.5
laplace_eb_k5|absolute1,M6_blend,0.032634914621174044,0.04009900236251212,0.3103448275862069,0.2852664576802508,,0.5,0.5,0.5,0.75
laplace_eb_k5|absolute1,M6_blend,0.03470540350883274,0.04199811555795535,0.31347962382445144,0.30094043887147337,,0.5,0.5,0.5,1.0
laplace_eb_k5|absolute1,M6_blend,0.020952646261779062,0.022481164927112645,0.29153605015673983,0.2946708463949843,,0.5,0.5,0.75,0.0
laplace_eb_k5|absolute1,M6_blend,0.028003432441891036,0.034647270861931354,0.3103448275862069,0.29780564263322884,,0.5,0.5,0.75,0.25
laplace_eb_k5|absolute1,M6_blend,0.031130839983300476,0.03469482387728452,0.31347962382445144,0.3103448275862069,,0.5,0.5,0.75,0.5
laplace_eb_k5|absolute1,M6_blend,0.031269329186085534,0.03569979873430393,0.31974921630094044,0.31974921630094044,,0.5,0.5,0.75,0.75
laplace_eb_k5|absolute1,M6_blend,0.03205279105131839,0.03881749610028297,0.3166144200626959,0.32601880877742945,,0.5,0.5,0.75,1.0
laplace_eb_k5|absolute1,M6_blend,0.024744344149410707,0.022965426857475203,0.29780564263322884,0.329153605015674,,0.5,0.5,1.0,0.0
laplace_eb_k5|absolute1,M6_blend,0.025049388111390784,0.03322309312822303,0.3166144200626959,0.3166144200626959,,0.5,0.5,1.0,0.25
laplace_eb_k5|absolute1,M6_blend,0.028409921587232694,0.03190888806616998,0.31347962382445144,0.3322884012539185,,0.5,0.5,1.0,0.5
laplace_eb_k5|absolute1,M6_blend,0.028918995286214985,0.030698026901221948,0.3072100313479624,0.3448275862068966,,0.5,0.5,1.0,0.75
laplace_eb_k5|absolute1,M6_blend,0.03093775857748052,0.031907712789631934,0.3103448275862069,0.3448275862068966,,0.5,0.5,1.0,1.0
laplace_eb_k5|absolute1,M6_blend,-0.012353497389746419,-0.02482458352341921,0.2664576802507837,0.28213166144200624,,0.5,0.75,0.0,0.0
laplace_eb_k5|absolute1,M6_blend,-0.009680450195976976,-0.015934334641620283,0.2852664576802508,0.28213166144200624,,0.5,0.75,0.0,0.25
laplace_eb_k5|absolute1,M6_blend,0.012403432021006636,0.00858375358871158,0.2852664576802508,0.27899686520376177,,0.5,0.75,0.0,0.5
laplace_eb_k5|absolute1,M6_blend,0.028100320874185118,0.014328604429773403,0.2946708463949843,0.29153605015673983,,0.5,0.75,0.0,0.75
laplace_eb_k5|absolute1,M6_blend,0.03435196815767158,0.03458819179839475,0.3166144200626959,0.2884012539184953,,0.5,0.75,0.0,1.0
laplace_eb_k5|absolute1,M6_blend,-0.010182296670814191,-0.019689864814748586,0.28213166144200624,0.2884012539184953,,0.5,0.75,0.25,0.0
laplace_eb_k5|absolute1,M6_blend,0.003123130742407453,-0.0040971174672666385,0.27899686520376177,0.30094043887147337,,0.5,0.75,0.25,0.25
laplace_eb_k5|absolute1,M6_blend,0.025343251662543108,0.009649806320200146,0.2946708463949843,0.29780564263322884,,0.5,0.75,0.25,0.5
laplace_eb_k5|absolute1,M6_blend,0.03378817146715065,0.03222447025318131,0.30094043887147337,0.2884012539184953,,0.5,0.75,0.25,0.75
laplace_eb_k5|absolute1,M6_blend,0.038489793331557484,0.04249577246442857,0.3103448275862069,0.2884012539184953,,0.5,0.75,0.25,1.0
laplace_eb_k5|absolute1,M6_blend,-0.0038651457114213046,-0.02248299298194882,0.2852664576802508,0.31974921630094044,,0.5,0.75,0.5,0.0
laplace_eb_k5|absolute1,M6_blend,0.024634494409887946,0.011226276770747941,0.29780564263322884,0.29780564263322884,,0.5,0.75,0.5,0.25
laplace_eb_k5|absolute1,M6_blend,0.02754232135907893,0.03263305465115649,0.3103448275862069,0.30094043887147337,,0.5,0.75,0.5,0.5
laplace_eb_k5|absolute1,M6_blend,0.02978169493316747,0.0376722879567677,0.3166144200626959,0.30407523510971785,,0.5,0.75,0.5,0.75
laplace_eb_k5|absolute1,M6_blend,0.033953647945736,0.03903783363841918,0.31974921630094044,0.3072100313479624,,0.5,0.75,0.5,1.0
laplace_eb_k5|absolute1,M6_blend,0.02111325850832257,0.011517432357730537,0.29153605015673983,0.31974921630094044,,0.5,0.75,0.75,0.0
laplace_eb_k5|absolute1,M6_blend,0.026438422432935167,0.024877885303994332,0.31347962382445144,0.3166144200626959,,0.5,0.75,0.75,0.25
laplace_eb_k5|absolute1,M6_blend,0.025356678062772,0.029643399319772064,0.3166144200626959,0.32601880877742945,,0.5,0.75,0.75,0.5
laplace_eb_k5|absolute1,M6_blend,0.029418719601223418,0.03295429514540026,0.322884012539185,0.322884012539185,,0.5,0.75,0.75,0.75
laplace_eb_k5|absolute1,M6_blend,0.031006230185379048,0.03705292226612381,0.322884012539185,0.322884012539185,,0.5,0.75,0.75,1.0
laplace_eb_k5|absolute1,M6_blend,0.02273209094295834,0.021983320331405324,0.3166144200626959,0.3385579937304075,,0.5,0.75,1.0,0.0
laplace_eb_k5|absolute1,M6_blend,0.023820362526632777,0.025982207977753073,0.3166144200626959,0.34169278996865204,,0.5,0.75,1.0,0.25
laplace_eb_k5|absolute1,M6_blend,0.026688791060202877,0.029995942435761605,0.3166144200626959,0.34796238244514105,,0.5,0.75,1.0,0.5
laplace_eb_k5|absolute1,M6_blend,0.028215296035855243,0.030521193139698814,0.31974921630094044,0.34796238244514105,,0.5,0.75,1.0,0.75
laplace_eb_k5|absolute1,M6_blend,0.029896134629173114,0.03014941832348471,0.31974921630094044,0.3542319749216301,,0.5,0.75,1.0,1.0
laplace_eb_k5|absolute1,M6_blend,-0.012099177014413619,-0.022509113292802464,0.28213166144200624,0.2946708463949843,,0.5,1.0,0.0,0.0
laplace_eb_k5|absolute1,M6_blend,-0.010341265016067816,-0.018673291108731567,0.2884012539184953,0.30407523510971785,,0.5,1.0,0.0,0.25
laplace_eb_k5|absolute1,M6_blend,-0.006128210256168946,-0.017442343528835003,0.27586206896551724,0.3103448275862069,,0.5,1.0,0.0,0.5
laplace_eb_k5|absolute1,M6_blend,0.02377979386521499,0.013845278866892697,0.30407523510971785,0.30094043887147337,,0.5,1.0,0.0,0.75
laplace_eb_k5|absolute1,M6_blend,0.02842903313712813,0.019881809801797507,0.31347962382445144,0.3103448275862069,,0.5,1.0,0.0,1.0
laplace_eb_k5|absolute1,M6_blend,-0.013279605131004438,-0.019653741387083985,0.2852664576802508,0.3103448275862069,,0.5,1.0,0.25,0.0
laplace_eb_k5|absolute1,M6_blend,-0.003063319730657261,-0.018397439364635833,0.27586206896551724,0.3166144200626959,,0.5,1.0,0.25,0.25
laplace_eb_k5|absolute1,M6_blend,0.023568474341572127,0.008464546377849429,0.2946708463949843,0.3166144200626959,,0.5,1.0,0.25,0.5
laplace_eb_k5|absolute1,M6_blend,0.027448467439059633,0.014913124992836231,0.3072100313479624,0.31347962382445144,,0.5,1.0,0.25,0.75
laplace_eb_k5|absolute1,M6_blend,0.03192448266808385,0.02719977347407969,0.3072100313479624,0.31347962382445144,,0.5,1.0,0.25,1.0
laplace_eb_k5|absolute1,M6_blend,-0.005448360734614958,-0.023516411563165508,0.28213166144200624,0.3448275862068966,,0.5,1.0,0.5,0.0
laplace_eb_k5|absolute1,M6_blend,0.018693008512875874,0.006414637074668579,0.29780564263322884,0.329153605015674,,0.5,1.0,0.5,0.25
laplace_eb_k5|absolute1,M6_blend,0.01990175231467033,0.0138503987237017,0.3103448275862069,0.31974921630094044,,0.5,1.0,0.5,0.5
laplace_eb_k5|absolute1,M6_blend,0.027246870435424286,0.033013892643223734,0.31974921630094044,0.31347962382445144,,0.5,1.0,0.5,0.75
laplace_eb_k5|absolute1,M6_blend,0.030746327899555528,0.033981590587237036,0.3166144200626959,0.322884012539185,,0.5,1.0,0.5,1.0
laplace_eb_k5|absolute1,M6_blend,0.017500048838205773,0.0077946823569113935,0.30407523510971785,0.32601880877742945,,0.5,1.0,0.75,0.0
laplace_eb_k5|absolute1,M6_blend,0.01962304429245523,0.012507236501359641,0.31347962382445144,0.329153605015674,,0.5,1.0,0.75,0.25
laplace_eb_k5|absolute1,M6_blend,0.024441409622454818,0.02520035904449729,0.31347962382445144,0.335423197492163,,0.5,1.0,0.75,0.5
laplace_eb_k5|absolute1,M6_blend,0.025314680260079988,0.03313814679330045,0.322884012539185,0.3322884012539185,,0.5,1.0,0.75,0.75
laplace_eb_k5|absolute1,M6_blend,0.031580780163685235,0.03525818792116306,0.322884012539185,0.3385579937304075,,0.5,1.0,0.75,1.0
laplace_eb_k5|absolute1,M6_blend,0.019536128212222597,0.00738467812117738,0.3072100313479624,0.3542319749216301,,0.5,1.0,1.0,0.0
laplace_eb_k5|absolute1,M6_blend,0.02271099447973862,0.02359335725910985,0.31974921630094044,0.34796238244514105,,0.5,1.0,1.0,0.25
laplace_eb_k5|absolute1,M6_blend,0.02370988157952251,0.02654310197899334,0.31974921630094044,0.34796238244514105,,0.5,1.0,1.0,0.5
laplace_eb_k5|absolute1,M6_blend,0.02582537149877875,0.03195947797554414,0.322884012539185,0.3510971786833856,,0.5,1.0,1.0,0.75
laplace_eb_k5|absolute1,M6_blend,0.030457184053607422,0.03129942604226752,0.31974921630094044,0.3542319749216301,,0.5,1.0,1.0,1.0
laplace_eb_k5|absolute1,M6_blend,-0.04434060071571677,-0.04715310124721273,0.18495297805642633,0.322884012539185,,0.75,0.0,0.0,0.0
laplace_eb_k5|absolute1,M6_blend,-0.02375416375764546,-0.019769581682909994,0.21630094043887146,0.27586206896551724,,0.75,0.0,0.0,0.25
laplace_eb_k5|absolute1,M6_blend,0.017198626864234786,0.03238052672773693,0.26959247648902823,0.2445141065830721,,0.75,0.0,0.0,0.5
laplace_eb_k5|absolute1,M6_blend,0.025031985078592507,0.03426213068508056,0.28213166144200624,0.2507836990595611,,0.75,0.0,0.0,0.75
laplace_eb_k5|absolute1,M6_blend,0.03219433174657387,0.04037488757583041,0.2946708463949843,0.2507836990595611,,0.75,0.0,0.0,1.0
laplace_eb_k5|absolute1,M6_blend,-0.025905473005283276,-0.022689564603156055,0.2006269592476489,0.329153605015674,,0.75,0.0,0.25,0.0
laplace_eb_k5|absolute1,M6_blend,0.01112002227216713,0.01983469842603214,0.2601880877742947,0.27586206896551724,,0.75,0.0,0.25,0.25
laplace_eb_k5|absolute1,M6_blend,0.018636912815771352,0.029324119332535512,0.2852664576802508,0.26959247648902823,,0.75,0.0,0.25,0.5
laplace_eb_k5|absolute1,M6_blend,0.02570679026856331,0.035517944916382105,0.2884012539184953,0.27586206896551724,,0.75,0.0,0.25,0.75
laplace_eb_k5|absolute1,M6_blend,0.02981465399357573,0.037130098930066656,0.29780564263322884,0.29153605015673983,,0.75,0.0,0.25,1.0
laplace_eb_k5|absolute1,M6_blend,0.003153702702133541,0.005116723466162398,0.2445141065830721,0.322884012539185,,0.75,0.0,0.5,0.0
laplace_eb_k5|absolute1,M6_blend,0.0142021559490154,0.020316534012929773,0.27899686520376177,0.30094043887147337,,0.75,0.0,0.5,0.25
laplace_eb_k5|absolute1,M6_blend,0.021019300997229654,0.025810022514348493,0.2884012539184953,0.2884012539184953,,0.75,0.0,0.5,0.5
laplace_eb_k5|absolute1,M6_blend,0.022593664976763954,0.02874028179385819,0.29780564263322884,0.3072100313479624,,0.75,0.0,0.5,0.75
laplace_eb_k5|absolute1,M6_blend,0.028573833469350256,0.03409311055062707,0.29780564263322884,0.3103448275862069,,0.75,0.0,0.5,1.0
laplace_eb_k5|absolute1,M6_blend,0.0058699373730218595,0.005966523282673665,0.26332288401253917,0.3448275862068966,,0.75,0.0,0.75,0.0
laplace_eb_k5|absolute1,M6_blend,0.016660940245479126,0.018585726934073486,0.27899686520376177,0.322884012539185,,0.75,0.0,0.75,0.25
laplace_eb_k5|absolute1,M6_blend,0.020256457031186847,0.025429954641384766,0.2852664576802508,0.322884012539185,,0.75,0.0,0.75,0.5
laplace_eb_k5|absolute1,M6_blend,0.02287414305072261,0.02600176965228069,0.29153605015673983,0.329153605015674,,0.75,0.0,0.75,0.75
laplace_eb_k5|absolute1,M6_blend,0.02924652135817457,0.030775659335164067,0.30094043887147337,0.34169278996865204,,0.75,0.0,0.75,1.0
laplace_eb_k5|absolute1,M6_blend,0.0043944075726426645,0.0009705424425557116,0.26959247648902823,0.36363636363636365,,0.75,0.0,1.0,0.0
laplace_eb_k5|absolute1,M6_blend,0.01441518092980918,0.015713288691070013,0.2852664576802508,0.34796238244514105,,0.75,0.0,1.0,0.25
laplace_eb_k5|absolute1,M6_blend,0.017111899572793726,0.024487466939657834,0.29780564263322884,0.3385579937304075,,0.75,0.0,1.0,0.5
laplace_eb_k5|absolute1,M6_blend,0.02283737194063545,0.027921601814629517,0.30407523510971785,0.3510971786833856,,0.75,0.0,1.0,0.75
laplace_eb_k5|absolute1,M6_blend,0.025265612450411336,0.03164916764652841,0.31347962382445144,0.3542319749216301,,0.75,0.0,1.0,1.0
laplace_eb_k5|absolute1,M6_blend,-0.035080211839568644,-0.043377787376926234,0.219435736677116,0.3166144200626959,,0.75,0.25,0.0,0.0
laplace_eb_k5|absolute1,M6_blend,-0.021840788954380977,-0.024602508271656068,0.2445141065830721,0.29780564263322884,,0.75,0.25,0.0,0.25
laplace_eb_k5|absolute1,M6_blend,0.008736550464275758,0.011089853650443605,0.27586206896551724,0.2852664576802508,,0.75,0.25,0.0,0.5
laplace_eb_k5|absolute1,M6_blend,0.028641025673657453,0.03824457805311792,0.30094043887147337,0.2664576802507837,,0.75,0.25,0.0,0.75
laplace_eb_k5|absolute1,M6_blend,0.03506568648718756,0.040664883137776935,0.30094043887147337,0.27586206896551724,,0.75,0.25,0.0,1.0
laplace_eb_k5|absolute1,M6_blend,-0.023145543526198315,-0.030908436926087617,0.23197492163009403,0.3166144200626959,,0.75,0.25,0.25,0.0
laplace_eb_k5|absolute1,M6_blend,0.005685189904078654,0.01708375815547372,0.28213166144200624,0.27899686520376177,,0.75,0.25,0.25,0.25
laplace_eb_k5|absolute1,M6_blend,0.023132780121038997,0.031832689857314744,0.30407523510971785,0.27586206896551724,,0.75,0.25,0.25,0.5
laplace_eb_k5|absolute1,M6_blend,0.028977592969748164,0.03786049518138637,0.31347962382445144,0.2852664576802508,,0.75,0.25,0.25,0.75
laplace_eb_k5|absolute1,M6_blend,0.030783896213280704,0.03653472597742903,0.30407523510971785,0.29780564263322884,,0.75,0.25,0.25,1.0
laplace_eb_k5|absolute1,M6_blend,-0.005692109359791057,4.6657649420645546e-05,0.2601880877742947,0.322884012539185,,0.75,0.25,0.5,0.0
laplace_eb_k5|absolute1,M6_blend,0.016060390278160284,0.022706729526336664,0.2852664576802508,0.30407523510971785,,0.75,0.25,0.5,0.25
laplace_eb_k5|absolute1,M6_blend,0.024417953204802726,0.02872044538209057,0.29780564263322884,0.3166144200626959,,0.75,0.25,0.5,0.5
laplace_eb_k5|absolute1,M6_blend,0.026739899798589154,0.031767369449418915,0.2946708463949843,0.31974921630094044,,0.75,0.25,0.5,0.75
laplace_eb_k5|absolute1,M6_blend,0.028959256560533202,0.03473458564066588,0.29780564263322884,0.335423197492163,,0.75,0.25,0.5,1.0
laplace_eb_k5|absolute1,M6_blend,0.0156473040382923,0.01748687382729076,0.28213166144200624,0.3166144200626959,,0.75,0.25,0.75,0.0
laplace_eb_k5|absolute1,M6_blend,0.020553237624659472,0.022640581123040387,0.28213166144200624,0.322884012539185,,0.75,0.25,0.75,0.25
laplace_eb_k5|absolute1,M6_blend,0.022605878947746086,0.026377244160560233,0.29153605015673983,0.335423197492163,,0.75,0.25,0.75,0.5
laplace_eb_k5|absolute1,M6_blend,0.025988548900454746,0.030582554860268268,0.30407523510971785,0.3448275862068966,,0.75,0.25,0.75,0.75
laplace_eb_k5|absolute1,M6_blend,0.02728561948797112,0.03281356157226996,0.3072100313479624,0.3510971786833856,,0.75,0.25,0.75,1.0
laplace_eb_k5|absolute1,M6_blend,0.0159164120849956,0.015283881321689553,0.2852664576802508,0.3510971786833856,,0.75,0.25,1.0,0.0
laplace_eb_k5|absolute1,M6_blend,0.016606088404984964,0.022446479811844035,0.2946708463949843,0.3542319749216301,,0.75,0.25,1.0,0.25
laplace_eb_k5|absolute1,M6_blend,0.02154554235711821,0.027523616369708577,0.30094043887147337,0.3542319749216301,,0.75,0.25,1.0,0.5
laplace_eb_k5|absolute1,M6_blend,0.026080496430742832,0.03128701907386974,0.3072100313479624,0.3573667711598746,,0.75,0.25,1.0,0.75
laplace_eb_k5|absolute1,M6_blend,0.026514568898332536,0.03233454464044317,0.3166144200626959,0.3542319749216301,,0.75,0.25,1.0,1.0
laplace_eb_k5|absolute1,M6_blend,-0.030683077027456908,-0.03626259034470331,0.2445141065830721,0.322884012539185,,0.75,0.5,0.0,0.0
laplace_eb_k5|absolute1,M6_blend,-0.02481868600468565,-0.025884583417244467,0.2727272727272727,0.31347962382445144,,0.75,0.5,0.0,0.25
laplace_eb_k5|absolute1,M6_blend,-0.005568019948169962,-0.003513404719975301,0.27899686520376177,0.3166144200626959,,0.75,0.5,0.0,0.5
laplace_eb_k5|absolute1,M6_blend,0.02209083577681647,0.01773151062826004,0.2946708463949843,0.31347962382445144,,0.75,0.5,0.0,0.75
laplace_eb_k5|absolute1,M6_blend,0.03302824549410908,0.03684074245977177,0.3103448275862069,0.3103448275862069,,0.75,0.5,0.0,1.0
laplace_eb_k5|absolute1,M6_blend,-0.021714580646537855,-0.0312278578437421,0.25705329153605017,0.322884012539185,,0.75,0.5,0.25,0.0
laplace_eb_k5|absolute1,M6_blend,-0.009970125583412046,-0.021665507734849536,0.28213166144200624,0.322884012539185,,0.75,0.5,0.25,0.25
laplace_eb_k5|absolute1,M6_blend,0.02113566065609141,0.020446658963600296,0.30407523510971785,0.3103448275862069,,0.75,0.5,0.25,0.5
laplace_eb_k5|absolute1,M6_blend,0.026975210034500614,0.03396675421573152,0.31347962382445144,0.30407523510971785,,0.75,0.5,0.25,0.75
laplace_eb_k5|absolute1,M6_blend,0.03031238332652786,0.03965999252603719,0.31974921630094044,0.3166144200626959,,0.75,0.5,0.25,1.0
laplace_eb_k5|absolute1,M6_blend,-0.013317195520681118,-0.017577386726873423,0.27586206896551724,0.329153605015674,,0.75,0.5,0.5,0.0
laplace_eb_k5|absolute1,M6_blend,0.017576155131566074,0.01768198869772092,0.29153605015673983,0.32601880877742945,,0.75,0.5,0.5,0.25
laplace_eb_k5|absolute1,M6_blend,0.020948649920546503,0.03038373420184309,0.3166144200626959,0.32601880877742945,,0.75,0.5,0.5,0.5
laplace_eb_k5|absolute1,M6_blend,0.0264326288555229,0.03351683182449176,0.3103448275862069,0.335423197492163,,0.75,0.5,0.5,0.75
laplace_eb_k5|absolute1,M6_blend,0.027840468213375835,0.035688115803519015,0.31347962382445144,0.34169278996865204,,0.75,0.5,0.5,1.0
laplace_eb_k5|absolute1,M6_blend,0.01304596157162185,0.012804296451582804,0.2946708463949843,0.329153605015674,,0.75,0.5,0.75,0.0
laplace_eb_k5|absolute1,M6_blend,0.01818697506658402,0.02233217361158338,0.3072100313479624,0.3385579937304075,,0.75,0.5,0.75,0.25
laplace_eb_k5|absolute1,M6_blend,0.023305320208266395,0.030773423320167116,0.31347962382445144,0.34796238244514105,,0.75,0.5,0.75,0.5
laplace_eb_k5|absolute1,M6_blend,0.025186584659656914,0.030796484338545874,0.3166144200626959,0.34796238244514105,,0.75,0.5,0.75,0.75
laplace_eb_k5|absolute1,M6_blend,0.02749450277756679,0.03150334380870703,0.31974921630094044,0.3510971786833856,,0.75,0.5,0.75,1.0
laplace_eb_k5|absolute1,M6_blend,0.01637238172834404,0.024719790640202435,0.31347962382445144,0.3510971786833856,,0.75,0.5,1.0,0.0
laplace_eb_k5|absolute1,M6_blend,0.01925728358895834,0.024667973090021587,0.31347962382445144,0.36363636363636365,,0.75,0.5,1.0,0.25
laplace_eb_k5|absolute1,M6_blend,0.02481155245960531,0.029127418726308967,0.3166144200626959,0.3573667711598746,,0.75,0.5,1.0,0.5
laplace_eb_k5|absolute1,M6_blend,0.02582305825049172,0.031104228724973704,0.3166144200626959,0.3667711598746082,,0.75,0.5,1.0,0.75
laplace_eb_k5|absolute1,M6_blend,0.027336188716917873,0.02934448651058547,0.3166144200626959,0.3730407523510972,,0.75,0.5,1.0,1.0
laplace_eb_k5|absolute1,M6_blend,-0.02655735043787603,-0.03271853084147537,0.27586206896551724,0.329153605015674,,0.75,0.75,0.0,0.0
laplace_eb_k5|absolute1,M6_blend,-0.02016715663389763,-0.023099170314574317,0.2884012539184953,0.3322884012539185,,0.75,0.75,0.0,0.25
laplace_eb_k5|absolute1,M6_blend,-0.014167730032481202,-0.019694109473575992,0.2946708463949843,0.3448275862068966,,0.75,0.75,0.0,0.5
laplace_eb_k5|absolute1,M6_blend,0.01669957454407541,0.011624629302738602,0.3103448275862069,0.329153605015674,,0.75,0.75,0.0,0.75
laplace_eb_k5|absolute1,M6_blend,0.025035636686212923,0.02890632938021403,0.31974921630094044,0.3322884012539185,,0.75,0.75,0.0,1.0
laplace_eb_k5|absolute1,M6_blend,-0.022447302055243902,-0.030719633538240924,0.2884012539184953,0.34796238244514105,,0.75,0.75,0.25,0.0
laplace_eb_k5|absolute1,M6_blend,-0.009184919824083346,-0.021327157017299002,0.29153605015673983,0.34796238244514105,,0.75,0.75,0.25,0.25
laplace_eb_k5|absolute1,M6_blend,0.012393545096046408,0.007394144889609567,0.3072100313479624,0.34169278996865204,,0.75,0.75,0.25,0.5
laplace_eb_k5|absolute1,M6_blend,0.017587263094407668,0.023928150733156264,0.322884012539185,0.32601880877742945,,0.75,0.75,0.25,0.75
laplace_eb_k5|absolute1,M6_blend,0.02539318074829715,0.03424256877699242,0.322884012539185,0.3322884012539185,,0.75,0.75,0.25,1.0
laplace_eb_k5|absolute1,M6_blend,-0.011448536827950261,-0.025498954538361034,0.2884012539184953,0.3667711598746082,,0.75,0.75,0.5,0.0
laplace_eb_k5|absolute1,M6_blend,0.012590802017682081,0.013257970151762978,0.3103448275862069,0.335423197492163,,0.75,0.75,0.5,0.25
laplace_eb_k5|absolute1,M6_blend,0.019441345540842717,0.02132883274396385,0.3166144200626959,0.34169278996865204,,0.75,0.75,0.5,0.5
laplace_eb_k5|absolute1,M6_blend,0.02205079907189698,0.02888035803426022,0.3166144200626959,0.3510971786833856,,0.75,0.75,0.5,0.75
laplace_eb_k5|absolute1,M6_blend,0.02836562545014363,0.03547419492026855,0.32601880877742945,0.34169278996865204,,0.75,0.75,0.5,1.0
laplace_eb_k5|absolute1,M6_blend,0.0026032439640411315,-0.00042209142474545206,0.29780564263322884,0.3542319749216301,,0.75,0.75,0.75,0.0
laplace_eb_k5|absolute1,M6_blend,0.01844476727670131,0.01729611523426065,0.31347962382445144,0.34796238244514105,,0.75,0.75,0.75,0.25
laplace_eb_k5|absolute1,M6_blend,0.020278974374435876,0.028179039647306395,0.322884012539185,0.34796238244514105,,0.75,0.75,0.75,0.5
laplace_eb_k5|absolute1,M6_blend,0.02411795889927978,0.031257510056783414,0.32601880877742945,0.34169278996865204,,0.75,0.75,0.75,0.75
laplace_eb_k5|absolute1,M6_blend,0.028854470271224703,0.034544953837009805,0.329153605015674,0.34169278996865204,,0.75,0.75,0.75,1.0
laplace_eb_k5|absolute1,M6_blend,0.015094293620604979,0.015148267792216662,0.31347962382445144,0.3667711598746082,,0.75,0.75,1.0,0.0
laplace_eb_k5|absolute1,M6_blend,0.019311037033123805,0.022197477998311243,0.31974921630094044,0.36990595611285265,,0.75,0.75,1.0,0.25
laplace_eb_k5|absolute1,M6_blend,0.022657527373774838,0.023242456634123124,0.3166144200626959,0.3761755485893417,,0.75,0.75,1.0,0.5
laplace_eb_k5|absolute1,M6_blend,0.02664793855091663,0.029912114715594858,0.32601880877742945,0.36363636363636365,,0.75,0.75,1.0,0.75
laplace_eb_k5|absolute1,M6_blend,0.028030630569970807,0.03017341017396099,0.322884012539185,0.36990595611285265,,0.75,0.75,1.0,1.0
laplace_eb_k5|absolute1,M6_blend,-0.022210535506350847,-0.029597567598741256,0.2946708463949843,0.34796238244514105,,0.75,1.0,0.0,0.0
laplace_eb_k5|absolute1,M6_blend,-0.016290431994953298,-0.022359749144614676,0.2946708463949843,0.3542319749216301,,0.75,1.0,0.0,0.25
laplace_eb_k5|absolute1,M6_blend,-0.012782786257887485,-0.02050878758013809,0.29780564263322884,0.3667711598746082,,0.75,1.0,0.0,0.5
laplace_eb_k5|absolute1,M6_blend,0.003705736253928215,0.01085516571017642,0.3166144200626959,0.34169278996865204,,0.75,1.0,0.0,0.75
laplace_eb_k5|absolute1,M6_blend,0.023521679133210748,0.0139925643731621,0.3103448275862069,0.3510971786833856,,0.75,1.0,0.0,1.0
laplace_eb_k5|absolute1,M6_blend,-0.019746855682277614,-0.029732105231677478,0.29780564263322884,0.36990595611285265,,0.75,1.0,0.25,0.0
laplace_eb_k5|absolute1,M6_blend,-0.014967165123894047,-0.017856775091079337,0.29780564263322884,0.3542319749216301,,0.75,1.0,0.25,0.25
laplace_eb_k5|absolute1,M6_blend,-0.0006534535448960027,-0.0030745235987030975,0.30407523510971785,0.3573667711598746,,0.75,1.0,0.25,0.5
laplace_eb_k5|absolute1,M6_blend,0.017497432615198535,0.010093020619736943,0.3103448275862069,0.3542319749216301,,0.75,1.0,0.25,0.75
laplace_eb_k5|absolute1,M6_blend,0.02171659895143597,0.020971411646440112,0.322884012539185,0.3542319749216301,,0.75,1.0,0.25,1.0
laplace_eb_k5|absolute1,M6_blend,-0.010807945938507235,-0.022939062475877868,0.29780564263322884,0.36990595611285265,,0.75,1.0,0.5,0.0
laplace_eb_k5|absolute1,M6_blend,-0.005717194535459789,-0.022085831375051067,0.29780564263322884,0.3761755485893417,,0.75,1.0,0.5,0.25
laplace_eb_k5|absolute1,M6_blend,0.016153709118356313,0.010482497595040403,0.3103448275862069,0.3573667711598746,,0.75,1.0,0.5,0.5
laplace_eb_k5|absolute1,M6_blend,0.021824104571131594,0.023683301578961945,0.3166144200626959,0.3573667711598746,,0.75,1.0,0.5,0.75
laplace_eb_k5|absolute1,M6_blend,0.025455824483200856,0.03199814513419116,0.322884012539185,0.3542319749216301,,0.75,1.0,0.5,1.0
laplace_eb_k5|absolute1,M6_blend,-0.006870269151945474,-0.020022584037814393,0.29780564263322884,0.3667711598746082,,0.75,1.0,0.75,0.0
laplace_eb_k5|absolute1,M6_blend,0.01587531396536823,0.009764084189569689,0.3103448275862069,0.3573667711598746,,0.75,1.0,0.75,0.25
laplace_eb_k5|absolute1,M6_blend,0.01953965069058909,0.017170000797995952,0.3166144200626959,0.3573667711598746,,0.75,1.0,0.75,0.5
laplace_eb_k5|absolute1,M6_blend,0.024265612545317138,0.029933721819734874,0.329153605015674,0.34796238244514105,,0.75,1.0,0.75,0.75
laplace_eb_k5|absolute1,M6_blend,0.025063676428387114,0.0280386148411839,0.32601880877742945,0.3542319749216301,,0.75,1.0,0.75,1.0
laplace_eb_k5|absolute1,M6_blend,0.014179701456250644,0.008070729404314185,0.3103448275862069,0.3730407523510972,,0.75,1.0,1.0,0.0
laplace_eb_k5|absolute1,M6_blend,0.01758371732236949,0.013288258607017583,0.31347962382445144,0.3761755485893417,,0.75,1.0,1.0,0.25
laplace_eb_k5|absolute1,M6_blend,0.021655193688867695,0.02314293864518871,0.322884012539185,0.36990595611285265,,0.75,1.0,1.0,0.5
laplace_eb_k5|absolute1,M6_blend,0.023629888845236383,0.024534777145494114,0.32601880877742945,0.3730407523510972,,0.75,1.0,1.0,0.75
laplace_eb_k5|absolute1,M6_blend,0.02809996636884588,0.03029438041641047,0.32601880877742945,0.36990595611285265,,0.75,1.0,1.0,1.0
laplace_eb_k5|absolute1,M6_blend,-0.05774025683098203,-0.0606839994441566,0.1974921630094044,0.36990595611285265,,1.0,0.0,0.0,0.0
laplace_eb_k5|absolute1,M6_blend,-0.033744190639237066,-0.04316298552674933,0.22884012539184953,0.335423197492163,,1.0,0.0,0.0,0.25
laplace_eb_k5|absolute1,M6_blend,0.0008875089559644664,0.027578825849257294,0.3072100313479624,0.2664576802507837,,1.0,0.0,0.0,0.5
laplace_eb_k5|absolute1,M6_blend,0.016587214968708217,0.029409975222192214,0.3103448275862069,0.2727272727272727,,1.0,0.0,0.0,0.75
laplace_eb_k5|absolute1,M6_blend,0.02328010714254374,0.034239097857456595,0.31347962382445144,0.29153605015673983,,1.0,0.0,0.0,1.0
laplace_eb_k5|absolute1,M6_blend,-0.034002805319625316,-0.0342217160266208,0.21630094043887146,0.3605015673981191,,1.0,0.0,0.25,0.0
laplace_eb_k5|absolute1,M6_blend,-0.01313283312259611,0.0012613569377544905,0.2601880877742947,0.31974921630094044,,1.0,0.0,0.25,0.25
laplace_eb_k5|absolute1,M6_blend,0.012904880267137275,0.02331442821502312,0.29153605015673983,0.2884012539184953,,1.0,0.0,0.25,0.5
laplace_eb_k5|absolute1,M6_blend,0.01516318873657181,0.030419670897871724,0.30407523510971785,0.3103448275862069,,1.0,0.0,0.25,0.75
laplace_eb_k5|absolute1,M6_blend,0.02344282362652531,0.03494015288156775,0.31347962382445144,0.3072100313479624,,1.0,0.0,0.25,1.0
laplace_eb_k5|absolute1,M6_blend,-0.024498890784138427,-0.026913959509620097,0.2476489028213166,0.36990595611285265,,1.0,0.0,0.5,0.0
laplace_eb_k5|absolute1,M6_blend,0.005329269860661111,0.01732830487215033,0.28213166144200624,0.31974921630094044,,1.0,0.0,0.5,0.25
laplace_eb_k5|absolute1,M6_blend,0.012595452279157954,0.024750519590598288,0.30094043887147337,0.3166144200626959,,1.0,0.0,0.5,0.5
laplace_eb_k5|absolute1,M6_blend,0.018086159164786068,0.028041259750583702,0.30094043887147337,0.329153605015674,,1.0,0.0,0.5,0.75
laplace_eb_k5|absolute1,M6_blend,0.019987834715082867,0.030161080257178847,0.3072100313479624,0.34169278996865204,,1.0,0.0,0.5,1.0
laplace_eb_k5|absolute1,M6_blend,-0.000429386943409003,0.0024457400004878685,0.26959247648902823,0.3667711598746082,,1.0,0.0,0.75,0.0
laplace_eb_k5|absolute1,M6_blend,0.008190376064602226,0.018857795324725417,0.29153605015673983,0.34169278996865204,,1.0,0.0,0.75,0.25
laplace_eb_k5|absolute1,M6_blend,0.014812182876915757,0.025396303078130494,0.30407523510971785,0.335423197492163,,1.0,0.0,0.75,0.5
laplace_eb_k5|absolute1,M6_blend,0.017040149412692815,0.027231423213470694,0.3072100313479624,0.3448275862068966,,1.0,0.0,0.75,0.75
laplace_eb_k5|absolute1,M6_blend,0.021690630593712616,0.031561451494039786,0.31974921630094044,0.3448275862068966,,1.0,0.0,0.75,1.0
laplace_eb_k5|absolute1,M6_blend,-0.00021932559652181855,-0.001125218060603336,0.28213166144200624,0.39184952978056425,,1.0,0.0,1.0,0.0
laplace_eb_k5|absolute1,M6_blend,0.008500330587148937,0.015610762676194918,0.29780564263322884,0.36363636363636365,,1.0,0.0,1.0,0.25
laplace_eb_k5|absolute1,M6_blend,0.012191028993975601,0.021041370986677636,0.30407523510971785,0.3667711598746082,,1.0,0.0,1.0,0.5
laplace_eb_k5|absolute1,M6_blend,0.016299928612752493,0.022369091542069813,0.3103448275862069,0.3605015673981191,,1.0,0.0,1.0,0.75
laplace_eb_k5|absolute1,M6_blend,0.019110415113881944,0.027969357140105348,0.3103448275862069,0.3573667711598746,,1.0,0.0,1.0,1.0
laplace_eb_k5|absolute1,M6_blend,-0.04256346164555511,-0.056199845720701455,0.22570532915360503,0.3667711598746082,,1.0,0.25,0.0,0.0
laplace_eb_k5|absolute1,M6_blend,-0.03186666860684311,-0.03533006406923447,0.27586206896551724,0.34169278996865204,,1.0,0.25,0.0,0.25
laplace_eb_k5|absolute1,M6_blend,-0.020343550334521197,-0.025477897796231004,0.29780564263322884,0.3322884012539185,,1.0,0.25,0.0,0.5
laplace_eb_k5|absolute1,M6_blend,0.016528334617105594,0.031181420220009585,0.32601880877742945,0.2946708463949843,,1.0,0.25,0.0,0.75
laplace_eb_k5|absolute1,M6_blend,0.02831611207395724,0.038331147259959605,0.3322884012539185,0.2946708463949843,,1.0,0.25,0.0,1.0
laplace_eb_k5|absolute1,M6_blend,-0.031200276980503275,-0.03650848825570184,0.2445141065830721,0.3542319749216301,,1.0,0.25,0.25,0.0
laplace_eb_k5|absolute1,M6_blend,-0.02107098078300035,-0.02141865986314687,0.2727272727272727,0.335423197492163,,1.0,0.25,0.25,0.25
laplace_eb_k5|absolute1,M6_blend,0.010614224236483998,0.02681860078978688,0.30407523510971785,0.31974921630094044,,1.0,0.25,0.25,0.5
laplace_eb_k5|absolute1,M6_blend,0.022770122728885442,0.036368234766220975,0.322884012539185,0.3072100313479624,,1.0,0.25,0.25,0.75
laplace_eb_k5|absolute1,M6_blend,0.02375999880543059,0.03512773804109672,0.31347962382445144,0.329153605015674,,1.0,0.25,0.25,1.0
laplace_eb_k5|absolute1,M6_blend,-0.020594772303599976,-0.025518210435455494,0.25705329153605017,0.36363636363636365,,1.0,0.25,0.5,0.0
laplace_eb_k5|absolute1,M6_blend,0.007084974289313807,0.018568673419261054,0.29153605015673983,0.3385579937304075,,1.0,0.25,0.5,0.25
laplace_eb_k5|absolute1,M6_blend,0.016059312854887143,0.028132810523050333,0.30094043887147337,0.3322884012539185,,1.0,0.25,0.5,0.5
laplace_eb_k5|absolute1,M6_blend,0.02087477592916858,0.029769157109122292,0.30407523510971785,0.34796238244514105,,1.0,0.25,0.5,0.75
laplace_eb_k5|absolute1,M6_blend,0.023307126838552652,0.030159244658337865,0.3103448275862069,0.34796238244514105,,1.0,0.25,0.5,1.0
laplace_eb_k5|absolute1,M6_blend,0.004566073829227537,0.01743142165500542,0.27899686520376177,0.3542319749216301,,1.0,0.25,0.75,0.0
laplace_eb_k5|absolute1,M6_blend,0.01321581610667271,0.024873848887726806,0.3072100313479624,0.34169278996865204,,1.0,0.25,0.75,0.25
laplace_eb_k5|absolute1,M6_blend,0.017133256000443308,0.02592715549758609,0.30407523510971785,0.3510971786833856,,1.0,0.25,0.75,0.5
laplace_eb_k5|absolute1,M6_blend,0.019070202005276104,0.03044350173172532,0.3103448275862069,0.3542319749216301,,1.0,0.25,0.75,0.75
laplace_eb_k5|absolute1,M6_blend,0.0222890329778466,0.0313182111280652,0.31347962382445144,0.3510971786833856,,1.0,0.25,0.75,1.0
laplace_eb_k5|absolute1,M6_blend,0.008298903012092402,0.015614045696292178,0.29153605015673983,0.3730407523510972,,1.0,0.25,1.0,0.0
laplace_eb_k5|absolute1,M6_blend,0.012852125807510422,0.021029077201707984,0.30094043887147337,0.36990595611285265,,1.0,0.25,1.0,0.25
laplace_eb_k5|absolute1,M6_blend,0.015106518890768085,0.021210712920815968,0.30094043887147337,0.3667711598746082,,1.0,0.25,1.0,0.5
laplace_eb_k5|absolute1,M6_blend,0.017625567250819305,0.02623201503789163,0.3103448275862069,0.36363636363636365,,1.0,0.25,1.0,0.75
laplace_eb_k5|absolute1,M6_blend,0.02037459828282,0.028463729928746868,0.3072100313479624,0.36363636363636365,,1.0,0.25,1.0,1.0
laplace_eb_k5|absolute1,M6_blend,-0.03836135667640555,-0.04484727365609994,0.2507836990595611,0.3667711598746082,,1.0,0.5,0.0,0.0
laplace_eb_k5|absolute1,M6_blend,-0.03116844099328974,-0.03713571989097192,0.29780564263322884,0.3605015673981191,,1.0,0.5,0.0,0.25
laplace_eb_k5|absolute1,M6_blend,-0.021740127435475928,-0.020537867546548665,0.30094043887147337,0.3448275862068966,,1.0,0.5,0.0,0.5
laplace_eb_k5|absolute1,M6_blend,0.008336320642492222,0.01019845397261243,0.329153605015674,0.335423197492163,,1.0,0.5,0.0,0.75
laplace_eb_k5|absolute1,M6_blend,0.019873560191999807,0.026286578745957825,0.3385579937304075,0.3385579937304075,,1.0,0.5,0.0,1.0
laplace_eb_k5|absolute1,M6_blend,-0.029516777791642926,-0.040726361521826265,0.27899686520376177,0.3573667711598746,,1.0,0.5,0.25,0.0
laplace_eb_k5|absolute1,M6_blend,-0.02346038793750396,-0.025145399918470264,0.2884012539184953,0.3510971786833856,,1.0,0.5,0.25,0.25
laplace_eb_k5|absolute1,M6_blend,0.0072148411719293966,0.013793640597767217,0.31974921630094044,0.329153605015674,,1.0,0.5,0.25,0.5
laplace_eb_k5|absolute1,M6_blend,0.01886782230032875,0.03175941528898422,0.32601880877742945,0.322884012539185,,1.0,0.5,0.25,0.75
laplace_eb_k5|absolute1,M6_blend,0.02324284910137398,0.0371236367542355,0.329153605015674,0.322884012539185,,1.0,0.5,0.25,1.0
laplace_eb_k5|absolute1,M6_blend,-0.024438241293021648,-0.024062003192950192,0.2852664576802508,0.3605015673981191,,1.0,0.5,0.5,0.0
laplace_eb_k5|absolute1,M6_blend,-0.0032710835787389163,-0.001064042511124596,0.29153605015673983,0.3573667711598746,,1.0,0.5,0.5,0.25
laplace_eb_k5|absolute1,M6_blend,0.016576881441955956,0.024446708970589325,0.31974921630094044,0.3385579937304075,,1.0,0.5,0.5,0.5
laplace_eb_k5|absolute1,M6_blend,0.018821150437846,0.02855780574735429,0.322884012539185,0.3448275862068966,,1.0,0.5,0.5,0.75
laplace_eb_k5|absolute1,M6_blend,0.02300282774794346,0.033452390468326106,0.3385579937304075,0.335423197492163,,1.0,0.5,0.5,1.0
laplace_eb_k5|absolute1,M6_blend,-0.010245608411949969,-0.015464940473297172,0.30407523510971785,0.36363636363636365,,1.0,0.5,0.75,0.0
laplace_eb_k5|absolute1,M6_blend,0.013089618045234192,0.022022279347278483,0.322884012539185,0.34796238244514105,,1.0,0.5,0.75,0.25
laplace_eb_k5|absolute1,M6_blend,0.015069101150052151,0.028061944664365446,0.32601880877742945,0.34796238244514105,,1.0,0.5,0.75,0.5
laplace_eb_k5|absolute1,M6_blend,0.01947395318529329,0.03240978613869524,0.335423197492163,0.3448275862068966,,1.0,0.5,0.75,0.75
laplace_eb_k5|absolute1,M6_blend,0.023473771972102292,0.03531978857414476,0.34169278996865204,0.335423197492163,,1.0,0.5,0.75,1.0
laplace_eb_k5|absolute1,M6_blend,0.011948815243560524,0.022540047239266968,0.31974921630094044,0.3605015673981191,,1.0,0.5,1.0,0.0
laplace_eb_k5|absolute1,M6_blend,0.010768513918635786,0.01807616196782985,0.31347962382445144,0.36990595611285265,,1.0,0.5,1.0,0.25
laplace_eb_k5|absolute1,M6_blend,0.013494153729807543,0.026032459714849916,0.32601880877742945,0.36363636363636365,,1.0,0.5,1.0,0.5
laplace_eb_k5|absolute1,M6_blend,0.01907423185290671,0.02838125221174339,0.322884012539185,0.3667711598746082,,1.0,0.5,1.0,0.75
laplace_eb_k5|absolute1,M6_blend,0.020817916076587926,0.0303620715803674,0.329153605015674,0.36363636363636365,,1.0,0.5,1.0,1.0
laplace_eb_k5|absolute1,M6_blend,-0.0341572089158932,-0.03773385537408736,0.30094043887147337,0.3605015673981191,,1.0,0.75,0.0,0.0
laplace_eb_k5|absolute1,M6_blend,-0.02875966329662159,-0.03230025242068177,0.3072100313479624,0.36363636363636365,,1.0,0.75,0.0,0.25
laplace_eb_k5|absolute1,M6_blend,-0.022525233613297446,-0.023629791742675356,0.31974921630094044,0.36363636363636365,,1.0,0.75,0.0,0.5
laplace_eb_k5|absolute1,M6_blend,-0.008268983457619346,-0.006280799048914805,0.32601880877742945,0.3573667711598746,,1.0,0.75,0.0,0.75
laplace_eb_k5|absolute1,M6_blend,0.014644133342867018,0.011962760940521115,0.335423197492163,0.34796238244514105,,1.0,0.75,0.0,1.0
laplace_eb_k5|absolute1,M6_blend,-0.03317825023534629,-0.03888939009237813,0.29153605015673983,0.3761755485893417,,1.0,0.75,0.25,0.0
laplace_eb_k5|absolute1,M6_blend,-0.018498285926012895,-0.02605650413979931,0.3072100313479624,0.3605015673981191,,1.0,0.75,0.25,0.25
laplace_eb_k5|absolute1,M6_blend,-0.009058376192910797,-0.022722856343072785,0.31347962382445144,0.36363636363636365,,1.0,0.75,0.25,0.5
laplace_eb_k5|absolute1,M6_blend,0.011755688875438413,0.0130007269684237,0.32601880877742945,0.3542319749216301,,1.0,0.75,0.25,0.75
laplace_eb_k5|absolute1,M6_blend,0.020732986967764575,0.032945255605871776,0.3385579937304075,0.3385579937304075,,1.0,0.75,0.25,1.0
laplace_eb_k5|absolute1,M6_blend,-0.01866998893457013,-0.030575825934966903,0.29153605015673983,0.3761755485893417,,1.0,0.75,0.5,0.0
laplace_eb_k5|absolute1,M6_blend,-0.010819236482737547,-0.02184386239576863,0.29780564263322884,0.3667711598746082,,1.0,0.75,0.5,0.25
laplace_eb_k5|absolute1,M6_blend,0.013530514302720785,0.009611443607691313,0.3166144200626959,0.3605015673981191,,1.0,0.75,0.5,0.5
laplace_eb_k5|absolute1,M6_blend,0.018327101538963362,0.028398905019494807,0.329153605015674,0.34796238244514105,,1.0,0.75,0.5,0.75
laplace_eb_k5|absolute1,M6_blend,0.020433987683886004,0.031798301317194785,0.3385579937304075,0.3385579937304075,,1.0,0.75,0.5,1.0
laplace_eb_k5|absolute1,M6_blend,-0.012031685217264573,-0.018359554563663595,0.30407523510971785,0.36990595611285265,,1.0,0.75,0.75,0.0
laplace_eb_k5|absolute1,M6_blend,0.011482986572765001,0.013299662573117073,0.3166144200626959,0.3605015673981191,,1.0,0.75,0.75,0.25
laplace_eb_k5|absolute1,M6_blend,0.01646886726921946,0.02398687796112512,0.329153605015674,0.3510971786833856,,1.0,0.75,0.75,0.5
laplace_eb_k5|absolute1,M6_blend,0.018116183731713437,0.030827360432069503,0.335423197492163,0.3448275862068966,,1.0,0.75,0.75,0.75
laplace_eb_k5|absolute1,M6_blend,0.024138311810944238,0.03225953149431178,0.335423197492163,0.3510971786833856,,1.0,0.75,0.75,1.0
laplace_eb_k5|absolute1,M6_blend,0.003614509944933422,0.00844568624905658,0.3072100313479624,0.3824451410658307,,1.0,0.75,1.0,0.0
laplace_eb_k5|absolute1,M6_blend,0.012186477160195826,0.02105578391295989,0.322884012539185,0.3730407523510972,,1.0,0.75,1.0,0.25
laplace_eb_k5|absolute1,M6_blend,0.014065973078810816,0.023028520149029907,0.31974921630094044,0.3730407523510972,,1.0,0.75,1.0,0.5
laplace_eb_k5|absolute1,M6_blend,0.018525354572675765,0.029366093124248392,0.329153605015674,0.3667711598746082,,1.0,0.75,1.0,0.75
laplace_eb_k5|absolute1,M6_blend,0.02279472513154047,0.03024725079956847,0.329153605015674,0.3667711598746082,,1.0,0.75,1.0,1.0
laplace_eb_k5|absolute1,M6_blend,-0.03122853455059485,-0.035838592797517776,0.2946708463949843,0.3887147335423197,,1.0,1.0,0.0,0.0
laplace_eb_k5|absolute1,M6_blend,-0.02663778996939404,-0.02866874722804769,0.3166144200626959,0.3824451410658307,,1.0,1.0,0.0,0.25
laplace_eb_k5|absolute1,M6_blend,-0.022179181485994803,-0.024915940160381383,0.31974921630094044,0.3761755485893417,,1.0,1.0,0.0,0.5
laplace_eb_k5|absolute1,M6_blend,-0.018446069639303418,-0.02782349518520705,0.31347962382445144,0.38557993730407525,,1.0,1.0,0.0,0.75
laplace_eb_k5|absolute1,M6_blend,0.009901348344455548,0.008929776512436732,0.329153605015674,0.3573667711598746,,1.0,1.0,0.0,1.0
laplace_eb_k5|absolute1,M6_blend,-0.029675307248746615,-0.03456209668872125,0.3103448275862069,0.38557993730407525,,1.0,1.0,0.25,0.0
laplace_eb_k5|absolute1,M6_blend,-0.024244991362366426,-0.028321561499916274,0.3103448275862069,0.3824451410658307,,1.0,1.0,0.25,0.25
laplace_eb_k5|absolute1,M6_blend,-0.012629984502504518,-0.025869227980838672,0.3072100313479624,0.38557993730407525,,1.0,1.0,0.25,0.5
laplace_eb_k5|absolute1,M6_blend,0.009468767274349317,0.008416727196927355,0.329153605015674,0.36363636363636365,,1.0,1.0,0.25,0.75
laplace_eb_k5|absolute1,M6_blend,0.015121178688791185,0.013804049852966889,0.335423197492163,0.36363636363636365,,1.0,1.0,0.25,1.0
laplace_eb_k5|absolute1,M6_blend,-0.018835037760012243,-0.028288097135419007,0.3103448275862069,0.3793103448275862,,1.0,1.0,0.5,0.0
laplace_eb_k5|absolute1,M6_blend,-0.012310706825761426,-0.030204105351505608,0.30407523510971785,0.4012539184952978,,1.0,1.0,0.5,0.25
laplace_eb_k5|absolute1,M6_blend,0.005119801297410474,0.0008543173324164926,0.3103448275862069,0.3887147335423197,,1.0,1.0,0.5,0.5
laplace_eb_k5|absolute1,M6_blend,0.01564347776234286,0.016118505730244058,0.322884012539185,0.3605015673981191,,1.0,1.0,0.5,0.75
laplace_eb_k5|absolute1,M6_blend,0.021620262388759432,0.029656430782288967,0.329153605015674,0.3573667711598746,,1.0,1.0,0.5,1.0
laplace_eb_k5|absolute1,M6_blend,-0.012956447088942441,-0.020553790394882424,0.29780564263322884,0.38557993730407525,,1.0,1.0,0.75,0.0
laplace_eb_k5|absolute1,M6_blend,-0.0016270274453391246,0.0009228214738324145,0.30407523510971785,0.3793103448275862,,1.0,1.0,0.75,0.25
laplace_eb_k5|absolute1,M6_blend,0.01498478885256348,0.011009538657145814,0.322884012539185,0.36363636363636365,,1.0,1.0,0.75,0.5
laplace_eb_k5|absolute1,M6_blend,0.02040025406858644,0.030003859997262777,0.3322884012539185,0.3542319749216301,,1.0,1.0,0.75,0.75
laplace_eb_k5|absolute1,M6_blend,0.021907393186266166,0.028561081737279892,0.329153605015674,0.36363636363636365,,1.0,1.0,0.75,1.0
laplace_eb_k5|absolute1,M6_blend,-0.010189760573938115,-0.017912458534991852,0.30094043887147337,0.3949843260188088,,1.0,1.0,1.0,0.0
laplace_eb_k5|absolute1,M6_blend,0.012793535744274939,0.010248390332938735,0.3166144200626959,0.3761755485893417,,1.0,1.0,1.0,0.25
laplace_eb_k5|absolute1,M6_blend,0.017615021259475134,0.025047747260631064,0.329153605015674,0.3730407523510972,,1.0,1.0,1.0,0.5
laplace_eb_k5|absolute1,M6_blend,0.018449229826823996,0.02295600091542196,0.32601880877742945,0.3793103448275862,,1.0,1.0,1.0,0.75
laplace_eb_k5|absolute1,M6_blend,0.020410459017665347,0.026101761021677602,0.3322884012539185,0.36990595611285265,,1.0,1.0,1.0,1.0
laplace_eb_k10|absolute1,M1_global,-0.05232560191227119,-0.056271094174874615,0.18808777429467086,0.3542319749216301,,,,,
laplace_eb_k10|absolute1,M2_team,0.015496888157385477,0.02045615908447478,0.2445141065830721,0.22570532915360503,,,,,
laplace_eb_k10|absolute1,M3_class,-0.0024054817354692685,-0.014187588575398287,0.219435736677116,0.22884012539184953,,,,,
laplace_eb_k10|absolute1,M4_intersection,0.037037107321287344,0.04879496217381244,0.2476489028213166,0.14106583072100312,,,,,
laplace_eb_k10|absolute1,M5_backoff,0.03543851947584794,0.048517762038121026,0.25705329153605017,0.14420062695924765,1.0,,,,
laplace_eb_k10|absolute1,M5_backoff,0.03365016021317079,0.04549604393892154,0.2664576802507837,0.1536050156739812,2.0,,,,
laplace_eb_k10|absolute1,M5_backoff,0.030179060061869545,0.04358920654673188,0.26332288401253917,0.16614420062695925,3.0,,,,
laplace_eb_k10|absolute1,M5_backoff,0.027302645740591432,0.037629321813116255,0.26332288401253917,0.1755485893416928,5.0,,,,
laplace_eb_k10|absolute1,M5_backoff,0.020382439959232095,0.03237855398215844,0.2664576802507837,0.2006269592476489,8.0,,,,
laplace_eb_k10|absolute1,M6_blend,0.020943431179452864,0.01986510341630834,0.13479623824451412,0.08150470219435736,,0.0,0.0,0.0,0.25
laplace_eb_k10|absolute1,M6_blend,0.030116188723873984,0.0327530797208925,0.18181818181818182,0.09717868338557993,,0.0,0.0,0.0,0.5
laplace_eb_k10|absolute1,M6_blend,0.03412797181508535,0.04795429480720463,0.22570532915360503,0.12225705329153605,,0.0,0.0,0.0,0.75
laplace_eb_k10|absolute1,M6_blend,0.037037107321287344,0.04879496217381244,0.2476489028213166,0.14106583072100312,,0.0,0.0,0.0,1.0
laplace_eb_k10|absolute1,M6_blend,0.012771336140868452,0.021203492105380868,0.14420062695924765,0.08150470219435736,,0.0,0.0,0.25,0.0
laplace_eb_k10|absolute1,M6_blend,0.025282807910978235,0.028307441306712113,0.19122257053291536,0.10658307210031348,,0.0,0.0,0.25,0.25
laplace_eb_k10|absolute1,M6_blend,0.033054735596134734,0.04196727557288816,0.22570532915360503,0.14420062695924765,,0.0,0.0,0.25,0.5
laplace_eb_k10|absolute1,M6_blend,0.03752797156766456,0.050320508489881566,0.2601880877742947,0.15047021943573669,,0.0,0.0,0.25,0.75
laplace_eb_k10|absolute1,M6_blend,0.03921092524334305,0.047729252893068945,0.2601880877742947,0.1755485893416928,,0.0,0.0,0.25,1.0
laplace_eb_k10|absolute1,M6_blend,0.016441491039751992,0.017784273619748957,0.1724137931034483,0.1724137931034483,,0.0,0.0,0.5,0.0
laplace_eb_k10|absolute1,M6_blend,0.02912342201272378,0.03198245913958101,0.20689655172413793,0.18495297805642633,,0.0,0.0,0.5,0.25
laplace_eb_k10|absolute1,M6_blend,0.033102388487087145,0.04434023450674682,0.2476489028213166,0.18495297805642633,,0.0,0.0,0.5,0.5
laplace_eb_k10|absolute1,M6_blend,0.035724487490601975,0.04353465122348836,0.2476489028213166,0.2006269592476489,,0.0,0.0,0.5,0.75
laplace_eb_k10|absolute1,M6_blend,0.03879014224822767,0.041508501938611365,0.26332288401253917,0.23824451410658307,,0.0,0.0,0.5,1.0
laplace_eb_k10|absolute1,M6_blend,0.016921142383228248,0.02131468943994621,0.20689655172413793,0.20689655172413793,,0.0,0.0,0.75,0.0
laplace_eb_k10|absolute1,M6_blend,0.026468208453995612,0.03517281877163062,0.2476489028213166,0.1974921630094044,,0.0,0.0,0.75,0.25
laplace_eb_k10|absolute1,M6_blend,0.031074731391939444,0.04019942439415238,0.2507836990595611,0.21316614420062696,,0.0,0.0,0.75,0.5
laplace_eb_k10|absolute1,M6_blend,0.03569880131698916,0.0388424865387637,0.26959247648902823,0.2413793103448276,,0.0,0.0,0.75,0.75
laplace_eb_k10|absolute1,M6_blend,0.03562378944857746,0.038985260963720215,0.26959247648902823,0.25705329153605017,,0.0,0.0,0.75,1.0
laplace_eb_k10|absolute1,M6_blend,0.015496888157385477,0.02045615908447478,0.2445141065830721,0.22570532915360503,,0.0,0.0,1.0,0.0
laplace_eb_k10|absolute1,M6_blend,0.02217067917676299,0.031078805498848887,0.2507836990595611,0.23824451410658307,,0.0,0.0,1.0,0.25
laplace_eb_k10|absolute1,M6_blend,0.028538796214592602,0.033620976483840555,0.2727272727272727,0.26332288401253917,,0.0,0.0,1.0,0.5
laplace_eb_k10|absolute1,M6_blend,0.031322249251413574,0.034272961703867746,0.26959247648902823,0.26959247648902823,,0.0,0.0,1.0,0.75
laplace_eb_k10|absolute1,M6_blend,0.03267217601001356,0.031841942357325626,0.27586206896551724,0.2852664576802508,,0.0,0.0,1.0,1.0
laplace_eb_k10|absolute1,M6_blend,-0.013276112955360587,-0.03321938242377906,0.11912225705329153,0.1536050156739812,,0.0,0.25,0.0,0.0
laplace_eb_k10|absolute1,M6_blend,0.03095789985616685,0.03125264515463835,0.1786833855799373,0.12852664576802508,,0.0,0.25,0.0,0.25
laplace_eb_k10|absolute1,M6_blend,0.034812959717217505,0.0438458847938847,0.21003134796238246,0.15673981191222572,,0.0,0.25,0.0,0.5
laplace_eb_k10|absolute1,M6_blend,0.03801300100014802,0.04763778617903357,0.23197492163009403,0.1724137931034483,,0.0,0.25,0.0,0.75
laplace_eb_k10|absolute1,M6_blend,0.03856118934776354,0.04781806407070085,0.2507836990595611,0.1974921630094044,,0.0,0.25,0.0,1.0
laplace_eb_k10|absolute1,M6_blend,0.025293569956430933,0.03208201412450184,0.19435736677115986,0.109717868338558,,0.0,0.25,0.25,0.0
laplace_eb_k10|absolute1,M6_blend,0.033460872922175415,0.04306909195541588,0.22884012539184953,0.14733542319749215,,0.0,0.25,0.25,0.25
laplace_eb_k10|absolute1,M6_blend,0.03616782215849235,0.04827910564769772,0.2507836990595611,0.16927899686520376,,0.0,0.25,0.25,0.5
laplace_eb_k10|absolute1,M6_blend,0.03846461421323215,0.04724525719834346,0.26332288401253917,0.1974921630094044,,0.0,0.25,0.25,0.75
laplace_eb_k10|absolute1,M6_blend,0.039602824340145906,0.04749082114115404,0.2664576802507837,0.2225705329153605,,0.0,0.25,0.25,1.0
laplace_eb_k10|absolute1,M6_blend,0.02790270593830921,0.03596403586406693,0.21003134796238246,0.18181818181818182,,0.0,0.25,0.5,0.0
laplace_eb_k10|absolute1,M6_blend,0.03127713500578296,0.0464476366939029,0.25391849529780564,0.1974921630094044,,0.0,0.25,0.5,0.25
laplace_eb_k10|absolute1,M6_blend,0.03494302748945374,0.045840893361168596,0.2601880877742947,0.2225705329153605,,0.0,0.25,0.5,0.5
laplace_eb_k10|absolute1,M6_blend,0.03656726534577014,0.039595938927047304,0.26959247648902823,0.2507836990595611,,0.0,0.25,0.5,0.75
laplace_eb_k10|absolute1,M6_blend,0.03736086746816712,0.0429834361570569,0.26959247648902823,0.26959247648902823,,0.0,0.25,0.5,1.0
laplace_eb_k10|absolute1,M6_blend,0.028450534876026553,0.03707136899279576,0.2413793103448276,0.1974921630094044,,0.0,0.25,0.75,0.0
laplace_eb_k10|absolute1,M6_blend,0.031027828294153757,0.03984345004055941,0.2601880877742947,0.23197492163009403,,0.0,0.25,0.75,0.25
laplace_eb_k10|absolute1,M6_blend,0.03113588288926004,0.03863616440690423,0.27899686520376177,0.25391849529780564,,0.0,0.25,0.75,0.5
laplace_eb_k10|absolute1,M6_blend,0.03456129463350269,0.04019197045028396,0.2852664576802508,0.26959247648902823,,0.0,0.25,0.75,0.75
laplace_eb_k10|absolute1,M6_blend,0.0349635939431485,0.04299104852502623,0.28213166144200624,0.27899686520376177,,0.0,0.25,0.75,1.0
laplace_eb_k10|absolute1,M6_blend,0.0258891644348244,0.02956015188071795,0.25705329153605017,0.2507836990595611,,0.0,0.25,1.0,0.0
laplace_eb_k10|absolute1,M6_blend,0.027922331022177154,0.032579078558003266,0.2727272727272727,0.26332288401253917,,0.0,0.25,1.0,0.25
laplace_eb_k10|absolute1,M6_blend,0.03203647516234003,0.034518132844595324,0.27899686520376177,0.27899686520376177,,0.0,0.25,1.0,0.5
laplace_eb_k10|absolute1,M6_blend,0.03223529511056034,0.03358948696696646,0.28213166144200624,0.29153605015673983,,0.0,0.25,1.0,0.75
laplace_eb_k10|absolute1,M6_blend,0.03045300019619634,0.03629354958577216,0.27899686520376177,0.31347962382445144,,0.0,0.25,1.0,1.0
laplace_eb_k10|absolute1,M6_blend,-0.009627363913966203,-0.02275747599132756,0.1724137931034483,0.18495297805642633,,0.0,0.5,0.0,0.0
laplace_eb_k10|absolute1,M6_blend,0.02347067238207151,0.01398830600433215,0.2006269592476489,0.1755485893416928,,0.0,0.5,0.0,0.25
laplace_eb_k10|absolute1,M6_blend,0.03787142110050811,0.0422678307095852,0.219435736677116,0.1786833855799373,,0.0,0.5,0.0,0.5
laplace_eb_k10|absolute1,M6_blend,0.039826037298573994,0.04721329862187649,0.2507836990595611,0.21003134796238246,,0.0,0.5,0.0,0.75
laplace_eb_k10|absolute1,M6_blend,0.039532308782830594,0.04644848993719558,0.2445141065830721,0.22884012539184953,,0.0,0.5,0.0,1.0
laplace_eb_k10|absolute1,M6_blend,0.019197821947809623,0.016539997196403044,0.21316614420062696,0.16614420062695925,,0.0,0.5,0.25,0.0
laplace_eb_k10|absolute1,M6_blend,0.031213667311340756,0.041394610635258934,0.2476489028213166,0.16927899686520376,,0.0,0.5,0.25,0.25
laplace_eb_k10|absolute1,M6_blend,0.03804065834424312,0.04823623383914041,0.26959247648902823,0.2006269592476489,,0.0,0.5,0.25,0.5
laplace_eb_k10|absolute1,M6_blend,0.03872740090902097,0.04717154979565674,0.2664576802507837,0.2225705329153605,,0.0,0.5,0.25,0.75
laplace_eb_k10|absolute1,M6_blend,0.03952491663980822,0.046204380539237144,0.2727272727272727,0.2413793103448276,,0.0,0.5,0.25,1.0
laplace_eb_k10|absolute1,M6_blend,0.027956014520017714,0.04353744383656119,0.2413793103448276,0.19435736677115986,,0.0,0.5,0.5,0.0
laplace_eb_k10|absolute1,M6_blend,0.035363010510299484,0.044849564324258635,0.2727272727272727,0.219435736677116,,0.0,0.5,0.5,0.25
laplace_eb_k10|absolute1,M6_blend,0.03574367694462308,0.04386156997103303,0.2727272727272727,0.2413793103448276,,0.0,0.5,0.5,0.5
laplace_eb_k10|absolute1,M6_blend,0.03711462187594554,0.04376944148661948,0.27586206896551724,0.2601880877742947,,0.0,0.5,0.5,0.75
laplace_eb_k10|absolute1,M6_blend,0.03937663908826149,0.04248362617292748,0.26332288401253917,0.28213166144200624,,0.0,0.5,0.5,1.0
laplace_eb_k10|absolute1,M6_blend,0.029130696359086265,0.04131934381904647,0.27899686520376177,0.22884012539184953,,0.0,0.5,0.75,0.0
laplace_eb_k10|absolute1,M6_blend,0.03080148824330436,0.03778157225550155,0.27899686520376177,0.25705329153605017,,0.0,0.5,0.75,0.25
laplace_eb_k10|absolute1,M6_blend,0.033161996169798584,0.03882408888315706,0.28213166144200624,0.27899686520376177,,0.0,0.5,0.75,0.5
laplace_eb_k10|absolute1,M6_blend,0.03452909254529439,0.0407137882816941,0.27899686520376177,0.2946708463949843,,0.0,0.5,0.75,0.75
laplace_eb_k10|absolute1,M6_blend,0.03486887980353274,0.04195621323576168,0.27586206896551724,0.30407523510971785,,0.0,0.5,0.75,1.0
laplace_eb_k10|absolute1,M6_blend,0.02853700006884525,0.03205882922562312,0.26959247648902823,0.26959247648902823,,0.0,0.5,1.0,0.0
laplace_eb_k10|absolute1,M6_blend,0.03208265849839947,0.03384332324970852,0.27899686520376177,0.2946708463949843,,0.0,0.5,1.0,0.25
laplace_eb_k10|absolute1,M6_blend,0.03218371282328463,0.033686544068835,0.28213166144200624,0.30094043887147337,,0.0,0.5,1.0,0.5
laplace_eb_k10|absolute1,M6_blend,0.03116975526525883,0.03339121146215167,0.27899686520376177,0.322884012539185,,0.0,0.5,1.0,0.75
laplace_eb_k10|absolute1,M6_blend,0.03164013265128245,0.03597465614119667,0.2727272727272727,0.335423197492163,,0.0,0.5,1.0,1.0
laplace_eb_k10|absolute1,M6_blend,-0.0057569932752630434,-0.015477894206872927,0.2006269592476489,0.20376175548589343,,0.0,0.75,0.0,0.0
laplace_eb_k10|absolute1,M6_blend,0.009742572212035944,0.007603190383847604,0.21316614420062696,0.19435736677115986,,0.0,0.75,0.0,0.25
laplace_eb_k10|absolute1,M6_blend,0.02889578192492688,0.020545787513723195,0.2413793103448276,0.2225705329153605,,0.0,0.75,0.0,0.5
laplace_eb_k10|absolute1,M6_blend,0.04023947218827615,0.04475250437295175,0.2413793103448276,0.23824451410658307,,0.0,0.75,0.0,0.75
laplace_eb_k10|absolute1,M6_blend,0.040572240931705354,0.04418994368383877,0.2476489028213166,0.25705329153605017,,0.0,0.75,0.0,1.0
laplace_eb_k10|absolute1,M6_blend,0.0022633092598310736,0.003275029933471291,0.23510971786833856,0.18808777429467086,,0.0,0.75,0.25,0.0
laplace_eb_k10|absolute1,M6_blend,0.027732378843236198,0.020384735973744558,0.25705329153605017,0.21630094043887146,,0.0,0.75,0.25,0.25
laplace_eb_k10|absolute1,M6_blend,0.03590637459849264,0.04143673631137815,0.26332288401253917,0.22570532915360503,,0.0,0.75,0.25,0.5
laplace_eb_k10|absolute1,M6_blend,0.04029443614361999,0.04549414448463431,0.2727272727272727,0.2476489028213166,,0.0,0.75,0.25,0.75
laplace_eb_k10|absolute1,M6_blend,0.04023887931951587,0.04352904362224486,0.26959247648902823,0.2601880877742947,,0.0,0.75,0.25,1.0
laplace_eb_k10|absolute1,M6_blend,0.022232155669597242,0.021601371572215727,0.25705329153605017,0.23510971786833856,,0.0,0.75,0.5,0.0
laplace_eb_k10|absolute1,M6_blend,0.03140927288561406,0.03622258441715405,0.27586206896551724,0.2413793103448276,,0.0,0.75,0.5,0.25
laplace_eb_k10|absolute1,M6_blend,0.03533325643423978,0.04595416769105065,0.28213166144200624,0.25705329153605017,,0.0,0.75,0.5,0.5
laplace_eb_k10|absolute1,M6_blend,0.039861327172723726,0.04090104998325853,0.26959247648902823,0.27586206896551724,,0.0,0.75,0.5,0.75
laplace_eb_k10|absolute1,M6_blend,0.03818016363905026,0.03990078713966761,0.25705329153605017,0.29780564263322884,,0.0,0.75,0.5,1.0
laplace_eb_k10|absolute1,M6_blend,0.02867024424957888,0.03241265659748947,0.27899686520376177,0.2476489028213166,,0.0,0.75,0.75,0.0
laplace_eb_k10|absolute1,M6_blend,0.0320475184884249,0.034103256956817214,0.2884012539184953,0.27586206896551724,,0.0,0.75,0.75,0.25
laplace_eb_k10|absolute1,M6_blend,0.03359935382155146,0.037190307258718816,0.27586206896551724,0.29153605015673983,,0.0,0.75,0.75,0.5
laplace_eb_k10|absolute1,M6_blend,0.03427489579189569,0.03890599262518195,0.2727272727272727,0.30407523510971785,,0.0,0.75,0.75,0.75
laplace_eb_k10|absolute1,M6_blend,0.03593185286441763,0.03821889643898952,0.2664576802507837,0.31347962382445144,,0.0,0.75,0.75,1.0
laplace_eb_k10|absolute1,M6_blend,0.028148677691993366,0.02832315921736735,0.27586206896551724,0.30407523510971785,,0.0,0.75,1.0,0.0
laplace_eb_k10|absolute1,M6_blend,0.03174512078937839,0.03275721432600275,0.27899686520376177,0.30407523510971785,,0.0,0.75,1.0,0.25
laplace_eb_k10|absolute1,M6_blend,0.031317215476233874,0.03192655755014255,0.27899686520376177,0.3166144200626959,,0.0,0.75,1.0,0.5
laplace_eb_k10|absolute1,M6_blend,0.03174300154470595,0.03187141549951604,0.27586206896551724,0.3322884012539185,,0.0,0.75,1.0,0.75
laplace_eb_k10|absolute1,M6_blend,0.032165182906877594,0.03426039180365102,0.2727272727272727,0.34169278996865204,,0.0,0.75,1.0,1.0
laplace_eb_k10|absolute1,M6_blend,-0.0024054817354692685,-0.014187588575398287,0.219435736677116,0.22884012539184953,,0.0,1.0,0.0,0.0
laplace_eb_k10|absolute1,M6_blend,-0.0037475975871018234,-0.010829473866097231,0.22884012539184953,0.23510971786833856,,0.0,1.0,0.0,0.25
laplace_eb_k10|absolute1,M6_blend,0.024579441616129225,0.017444295907936128,0.2507836990595611,0.2476489028213166,,0.0,1.0,0.0,0.5
laplace_eb_k10|absolute1,M6_blend,0.02855443819118388,0.015174259551359943,0.2445141065830721,0.27899686520376177,,0.0,1.0,0.0,0.75
laplace_eb_k10|absolute1,M6_blend,0.039444845093409946,0.04369144922933982,0.25391849529780564,0.26959247648902823,,0.0,1.0,0.0,1.0
laplace_eb_k10|absolute1,M6_blend,-0.003000337647747223,-0.005527996005589685,0.2507836990595611,0.22884012539184953,,0.0,1.0,0.25,0.0
laplace_eb_k10|absolute1,M6_blend,0.02365359191274682,0.01650110950991278,0.2664576802507837,0.2413793103448276,,0.0,1.0,0.25,0.25
laplace_eb_k10|absolute1,M6_blend,0.02817605479099578,0.015108531954053053,0.25705329153605017,0.28213166144200624,,0.0,1.0,0.25,0.5
laplace_eb_k10|absolute1,M6_blend,0.03788659603208736,0.03640142740640894,0.2664576802507837,0.26959247648902823,,0.0,1.0,0.25,0.75
laplace_eb_k10|absolute1,M6_blend,0.03831290250409666,0.042550121530376635,0.2664576802507837,0.28213166144200624,,0.0,1.0,0.25,1.0
laplace_eb_k10|absolute1,M6_blend,0.019604519526962114,0.013613528744273799,0.2727272727272727,0.2601880877742947,,0.0,1.0,0.5,0.0
laplace_eb_k10|absolute1,M6_blend,0.027102803085625154,0.01493236493774716,0.2664576802507837,0.2852664576802508,,0.0,1.0,0.5,0.25
laplace_eb_k10|absolute1,M6_blend,0.034801853179734346,0.034104190755133344,0.26959247648902823,0.2852664576802508,,0.0,1.0,0.5,0.5
laplace_eb_k10|absolute1,M6_blend,0.035534208945681794,0.038943261433638,0.26332288401253917,0.30094043887147337,,0.0,1.0,0.5,0.75
laplace_eb_k10|absolute1,M6_blend,0.03731116954982917,0.03910476554383679,0.2601880877742947,0.3103448275862069,,0.0,1.0,0.5,1.0
laplace_eb_k10|absolute1,M6_blend,0.02675813975333446,0.014175308266870653,0.27586206896551724,0.29153605015673983,,0.0,1.0,0.75,0.0
laplace_eb_k10|absolute1,M6_blend,0.03039731383127434,0.030757252991106068,0.2884012539184953,0.29153605015673983,,0.0,1.0,0.75,0.25
laplace_eb_k10|absolute1,M6_blend,0.0299851432278782,0.034280763349282706,0.27899686520376177,0.3072100313479624,,0.0,1.0,0.75,0.5
laplace_eb_k10|absolute1,M6_blend,0.03246491855930045,0.03737893463535742,0.26959247648902823,0.3166144200626959,,0.0,1.0,0.75,0.75
laplace_eb_k10|absolute1,M6_blend,0.03425845466867081,0.04023670966862511,0.27586206896551724,0.31974921630094044,,0.0,1.0,0.75,1.0
laplace_eb_k10|absolute1,M6_blend,0.028212365407681256,0.02449811374926268,0.27899686520376177,0.30407523510971785,,0.0,1.0,1.0,0.0
laplace_eb_k10|absolute1,M6_blend,0.028332952732179985,0.02364753500841628,0.27899686520376177,0.31974921630094044,,0.0,1.0,1.0,0.25
laplace_eb_k10|absolute1,M6_blend,0.029886453380386063,0.03220195681744235,0.27586206896551724,0.3322884012539185,,0.0,1.0,1.0,0.5
laplace_eb_k10|absolute1,M6_blend,0.030885315468112656,0.03329249479600628,0.27899686520376177,0.34169278996865204,,0.0,1.0,1.0,0.75
laplace_eb_k10|absolute1,M6_blend,0.031439179393085215,0.034473804389141195,0.28213166144200624,0.3573667711598746,,0.0,1.0,1.0,1.0
laplace_eb_k10|absolute1,M6_blend,-0.02493425088686389,-0.024954509538916585,0.11285266457680251,0.12852664576802508,,0.25,0.0,0.0,0.0
laplace_eb_k10|absolute1,M6_blend,0.01825867149478211,0.029525184694408995,0.19122257053291536,0.12539184952978055,,0.25,0.0,0.0,0.25
laplace_eb_k10|absolute1,M6_blend,0.029874764985334902,0.0366593447154779,0.21630094043887146,0.13479623824451412,,0.25,0.0,0.0,0.5
laplace_eb_k10|absolute1,M6_blend,0.03423794920308036,0.045762929434780046,0.2601880877742947,0.15987460815047022,,0.25,0.0,0.0,0.75
laplace_eb_k10|absolute1,M6_blend,0.03717235281452503,0.045278924397633744,0.26959247648902823,0.1786833855799373,,0.25,0.0,0.0,1.0
laplace_eb_k10|absolute1,M6_blend,0.008960007971782738,0.013405226988478514,0.1724137931034483,0.16927899686520376,,0.25,0.0,0.25,0.0
laplace_eb_k10|absolute1,M6_blend,0.023915303658624022,0.03416358064101034,0.21630094043887146,0.1724137931034483,,0.25,0.0,0.25,0.25
laplace_eb_k10|absolute1,M6_blend,0.02938954983567416,0.04589737296618264,0.25705329153605017,0.1786833855799373,,0.25,0.0,0.25,0.5
laplace_eb_k10|absolute1,M6_blend,0.03326159129677667,0.04434286133856235,0.27899686520376177,0.2006269592476489,,0.25,0.0,0.25,0.75
laplace_eb_k10|absolute1,M6_blend,0.035789724613077396,0.042251859210595065,0.2727272727272727,0.23197492163009403,,0.25,0.0,0.25,1.0
laplace_eb_k10|absolute1,M6_blend,0.012646253918433362,0.017314590198399506,0.20689655172413793,0.21316614420062696,,0.25,0.0,0.5,0.0
laplace_eb_k10|absolute1,M6_blend,0.02525772113148293,0.033642686307897386,0.23824451410658307,0.20376175548589343,,0.25,0.0,0.5,0.25
laplace_eb_k10|absolute1,M6_blend,0.0284764680983329,0.03794009683414313,0.2664576802507837,0.22884012539184953,,0.25,0.0,0.5,0.5
laplace_eb_k10|absolute1,M6_blend,0.03448420102365425,0.03861801072861707,0.27586206896551724,0.2476489028213166,,0.25,0.0,0.5,0.75
laplace_eb_k10|absolute1,M6_blend,0.034849549323089146,0.03843801535175512,0.27899686520376177,0.26959247648902823,,0.25,0.0,0.5,1.0
laplace_eb_k10|absolute1,M6_blend,0.013147064584099468,0.02055634594402717,0.2445141065830721,0.22884012539184953,,0.25,0.0,0.75,0.0
laplace_eb_k10|absolute1,M6_blend,0.022325563772500903,0.029702102210734705,0.26332288401253917,0.23197492163009403,,0.25,0.0,0.75,0.25
laplace_eb_k10|absolute1,M6_blend,0.027068353323573522,0.0363821935574276,0.2852664576802508,0.2476489028213166,,0.25,0.0,0.75,0.5
laplace_eb_k10|absolute1,M6_blend,0.028764213063830514,0.03456782153734593,0.2884012539184953,0.27586206896551724,,0.25,0.0,0.75,0.75
laplace_eb_k10|absolute1,M6_blend,0.031383984889527504,0.03597764903241564,0.2946708463949843,0.2727272727272727,,0.25,0.0,0.75,1.0
laplace_eb_k10|absolute1,M6_blend,0.013141293676648551,0.013933732510080158,0.25705329153605017,0.2727272727272727,,0.25,0.0,1.0,0.0
laplace_eb_k10|absolute1,M6_blend,0.019621204066934628,0.024379391573532996,0.27899686520376177,0.2664576802507837,,0.25,0.0,1.0,0.25
laplace_eb_k10|absolute1,M6_blend,0.022867914836308526,0.029453243312884275,0.2852664576802508,0.28213166144200624,,0.25,0.0,1.0,0.5
laplace_eb_k10|absolute1,M6_blend,0.02519252395192649,0.03022218291241921,0.29153605015673983,0.29153605015673983,,0.25,0.0,1.0,0.75
laplace_eb_k10|absolute1,M6_blend,0.026616201920335123,0.02819521709996331,0.2884012539184953,0.3166144200626959,,0.25,0.0,1.0,1.0
laplace_eb_k10|absolute1,M6_blend,-0.023852350457586297,-0.033518308043760194,0.1724137931034483,0.19435736677115986,,0.25,0.25,0.0,0.0
laplace_eb_k10|absolute1,M6_blend,0.024205309714366744,0.028896841100857922,0.21003134796238246,0.15673981191222572,,0.25,0.25,0.0,0.25
laplace_eb_k10|absolute1,M6_blend,0.034448282504645183,0.04612625407808253,0.2413793103448276,0.1755485893416928,,0.25,0.25,0.0,0.5
laplace_eb_k10|absolute1,M6_blend,0.0353256243160143,0.04463961562813262,0.2507836990595611,0.20689655172413793,,0.25,0.25,0.0,0.75
laplace_eb_k10|absolute1,M6_blend,0.03652602197402974,0.04107908695515794,0.2601880877742947,0.219435736677116,,0.25,0.25,0.0,1.0
laplace_eb_k10|absolute1,M6_blend,0.016039697851949627,0.02340150747132899,0.21630094043887146,0.1755485893416928,,0.25,0.25,0.25,0.0
laplace_eb_k10|absolute1,M6_blend,0.030504592182804196,0.04462130903777284,0.2507836990595611,0.18808777429467086,,0.25,0.25,0.25,0.25
laplace_eb_k10|absolute1,M6_blend,0.032534474273348025,0.04313478841910542,0.26332288401253917,0.219435736677116,,0.25,0.25,0.25,0.5
laplace_eb_k10|absolute1,M6_blend,0.03465442783289413,0.042232300665778426,0.2727272727272727,0.23510971786833856,,0.25,0.25,0.25,0.75
laplace_eb_k10|absolute1,M6_blend,0.036393348980166766,0.03959743287355922,0.27586206896551724,0.2664576802507837,,0.25,0.25,0.25,1.0
laplace_eb_k10|absolute1,M6_blend,0.024058187702630386,0.03384517860776952,0.2413793103448276,0.21316614420062696,,0.25,0.25,0.5,0.0
laplace_eb_k10|absolute1,M6_blend,0.028174297565621894,0.03886661618994695,0.26332288401253917,0.2445141065830721,,0.25,0.25,0.5,0.25
laplace_eb_k10|absolute1,M6_blend,0.03284089883300423,0.038207529048467505,0.27899686520376177,0.25705329153605017,,0.25,0.25,0.5,0.5
laplace_eb_k10|absolute1,M6_blend,0.0340642950925573,0.03815352182169693,0.28213166144200624,0.27899686520376177,,0.25,0.25,0.5,0.75
laplace_eb_k10|absolute1,M6_blend,0.035710172014627055,0.0372485700983052,0.28213166144200624,0.2852664576802508,,0.25,0.25,0.5,1.0
laplace_eb_k10|absolute1,M6_blend,0.02300326155730924,0.028600454225342103,0.25391849529780564,0.2507836990595611,,0.25,0.25,0.75,0.0
laplace_eb_k10|absolute1,M6_blend,0.027917170527726326,0.03422934404314498,0.27586206896551724,0.25705329153605017,,0.25,0.25,0.75,0.25
laplace_eb_k10|absolute1,M6_blend,0.029966390485650432,0.03500017195613033,0.29780564263322884,0.27899686520376177,,0.25,0.25,0.75,0.5
laplace_eb_k10|absolute1,M6_blend,0.030767572865235897,0.03384967945913162,0.2946708463949843,0.2884012539184953,,0.25,0.25,0.75,0.75
laplace_eb_k10|absolute1,M6_blend,0.030532325857429255,0.036045519103731105,0.2946708463949843,0.30407523510971785,,0.25,0.25,0.75,1.0
laplace_eb_k10|absolute1,M6_blend,0.02075029152221681,0.02292149708982919,0.2664576802507837,0.28213166144200624,,0.25,0.25,1.0,0.0
laplace_eb_k10|absolute1,M6_blend,0.02313885601860066,0.03025482918448209,0.29153605015673983,0.28213166144200624,,0.25,0.25,1.0,0.25
laplace_eb_k10|absolute1,M6_blend,0.028316560932986675,0.03170737389440073,0.2946708463949843,0.2946708463949843,,0.25,0.25,1.0,0.5
laplace_eb_k10|absolute1,M6_blend,0.026422352374930163,0.028499275994805333,0.29153605015673983,0.32601880877742945,,0.25,0.25,1.0,0.75
laplace_eb_k10|absolute1,M6_blend,0.027575478852718032,0.03065066407420045,0.29780564263322884,0.3385579937304075,,0.25,0.25,1.0,1.0
laplace_eb_k10|absolute1,M6_blend,-0.014264328036126352,-0.023429232086040384,0.2006269592476489,0.21003134796238246,,0.25,0.5,0.0,0.0
laplace_eb_k10|absolute1,M6_blend,0.00431821927224585,0.005954136073495901,0.23197492163009403,0.1974921630094044,,0.25,0.5,0.0,0.25
laplace_eb_k10|absolute1,M6_blend,0.030920951892377847,0.03754142922901061,0.25705329153605017,0.21003134796238246,,0.25,0.5,0.0,0.5
laplace_eb_k10|absolute1,M6_blend,0.035119255690714495,0.04179987751624801,0.2601880877742947,0.2225705329153605,,0.25,0.5,0.0,0.75
laplace_eb_k10|absolute1,M6_blend,0.03728757874195831,0.04033316266620794,0.26332288401253917,0.2445141065830721,,0.25,0.5,0.0,1.0
laplace_eb_k10|absolute1,M6_blend,-0.004586293737845313,-0.00898031326343647,0.23197492163009403,0.22570532915360503,,0.25,0.5,0.25,0.0
laplace_eb_k10|absolute1,M6_blend,0.024443605290736435,0.03603187968317992,0.2664576802507837,0.2225705329153605,,0.25,0.5,0.25,0.25
laplace_eb_k10|absolute1,M6_blend,0.035544974741882354,0.04039356146346439,0.27586206896551724,0.2445141065830721,,0.25,0.5,0.25,0.5
laplace_eb_k10|absolute1,M6_blend,0.03518652365620382,0.03916200636929853,0.27899686520376177,0.26959247648902823,,0.25,0.5,0.25,0.75
laplace_eb_k10|absolute1,M6_blend,0.03900531351387051,0.039813568844784014,0.28213166144200624,0.28213166144200624,,0.25,0.5,0.25,1.0
laplace_eb_k10|absolute1,M6_blend,0.01942187618514086,0.030426708450044585,0.2664576802507837,0.22884012539184953,,0.25,0.5,0.5,0.0
laplace_eb_k10|absolute1,M6_blend,0.028698009007890414,0.033892850925836444,0.27586206896551724,0.2601880877742947,,0.25,0.5,0.5,0.25
laplace_eb_k10|absolute1,M6_blend,0.033552952365077826,0.037650111829132124,0.27899686520376177,0.28213166144200624,,0.25,0.5,0.5,0.5
laplace_eb_k10|absolute1,M6_blend,0.03502444567764496,0.03875972609675043,0.2852664576802508,0.29153605015673983,,0.25,0.5,0.5,0.75
laplace_eb_k10|absolute1,M6_blend,0.03648400508214195,0.03743570925066464,0.28213166144200624,0.3072100313479624,,0.25,0.5,0.5,1.0
laplace_eb_k10|absolute1,M6_blend,0.022200744997673924,0.027653419567406363,0.27586206896551724,0.2727272727272727,,0.25,0.5,0.75,0.0
laplace_eb_k10|absolute1,M6_blend,0.028047502923126764,0.033167652003350305,0.28213166144200624,0.2884012539184953,,0.25,0.5,0.75,0.25
laplace_eb_k10|absolute1,M6_blend,0.03157486420327369,0.03618169007209775,0.29780564263322884,0.29780564263322884,,0.25,0.5,0.75,0.5
laplace_eb_k10|absolute1,M6_blend,0.030393238266100492,0.03640301258166008,0.29153605015673983,0.3166144200626959,,0.25,0.5,0.75,0.75
laplace_eb_k10|absolute1,M6_blend,0.03188846521222739,0.03541967584561778,0.2946708463949843,0.322884012539185,,0.25,0.5,0.75,1.0
laplace_eb_k10|absolute1,M6_blend,0.024671760143485166,0.027566565416729936,0.27586206896551724,0.30094043887147337,,0.25,0.5,1.0,0.0
laplace_eb_k10|absolute1,M6_blend,0.028152707700855217,0.030549126160462448,0.2946708463949843,0.3103448275862069,,0.25,0.5,1.0,0.25
laplace_eb_k10|absolute1,M6_blend,0.027681351331452966,0.02870407241592213,0.29153605015673983,0.3322884012539185,,0.25,0.5,1.0,0.5
laplace_eb_k10|absolute1,M6_blend,0.02798493428379594,0.030843960629268127,0.2946708463949843,0.3385579937304075,,0.25,0.5,1.0,0.75
laplace_eb_k10|absolute1,M6_blend,0.02927233780663172,0.031466377554548945,0.2884012539184953,0.3573667711598746,,0.25,0.5,1.0,1.0
laplace_eb_k10|absolute1,M6_blend,-0.008964878878214635,-0.019694133810582205,0.22884012539184953,0.2225705329153605,,0.25,0.75,0.0,0.0
laplace_eb_k10|absolute1,M6_blend,-0.006243298585465123,-0.013496175466753472,0.2476489028213166,0.23824451410658307,,0.25,0.75,0.0,0.25
laplace_eb_k10|absolute1,M6_blend,0.023412134180138214,0.0143217737187973,0.2727272727272727,0.2445141065830721,,0.25,0.75,0.0,0.5
laplace_eb_k10|absolute1,M6_blend,0.031862020488310785,0.032389500706827376,0.26332288401253917,0.26332288401253917,,0.25,0.75,0.0,0.75
laplace_eb_k10|absolute1,M6_blend,0.03905161079401172,0.04205287795595614,0.27586206896551724,0.26332288401253917,,0.25,0.75,0.0,1.0
laplace_eb_k10|absolute1,M6_blend,-0.005081073302777743,-0.011016088675088643,0.2507836990595611,0.2507836990595611,,0.25,0.75,0.25,0.0
laplace_eb_k10|absolute1,M6_blend,0.020151559712952915,0.015050937728168075,0.27586206896551724,0.26332288401253917,,0.25,0.75,0.25,0.25
laplace_eb_k10|absolute1,M6_blend,0.03023345564764655,0.030630341039088828,0.27899686520376177,0.2727272727272727,,0.25,0.75,0.25,0.5
laplace_eb_k10|absolute1,M6_blend,0.037330738351264534,0.039442800043798916,0.2852664576802508,0.27899686520376177,,0.25,0.75,0.25,0.75
laplace_eb_k10|absolute1,M6_blend,0.03860976807916312,0.04321193759297502,0.2884012539184953,0.2884012539184953,,0.25,0.75,0.25,1.0
laplace_eb_k10|absolute1,M6_blend,0.01412625485211229,0.008307534757546123,0.27586206896551724,0.27899686520376177,,0.25,0.75,0.5,0.0
laplace_eb_k10|absolute1,M6_blend,0.0279544247375326,0.030754536915815735,0.27899686520376177,0.27586206896551724,,0.25,0.75,0.5,0.25
laplace_eb_k10|absolute1,M6_blend,0.031328113193534624,0.03432936397699353,0.2884012539184953,0.29153605015673983,,0.25,0.75,0.5,0.5
laplace_eb_k10|absolute1,M6_blend,0.03570168841697047,0.037526163619980915,0.27899686520376177,0.3103448275862069,,0.25,0.75,0.5,0.75
laplace_eb_k10|absolute1,M6_blend,0.03745781565334325,0.04112314838086924,0.27899686520376177,0.3166144200626959,,0.25,0.75,0.5,1.0
laplace_eb_k10|absolute1,M6_blend,0.022641323896916265,0.0259088788029729,0.2852664576802508,0.2852664576802508,,0.25,0.75,0.75,0.0
laplace_eb_k10|absolute1,M6_blend,0.027704456248023635,0.02783332696202033,0.29153605015673983,0.29780564263322884,,0.25,0.75,0.75,0.25
laplace_eb_k10|absolute1,M6_blend,0.030586183087843003,0.03693883920958423,0.29780564263322884,0.31347962382445144,,0.25,0.75,0.75,0.5
laplace_eb_k10|absolute1,M6_blend,0.030593286694562093,0.03626376424323429,0.2946708463949843,0.31974921630094044,,0.25,0.75,0.75,0.75
laplace_eb_k10|absolute1,M6_blend,0.0314295195286525,0.03752206360518372,0.2946708463949843,0.335423197492163,,0.25,0.75,0.75,1.0
laplace_eb_k10|absolute1,M6_blend,0.024514729704162644,0.025710091240073445,0.2946708463949843,0.31347962382445144,,0.25,0.75,1.0,0.0
laplace_eb_k10|absolute1,M6_blend,0.025116499962872806,0.025097791969682728,0.2946708463949843,0.3322884012539185,,0.25,0.75,1.0,0.25
laplace_eb_k10|absolute1,M6_blend,0.027074561757459845,0.03181122258585822,0.30094043887147337,0.3322884012539185,,0.25,0.75,1.0,0.5
laplace_eb_k10|absolute1,M6_blend,0.0284809500171542,0.030624408998926607,0.2946708463949843,0.3573667711598746,,0.25,0.75,1.0,0.75
laplace_eb_k10|absolute1,M6_blend,0.029499096956882617,0.03477685813292814,0.29780564263322884,0.3667711598746082,,0.25,0.75,1.0,1.0
laplace_eb_k10|absolute1,M6_blend,-0.007487278393467629,-0.019320968935575604,0.2413793103448276,0.2507836990595611,,0.25,1.0,0.0,0.0
laplace_eb_k10|absolute1,M6_blend,-0.00736543460237817,-0.01819168560230246,0.26332288401253917,0.26332288401253917,,0.25,1.0,0.0,0.25
laplace_eb_k10|absolute1,M6_blend,0.016664764498082543,0.009429021817296277,0.2664576802507837,0.27586206896551724,,0.25,1.0,0.0,0.5
laplace_eb_k10|absolute1,M6_blend,0.027815103798188218,0.012671092495929485,0.26959247648902823,0.2884012539184953,,0.25,1.0,0.0,0.75
laplace_eb_k10|absolute1,M6_blend,0.034265101902135955,0.03372353290829539,0.27586206896551724,0.2852664576802508,,0.25,1.0,0.0,1.0
laplace_eb_k10|absolute1,M6_blend,-0.008767005692847107,-0.016882528974251312,0.26959247648902823,0.2852664576802508,,0.25,1.0,0.25,0.0
laplace_eb_k10|absolute1,M6_blend,0.011469685949612164,0.006490823862414375,0.26332288401253917,0.30407523510971785,,0.25,1.0,0.25,0.25
laplace_eb_k10|absolute1,M6_blend,0.026005522943852822,0.010096242049925005,0.2727272727272727,0.30407523510971785,,0.25,1.0,0.25,0.5
laplace_eb_k10|absolute1,M6_blend,0.03249479949040495,0.031874596033257006,0.2852664576802508,0.29780564263322884,,0.25,1.0,0.25,0.75
laplace_eb_k10|absolute1,M6_blend,0.036062234520205724,0.04290304913369466,0.27899686520376177,0.30407523510971785,,0.25,1.0,0.25,1.0
laplace_eb_k10|absolute1,M6_blend,0.00043982085755947715,-0.014616410315130198,0.2601880877742947,0.32601880877742945,,0.25,1.0,0.5,0.0
laplace_eb_k10|absolute1,M6_blend,0.022348158332786538,0.009082836382161114,0.27899686520376177,0.31347962382445144,,0.25,1.0,0.5,0.25
laplace_eb_k10|absolute1,M6_blend,0.028675553144660092,0.028109898726487982,0.2852664576802508,0.30407523510971785,,0.25,1.0,0.5,0.5
laplace_eb_k10|absolute1,M6_blend,0.03072418728583452,0.03747261108883122,0.28213166144200624,0.3166144200626959,,0.25,1.0,0.5,0.75
laplace_eb_k10|absolute1,M6_blend,0.03631129239262602,0.03929467948860135,0.27899686520376177,0.329153605015674,,0.25,1.0,0.5,1.0
laplace_eb_k10|absolute1,M6_blend,0.0212714947367104,0.009711010620978932,0.2884012539184953,0.3072100313479624,,0.25,1.0,0.75,0.0
laplace_eb_k10|absolute1,M6_blend,0.026042025731208233,0.026271309143043237,0.2946708463949843,0.31347962382445144,,0.25,1.0,0.75,0.25
laplace_eb_k10|absolute1,M6_blend,0.0253625166915879,0.032404446314588234,0.2946708463949843,0.32601880877742945,,0.25,1.0,0.75,0.5
laplace_eb_k10|absolute1,M6_blend,0.029484141044952995,0.03838594698093154,0.29780564263322884,0.3322884012539185,,0.25,1.0,0.75,0.75
laplace_eb_k10|absolute1,M6_blend,0.03087639490833001,0.03704277368782082,0.29153605015673983,0.3542319749216301,,0.25,1.0,0.75,1.0
laplace_eb_k10|absolute1,M6_blend,0.022990370953958353,0.022396736209015115,0.29780564263322884,0.31974921630094044,,0.25,1.0,1.0,0.0
laplace_eb_k10|absolute1,M6_blend,0.02411363896694255,0.023598491596671108,0.29780564263322884,0.3322884012539185,,0.25,1.0,1.0,0.25
laplace_eb_k10|absolute1,M6_blend,0.024665242985711943,0.027817288174244302,0.29780564263322884,0.3542319749216301,,0.25,1.0,1.0,0.5
laplace_eb_k10|absolute1,M6_blend,0.028659214814838473,0.0319397398226874,0.29780564263322884,0.3667711598746082,,0.25,1.0,1.0,0.75
laplace_eb_k10|absolute1,M6_blend,0.02959612943205541,0.03409387840419354,0.29780564263322884,0.3761755485893417,,0.25,1.0,1.0,1.0
laplace_eb_k10|absolute1,M6_blend,-0.031049267488589046,-0.033103394412602,0.1536050156739812,0.219435736677116,,0.5,0.0,0.0,0.0
laplace_eb_k10|absolute1,M6_blend,0.013649102160388896,0.027239000594074077,0.21630094043887146,0.18181818181818182,,0.5,0.0,0.0,0.25
laplace_eb_k10|absolute1,M6_blend,0.024492649717897108,0.03696326326380329,0.2507836990595611,0.19122257053291536,,0.5,0.0,0.0,0.5
laplace_eb_k10|absolute1,M6_blend,0.030416921939454753,0.04139049954969307,0.26959247648902823,0.21003134796238246,,0.5,0.0,0.0,0.75
laplace_eb_k10|absolute1,M6_blend,0.03209542819555501,0.040522133400167415,0.2852664576802508,0.22884012539184953,,0.5,0.0,0.0,1.0
laplace_eb_k10|absolute1,M6_blend,0.0031397003626900647,0.009836129225253312,0.2006269592476489,0.22884012539184953,,0.5,0.0,0.25,0.0
laplace_eb_k10|absolute1,M6_blend,0.01971826931872195,0.03051201481850917,0.2445141065830721,0.219435736677116,,0.5,0.0,0.25,0.25
laplace_eb_k10|absolute1,M6_blend,0.026189564355725427,0.035003813771898845,0.26959247648902823,0.22570532915360503,,0.5,0.0,0.25,0.5
laplace_eb_k10|absolute1,M6_blend,0.03016596742728534,0.040005893297610236,0.29153605015673983,0.2413793103448276,,0.5,0.0,0.25,0.75
laplace_eb_k10|absolute1,M6_blend,0.03294510920855571,0.036618187661548396,0.2884012539184953,0.2664576802507837,,0.5,0.0,0.25,1.0
laplace_eb_k10|absolute1,M6_blend,0.009833854230402932,0.013319544529186147,0.23824451410658307,0.25705329153605017,,0.5,0.0,0.5,0.0
laplace_eb_k10|absolute1,M6_blend,0.020278047697866813,0.031753045112642,0.2664576802507837,0.2445141065830721,,0.5,0.0,0.5,0.25
laplace_eb_k10|absolute1,M6_blend,0.022483819492897423,0.03183583091932778,0.28213166144200624,0.25705329153605017,,0.5,0.0,0.5,0.5
laplace_eb_k10|absolute1,M6_blend,0.026177504398766694,0.03429296905858016,0.29780564263322884,0.27899686520376177,,0.5,0.0,0.5,0.75
laplace_eb_k10|absolute1,M6_blend,0.02620384482754891,0.03597681083042046,0.29780564263322884,0.28213166144200624,,0.5,0.0,0.5,1.0
laplace_eb_k10|absolute1,M6_blend,0.009652546999163519,0.011937341451364625,0.25391849529780564,0.2946708463949843,,0.5,0.0,0.75,0.0
laplace_eb_k10|absolute1,M6_blend,0.018440221892171253,0.02677659208077622,0.2727272727272727,0.27586206896551724,,0.5,0.0,0.75,0.25
laplace_eb_k10|absolute1,M6_blend,0.02226032106633296,0.02802079204808582,0.29153605015673983,0.2884012539184953,,0.5,0.0,0.75,0.5
laplace_eb_k10|absolute1,M6_blend,0.02453131246479156,0.030493108071036473,0.29153605015673983,0.2946708463949843,,0.5,0.0,0.75,0.75
laplace_eb_k10|absolute1,M6_blend,0.02676243389715867,0.03086525504258359,0.30407523510971785,0.3072100313479624,,0.5,0.0,0.75,1.0
laplace_eb_k10|absolute1,M6_blend,0.0075499735184433895,0.005472146943912237,0.26332288401253917,0.31347962382445144,,0.5,0.0,1.0,0.0
laplace_eb_k10|absolute1,M6_blend,0.016523518707499265,0.018018533315124183,0.28213166144200624,0.3166144200626959,,0.5,0.0,1.0,0.25
laplace_eb_k10|absolute1,M6_blend,0.01891648860150791,0.021410651960436452,0.2852664576802508,0.3166144200626959,,0.5,0.0,1.0,0.5
laplace_eb_k10|absolute1,M6_blend,0.023612924573300217,0.02735287113389625,0.29780564263322884,0.322884012539185,,0.5,0.0,1.0,0.75
laplace_eb_k10|absolute1,M6_blend,0.02186579629328051,0.026088673060870843,0.29153605015673983,0.34796238244514105,,0.5,0.0,1.0,1.0
laplace_eb_k10|absolute1,M6_blend,-0.027391590665949504,-0.03182866834220841,0.1974921630094044,0.2476489028213166,,0.5,0.25,0.0,0.0
laplace_eb_k10|absolute1,M6_blend,-0.008963222210221247,-0.011123975300957043,0.23510971786833856,0.23510971786833856,,0.5,0.25,0.0,0.25
laplace_eb_k10|absolute1,M6_blend,0.028847137763077957,0.04018201619433385,0.2727272727272727,0.219435736677116,,0.5,0.25,0.0,0.5
laplace_eb_k10|absolute1,M6_blend,0.032932573326933355,0.04222760621610106,0.28213166144200624,0.22884012539184953,,0.5,0.25,0.0,0.75
laplace_eb_k10|absolute1,M6_blend,0.0341174000564428,0.04023891433980024,0.28213166144200624,0.26332288401253917,,0.5,0.25,0.0,1.0
laplace_eb_k10|absolute1,M6_blend,-0.01574111843172987,-0.015590706507333768,0.22884012539184953,0.2476489028213166,,0.5,0.25,0.25,0.0
laplace_eb_k10|absolute1,M6_blend,0.020994877747943147,0.03595205068261272,0.26959247648902823,0.22884012539184953,,0.5,0.25,0.25,0.25
laplace_eb_k10|absolute1,M6_blend,0.030304174373564915,0.041589484144247436,0.28213166144200624,0.2476489028213166,,0.5,0.25,0.25,0.5
laplace_eb_k10|absolute1,M6_blend,0.03188940790160464,0.03942657237563014,0.27586206896551724,0.2852664576802508,,0.5,0.25,0.25,0.75
laplace_eb_k10|absolute1,M6_blend,0.03123069429374459,0.0387407989127322,0.2852664576802508,0.27899686520376177,,0.5,0.25,0.25,1.0
laplace_eb_k10|absolute1,M6_blend,0.01847646158408153,0.03236315543048061,0.26332288401253917,0.2476489028213166,,0.5,0.25,0.5,0.0
laplace_eb_k10|absolute1,M6_blend,0.023295857610259468,0.03019289061613965,0.27899686520376177,0.2601880877742947,,0.5,0.25,0.5,0.25
laplace_eb_k10|absolute1,M6_blend,0.02543115297174357,0.03522464484677046,0.2884012539184953,0.29153605015673983,,0.5,0.25,0.5,0.5
laplace_eb_k10|absolute1,M6_blend,0.02700832004978158,0.039026215170337865,0.29780564263322884,0.2884012539184953,,0.5,0.25,0.5,0.75
laplace_eb_k10|absolute1,M6_blend,0.028330808233603375,0.03765843721065775,0.29780564263322884,0.3103448275862069,,0.5,0.25,0.5,1.0
laplace_eb_k10|absolute1,M6_blend,0.019839822197733933,0.029046081321833648,0.27899686520376177,0.27899686520376177,,0.5,0.25,0.75,0.0
laplace_eb_k10|absolute1,M6_blend,0.024041490281130142,0.028089424437583426,0.27899686520376177,0.30094043887147337,,0.5,0.25,0.75,0.25
laplace_eb_k10|absolute1,M6_blend,0.02514773190572035,0.032051035194281124,0.2946708463949843,0.30407523510971785,,0.5,0.25,0.75,0.5
laplace_eb_k10|absolute1,M6_blend,0.026794113210033294,0.0329215816779757,0.30407523510971785,0.329153605015674,,0.5,0.25,0.75,0.75
laplace_eb_k10|absolute1,M6_blend,0.026843491275285652,0.03310337467673804,0.30094043887147337,0.3322884012539185,,0.5,0.25,0.75,1.0
laplace_eb_k10|absolute1,M6_blend,0.01833335140901395,0.017880887668988547,0.2664576802507837,0.32601880877742945,,0.5,0.25,1.0,0.0
laplace_eb_k10|absolute1,M6_blend,0.019581001824465982,0.02232377753128826,0.27899686520376177,0.329153605015674,,0.5,0.25,1.0,0.25
laplace_eb_k10|absolute1,M6_blend,0.023788265416935375,0.027872704331497414,0.29153605015673983,0.34169278996865204,,0.5,0.25,1.0,0.5
laplace_eb_k10|absolute1,M6_blend,0.025779905726609154,0.02625249257328742,0.2884012539184953,0.3510971786833856,,0.5,0.25,1.0,0.75
laplace_eb_k10|absolute1,M6_blend,0.025464340861714903,0.03200309358093432,0.30094043887147337,0.3573667711598746,,0.5,0.25,1.0,1.0
laplace_eb_k10|absolute1,M6_blend,-0.020956674811339053,-0.027078962029427944,0.2413793103448276,0.25705329153605017,,0.5,0.5,0.0,0.0
laplace_eb_k10|absolute1,M6_blend,-0.01265764931866004,-0.014187261450533582,0.2507836990595611,0.2727272727272727,,0.5,0.5,0.0,0.25
laplace_eb_k10|absolute1,M6_blend,0.02019404085747609,0.012970504610796333,0.27899686520376177,0.26332288401253917,,0.5,0.5,0.0,0.5
laplace_eb_k10|absolute1,M6_blend,0.03442240797051129,0.038642905710913174,0.2727272727272727,0.26959247648902823,,0.5,0.5,0.0,0.75
laplace_eb_k10|absolute1,M6_blend,0.0365702861576322,0.04185170746849248,0.29780564263322884,0.26959247648902823,,0.5,0.5,0.0,1.0
laplace_eb_k10|absolute1,M6_blend,-0.012429194372404018,-0.016510078981285186,0.2445141065830721,0.2727272727272727,,0.5,0.5,0.25,0.0
laplace_eb_k10|absolute1,M6_blend,0.014614597221482162,0.01352546404942076,0.2727272727272727,0.27899686520376177,,0.5,0.5,0.25,0.25
laplace_eb_k10|absolute1,M6_blend,0.026515318984261252,0.03507562828334895,0.2727272727272727,0.28213166144200624,,0.5,0.5,0.25,0.5
laplace_eb_k10|absolute1,M6_blend,0.03257878279978524,0.04118154836719313,0.29780564263322884,0.27899686520376177,,0.5,0.5,0.25,0.75
laplace_eb_k10|absolute1,M6_blend,0.036613556974066805,0.03962840531079747,0.29780564263322884,0.29153605015673983,,0.5,0.5,0.25,1.0
laplace_eb_k10|absolute1,M6_blend,0.00813519800636612,0.013359115426910335,0.2727272727272727,0.2727272727272727,,0.5,0.5,0.5,0.0
laplace_eb_k10|absolute1,M6_blend,0.02220619013739839,0.0307292545033286,0.2852664576802508,0.2884012539184953,,0.5,0.5,0.5,0.25
laplace_eb_k10|absolute1,M6_blend,0.027881994580156288,0.038162856464942795,0.29780564263322884,0.29780564263322884,,0.5,0.5,0.5,0.5
laplace_eb_k10|absolute1,M6_blend,0.03073151537735898,0.03968830636722914,0.30407523510971785,0.30407523510971785,,0.5,0.5,0.5,0.75
laplace_eb_k10|absolute1,M6_blend,0.030806425784646634,0.03567027813261579,0.2946708463949843,0.32601880877742945,,0.5,0.5,0.5,1.0
laplace_eb_k10|absolute1,M6_blend,0.01889248078997652,0.022867246819981212,0.27586206896551724,0.31347962382445144,,0.5,0.5,0.75,0.0
laplace_eb_k10|absolute1,M6_blend,0.02319209166014342,0.026023619005392337,0.29153605015673983,0.322884012539185,,0.5,0.5,0.75,0.25
laplace_eb_k10|absolute1,M6_blend,0.028530103580629483,0.034231825460180595,0.30407523510971785,0.31974921630094044,,0.5,0.5,0.75,0.5
laplace_eb_k10|absolute1,M6_blend,0.02812416044064927,0.03289141294584379,0.30094043887147337,0.34169278996865204,,0.5,0.5,0.75,0.75
laplace_eb_k10|absolute1,M6_blend,0.028702365785809595,0.03158074319596201,0.29780564263322884,0.34796238244514105,,0.5,0.5,0.75,1.0
laplace_eb_k10|absolute1,M6_blend,0.02125664305229351,0.019884193613891692,0.27586206896551724,0.34169278996865204,,0.5,0.5,1.0,0.0
laplace_eb_k10|absolute1,M6_blend,0.02418358302341057,0.028350224607510254,0.30094043887147337,0.335423197492163,,0.5,0.5,1.0,0.25
laplace_eb_k10|absolute1,M6_blend,0.02709755544993042,0.025999795411914866,0.2946708463949843,0.3542319749216301,,0.5,0.5,1.0,0.5
laplace_eb_k10|absolute1,M6_blend,0.02632083280880751,0.028782261494652232,0.29780564263322884,0.3573667711598746,,0.5,0.5,1.0,0.75
laplace_eb_k10|absolute1,M6_blend,0.02668802511845429,0.03157352682985482,0.3072100313479624,0.3667711598746082,,0.5,0.5,1.0,1.0
laplace_eb_k10|absolute1,M6_blend,-0.015896749459970785,-0.021688621421125615,0.25705329153605017,0.28213166144200624,,0.5,0.75,0.0,0.0
laplace_eb_k10|absolute1,M6_blend,-0.012394626622760757,-0.01708696954255941,0.2727272727272727,0.2884012539184953,,0.5,0.75,0.0,0.25
laplace_eb_k10|absolute1,M6_blend,0.010216263859004529,0.009266043566517695,0.27586206896551724,0.29153605015673983,,0.5,0.75,0.0,0.5
laplace_eb_k10|absolute1,M6_blend,0.021969561233845008,0.015734062054220784,0.2852664576802508,0.30407523510971785,,0.5,0.75,0.0,0.75
laplace_eb_k10|absolute1,M6_blend,0.03532411344349384,0.04162529562848115,0.30094043887147337,0.2852664576802508,,0.5,0.75,0.0,1.0
laplace_eb_k10|absolute1,M6_blend,-0.015624553164846958,-0.019918798034000547,0.25705329153605017,0.29780564263322884,,0.5,0.75,0.25,0.0
laplace_eb_k10|absolute1,M6_blend,-0.0019102145396363932,-0.00630297877338239,0.25705329153605017,0.31347962382445144,,0.5,0.75,0.25,0.25
laplace_eb_k10|absolute1,M6_blend,0.020431704233413252,0.012595164703444628,0.2852664576802508,0.31347962382445144,,0.5,0.75,0.25,0.5
laplace_eb_k10|absolute1,M6_blend,0.031220456538350663,0.03693205871411999,0.2946708463949843,0.29780564263322884,,0.5,0.75,0.25,0.75
laplace_eb_k10|absolute1,M6_blend,0.03638352464713742,0.0390733918496247,0.29153605015673983,0.3103448275862069,,0.5,0.75,0.25,1.0
laplace_eb_k10|absolute1,M6_blend,-0.0085084843738344,-0.019493166964536176,0.27899686520376177,0.3072100313479624,,0.5,0.75,0.5,0.0
laplace_eb_k10|absolute1,M6_blend,0.019912933154033755,0.014701624240340858,0.2946708463949843,0.3072100313479624,,0.5,0.75,0.5,0.25
laplace_eb_k10|absolute1,M6_blend,0.024377773106172427,0.03338696586908218,0.29780564263322884,0.3072100313479624,,0.5,0.75,0.5,0.5
laplace_eb_k10|absolute1,M6_blend,0.02853687656571312,0.035680531673016595,0.2946708463949843,0.322884012539185,,0.5,0.75,0.5,0.75
laplace_eb_k10|absolute1,M6_blend,0.029648490932956763,0.03518902513907995,0.2946708463949843,0.335423197492163,,0.5,0.75,0.5,1.0
laplace_eb_k10|absolute1,M6_blend,0.015743950763473326,0.015103530092018898,0.29780564263322884,0.32601880877742945,,0.5,0.75,0.75,0.0
laplace_eb_k10|absolute1,M6_blend,0.02276549869294412,0.026032568156999482,0.3072100313479624,0.3166144200626959,,0.5,0.75,0.75,0.25
laplace_eb_k10|absolute1,M6_blend,0.023768953851462344,0.027515856087861765,0.30094043887147337,0.34169278996865204,,0.5,0.75,0.75,0.5
laplace_eb_k10|absolute1,M6_blend,0.028146481378786774,0.03189126727956589,0.29780564263322884,0.34796238244514105,,0.5,0.75,0.75,0.75
laplace_eb_k10|absolute1,M6_blend,0.027488102627003772,0.0322888296996725,0.30094043887147337,0.3542319749216301,,0.5,0.75,0.75,1.0
laplace_eb_k10|absolute1,M6_blend,0.018940831018783626,0.02269770804103639,0.30094043887147337,0.335423197492163,,0.5,0.75,1.0,0.0
laplace_eb_k10|absolute1,M6_blend,0.02289031131128337,0.022298357014465482,0.2946708463949843,0.3542319749216301,,0.5,0.75,1.0,0.25
laplace_eb_k10|absolute1,M6_blend,0.024550333830998926,0.02756638461753119,0.30094043887147337,0.36363636363636365,,0.5,0.75,1.0,0.5
laplace_eb_k10|absolute1,M6_blend,0.02577538439099187,0.027302420403236133,0.30407523510971785,0.3667711598746082,,0.5,0.75,1.0,0.75
laplace_eb_k10|absolute1,M6_blend,0.025533257153867436,0.031729004845069866,0.3072100313479624,0.3761755485893417,,0.5,0.75,1.0,1.0
laplace_eb_k10|absolute1,M6_blend,-0.010986494002248541,-0.022132990023465738,0.2727272727272727,0.3072100313479624,,0.5,1.0,0.0,0.0
laplace_eb_k10|absolute1,M6_blend,-0.009941047252684085,-0.01626987132859828,0.2852664576802508,0.3103448275862069,,0.5,1.0,0.0,0.25
laplace_eb_k10|absolute1,M6_blend,-0.009564619821099594,-0.014972318734588295,0.2727272727272727,0.31347962382445144,,0.5,1.0,0.0,0.5
laplace_eb_k10|absolute1,M6_blend,0.023594857539328194,0.014005312947176841,0.29153605015673983,0.3072100313479624,,0.5,1.0,0.0,0.75
laplace_eb_k10|absolute1,M6_blend,0.025412687310494973,0.020091474932095846,0.29780564263322884,0.3103448275862069,,0.5,1.0,0.0,1.0
laplace_eb_k10|absolute1,M6_blend,-0.014266827837712553,-0.019849014261206117,0.27899686520376177,0.31974921630094044,,0.5,1.0,0.25,0.0
laplace_eb_k10|absolute1,M6_blend,-0.006494361279555649,-0.015056824364165153,0.26959247648902823,0.3322884012539185,,0.5,1.0,0.25,0.25
laplace_eb_k10|absolute1,M6_blend,0.021604941202940712,0.009530320962114393,0.27899686520376177,0.32601880877742945,,0.5,1.0,0.25,0.5
laplace_eb_k10|absolute1,M6_blend,0.022753818558607513,0.016818267483042326,0.2946708463949843,0.32601880877742945,,0.5,1.0,0.25,0.75
laplace_eb_k10|absolute1,M6_blend,0.03146438601830919,0.030806286756801755,0.2946708463949843,0.31974921630094044,,0.5,1.0,0.25,1.0
laplace_eb_k10|absolute1,M6_blend,-0.008783785473812023,-0.01906616564221143,0.27586206896551724,0.3448275862068966,,0.5,1.0,0.5,0.0
laplace_eb_k10|absolute1,M6_blend,0.014783080336043785,0.0075577241149628795,0.2946708463949843,0.3322884012539185,,0.5,1.0,0.5,0.25
laplace_eb_k10|absolute1,M6_blend,0.01820205723954861,0.014452966274606023,0.2946708463949843,0.32601880877742945,,0.5,1.0,0.5,0.5
laplace_eb_k10|absolute1,M6_blend,0.02605028828931654,0.03109122458903767,0.29780564263322884,0.3385579937304075,,0.5,1.0,0.5,0.75
laplace_eb_k10|absolute1,M6_blend,0.02802224409292348,0.03462070961217148,0.29780564263322884,0.34796238244514105,,0.5,1.0,0.5,1.0
laplace_eb_k10|absolute1,M6_blend,0.013004393233803094,0.007384302112095782,0.30094043887147337,0.3322884012539185,,0.5,1.0,0.75,0.0
laplace_eb_k10|absolute1,M6_blend,0.019378903344992742,0.013128348010180512,0.30407523510971785,0.335423197492163,,0.5,1.0,0.75,0.25
laplace_eb_k10|absolute1,M6_blend,0.024645679123044134,0.024297028044267883,0.30407523510971785,0.3542319749216301,,0.5,1.0,0.75,0.5
laplace_eb_k10|absolute1,M6_blend,0.02472824940605382,0.027694448186405773,0.30094043887147337,0.36363636363636365,,0.5,1.0,0.75,0.75
laplace_eb_k10|absolute1,M6_blend,0.027733676826872,0.03579406927231711,0.3103448275862069,0.3605015673981191,,0.5,1.0,0.75,1.0
laplace_eb_k10|absolute1,M6_blend,0.015182908564744461,0.008120986793575615,0.29780564263322884,0.3573667711598746,,0.5,1.0,1.0,0.0
laplace_eb_k10|absolute1,M6_blend,0.020470040279402395,0.02021624690920208,0.30407523510971785,0.36363636363636365,,0.5,1.0,1.0,0.25
laplace_eb_k10|absolute1,M6_blend,0.021508211341839292,0.02338698792466923,0.30407523510971785,0.36990595611285265,,0.5,1.0,1.0,0.5
laplace_eb_k10|absolute1,M6_blend,0.022383915514744616,0.0327953123210179,0.31347962382445144,0.3730407523510972,,0.5,1.0,1.0,0.75
laplace_eb_k10|absolute1,M6_blend,0.026940159885486446,0.031001597047319234,0.3103448275862069,0.3793103448275862,,0.5,1.0,1.0,1.0
laplace_eb_k10|absolute1,M6_blend,-0.04319418902277675,-0.04732063617031776,0.1786833855799373,0.31347962382445144,,0.75,0.0,0.0,0.0
laplace_eb_k10|absolute1,M6_blend,-0.021512892394239647,-0.01614649648716831,0.21316614420062696,0.26959247648902823,,0.75,0.0,0.0,0.25
laplace_eb_k10|absolute1,M6_blend,0.01560583973731973,0.0304956115828973,0.2601880877742947,0.2476489028213166,,0.75,0.0,0.0,0.5
laplace_eb_k10|absolute1,M6_blend,0.022425549766706444,0.03530504088556879,0.2884012539184953,0.2476489028213166,,0.75,0.0,0.0,0.75
laplace_eb_k10|absolute1,M6_blend,0.025498389989850462,0.03728910980506751,0.2884012539184953,0.26959247648902823,,0.75,0.0,0.0,1.0
laplace_eb_k10|absolute1,M6_blend,-0.02603563583633122,-0.025284063981898527,0.20689655172413793,0.3072100313479624,,0.75,0.0,0.25,0.0
laplace_eb_k10|absolute1,M6_blend,0.011104758493421952,0.021089481207364032,0.2507836990595611,0.27899686520376177,,0.75,0.0,0.25,0.25
laplace_eb_k10|absolute1,M6_blend,0.01598544742520644,0.025848336506132795,0.2884012539184953,0.2664576802507837,,0.75,0.0,0.25,0.5
laplace_eb_k10|absolute1,M6_blend,0.020712674576057237,0.03414920973226568,0.30407523510971785,0.27586206896551724,,0.75,0.0,0.25,0.75
laplace_eb_k10|absolute1,M6_blend,0.02254140895928186,0.03702652623707598,0.30407523510971785,0.30094043887147337,,0.75,0.0,0.25,1.0
laplace_eb_k10|absolute1,M6_blend,0.0026700339473122075,0.004276107669717466,0.22884012539184953,0.32601880877742945,,0.75,0.0,0.5,0.0
laplace_eb_k10|absolute1,M6_blend,0.010433307918879057,0.019530503131846275,0.2727272727272727,0.2884012539184953,,0.75,0.0,0.5,0.25
laplace_eb_k10|absolute1,M6_blend,0.017295106927225693,0.0245864511960913,0.28213166144200624,0.29780564263322884,,0.75,0.0,0.5,0.5
laplace_eb_k10|absolute1,M6_blend,0.01897535027176617,0.030556790986124623,0.2946708463949843,0.3103448275862069,,0.75,0.0,0.5,0.75
laplace_eb_k10|absolute1,M6_blend,0.021524326905506347,0.03180889277295633,0.30094043887147337,0.3166144200626959,,0.75,0.0,0.5,1.0
laplace_eb_k10|absolute1,M6_blend,0.0032237468325535096,0.0010500900961201765,0.26332288401253917,0.3448275862068966,,0.75,0.0,0.75,0.0
laplace_eb_k10|absolute1,M6_blend,0.012799433909848773,0.018882178342361063,0.2852664576802508,0.322884012539185,,0.75,0.0,0.75,0.25
laplace_eb_k10|absolute1,M6_blend,0.015311674526754707,0.022676927274017124,0.29153605015673983,0.329153605015674,,0.75,0.0,0.75,0.5
laplace_eb_k10|absolute1,M6_blend,0.018742299929329093,0.02542010978518235,0.30094043887147337,0.32601880877742945,,0.75,0.0,0.75,0.75
laplace_eb_k10|absolute1,M6_blend,0.021067205205525786,0.027553998436019713,0.29780564263322884,0.3542319749216301,,0.75,0.0,0.75,1.0
laplace_eb_k10|absolute1,M6_blend,0.002116425319284133,0.0010337507159545504,0.27899686520376177,0.36990595611285265,,0.75,0.0,1.0,0.0
laplace_eb_k10|absolute1,M6_blend,0.01080089147735158,0.017274715998983683,0.29153605015673983,0.34796238244514105,,0.75,0.0,1.0,0.25
laplace_eb_k10|absolute1,M6_blend,0.013111473033565324,0.021518913964773047,0.29780564263322884,0.34796238244514105,,0.75,0.0,1.0,0.5
laplace_eb_k10|absolute1,M6_blend,0.016300778632351368,0.024202305987056895,0.29780564263322884,0.3573667711598746,,0.75,0.0,1.0,0.75
laplace_eb_k10|absolute1,M6_blend,0.01642804391733063,0.02756346188789251,0.3072100313479624,0.3605015673981191,,0.75,0.0,1.0,1.0
laplace_eb_k10|absolute1,M6_blend,-0.035554413452472934,-0.04088733556642428,0.21316614420062696,0.3103448275862069,,0.75,0.25,0.0,0.0
laplace_eb_k10|absolute1,M6_blend,-0.023278026105432954,-0.022874035513419717,0.23510971786833856,0.28213166144200624,,0.75,0.25,0.0,0.25
laplace_eb_k10|absolute1,M6_blend,0.00847594255416024,0.015823670233772093,0.2664576802507837,0.28213166144200624,,0.75,0.25,0.0,0.5
laplace_eb_k10|absolute1,M6_blend,0.024713633632911094,0.038479126791315016,0.2727272727272727,0.27899686520376177,,0.75,0.25,0.0,0.75
laplace_eb_k10|absolute1,M6_blend,0.02736036150646237,0.03855541029647226,0.28213166144200624,0.2946708463949843,,0.75,0.25,0.0,1.0
laplace_eb_k10|absolute1,M6_blend,-0.024818066796096962,-0.03288509688547413,0.23197492163009403,0.3072100313479624,,0.75,0.25,0.25,0.0
laplace_eb_k10|absolute1,M6_blend,0.003753266354560309,0.016627220582905982,0.2727272727272727,0.28213166144200624,,0.75,0.25,0.25,0.25
laplace_eb_k10|absolute1,M6_blend,0.02007478904106351,0.033443972783682864,0.2852664576802508,0.29780564263322884,,0.75,0.25,0.25,0.5
laplace_eb_k10|absolute1,M6_blend,0.023285695158607053,0.03684327969777173,0.29153605015673983,0.3072100313479624,,0.75,0.25,0.25,0.75
laplace_eb_k10|absolute1,M6_blend,0.023931242177657495,0.03640642398997534,0.2946708463949843,0.3166144200626959,,0.75,0.25,0.25,1.0
laplace_eb_k10|absolute1,M6_blend,-0.0028124804266968185,0.011113477783236759,0.2476489028213166,0.3103448275862069,,0.75,0.25,0.5,0.0
laplace_eb_k10|absolute1,M6_blend,0.012653312427341802,0.018637394912097146,0.2601880877742947,0.329153605015674,,0.75,0.25,0.5,0.25
laplace_eb_k10|absolute1,M6_blend,0.01969716654229137,0.028990355323194335,0.28213166144200624,0.32601880877742945,,0.75,0.25,0.5,0.5
laplace_eb_k10|absolute1,M6_blend,0.022433103408011055,0.031031181457741506,0.2852664576802508,0.3385579937304075,,0.75,0.25,0.5,0.75
laplace_eb_k10|absolute1,M6_blend,0.02419185634184807,0.031411744408940075,0.2852664576802508,0.3510971786833856,,0.75,0.25,0.5,1.0
laplace_eb_k10|absolute1,M6_blend,0.012411535503279104,0.018063351336784873,0.2664576802507837,0.34169278996865204,,0.75,0.25,0.75,0.0
laplace_eb_k10|absolute1,M6_blend,0.015150856273354866,0.021082901410454866,0.2727272727272727,0.3448275862068966,,0.75,0.25,0.75,0.25
laplace_eb_k10|absolute1,M6_blend,0.01968139639561296,0.024609068309345214,0.29153605015673983,0.34796238244514105,,0.75,0.25,0.75,0.5
laplace_eb_k10|absolute1,M6_blend,0.022130411949882748,0.02715239397083704,0.2946708463949843,0.3605015673981191,,0.75,0.25,0.75,0.75
laplace_eb_k10|absolute1,M6_blend,0.023129059124848295,0.02632718751656598,0.2946708463949843,0.36990595611285265,,0.75,0.25,0.75,1.0
laplace_eb_k10|absolute1,M6_blend,0.013042537919786634,0.013576517109306628,0.27586206896551724,0.36363636363636365,,0.75,0.25,1.0,0.0
laplace_eb_k10|absolute1,M6_blend,0.01580526356018893,0.02035533637976198,0.29153605015673983,0.3605015673981191,,0.75,0.25,1.0,0.25
laplace_eb_k10|absolute1,M6_blend,0.018205255545794555,0.02376712294628254,0.29780564263322884,0.3605015673981191,,0.75,0.25,1.0,0.5
laplace_eb_k10|absolute1,M6_blend,0.021537490978259976,0.024988889238770854,0.2946708463949843,0.36990595611285265,,0.75,0.25,1.0,0.75
laplace_eb_k10|absolute1,M6_blend,0.0205220382974604,0.028239252810661322,0.30407523510971785,0.3761755485893417,,0.75,0.25,1.0,1.0
laplace_eb_k10|absolute1,M6_blend,-0.030467051974495615,-0.03854612752701795,0.23824451410658307,0.322884012539185,,0.75,0.5,0.0,0.0
laplace_eb_k10|absolute1,M6_blend,-0.02526357074550317,-0.026903769521036864,0.25391849529780564,0.3166144200626959,,0.75,0.5,0.0,0.25
laplace_eb_k10|absolute1,M6_blend,-0.0052233307679652625,-0.001194533754759074,0.2664576802507837,0.31347962382445144,,0.75,0.5,0.0,0.5
laplace_eb_k10|absolute1,M6_blend,0.017803855134271816,0.028001624740496698,0.2884012539184953,0.32601880877742945,,0.75,0.5,0.0,0.75
laplace_eb_k10|absolute1,M6_blend,0.028865905037332232,0.039833966736042385,0.29780564263322884,0.30407523510971785,,0.75,0.5,0.0,1.0
laplace_eb_k10|absolute1,M6_blend,-0.024661770179562253,-0.03241634157524213,0.25705329153605017,0.329153605015674,,0.75,0.5,0.25,0.0
laplace_eb_k10|absolute1,M6_blend,-0.014204722406991794,-0.016885112083537452,0.27586206896551724,0.329153605015674,,0.75,0.5,0.25,0.25
laplace_eb_k10|absolute1,M6_blend,0.015837158278004183,0.023009167184183218,0.2946708463949843,0.329153605015674,,0.75,0.5,0.25,0.5
laplace_eb_k10|absolute1,M6_blend,0.0241092977481035,0.034634074085278195,0.29780564263322884,0.32601880877742945,,0.75,0.5,0.25,0.75
laplace_eb_k10|absolute1,M6_blend,0.026443474851803248,0.03336593575285146,0.2946708463949843,0.335423197492163,,0.75,0.5,0.25,1.0
laplace_eb_k10|absolute1,M6_blend,-0.01387479609824666,-0.01903775083280656,0.26332288401253917,0.34169278996865204,,0.75,0.5,0.5,0.0
laplace_eb_k10|absolute1,M6_blend,0.01178675035867577,0.01997351514461646,0.29153605015673983,0.3322884012539185,,0.75,0.5,0.5,0.25
laplace_eb_k10|absolute1,M6_blend,0.01700223987001357,0.027562310714800156,0.29780564263322884,0.335423197492163,,0.75,0.5,0.5,0.5
laplace_eb_k10|absolute1,M6_blend,0.02475171300300433,0.031001578315765506,0.29153605015673983,0.34796238244514105,,0.75,0.5,0.5,0.75
laplace_eb_k10|absolute1,M6_blend,0.02546161569332479,0.030669718899043002,0.2946708463949843,0.3573667711598746,,0.75,0.5,0.5,1.0
laplace_eb_k10|absolute1,M6_blend,0.008295779733797684,0.013564180839678338,0.29153605015673983,0.3510971786833856,,0.75,0.5,0.75,0.0
laplace_eb_k10|absolute1,M6_blend,0.014562941336652141,0.020217794551277608,0.29780564263322884,0.3510971786833856,,0.75,0.5,0.75,0.25
laplace_eb_k10|absolute1,M6_blend,0.022115088129471265,0.025952934249534876,0.30094043887147337,0.3573667711598746,,0.75,0.5,0.75,0.5
laplace_eb_k10|absolute1,M6_blend,0.024403811960665673,0.026808666830245978,0.3072100313479624,0.3667711598746082,,0.75,0.5,0.75,0.75
laplace_eb_k10|absolute1,M6_blend,0.02219942653369252,0.03103720517040794,0.3103448275862069,0.36990595611285265,,0.75,0.5,0.75,1.0
laplace_eb_k10|absolute1,M6_blend,0.015552735779273212,0.01957403203957133,0.29780564263322884,0.36363636363636365,,0.75,0.5,1.0,0.0
laplace_eb_k10|absolute1,M6_blend,0.01542573696710933,0.019064585441799373,0.30407523510971785,0.36363636363636365,,0.75,0.5,1.0,0.25
laplace_eb_k10|absolute1,M6_blend,0.02268537502218216,0.024390422636905808,0.31347962382445144,0.3730407523510972,,0.75,0.5,1.0,0.5
laplace_eb_k10|absolute1,M6_blend,0.020932916068134657,0.027291372476793755,0.31347962382445144,0.3761755485893417,,0.75,0.5,1.0,0.75
laplace_eb_k10|absolute1,M6_blend,0.022761507447732608,0.028554722164585298,0.31974921630094044,0.3824451410658307,,0.75,0.5,1.0,1.0
laplace_eb_k10|absolute1,M6_blend,-0.02595064543391279,-0.033852183461469544,0.25705329153605017,0.3322884012539185,,0.75,0.75,0.0,0.0
laplace_eb_k10|absolute1,M6_blend,-0.020017001213577995,-0.022079037426500858,0.28213166144200624,0.3322884012539185,,0.75,0.75,0.0,0.25
laplace_eb_k10|absolute1,M6_blend,-0.014387538486875271,-0.015254980869894864,0.2852664576802508,0.34169278996865204,,0.75,0.75,0.0,0.5
laplace_eb_k10|absolute1,M6_blend,0.016110164543999897,0.013309535620074288,0.30094043887147337,0.32601880877742945,,0.75,0.75,0.0,0.75
laplace_eb_k10|absolute1,M6_blend,0.022744681079424324,0.028012640972776472,0.30407523510971785,0.329153605015674,,0.75,0.75,0.0,1.0
laplace_eb_k10|absolute1,M6_blend,-0.023119920605882697,-0.030112532624350073,0.2884012539184953,0.34796238244514105,,0.75,0.75,0.25,0.0
laplace_eb_k10|absolute1,M6_blend,-0.011512718475285857,-0.019313809091114326,0.2946708463949843,0.3510971786833856,,0.75,0.75,0.25,0.25
laplace_eb_k10|absolute1,M6_blend,0.011343184519126366,0.0056116147358028865,0.30094043887147337,0.3510971786833856,,0.75,0.75,0.25,0.5
laplace_eb_k10|absolute1,M6_blend,0.01790289369524204,0.025766747276704513,0.30094043887147337,0.3448275862068966,,0.75,0.75,0.25,0.75
laplace_eb_k10|absolute1,M6_blend,0.025523790779920265,0.035338323937034156,0.30407523510971785,0.3385579937304075,,0.75,0.75,0.25,1.0
laplace_eb_k10|absolute1,M6_blend,-0.01488829987518201,-0.025230814028402854,0.2884012539184953,0.36363636363636365,,0.75,0.75,0.5,0.0
laplace_eb_k10|absolute1,M6_blend,0.009290118580832568,0.008054275018948372,0.2946708463949843,0.3510971786833856,,0.75,0.75,0.5,0.25
laplace_eb_k10|absolute1,M6_blend,0.01680692737171074,0.021336536714369227,0.2946708463949843,0.3510971786833856,,0.75,0.75,0.5,0.5
laplace_eb_k10|absolute1,M6_blend,0.019055686882593095,0.027467581090228312,0.30094043887147337,0.36363636363636365,,0.75,0.75,0.5,0.75
laplace_eb_k10|absolute1,M6_blend,0.026174004068746655,0.03085834246864513,0.29780564263322884,0.3730407523510972,,0.75,0.75,0.5,1.0
laplace_eb_k10|absolute1,M6_blend,0.0008249971506467985,0.0046230793162759945,0.30407523510971785,0.3542319749216301,,0.75,0.75,0.75,0.0
laplace_eb_k10|absolute1,M6_blend,0.016117422970898604,0.016300024505599538,0.31347962382445144,0.3605015673981191,,0.75,0.75,0.75,0.25
laplace_eb_k10|absolute1,M6_blend,0.018725148060598787,0.023552710231288472,0.31347962382445144,0.3605015673981191,,0.75,0.75,0.75,0.5
laplace_eb_k10|absolute1,M6_blend,0.02009042011306606,0.030050510628189787,0.31347962382445144,0.36363636363636365,,0.75,0.75,0.75,0.75
laplace_eb_k10|absolute1,M6_blend,0.024233524341789627,0.03333963459608697,0.322884012539185,0.3761755485893417,,0.75,0.75,0.75,1.0
laplace_eb_k10|absolute1,M6_blend,0.011452910683387232,0.015866634462227268,0.31974921630094044,0.3667711598746082,,0.75,0.75,1.0,0.0
laplace_eb_k10|absolute1,M6_blend,0.01652440971404246,0.0213009300627118,0.322884012539185,0.36990595611285265,,0.75,0.75,1.0,0.25
laplace_eb_k10|absolute1,M6_blend,0.018263466011283067,0.020577922708655598,0.3166144200626959,0.3761755485893417,,0.75,0.75,1.0,0.5
laplace_eb_k10|absolute1,M6_blend,0.02188447031249761,0.028996911647271213,0.32601880877742945,0.3761755485893417,,0.75,0.75,1.0,0.75
laplace_eb_k10|absolute1,M6_blend,0.022593405751133833,0.028583123684396566,0.32601880877742945,0.38557993730407525,,0.75,0.75,1.0,1.0
laplace_eb_k10|absolute1,M6_blend,-0.023877667237692652,-0.02753364349654102,0.27899686520376177,0.3510971786833856,,0.75,1.0,0.0,0.0
laplace_eb_k10|absolute1,M6_blend,-0.018716656456538104,-0.02415015575327096,0.29153605015673983,0.3510971786833856,,0.75,1.0,0.0,0.25
laplace_eb_k10|absolute1,M6_blend,-0.016366663450430356,-0.01887434568010901,0.2946708463949843,0.3510971786833856,,0.75,1.0,0.0,0.5
laplace_eb_k10|absolute1,M6_blend,0.003852074634886277,0.01176860158953547,0.29780564263322884,0.3448275862068966,,0.75,1.0,0.0,0.75
laplace_eb_k10|absolute1,M6_blend,0.01888632086574488,0.017248527278253652,0.3103448275862069,0.3510971786833856,,0.75,1.0,0.0,1.0
laplace_eb_k10|absolute1,M6_blend,-0.021375161512905482,-0.03205977288019321,0.2946708463949843,0.3730407523510972,,0.75,1.0,0.25,0.0
laplace_eb_k10|absolute1,M6_blend,-0.01711689871746478,-0.021559874384100536,0.29153605015673983,0.36363636363636365,,0.75,1.0,0.25,0.25
laplace_eb_k10|absolute1,M6_blend,-0.004413968397639607,-0.008717119658722025,0.2852664576802508,0.3824451410658307,,0.75,1.0,0.25,0.5
laplace_eb_k10|absolute1,M6_blend,0.014745049390746683,0.00809239225935039,0.30094043887147337,0.3730407523510972,,0.75,1.0,0.25,0.75
laplace_eb_k10|absolute1,M6_blend,0.01995777841954405,0.023152742698368235,0.31347962382445144,0.36363636363636365,,0.75,1.0,0.25,1.0
laplace_eb_k10|absolute1,M6_blend,-0.013167849480936087,-0.02466074184610926,0.2852664576802508,0.3761755485893417,,0.75,1.0,0.5,0.0
laplace_eb_k10|absolute1,M6_blend,-0.008809115775862967,-0.026470599608454957,0.27899686520376177,0.3949843260188088,,0.75,1.0,0.5,0.25
laplace_eb_k10|absolute1,M6_blend,0.013353769703511497,0.008990859174896558,0.2946708463949843,0.3793103448275862,,0.75,1.0,0.5,0.5
laplace_eb_k10|absolute1,M6_blend,0.017557816626610136,0.029047018973898366,0.3072100313479624,0.36990595611285265,,0.75,1.0,0.5,0.75
laplace_eb_k10|absolute1,M6_blend,0.022379168404737203,0.02867452460443338,0.30407523510971785,0.3761755485893417,,0.75,1.0,0.5,1.0
laplace_eb_k10|absolute1,M6_blend,-0.010141311374605382,-0.024650717802275686,0.29153605015673983,0.3887147335423197,,0.75,1.0,0.75,0.0
laplace_eb_k10|absolute1,M6_blend,0.012165836994122535,0.007277583896086134,0.31347962382445144,0.3730407523510972,,0.75,1.0,0.75,0.25
laplace_eb_k10|absolute1,M6_blend,0.013515227739455217,0.023075268805307282,0.322884012539185,0.3761755485893417,,0.75,1.0,0.75,0.5
laplace_eb_k10|absolute1,M6_blend,0.018177865060356048,0.029040140242879292,0.322884012539185,0.3761755485893417,,0.75,1.0,0.75,0.75
laplace_eb_k10|absolute1,M6_blend,0.021648634462734018,0.02988669193323503,0.322884012539185,0.38557993730407525,,0.75,1.0,0.75,1.0
laplace_eb_k10|absolute1,M6_blend,0.007174682877703245,0.007985213368570544,0.31974921630094044,0.3793103448275862,,0.75,1.0,1.0,0.0
laplace_eb_k10|absolute1,M6_blend,0.013186942421086556,0.015487748382140103,0.322884012539185,0.3793103448275862,,0.75,1.0,1.0,0.25
laplace_eb_k10|absolute1,M6_blend,0.01641170074632879,0.02150251434934924,0.31974921630094044,0.3824451410658307,,0.75,1.0,1.0,0.5
laplace_eb_k10|absolute1,M6_blend,0.018230066127684772,0.023988275050089276,0.32601880877742945,0.38557993730407525,,0.75,1.0,1.0,0.75
laplace_eb_k10|absolute1,M6_blend,0.023360954177542536,0.02952110553656626,0.329153605015674,0.3887147335423197,,0.75,1.0,1.0,1.0
laplace_eb_k10|absolute1,M6_blend,-0.05232560191227119,-0.056271094174874615,0.18808777429467086,0.3542319749216301,,1.0,0.0,0.0,0.0
laplace_eb_k10|absolute1,M6_blend,-0.030740024420116648,-0.029804123267764954,0.22570532915360503,0.322884012539185,,1.0,0.0,0.0,0.25
laplace_eb_k10|absolute1,M6_blend,0.0020488621476095737,0.02619648569476642,0.2884012539184953,0.26959247648902823,,1.0,0.0,0.0,0.5
laplace_eb_k10|absolute1,M6_blend,0.012955146232844756,0.02794092427647226,0.29780564263322884,0.2852664576802508,,1.0,0.0,0.0,0.75
laplace_eb_k10|absolute1,M6_blend,0.02019214329303397,0.034120274993786615,0.3072100313479624,0.29780564263322884,,1.0,0.0,0.0,1.0
laplace_eb_k10|absolute1,M6_blend,-0.03593624759983093,-0.03277351927934769,0.22884012539184953,0.3385579937304075,,1.0,0.0,0.25,0.0
laplace_eb_k10|absolute1,M6_blend,-0.005789113233124748,0.014294357894449772,0.2664576802507837,0.29780564263322884,,1.0,0.0,0.25,0.25
laplace_eb_k10|absolute1,M6_blend,0.008677231635821979,0.021579210018756623,0.29780564263322884,0.29153605015673983,,1.0,0.0,0.25,0.5
laplace_eb_k10|absolute1,M6_blend,0.015517577062231534,0.027152694843499265,0.30407523510971785,0.3103448275862069,,1.0,0.0,0.25,0.75
laplace_eb_k10|absolute1,M6_blend,0.017038467999946554,0.030692470659936858,0.31974921630094044,0.3166144200626959,,1.0,0.0,0.25,1.0
laplace_eb_k10|absolute1,M6_blend,-0.020154909033472553,-0.01126325615100726,0.2413793103448276,0.3542319749216301,,1.0,0.0,0.5,0.0
laplace_eb_k10|absolute1,M6_blend,0.003755405133670718,0.012746531165972772,0.27586206896551724,0.32601880877742945,,1.0,0.0,0.5,0.25
laplace_eb_k10|absolute1,M6_blend,0.01058204400359498,0.020091062697777554,0.2946708463949843,0.31974921630094044,,1.0,0.0,0.5,0.5
laplace_eb_k10|absolute1,M6_blend,0.015515112282033661,0.026228246679033233,0.31347962382445144,0.322884012539185,,1.0,0.0,0.5,0.75
laplace_eb_k10|absolute1,M6_blend,0.017288755527899043,0.02636712363287573,0.3072100313479624,0.3542319749216301,,1.0,0.0,0.5,1.0
laplace_eb_k10|absolute1,M6_blend,-0.0004892760849555696,-0.0016190284705461006,0.27586206896551724,0.3667711598746082,,1.0,0.0,0.75,0.0
laplace_eb_k10|absolute1,M6_blend,0.005073787746335759,0.01397560269434624,0.29780564263322884,0.3510971786833856,,1.0,0.0,0.75,0.25
laplace_eb_k10|absolute1,M6_blend,0.011010661903675433,0.02365628934719346,0.31347962382445144,0.34169278996865204,,1.0,0.0,0.75,0.5
laplace_eb_k10|absolute1,M6_blend,0.014561392702077408,0.022472976832460835,0.3103448275862069,0.3605015673981191,,1.0,0.0,0.75,0.75
laplace_eb_k10|absolute1,M6_blend,0.018023659396653565,0.028466032952257084,0.31974921630094044,0.3573667711598746,,1.0,0.0,0.75,1.0
laplace_eb_k10|absolute1,M6_blend,-0.0037826649327009306,-0.0017780059931046537,0.28213166144200624,0.3981191222570533,,1.0,0.0,1.0,0.0
laplace_eb_k10|absolute1,M6_blend,0.006530634155136306,0.010929206427081626,0.30407523510971785,0.3667711598746082,,1.0,0.0,1.0,0.25
laplace_eb_k10|absolute1,M6_blend,0.008542926320148492,0.018052020101431396,0.3103448275862069,0.36990595611285265,,1.0,0.0,1.0,0.5
laplace_eb_k10|absolute1,M6_blend,0.011099605407387629,0.022090802523876806,0.31974921630094044,0.3667711598746082,,1.0,0.0,1.0,0.75
laplace_eb_k10|absolute1,M6_blend,0.012969264340563624,0.027655576335318784,0.322884012539185,0.3605015673981191,,1.0,0.0,1.0,1.0
laplace_eb_k10|absolute1,M6_blend,-0.042676323439272495,-0.051048478981637654,0.23824451410658307,0.3448275862068966,,1.0,0.25,0.0,0.0
laplace_eb_k10|absolute1,M6_blend,-0.028555166387849898,-0.031012704017861135,0.27899686520376177,0.322884012539185,,1.0,0.25,0.0,0.25
laplace_eb_k10|absolute1,M6_blend,-0.021634709399728135,-0.015873157036808964,0.2946708463949843,0.3166144200626959,,1.0,0.25,0.0,0.5
laplace_eb_k10|absolute1,M6_blend,0.017606230469628455,0.03156277835135549,0.3103448275862069,0.3103448275862069,,1.0,0.25,0.0,0.75
laplace_eb_k10|absolute1,M6_blend,0.023068343074928655,0.034273854138615736,0.3166144200626959,0.31974921630094044,,1.0,0.25,0.0,1.0
laplace_eb_k10|absolute1,M6_blend,-0.02894423796810159,-0.03624504899203217,0.2445141065830721,0.3448275862068966,,1.0,0.25,0.25,0.0
laplace_eb_k10|absolute1,M6_blend,-0.024626770347424682,-0.02080291921862614,0.27586206896551724,0.322884012539185,,1.0,0.25,0.25,0.25
laplace_eb_k10|absolute1,M6_blend,0.009317462453470144,0.01972906565918444,0.2884012539184953,0.3322884012539185,,1.0,0.25,0.25,0.5
laplace_eb_k10|absolute1,M6_blend,0.019197855433258217,0.03135277698733216,0.30407523510971785,0.3322884012539185,,1.0,0.25,0.25,0.75
laplace_eb_k10|absolute1,M6_blend,0.02118090946643119,0.03131749608253237,0.30094043887147337,0.3510971786833856,,1.0,0.25,0.25,1.0
laplace_eb_k10|absolute1,M6_blend,-0.022865529420333736,-0.02639012030533115,0.25705329153605017,0.3542319749216301,,1.0,0.25,0.5,0.0
laplace_eb_k10|absolute1,M6_blend,0.008226072721200272,0.016415112386209463,0.2884012539184953,0.34169278996865204,,1.0,0.25,0.5,0.25
laplace_eb_k10|absolute1,M6_blend,0.013992896015015441,0.02342997985340211,0.29780564263322884,0.3448275862068966,,1.0,0.25,0.5,0.5
laplace_eb_k10|absolute1,M6_blend,0.01817097700283712,0.02637390931338352,0.30407523510971785,0.3605015673981191,,1.0,0.25,0.5,0.75
laplace_eb_k10|absolute1,M6_blend,0.020126023641649574,0.025155771523714066,0.29780564263322884,0.36990595611285265,,1.0,0.25,0.5,1.0
laplace_eb_k10|absolute1,M6_blend,0.0006829512884717324,0.012259201932009484,0.2852664576802508,0.36363636363636365,,1.0,0.25,0.75,0.0
laplace_eb_k10|absolute1,M6_blend,0.01062966237833261,0.022311675032384716,0.30407523510971785,0.3573667711598746,,1.0,0.25,0.75,0.25
laplace_eb_k10|absolute1,M6_blend,0.015398893068313328,0.024919769221619006,0.3103448275862069,0.3605015673981191,,1.0,0.25,0.75,0.5
laplace_eb_k10|absolute1,M6_blend,0.017741583317416404,0.025681825442280516,0.31347962382445144,0.36990595611285265,,1.0,0.25,0.75,0.75
laplace_eb_k10|absolute1,M6_blend,0.01761833785403019,0.027000287471800388,0.31347962382445144,0.3793103448275862,,1.0,0.25,0.75,1.0
laplace_eb_k10|absolute1,M6_blend,0.007041059769605178,0.012256005259236572,0.29153605015673983,0.3793103448275862,,1.0,0.25,1.0,0.0
laplace_eb_k10|absolute1,M6_blend,0.010421006747252035,0.0173464189152172,0.3072100313479624,0.3793103448275862,,1.0,0.25,1.0,0.25
laplace_eb_k10|absolute1,M6_blend,0.012860698243581896,0.020641281908862642,0.30407523510971785,0.38557993730407525,,1.0,0.25,1.0,0.5
laplace_eb_k10|absolute1,M6_blend,0.015564602772134584,0.02644952051458314,0.31974921630094044,0.3761755485893417,,1.0,0.25,1.0,0.75
laplace_eb_k10|absolute1,M6_blend,0.016690797272195575,0.026272873017574926,0.31974921630094044,0.3793103448275862,,1.0,0.25,1.0,1.0
laplace_eb_k10|absolute1,M6_blend,-0.03582048084765062,-0.0450634592589353,0.2507836990595611,0.3542319749216301,,1.0,0.5,0.0,0.0
laplace_eb_k10|absolute1,M6_blend,-0.03163659624789326,-0.0393781213667886,0.2852664576802508,0.3605015673981191,,1.0,0.5,0.0,0.25
laplace_eb_k10|absolute1,M6_blend,-0.02183549324631827,-0.024758632105065737,0.2852664576802508,0.3605015673981191,,1.0,0.5,0.0,0.5
laplace_eb_k10|absolute1,M6_blend,0.008309596606396597,0.007677302219931235,0.3103448275862069,0.3448275862068966,,1.0,0.5,0.0,0.75
laplace_eb_k10|absolute1,M6_blend,0.020507074447013524,0.032095271393329745,0.3166144200626959,0.34169278996865204,,1.0,0.5,0.0,1.0
laplace_eb_k10|absolute1,M6_blend,-0.03352482825653428,-0.044305114268228925,0.26959247648902823,0.3667711598746082,,1.0,0.5,0.25,0.0
laplace_eb_k10|absolute1,M6_blend,-0.023349268815919314,-0.02760368596096771,0.27899686520376177,0.3667711598746082,,1.0,0.5,0.25,0.25
laplace_eb_k10|absolute1,M6_blend,0.005783242616878827,0.011116617934363762,0.31347962382445144,0.335423197492163,,1.0,0.5,0.25,0.5
laplace_eb_k10|absolute1,M6_blend,0.014545799209683252,0.027551532433978444,0.30407523510971785,0.3542319749216301,,1.0,0.5,0.25,0.75
laplace_eb_k10|absolute1,M6_blend,0.02082375838402192,0.032152681783729216,0.3103448275862069,0.3573667711598746,,1.0,0.5,0.25,1.0
laplace_eb_k10|absolute1,M6_blend,-0.024710046645075694,-0.02581750810566741,0.27899686520376177,0.36990595611285265,,1.0,0.5,0.5,0.0
laplace_eb_k10|absolute1,M6_blend,-0.003622734902218697,0.007770634825607079,0.29780564263322884,0.3542319749216301,,1.0,0.5,0.5,0.25
laplace_eb_k10|absolute1,M6_blend,0.011410231644750185,0.020496438231120663,0.30094043887147337,0.3605015673981191,,1.0,0.5,0.5,0.5
laplace_eb_k10|absolute1,M6_blend,0.017690779378209134,0.024234883498902605,0.3072100313479624,0.3730407523510972,,1.0,0.5,0.5,0.75
laplace_eb_k10|absolute1,M6_blend,0.02078381100147623,0.02817814910439862,0.3103448275862069,0.3761755485893417,,1.0,0.5,0.5,1.0
laplace_eb_k10|absolute1,M6_blend,-0.01338670939495596,-0.008865016112600375,0.29780564263322884,0.3761755485893417,,1.0,0.5,0.75,0.0
laplace_eb_k10|absolute1,M6_blend,0.009995638072524635,0.01981758033173585,0.31974921630094044,0.3667711598746082,,1.0,0.5,0.75,0.25
laplace_eb_k10|absolute1,M6_blend,0.01303157891339892,0.02096340563556991,0.322884012539185,0.3761755485893417,,1.0,0.5,0.75,0.5
laplace_eb_k10|absolute1,M6_blend,0.018456166033083594,0.027044081750988585,0.329153605015674,0.36990595611285265,,1.0,0.5,0.75,0.75
laplace_eb_k10|absolute1,M6_blend,0.019061787533393482,0.031218482911306487,0.3385579937304075,0.36990595611285265,,1.0,0.5,0.75,1.0
laplace_eb_k10|absolute1,M6_blend,0.008231487927071597,0.017251844748527652,0.31347962382445144,0.3793103448275862,,1.0,0.5,1.0,0.0
laplace_eb_k10|absolute1,M6_blend,0.010824287395101202,0.01961050384610798,0.31974921630094044,0.3793103448275862,,1.0,0.5,1.0,0.25
laplace_eb_k10|absolute1,M6_blend,0.013271230631476111,0.022223772895653793,0.32601880877742945,0.3793103448275862,,1.0,0.5,1.0,0.5
laplace_eb_k10|absolute1,M6_blend,0.01605728596177351,0.026276144242865913,0.3322884012539185,0.3761755485893417,,1.0,0.5,1.0,0.75
laplace_eb_k10|absolute1,M6_blend,0.01799912497842502,0.0265003092073161,0.335423197492163,0.3793103448275862,,1.0,0.5,1.0,1.0
laplace_eb_k10|absolute1,M6_blend,-0.03488665269708986,-0.040457437883443595,0.28213166144200624,0.36363636363636365,,1.0,0.75,0.0,0.0
laplace_eb_k10|absolute1,M6_blend,-0.028547875112206897,-0.03692952061194611,0.2852664576802508,0.3793103448275862,,1.0,0.75,0.0,0.25
laplace_eb_k10|absolute1,M6_blend,-0.02617898341141013,-0.02639315154718755,0.2946708463949843,0.36990595611285265,,1.0,0.75,0.0,0.5
laplace_eb_k10|absolute1,M6_blend,-0.008108641311594186,6.993963940763922e-05,0.30094043887147337,0.3667711598746082,,1.0,0.75,0.0,0.75
laplace_eb_k10|absolute1,M6_blend,0.01277169841925077,0.010968239972116805,0.3166144200626959,0.36990595611285265,,1.0,0.75,0.0,1.0
laplace_eb_k10|absolute1,M6_blend,-0.03187727820391264,-0.043091146468088544,0.27586206896551724,0.39184952978056425,,1.0,0.75,0.25,0.0
laplace_eb_k10|absolute1,M6_blend,-0.022108135511568303,-0.026999445135784,0.2946708463949843,0.3667711598746082,,1.0,0.75,0.25,0.25
laplace_eb_k10|absolute1,M6_blend,-0.013710917637668601,-0.01903523907625937,0.29153605015673983,0.3824451410658307,,1.0,0.75,0.25,0.5
laplace_eb_k10|absolute1,M6_blend,0.011860609563716724,0.014485636743538805,0.31347962382445144,0.3573667711598746,,1.0,0.75,0.25,0.75
laplace_eb_k10|absolute1,M6_blend,0.016817481870124443,0.02967912181744755,0.31974921630094044,0.3605015673981191,,1.0,0.75,0.25,1.0
laplace_eb_k10|absolute1,M6_blend,-0.023420185470160157,-0.03166250208375222,0.2852664576802508,0.3824451410658307,,1.0,0.75,0.5,0.0
laplace_eb_k10|absolute1,M6_blend,-0.015038346154678927,-0.023090794180347627,0.28213166144200624,0.3887147335423197,,1.0,0.75,0.5,0.25
laplace_eb_k10|absolute1,M6_blend,0.01242617049290542,0.008042844240101153,0.3072100313479624,0.3730407523510972,,1.0,0.75,0.5,0.5
laplace_eb_k10|absolute1,M6_blend,0.013282834753767505,0.02568350478913343,0.31347962382445144,0.3793103448275862,,1.0,0.75,0.5,0.75
laplace_eb_k10|absolute1,M6_blend,0.018258573712276162,0.029812084785356043,0.31974921630094044,0.3730407523510972,,1.0,0.75,0.5,1.0
laplace_eb_k10|absolute1,M6_blend,-0.017599465164243495,-0.019429486805462165,0.30407523510971785,0.38557993730407525,,1.0,0.75,0.75,0.0
laplace_eb_k10|absolute1,M6_blend,0.006966867431115724,0.011027131696760093,0.322884012539185,0.3730407523510972,,1.0,0.75,0.75,0.25
laplace_eb_k10|absolute1,M6_blend,0.010713326729884995,0.020665134557268837,0.329153605015674,0.3730407523510972,,1.0,0.75,0.75,0.5
laplace_eb_k10|absolute1,M6_blend,0.014776779198700855,0.02645411324865392,0.335423197492163,0.3761755485893417,,1.0,0.75,0.75,0.75
laplace_eb_k10|absolute1,M6_blend,0.020845425902846736,0.03398752395869423,0.3385579937304075,0.3761755485893417,,1.0,0.75,0.75,1.0
laplace_eb_k10|absolute1,M6_blend,0.0010136662174126552,0.008996398366263668,0.322884012539185,0.3761755485893417,,1.0,0.75,1.0,0.0
laplace_eb_k10|absolute1,M6_blend,0.009787502819523725,0.020949092906750854,0.329153605015674,0.3793103448275862,,1.0,0.75,1.0,0.25
laplace_eb_k10|absolute1,M6_blend,0.012141259268333537,0.022162709618717153,0.329153605015674,0.3824451410658307,,1.0,0.75,1.0,0.5
laplace_eb_k10|absolute1,M6_blend,0.013624154778031933,0.022829764630633836,0.335423197492163,0.3824451410658307,,1.0,0.75,1.0,0.75
laplace_eb_k10|absolute1,M6_blend,0.018714601992881923,0.026820129466748163,0.3385579937304075,0.38557993730407525,,1.0,0.75,1.0,1.0
laplace_eb_k10|absolute1,M6_blend,-0.031507983646760766,-0.036412368875966175,0.2852664576802508,0.3824451410658307,,1.0,1.0,0.0,0.0
laplace_eb_k10|absolute1,M6_blend,-0.029136838493253485,-0.029641384346451506,0.3072100313479624,0.3793103448275862,,1.0,1.0,0.0,0.25
laplace_eb_k10|absolute1,M6_blend,-0.022863075828735542,-0.026024170161508094,0.3072100313479624,0.3824451410658307,,1.0,1.0,0.0,0.5
laplace_eb_k10|absolute1,M6_blend,-0.01767775974319166,-0.019748828639524485,0.3103448275862069,0.3793103448275862,,1.0,1.0,0.0,0.75
laplace_eb_k10|absolute1,M6_blend,0.011469364170502693,0.0066994774187433305,0.31347962382445144,0.3793103448275862,,1.0,1.0,0.0,1.0
laplace_eb_k10|absolute1,M6_blend,-0.031434008126106784,-0.034797928468280455,0.30094043887147337,0.38557993730407525,,1.0,1.0,0.25,0.0
laplace_eb_k10|absolute1,M6_blend,-0.02630834325570995,-0.026839141760219974,0.3103448275862069,0.3761755485893417,,1.0,1.0,0.25,0.25
laplace_eb_k10|absolute1,M6_blend,-0.01636460620341377,-0.022026457581493922,0.3072100313479624,0.3824451410658307,,1.0,1.0,0.25,0.5
laplace_eb_k10|absolute1,M6_blend,0.006694661101203301,0.004196704356554534,0.3072100313479624,0.38557993730407525,,1.0,1.0,0.25,0.75
laplace_eb_k10|absolute1,M6_blend,0.012839957851076451,0.014415816488591108,0.31974921630094044,0.3730407523510972,,1.0,1.0,0.25,1.0
laplace_eb_k10|absolute1,M6_blend,-0.024342097919052445,-0.03008266597939509,0.29780564263322884,0.39184952978056425,,1.0,1.0,0.5,0.0
laplace_eb_k10|absolute1,M6_blend,-0.0165061713588808,-0.031399475895218715,0.2946708463949843,0.4012539184952978,,1.0,1.0,0.5,0.25
laplace_eb_k10|absolute1,M6_blend,0.00570368922924398,0.005276009335319824,0.30407523510971785,0.38557993730407525,,1.0,1.0,0.5,0.5
laplace_eb_k10|absolute1,M6_blend,0.012658906485333802,0.015236917602885106,0.3166144200626959,0.3730407523510972,,1.0,1.0,0.5,0.75
laplace_eb_k10|absolute1,M6_blend,0.0163825793459095,0.02978670831804739,0.32601880877742945,0.3793103448275862,,1.0,1.0,0.5,1.0
laplace_eb_k10|absolute1,M6_blend,-0.015543789524321948,-0.02212643185426075,0.3072100313479624,0.39184952978056425,,1.0,1.0,0.75,0.0
laplace_eb_k10|absolute1,M6_blend,-0.0031872183839729003,0.0015059620679172229,0.31347962382445144,0.39184952978056425,,1.0,1.0,0.75,0.25
laplace_eb_k10|absolute1,M6_blend,0.010894432710589744,0.009071472144706123,0.329153605015674,0.38557993730407525,,1.0,1.0,0.75,0.5
laplace_eb_k10|absolute1,M6_blend,0.01576032547242006,0.029741630203391316,0.3385579937304075,0.3824451410658307,,1.0,1.0,0.75,0.75
laplace_eb_k10|absolute1,M6_blend,0.017993193230080442,0.02794492778406248,0.335423197492163,0.3887147335423197,,1.0,1.0,0.75,1.0
laplace_eb_k10|absolute1,M6_blend,-0.009354581615138706,-0.015629340733947426,0.30407523510971785,0.4043887147335423,,1.0,1.0,1.0,0.0
laplace_eb_k10|absolute1,M6_blend,0.008857082800434771,0.009552982755495838,0.31974921630094044,0.3887147335423197,,1.0,1.0,1.0,0.25
laplace_eb_k10|absolute1,M6_blend,0.012032163238199533,0.022040380427736473,0.3322884012539185,0.3887147335423197,,1.0,1.0,1.0,0.5
laplace_eb_k10|absolute1,M6_blend,0.015720902634508788,0.023003794755027587,0.3385579937304075,0.39184952978056425,,1.0,1.0,1.0,0.75
laplace_eb_k10|absolute1,M6_blend,0.016639289745301482,0.024266234677880534,0.3385579937304075,0.39184952978056425,,1.0,1.0,1.0,1.0
laplace_eb_k20|absolute1,M1_global,-0.049598207773644994,-0.052643306798602345,0.1724137931034483,0.3448275862068966,,,,,
laplace_eb_k20|absolute1,M2_team,0.009446310142218507,0.017630195017425243,0.23197492163009403,0.219435736677116,,,,,
laplace_eb_k20|absolute1,M3_class,-0.0071181793546554436,-0.016475334775204943,0.22884012539184953,0.22884012539184953,,,,,
laplace_eb_k20|absolute1,M4_intersection,0.03630084022115874,0.04439154539409102,0.21316614420062696,0.16300940438871472,,,,,
laplace_eb_k20|absolute1,M5_backoff,0.034805899048658995,0.04378413615695735,0.21630094043887146,0.16614420062695925,1.0,,,,
laplace_eb_k20|absolute1,M5_backoff,0.034619519584345504,0.0400090542122675,0.219435736677116,0.18181818181818182,2.0,,,,
laplace_eb_k20|absolute1,M5_backoff,0.0292622302454665,0.0379667311649898,0.2225705329153605,0.19435736677115986,3.0,,,,
laplace_eb_k20|absolute1,M5_backoff,0.024384086717987235,0.02907225331963043,0.22570532915360503,0.20689655172413793,5.0,,,,
laplace_eb_k20|absolute1,M5_backoff,0.0213489901263305,0.0249342183030698,0.22884012539184953,0.22884012539184953,8.0,,,,
laplace_eb_k20|absolute1,M6_blend,0.018357133726188427,0.01659158087075691,0.12225705329153605,0.07836990595611286,,0.0,0.0,0.0,0.25
laplace_eb_k20|absolute1,M6_blend,0.025807771161368332,0.02961758532354077,0.18181818181818182,0.11285266457680251,,0.0,0.0,0.0,0.5
laplace_eb_k20|absolute1,M6_blend,0.030463024333187278,0.03112606434472676,0.18495297805642633,0.14420062695924765,,0.0,0.0,0.0,0.75
laplace_eb_k20|absolute1,M6_blend,0.03630084022115874,0.04439154539409102,0.21316614420062696,0.16300940438871472,,0.0,0.0,0.0,1.0
laplace_eb_k20|absolute1,M6_blend,0.012537772251464902,0.013678931587355263,0.11912225705329153,0.08150470219435736,,0.0,0.0,0.25,0.0
laplace_eb_k20|absolute1,M6_blend,0.0222869505445475,0.021947496643634424,0.16614420062695925,0.11285266457680251,,0.0,0.0,0.25,0.25
laplace_eb_k20|absolute1,M6_blend,0.028031477564362414,0.03033668602755451,0.19435736677115986,0.13793103448275862,,0.0,0.0,0.25,0.5
laplace_eb_k20|absolute1,M6_blend,0.033411735239977564,0.03812871552233038,0.22570532915360503,0.16300940438871472,,0.0,0.0,0.25,0.75
laplace_eb_k20|absolute1,M6_blend,0.0330666024023073,0.04411680848107069,0.2476489028213166,0.2006269592476489,,0.0,0.0,0.25,1.0
laplace_eb_k20|absolute1,M6_blend,0.014310747507804738,0.017342053073513844,0.15987460815047022,0.13793103448275862,,0.0,0.0,0.5,0.0
laplace_eb_k20|absolute1,M6_blend,0.024367071064199684,0.025659288849015967,0.19435736677115986,0.14733542319749215,,0.0,0.0,0.5,0.25
laplace_eb_k20|absolute1,M6_blend,0.029427504103051623,0.03923528637958918,0.22884012539184953,0.1755485893416928,,0.0,0.0,0.5,0.5
laplace_eb_k20|absolute1,M6_blend,0.030134422046658508,0.039148485083658494,0.2507836990595611,0.20376175548589343,,0.0,0.0,0.5,0.75
laplace_eb_k20|absolute1,M6_blend,0.03296766473390883,0.035570298301108576,0.2601880877742947,0.23824451410658307,,0.0,0.0,0.5,1.0
laplace_eb_k20|absolute1,M6_blend,0.011398432555434492,0.014804375232387113,0.18808777429467086,0.1974921630094044,,0.0,0.0,0.75,0.0
laplace_eb_k20|absolute1,M6_blend,0.023861586359957474,0.02703443266521427,0.2225705329153605,0.1974921630094044,,0.0,0.0,0.75,0.25
laplace_eb_k20|absolute1,M6_blend,0.027381046341810638,0.03751992276609878,0.25705329153605017,0.20689655172413793,,0.0,0.0,0.75,0.5
laplace_eb_k20|absolute1,M6_blend,0.029797046705984973,0.03758366498220303,0.26959247648902823,0.23824451410658307,,0.0,0.0,0.75,0.75
laplace_eb_k20|absolute1,M6_blend,0.03133695050283783,0.03591308645833996,0.2664576802507837,0.2601880877742947,,0.0,0.0,0.75,1.0
laplace_eb_k20|absolute1,M6_blend,0.009446310142218507,0.017630195017425243,0.23197492163009403,0.219435736677116,,0.0,0.0,1.0,0.0
laplace_eb_k20|absolute1,M6_blend,0.02157098393444956,0.029464112075051545,0.25391849529780564,0.22570532915360503,,0.0,0.0,1.0,0.25
laplace_eb_k20|absolute1,M6_blend,0.024212145477539703,0.032887590050603904,0.26959247648902823,0.2445141065830721,,0.0,0.0,1.0,0.5
laplace_eb_k20|absolute1,M6_blend,0.02746869011804385,0.03319416868976291,0.27899686520376177,0.25705329153605017,,0.0,0.0,1.0,0.75
laplace_eb_k20|absolute1,M6_blend,0.027405340423656877,0.03514343853981517,0.2852664576802508,0.2664576802507837,,0.0,0.0,1.0,1.0
laplace_eb_k20|absolute1,M6_blend,-0.018885414988006166,-0.04192832918096112,0.109717868338558,0.1755485893416928,,0.0,0.25,0.0,0.0
laplace_eb_k20|absolute1,M6_blend,0.023688261662365907,0.027721307202472956,0.1755485893416928,0.12852664576802508,,0.0,0.25,0.0,0.25
laplace_eb_k20|absolute1,M6_blend,0.03211976265734176,0.030094880423856007,0.21316614420062696,0.13479623824451412,,0.0,0.25,0.0,0.5
laplace_eb_k20|absolute1,M6_blend,0.035191819873683,0.04653713815965249,0.23197492163009403,0.16300940438871472,,0.0,0.25,0.0,0.75
laplace_eb_k20|absolute1,M6_blend,0.035394040545223784,0.04369927614600307,0.25705329153605017,0.1974921630094044,,0.0,0.25,0.0,1.0
laplace_eb_k20|absolute1,M6_blend,0.020805402287358422,0.021131357592661926,0.15673981191222572,0.12852664576802508,,0.0,0.25,0.25,0.0
laplace_eb_k20|absolute1,M6_blend,0.02965678482084134,0.03093302204364146,0.2006269592476489,0.13166144200626959,,0.0,0.25,0.25,0.25
laplace_eb_k20|absolute1,M6_blend,0.03471585898580568,0.04022911117415069,0.23510971786833856,0.16300940438871472,,0.0,0.25,0.25,0.5
laplace_eb_k20|absolute1,M6_blend,0.03454127489373826,0.04441541953006508,0.2476489028213166,0.1974921630094044,,0.0,0.25,0.25,0.75
laplace_eb_k20|absolute1,M6_blend,0.03655783814226398,0.0392856357449835,0.2601880877742947,0.2225705329153605,,0.0,0.25,0.25,1.0
laplace_eb_k20|absolute1,M6_blend,0.023966597808696803,0.029571719806302677,0.18808777429467086,0.15673981191222572,,0.0,0.25,0.5,0.0
laplace_eb_k20|absolute1,M6_blend,0.03200413934130154,0.04156643819052224,0.2476489028213166,0.16927899686520376,,0.0,0.25,0.5,0.25
laplace_eb_k20|absolute1,M6_blend,0.032400353308629185,0.04274553325622807,0.2664576802507837,0.2006269592476489,,0.0,0.25,0.5,0.5
laplace_eb_k20|absolute1,M6_blend,0.034221015047178026,0.03868467013897567,0.2727272727272727,0.23510971786833856,,0.0,0.25,0.5,0.75
laplace_eb_k20|absolute1,M6_blend,0.03556309038733932,0.0373827084128199,0.27586206896551724,0.2476489028213166,,0.0,0.25,0.5,1.0
laplace_eb_k20|absolute1,M6_blend,0.026716031918804964,0.03675485646416401,0.2507836990595611,0.18495297805642633,,0.0,0.25,0.75,0.0
laplace_eb_k20|absolute1,M6_blend,0.028656465172977662,0.03960283818803611,0.2664576802507837,0.20689655172413793,,0.0,0.25,0.75,0.25
laplace_eb_k20|absolute1,M6_blend,0.030060015083927076,0.03754185989125395,0.27899686520376177,0.23824451410658307,,0.0,0.25,0.75,0.5
laplace_eb_k20|absolute1,M6_blend,0.031136674114613284,0.03615412063499603,0.2852664576802508,0.25705329153605017,,0.0,0.25,0.75,0.75
laplace_eb_k20|absolute1,M6_blend,0.0336272558385659,0.037775161252780395,0.29780564263322884,0.2601880877742947,,0.0,0.25,0.75,1.0
laplace_eb_k20|absolute1,M6_blend,0.026015304987624305,0.034912441299533394,0.2601880877742947,0.2225705329153605,,0.0,0.25,1.0,0.0
laplace_eb_k20|absolute1,M6_blend,0.02731679477500846,0.033130820910665305,0.28213166144200624,0.2413793103448276,,0.0,0.25,1.0,0.25
laplace_eb_k20|absolute1,M6_blend,0.029736818333903164,0.034473617517368924,0.2884012539184953,0.25391849529780564,,0.0,0.25,1.0,0.5
laplace_eb_k20|absolute1,M6_blend,0.029343287542977863,0.034018292123901436,0.29780564263322884,0.2664576802507837,,0.0,0.25,1.0,0.75
laplace_eb_k20|absolute1,M6_blend,0.02998236577362798,0.030779978312949027,0.2946708463949843,0.2884012539184953,,0.0,0.25,1.0,1.0
laplace_eb_k20|absolute1,M6_blend,-0.01585110103826045,-0.0307311099081017,0.1755485893416928,0.18808777429467086,,0.0,0.5,0.0,0.0
laplace_eb_k20|absolute1,M6_blend,0.01388240473637684,0.006764538270832976,0.21630094043887146,0.1755485893416928,,0.0,0.5,0.0,0.25
laplace_eb_k20|absolute1,M6_blend,0.03190327431064668,0.03674043181314364,0.2413793103448276,0.16927899686520376,,0.0,0.5,0.0,0.5
laplace_eb_k20|absolute1,M6_blend,0.034565934563450224,0.044345999808053614,0.2601880877742947,0.2006269592476489,,0.0,0.5,0.0,0.75
laplace_eb_k20|absolute1,M6_blend,0.03684104979462531,0.04053577046175735,0.2727272727272727,0.23510971786833856,,0.0,0.5,0.0,1.0
laplace_eb_k20|absolute1,M6_blend,0.003988605819733767,-0.00100471386481602,0.2006269592476489,0.1724137931034483,,0.0,0.5,0.25,0.0
laplace_eb_k20|absolute1,M6_blend,0.02811181904182712,0.032092148105272306,0.22570532915360503,0.16927899686520376,,0.0,0.5,0.25,0.25
laplace_eb_k20|absolute1,M6_blend,0.03354596091165994,0.04240301883192645,0.25391849529780564,0.21630094043887146,,0.0,0.5,0.25,0.5
laplace_eb_k20|absolute1,M6_blend,0.03599869934200248,0.04121323911981149,0.27586206896551724,0.22884012539184953,,0.0,0.5,0.25,0.75
laplace_eb_k20|absolute1,M6_blend,0.036779785982507085,0.03918326121746186,0.27586206896551724,0.23824451410658307,,0.0,0.5,0.25,1.0
laplace_eb_k20|absolute1,M6_blend,0.024262491749134977,0.035527612897202514,0.23197492163009403,0.18495297805642633,,0.0,0.5,0.5,0.0
laplace_eb_k20|absolute1,M6_blend,0.030199330605318292,0.03984944212913139,0.26332288401253917,0.21316614420062696,,0.0,0.5,0.5,0.25
laplace_eb_k20|absolute1,M6_blend,0.03393930184006784,0.04049225496040616,0.28213166144200624,0.23824451410658307,,0.0,0.5,0.5,0.5
laplace_eb_k20|absolute1,M6_blend,0.0364938475324715,0.03823176078895416,0.2852664576802508,0.2445141065830721,,0.0,0.5,0.5,0.75
laplace_eb_k20|absolute1,M6_blend,0.03631812066729721,0.04001596286238922,0.30407523510971785,0.2445141065830721,,0.0,0.5,0.5,1.0
laplace_eb_k20|absolute1,M6_blend,0.024035340263868908,0.03515214983338846,0.25391849529780564,0.219435736677116,,0.0,0.5,0.75,0.0
laplace_eb_k20|absolute1,M6_blend,0.029650605137031397,0.039081984494453686,0.2884012539184953,0.23824451410658307,,0.0,0.5,0.75,0.25
laplace_eb_k20|absolute1,M6_blend,0.032307176245853796,0.0369595112074692,0.2884012539184953,0.26332288401253917,,0.0,0.5,0.75,0.5
laplace_eb_k20|absolute1,M6_blend,0.034717329669317364,0.03990404960643909,0.30407523510971785,0.26332288401253917,,0.0,0.5,0.75,0.75
laplace_eb_k20|absolute1,M6_blend,0.03425309844797685,0.037881130183284935,0.29780564263322884,0.2852664576802508,,0.0,0.5,0.75,1.0
laplace_eb_k20|absolute1,M6_blend,0.024954497398106394,0.03572920010334646,0.2852664576802508,0.23510971786833856,,0.0,0.5,1.0,0.0
laplace_eb_k20|absolute1,M6_blend,0.02907024749055089,0.03469765951220519,0.2884012539184953,0.25391849529780564,,0.0,0.5,1.0,0.25
laplace_eb_k20|absolute1,M6_blend,0.029478636249668625,0.035911243619122846,0.30407523510971785,0.26959247648902823,,0.0,0.5,1.0,0.5
laplace_eb_k20|absolute1,M6_blend,0.03142203084232417,0.03415542550174794,0.29780564263322884,0.2884012539184953,,0.0,0.5,1.0,0.75
laplace_eb_k20|absolute1,M6_blend,0.03133540767258784,0.03588346748096068,0.3072100313479624,0.29780564263322884,,0.0,0.5,1.0,1.0
laplace_eb_k20|absolute1,M6_blend,-0.010929219560498258,-0.020300457808758398,0.20689655172413793,0.21316614420062696,,0.0,0.75,0.0,0.0
laplace_eb_k20|absolute1,M6_blend,-0.004518402205750448,-0.017662193299180663,0.219435736677116,0.22570532915360503,,0.0,0.75,0.0,0.25
laplace_eb_k20|absolute1,M6_blend,0.022563602041308865,0.011779609740621243,0.23824451410658307,0.23824451410658307,,0.0,0.75,0.0,0.5
laplace_eb_k20|absolute1,M6_blend,0.03264381377140998,0.03518175489056073,0.26332288401253917,0.2476489028213166,,0.0,0.75,0.0,0.75
laplace_eb_k20|absolute1,M6_blend,0.03756941030552963,0.03964066798550582,0.27899686520376177,0.2445141065830721,,0.0,0.75,0.0,1.0
laplace_eb_k20|absolute1,M6_blend,-0.00555078024262083,-0.01688291093912618,0.219435736677116,0.21003134796238246,,0.0,0.75,0.25,0.0
laplace_eb_k20|absolute1,M6_blend,0.020672510138072142,0.010697215246649745,0.2476489028213166,0.22884012539184953,,0.0,0.75,0.25,0.25
laplace_eb_k20|absolute1,M6_blend,0.030188770179534946,0.03217415909828811,0.2601880877742947,0.2476489028213166,,0.0,0.75,0.25,0.5
laplace_eb_k20|absolute1,M6_blend,0.03372798049647429,0.038929119717831896,0.26959247648902823,0.2507836990595611,,0.0,0.75,0.25,0.75
laplace_eb_k20|absolute1,M6_blend,0.03748789447458389,0.04092203726448983,0.29153605015673983,0.2413793103448276,,0.0,0.75,0.25,1.0
laplace_eb_k20|absolute1,M6_blend,0.015915495650853394,0.009879495458075992,0.2413793103448276,0.23510971786833856,,0.0,0.75,0.5,0.0
laplace_eb_k20|absolute1,M6_blend,0.028643686952046065,0.03351243474406882,0.2664576802507837,0.25705329153605017,,0.0,0.75,0.5,0.25
laplace_eb_k20|absolute1,M6_blend,0.030326168746305608,0.033495854936703616,0.27586206896551724,0.26332288401253917,,0.0,0.75,0.5,0.5
laplace_eb_k20|absolute1,M6_blend,0.03443970744193644,0.03977042405069061,0.2946708463949843,0.25705329153605017,,0.0,0.75,0.5,0.75
laplace_eb_k20|absolute1,M6_blend,0.036739116419766495,0.03824332558482792,0.2946708463949843,0.2727272727272727,,0.0,0.75,0.5,1.0
laplace_eb_k20|absolute1,M6_blend,0.022222748132059798,0.030671253882138334,0.26959247648902823,0.2601880877742947,,0.0,0.75,0.75,0.0
laplace_eb_k20|absolute1,M6_blend,0.026101301065412752,0.028817537564749255,0.2727272727272727,0.27899686520376177,,0.0,0.75,0.75,0.25
laplace_eb_k20|absolute1,M6_blend,0.031739716165368116,0.04011733744725538,0.2946708463949843,0.26959247648902823,,0.0,0.75,0.75,0.5
laplace_eb_k20|absolute1,M6_blend,0.033109045542664146,0.03870277199018338,0.30094043887147337,0.28213166144200624,,0.0,0.75,0.75,0.75
laplace_eb_k20|absolute1,M6_blend,0.034877094688108255,0.03789301486364726,0.30094043887147337,0.2946708463949843,,0.0,0.75,0.75,1.0
laplace_eb_k20|absolute1,M6_blend,0.02299053903328624,0.02694143283656772,0.2727272727272727,0.28213166144200624,,0.0,0.75,1.0,0.0
laplace_eb_k20|absolute1,M6_blend,0.025786432706759416,0.029817655904446277,0.2946708463949843,0.2727272727272727,,0.0,0.75,1.0,0.25
laplace_eb_k20|absolute1,M6_blend,0.030579412130878683,0.03459823363953997,0.30094043887147337,0.29780564263322884,,0.0,0.75,1.0,0.5
laplace_eb_k20|absolute1,M6_blend,0.03247210209428678,0.03462122113306694,0.30094043887147337,0.31347962382445144,,0.0,0.75,1.0,0.75
laplace_eb_k20|absolute1,M6_blend,0.03283038528732624,0.03403657678292837,0.30407523510971785,0.31974921630094044,,0.0,0.75,1.0,1.0
laplace_eb_k20|absolute1,M6_blend,-0.0071181793546554436,-0.016475334775204943,0.22884012539184953,0.22884012539184953,,0.0,1.0,0.0,0.0
laplace_eb_k20|absolute1,M6_blend,-0.007709922184128153,-0.020573742395751528,0.23197492163009403,0.26959247648902823,,0.0,1.0,0.0,0.25
laplace_eb_k20|absolute1,M6_blend,0.01073385271453776,0.00127942550658806,0.25705329153605017,0.27586206896551724,,0.0,1.0,0.0,0.5
laplace_eb_k20|absolute1,M6_blend,0.02922868325135295,0.011914788076776695,0.26332288401253917,0.29153605015673983,,0.0,1.0,0.0,0.75
laplace_eb_k20|absolute1,M6_blend,0.03357261776126463,0.036114032821128364,0.27899686520376177,0.2664576802507837,,0.0,1.0,0.0,1.0
laplace_eb_k20|absolute1,M6_blend,-0.008997321120624542,-0.02107070431954061,0.23510971786833856,0.25705329153605017,,0.0,1.0,0.25,0.0
laplace_eb_k20|absolute1,M6_blend,0.004414493094754229,-0.0014914569319415616,0.2507836990595611,0.27586206896551724,,0.0,1.0,0.25,0.25
laplace_eb_k20|absolute1,M6_blend,0.02663530841239586,0.00865174163144584,0.26332288401253917,0.29780564263322884,,0.0,1.0,0.25,0.5
laplace_eb_k20|absolute1,M6_blend,0.03327739618030209,0.03245089505580152,0.26959247648902823,0.2727272727272727,,0.0,1.0,0.25,0.75
laplace_eb_k20|absolute1,M6_blend,0.03418374851591045,0.03715826651566081,0.28213166144200624,0.27899686520376177,,0.0,1.0,0.25,1.0
laplace_eb_k20|absolute1,M6_blend,-0.0019233922024866341,-0.017223362603624788,0.2413793103448276,0.29153605015673983,,0.0,1.0,0.5,0.0
laplace_eb_k20|absolute1,M6_blend,0.022914966080148952,0.010273515932892557,0.26332288401253917,0.29780564263322884,,0.0,1.0,0.5,0.25
laplace_eb_k20|absolute1,M6_blend,0.03020816473666884,0.03369701967857848,0.27586206896551724,0.27899686520376177,,0.0,1.0,0.5,0.5
laplace_eb_k20|absolute1,M6_blend,0.030325507341803462,0.031066088105163606,0.26959247648902823,0.2946708463949843,,0.0,1.0,0.5,0.75
laplace_eb_k20|absolute1,M6_blend,0.03098253745363987,0.040901477212162224,0.29153605015673983,0.29153605015673983,,0.0,1.0,0.5,1.0
laplace_eb_k20|absolute1,M6_blend,0.0163685350606201,0.009958798456995465,0.26332288401253917,0.30407523510971785,,0.0,1.0,0.75,0.0
laplace_eb_k20|absolute1,M6_blend,0.02590103735081249,0.03175266300763083,0.27586206896551724,0.29153605015673983,,0.0,1.0,0.75,0.25
laplace_eb_k20|absolute1,M6_blend,0.02793186286051709,0.03013504704104322,0.2727272727272727,0.3072100313479624,,0.0,1.0,0.75,0.5
laplace_eb_k20|absolute1,M6_blend,0.029028023879260147,0.03334588656744987,0.2946708463949843,0.30094043887147337,,0.0,1.0,0.75,0.75
laplace_eb_k20|absolute1,M6_blend,0.032651885753923894,0.03999225541855848,0.29780564263322884,0.3072100313479624,,0.0,1.0,0.75,1.0
laplace_eb_k20|absolute1,M6_blend,0.022303477124574093,0.022893584248694508,0.27899686520376177,0.29153605015673983,,0.0,1.0,1.0,0.0
laplace_eb_k20|absolute1,M6_blend,0.025598440879100938,0.02643224661206377,0.28213166144200624,0.3103448275862069,,0.0,1.0,1.0,0.25
laplace_eb_k20|absolute1,M6_blend,0.025646854174781616,0.027841922339507406,0.2946708463949843,0.3166144200626959,,0.0,1.0,1.0,0.5
laplace_eb_k20|absolute1,M6_blend,0.029577999924954478,0.03424392798244019,0.30094043887147337,0.31347962382445144,,0.0,1.0,1.0,0.75
laplace_eb_k20|absolute1,M6_blend,0.030985342032925262,0.037603341148097685,0.3072100313479624,0.3166144200626959,,0.0,1.0,1.0,1.0
laplace_eb_k20|absolute1,M6_blend,-0.022213363455680618,-0.02303711612209631,0.109717868338558,0.11598746081504702,,0.25,0.0,0.0,0.0
laplace_eb_k20|absolute1,M6_blend,0.01417846247927203,0.02000661430220619,0.18181818181818182,0.11912225705329153,,0.25,0.0,0.0,0.25
laplace_eb_k20|absolute1,M6_blend,0.023827081524972763,0.030009738785626374,0.21316614420062696,0.13479623824451412,,0.25,0.0,0.0,0.5
laplace_eb_k20|absolute1,M6_blend,0.02937244856411884,0.034503758339018656,0.22570532915360503,0.15673981191222572,,0.25,0.0,0.0,0.75
laplace_eb_k20|absolute1,M6_blend,0.033220787683251506,0.03943264761174734,0.2507836990595611,0.18495297805642633,,0.25,0.0,0.0,1.0
laplace_eb_k20|absolute1,M6_blend,0.00949821310995066,0.010517418384552002,0.16927899686520376,0.15987460815047022,,0.25,0.0,0.25,0.0
laplace_eb_k20|absolute1,M6_blend,0.018190942063730356,0.026211808561157658,0.20376175548589343,0.15987460815047022,,0.25,0.0,0.25,0.25
laplace_eb_k20|absolute1,M6_blend,0.026797830146007614,0.03329432397193296,0.22570532915360503,0.18495297805642633,,0.25,0.0,0.25,0.5
laplace_eb_k20|absolute1,M6_blend,0.029580019808751967,0.03499051191636761,0.25705329153605017,0.20689655172413793,,0.25,0.0,0.25,0.75
laplace_eb_k20|absolute1,M6_blend,0.03295548612348404,0.03695901626937068,0.27586206896551724,0.23824451410658307,,0.25,0.0,0.25,1.0
laplace_eb_k20|absolute1,M6_blend,0.010977628803918041,0.014732701557930734,0.1974921630094044,0.1974921630094044,,0.25,0.0,0.5,0.0
laplace_eb_k20|absolute1,M6_blend,0.021934473810448038,0.022877056525325328,0.219435736677116,0.19122257053291536,,0.25,0.0,0.5,0.25
laplace_eb_k20|absolute1,M6_blend,0.024816055576092136,0.033945641582568985,0.25705329153605017,0.21316614420062696,,0.25,0.0,0.5,0.5
laplace_eb_k20|absolute1,M6_blend,0.029116195573255097,0.03609177081328948,0.27586206896551724,0.23824451410658307,,0.25,0.0,0.5,0.75
laplace_eb_k20|absolute1,M6_blend,0.031428028474846145,0.0344252173780087,0.2852664576802508,0.2601880877742947,,0.25,0.0,0.5,1.0
laplace_eb_k20|absolute1,M6_blend,0.010055080161998494,0.014627991927361413,0.22570532915360503,0.23510971786833856,,0.25,0.0,0.75,0.0
laplace_eb_k20|absolute1,M6_blend,0.01988054335447228,0.027497347280803518,0.25391849529780564,0.22884012539184953,,0.25,0.0,0.75,0.25
laplace_eb_k20|absolute1,M6_blend,0.024587599645211768,0.03176587692762617,0.2727272727272727,0.2476489028213166,,0.25,0.0,0.75,0.5
laplace_eb_k20|absolute1,M6_blend,0.028461783979849675,0.03395895602701226,0.29153605015673983,0.2601880877742947,,0.25,0.0,0.75,0.75
laplace_eb_k20|absolute1,M6_blend,0.02898536675958629,0.035754318182651526,0.29780564263322884,0.27899686520376177,,0.25,0.0,0.75,1.0
laplace_eb_k20|absolute1,M6_blend,0.006660555809437125,0.01318070870535127,0.2601880877742947,0.25391849529780564,,0.25,0.0,1.0,0.0
laplace_eb_k20|absolute1,M6_blend,0.018604105372132484,0.02447509923278351,0.27586206896551724,0.2601880877742947,,0.25,0.0,1.0,0.25
laplace_eb_k20|absolute1,M6_blend,0.02229342257030147,0.027303091492679052,0.2884012539184953,0.2727272727272727,,0.25,0.0,1.0,0.5
laplace_eb_k20|absolute1,M6_blend,0.023390620590213067,0.03096797836938622,0.29780564263322884,0.27899686520376177,,0.25,0.0,1.0,0.75
laplace_eb_k20|absolute1,M6_blend,0.025757810995905555,0.02817192065258011,0.29780564263322884,0.30407523510971785,,0.25,0.0,1.0,1.0
laplace_eb_k20|absolute1,M6_blend,-0.026097121909430466,-0.03761688894285677,0.15987460815047022,0.19122257053291536,,0.25,0.25,0.0,0.0
laplace_eb_k20|absolute1,M6_blend,0.016219701083347304,0.023682926877819258,0.219435736677116,0.1536050156739812,,0.25,0.25,0.0,0.25
laplace_eb_k20|absolute1,M6_blend,0.02731506860812867,0.03631085396793943,0.23197492163009403,0.16927899686520376,,0.25,0.25,0.0,0.5
laplace_eb_k20|absolute1,M6_blend,0.03455463920747501,0.04337259534991647,0.2664576802507837,0.19122257053291536,,0.25,0.25,0.0,0.75
laplace_eb_k20|absolute1,M6_blend,0.033312887381889554,0.03940983337341431,0.28213166144200624,0.219435736677116,,0.25,0.25,0.0,1.0
laplace_eb_k20|absolute1,M6_blend,0.003236590139726962,0.010379928231332743,0.20376175548589343,0.18495297805642633,,0.25,0.25,0.25,0.0
laplace_eb_k20|absolute1,M6_blend,0.025304621051315958,0.03728870210182331,0.23510971786833856,0.19122257053291536,,0.25,0.25,0.25,0.25
laplace_eb_k20|absolute1,M6_blend,0.031058833125823842,0.038406000977679856,0.26332288401253917,0.21630094043887146,,0.25,0.25,0.25,0.5
laplace_eb_k20|absolute1,M6_blend,0.031845614169554566,0.03771491667553549,0.27586206896551724,0.23197492163009403,,0.25,0.25,0.25,0.75
laplace_eb_k20|absolute1,M6_blend,0.032537732629480946,0.03653922944466896,0.29153605015673983,0.25391849529780564,,0.25,0.25,0.25,1.0
laplace_eb_k20|absolute1,M6_blend,0.018332364555004907,0.0275492781078367,0.2225705329153605,0.20689655172413793,,0.25,0.25,0.5,0.0
laplace_eb_k20|absolute1,M6_blend,0.024581044763570613,0.03320056782760964,0.2507836990595611,0.22884012539184953,,0.25,0.25,0.5,0.25
laplace_eb_k20|absolute1,M6_blend,0.02778213760091081,0.036423733090065115,0.27586206896551724,0.2445141065830721,,0.25,0.25,0.5,0.5
laplace_eb_k20|absolute1,M6_blend,0.03097139311618127,0.03637865768471108,0.30094043887147337,0.25705329153605017,,0.25,0.25,0.5,0.75
laplace_eb_k20|absolute1,M6_blend,0.03251320260268231,0.038589487196790014,0.3103448275862069,0.2664576802507837,,0.25,0.25,0.5,1.0
laplace_eb_k20|absolute1,M6_blend,0.023078269988949705,0.027439295533215363,0.2476489028213166,0.2413793103448276,,0.25,0.25,0.75,0.0
laplace_eb_k20|absolute1,M6_blend,0.025739086876466345,0.033161339936865535,0.2852664576802508,0.23824451410658307,,0.25,0.25,0.75,0.25
laplace_eb_k20|absolute1,M6_blend,0.02720226736920663,0.03511414729455795,0.30407523510971785,0.25705329153605017,,0.25,0.25,0.75,0.5
laplace_eb_k20|absolute1,M6_blend,0.02852509361675862,0.03534218466907833,0.3072100313479624,0.2664576802507837,,0.25,0.25,0.75,0.75
laplace_eb_k20|absolute1,M6_blend,0.029877410331530952,0.03406281086111144,0.3072100313479624,0.28213166144200624,,0.25,0.25,0.75,1.0
laplace_eb_k20|absolute1,M6_blend,0.020243902000967744,0.0272540598523841,0.28213166144200624,0.25705329153605017,,0.25,0.25,1.0,0.0
laplace_eb_k20|absolute1,M6_blend,0.02329274875791807,0.0287816478610973,0.30094043887147337,0.2664576802507837,,0.25,0.25,1.0,0.25
laplace_eb_k20|absolute1,M6_blend,0.02564459602939334,0.03239194790724677,0.3072100313479624,0.26959247648902823,,0.25,0.25,1.0,0.5
laplace_eb_k20|absolute1,M6_blend,0.026719750399204874,0.027996162997798113,0.3072100313479624,0.2852664576802508,,0.25,0.25,1.0,0.75
laplace_eb_k20|absolute1,M6_blend,0.027224242160837155,0.02901079735739104,0.31347962382445144,0.3103448275862069,,0.25,0.25,1.0,1.0
laplace_eb_k20|absolute1,M6_blend,-0.017705533984446038,-0.02655469368103903,0.21003134796238246,0.20376175548589343,,0.25,0.5,0.0,0.0
laplace_eb_k20|absolute1,M6_blend,-0.008360659325991785,-0.021289572388307428,0.22570532915360503,0.219435736677116,,0.25,0.5,0.0,0.25
laplace_eb_k20|absolute1,M6_blend,0.026451649097619677,0.0321441274661816,0.2445141065830721,0.20376175548589343,,0.25,0.5,0.0,0.5
laplace_eb_k20|absolute1,M6_blend,0.03285193688115254,0.03922114071661029,0.2601880877742947,0.23197492163009403,,0.25,0.5,0.0,0.75
laplace_eb_k20|absolute1,M6_blend,0.035387108891625337,0.03860579362156623,0.2852664576802508,0.2413793103448276,,0.25,0.5,0.0,1.0
laplace_eb_k20|absolute1,M6_blend,-0.010259326959213408,-0.01939424724087446,0.22884012539184953,0.23197492163009403,,0.25,0.5,0.25,0.0
laplace_eb_k20|absolute1,M6_blend,0.01923992766936125,0.020737821861027177,0.2413793103448276,0.22570532915360503,,0.25,0.5,0.25,0.25
laplace_eb_k20|absolute1,M6_blend,0.02560260018269088,0.03306537996218496,0.2664576802507837,0.2476489028213166,,0.25,0.5,0.25,0.5
laplace_eb_k20|absolute1,M6_blend,0.03202912325950675,0.03629789472233539,0.2727272727272727,0.26332288401253917,,0.25,0.5,0.25,0.75
laplace_eb_k20|absolute1,M6_blend,0.034836339727966945,0.0383616872365385,0.29780564263322884,0.25391849529780564,,0.25,0.5,0.25,1.0
laplace_eb_k20|absolute1,M6_blend,0.014775924728005903,0.013825931273937973,0.23510971786833856,0.22884012539184953,,0.25,0.5,0.5,0.0
laplace_eb_k20|absolute1,M6_blend,0.02111061673016332,0.03290565768519539,0.2727272727272727,0.2445141065830721,,0.25,0.5,0.5,0.25
laplace_eb_k20|absolute1,M6_blend,0.029233366344071043,0.035106705495836596,0.27586206896551724,0.27586206896551724,,0.25,0.5,0.5,0.5
laplace_eb_k20|absolute1,M6_blend,0.03157905573189759,0.03784164360090857,0.29153605015673983,0.27586206896551724,,0.25,0.5,0.5,0.75
laplace_eb_k20|absolute1,M6_blend,0.03283942296463521,0.03734445379211985,0.30407523510971785,0.27586206896551724,,0.25,0.5,0.5,1.0
laplace_eb_k20|absolute1,M6_blend,0.01846746338721246,0.027964202809763552,0.27586206896551724,0.26332288401253917,,0.25,0.5,0.75,0.0
laplace_eb_k20|absolute1,M6_blend,0.020008561504497733,0.026321631555553514,0.27586206896551724,0.2884012539184953,,0.25,0.5,0.75,0.25
laplace_eb_k20|absolute1,M6_blend,0.026670435693588082,0.03422611441498266,0.29780564263322884,0.28213166144200624,,0.25,0.5,0.75,0.5
laplace_eb_k20|absolute1,M6_blend,0.029518977902004397,0.033503280573036975,0.3072100313479624,0.2884012539184953,,0.25,0.5,0.75,0.75
laplace_eb_k20|absolute1,M6_blend,0.03136762885821258,0.03286280736420596,0.3103448275862069,0.30407523510971785,,0.25,0.5,0.75,1.0
laplace_eb_k20|absolute1,M6_blend,0.019437016918990073,0.024512011137408522,0.28213166144200624,0.29153605015673983,,0.25,0.5,1.0,0.0
laplace_eb_k20|absolute1,M6_blend,0.02315249066595158,0.030696240700431005,0.3103448275862069,0.27586206896551724,,0.25,0.5,1.0,0.25
laplace_eb_k20|absolute1,M6_blend,0.0261899142572232,0.02964242796492427,0.30407523510971785,0.2884012539184953,,0.25,0.5,1.0,0.5
laplace_eb_k20|absolute1,M6_blend,0.028531601614051483,0.028516800227490337,0.3103448275862069,0.31347962382445144,,0.25,0.5,1.0,0.75
laplace_eb_k20|absolute1,M6_blend,0.028223656219481183,0.03280794848235423,0.31974921630094044,0.322884012539185,,0.25,0.5,1.0,1.0
laplace_eb_k20|absolute1,M6_blend,-0.015167133174072908,-0.021534145567390986,0.22884012539184953,0.2225705329153605,,0.25,0.75,0.0,0.0
laplace_eb_k20|absolute1,M6_blend,-0.011026413199027198,-0.023781111002622354,0.23510971786833856,0.2445141065830721,,0.25,0.75,0.0,0.25
laplace_eb_k20|absolute1,M6_blend,0.017723058399177902,0.00491080712235086,0.2507836990595611,0.25705329153605017,,0.25,0.75,0.0,0.5
laplace_eb_k20|absolute1,M6_blend,0.030624376312916535,0.031203534781092012,0.2727272727272727,0.2507836990595611,,0.25,0.75,0.0,0.75
laplace_eb_k20|absolute1,M6_blend,0.03363830011108877,0.038220649707747106,0.2884012539184953,0.2507836990595611,,0.25,0.75,0.0,1.0
laplace_eb_k20|absolute1,M6_blend,-0.014526125319686067,-0.023755896626314773,0.2413793103448276,0.25705329153605017,,0.25,0.75,0.25,0.0
laplace_eb_k20|absolute1,M6_blend,0.004320090466628704,0.0012056091245625834,0.25391849529780564,0.2727272727272727,,0.25,0.75,0.25,0.25
laplace_eb_k20|absolute1,M6_blend,0.025258542286446382,0.023734094849481104,0.2727272727272727,0.26959247648902823,,0.25,0.75,0.25,0.5
laplace_eb_k20|absolute1,M6_blend,0.02985858293499475,0.034512349395636105,0.2884012539184953,0.26959247648902823,,0.25,0.75,0.25,0.75
laplace_eb_k20|absolute1,M6_blend,0.03170601289548566,0.03583021668664714,0.27899686520376177,0.29780564263322884,,0.25,0.75,0.25,1.0
laplace_eb_k20|absolute1,M6_blend,-0.005231488958809414,-0.01815256575665504,0.2445141065830721,0.2884012539184953,,0.25,0.75,0.5,0.0
laplace_eb_k20|absolute1,M6_blend,0.023419770426732107,0.01648038479741838,0.27586206896551724,0.27586206896551724,,0.25,0.75,0.5,0.25
laplace_eb_k20|absolute1,M6_blend,0.026030896710717715,0.033381574147827574,0.2884012539184953,0.27586206896551724,,0.25,0.75,0.5,0.5
laplace_eb_k20|absolute1,M6_blend,0.02907650316094848,0.036764247232002896,0.2852664576802508,0.29780564263322884,,0.25,0.75,0.5,0.75
laplace_eb_k20|absolute1,M6_blend,0.03280025229238797,0.03586617171717662,0.2946708463949843,0.3103448275862069,,0.25,0.75,0.5,1.0
laplace_eb_k20|absolute1,M6_blend,0.014367278830513171,0.009953287923504193,0.26959247648902823,0.29153605015673983,,0.25,0.75,0.75,0.0
laplace_eb_k20|absolute1,M6_blend,0.02227244080613942,0.02891108070187808,0.2884012539184953,0.2884012539184953,,0.25,0.75,0.75,0.25
laplace_eb_k20|absolute1,M6_blend,0.02423581917974928,0.03091406713598948,0.2852664576802508,0.3103448275862069,,0.25,0.75,0.75,0.5
laplace_eb_k20|absolute1,M6_blend,0.027119705771469427,0.032341574088065976,0.2946708463949843,0.322884012539185,,0.25,0.75,0.75,0.75
laplace_eb_k20|absolute1,M6_blend,0.029510687858212085,0.03468769399863799,0.3166144200626959,0.3103448275862069,,0.25,0.75,0.75,1.0
laplace_eb_k20|absolute1,M6_blend,0.019816974381351916,0.025137471356268586,0.2884012539184953,0.3072100313479624,,0.25,0.75,1.0,0.0
laplace_eb_k20|absolute1,M6_blend,0.02066198030379569,0.024744328835447756,0.2852664576802508,0.31974921630094044,,0.25,0.75,1.0,0.25
laplace_eb_k20|absolute1,M6_blend,0.02489219022069364,0.02573431863633443,0.29153605015673983,0.3385579937304075,,0.25,0.75,1.0,0.5
laplace_eb_k20|absolute1,M6_blend,0.02614438343673291,0.03235977564625979,0.31347962382445144,0.32601880877742945,,0.25,0.75,1.0,0.75
laplace_eb_k20|absolute1,M6_blend,0.02864519773122212,0.03135781867143502,0.31347962382445144,0.3322884012539185,,0.25,0.75,1.0,1.0
laplace_eb_k20|absolute1,M6_blend,-0.009432428671314396,-0.0218475388485623,0.2413793103448276,0.2445141065830721,,0.25,1.0,0.0,0.0
laplace_eb_k20|absolute1,M6_blend,-0.010021550627531387,-0.023666646728601574,0.2476489028213166,0.26959247648902823,,0.25,1.0,0.0,0.25
laplace_eb_k20|absolute1,M6_blend,-0.0022774719355250273,-0.01919641197428434,0.25391849529780564,0.29153605015673983,,0.25,1.0,0.0,0.5
laplace_eb_k20|absolute1,M6_blend,0.02513394627406141,0.008749911509057198,0.27899686520376177,0.28213166144200624,,0.25,1.0,0.0,0.75
laplace_eb_k20|absolute1,M6_blend,0.030868804998746766,0.032874253674827776,0.28213166144200624,0.2852664576802508,,0.25,1.0,0.0,1.0
laplace_eb_k20|absolute1,M6_blend,-0.012288901076868499,-0.023172526629086945,0.2507836990595611,0.2852664576802508,,0.25,1.0,0.25,0.0
laplace_eb_k20|absolute1,M6_blend,-0.003231287045257934,-0.018282325488740002,0.2601880877742947,0.30407523510971785,,0.25,1.0,0.25,0.25
laplace_eb_k20|absolute1,M6_blend,0.021626717451024284,0.00854512809726138,0.27899686520376177,0.30407523510971785,,0.25,1.0,0.25,0.5
laplace_eb_k20|absolute1,M6_blend,0.026169716980645606,0.027849116820993843,0.27899686520376177,0.30407523510971785,,0.25,1.0,0.25,0.75
laplace_eb_k20|absolute1,M6_blend,0.029131461392848376,0.032367570798692284,0.28213166144200624,0.31347962382445144,,0.25,1.0,0.25,1.0
laplace_eb_k20|absolute1,M6_blend,-0.006803703721631785,-0.020158910510775438,0.2601880877742947,0.3166144200626959,,0.25,1.0,0.5,0.0
laplace_eb_k20|absolute1,M6_blend,0.013640671976680755,0.0039637180681699495,0.27899686520376177,0.3166144200626959,,0.25,1.0,0.5,0.25
laplace_eb_k20|absolute1,M6_blend,0.022078090018257585,0.020239157304401307,0.2852664576802508,0.31347962382445144,,0.25,1.0,0.5,0.5
laplace_eb_k20|absolute1,M6_blend,0.028719630295777766,0.029541082551767087,0.2884012539184953,0.3166144200626959,,0.25,1.0,0.5,0.75
laplace_eb_k20|absolute1,M6_blend,0.028521835167281295,0.03291055731778982,0.2946708463949843,0.322884012539185,,0.25,1.0,0.5,1.0
laplace_eb_k20|absolute1,M6_blend,0.005998217850522581,0.0029463436699773077,0.27899686520376177,0.32601880877742945,,0.25,1.0,0.75,0.0
laplace_eb_k20|absolute1,M6_blend,0.019776674984330587,0.014317362507962882,0.28213166144200624,0.3166144200626959,,0.25,1.0,0.75,0.25
laplace_eb_k20|absolute1,M6_blend,0.023674774923200605,0.024449319803509218,0.2884012539184953,0.32601880877742945,,0.25,1.0,0.75,0.5
laplace_eb_k20|absolute1,M6_blend,0.025475599567282833,0.028017430318093225,0.2884012539184953,0.3322884012539185,,0.25,1.0,0.75,0.75
laplace_eb_k20|absolute1,M6_blend,0.02663528165649538,0.034256017915787744,0.30094043887147337,0.335423197492163,,0.25,1.0,0.75,1.0
laplace_eb_k20|absolute1,M6_blend,0.012717108214369515,0.007745042011188489,0.2852664576802508,0.31974921630094044,,0.25,1.0,1.0,0.0
laplace_eb_k20|absolute1,M6_blend,0.02194292690569921,0.02287413080611199,0.2884012539184953,0.329153605015674,,0.25,1.0,1.0,0.25
laplace_eb_k20|absolute1,M6_blend,0.022927784260971248,0.023380812140748046,0.2884012539184953,0.34169278996865204,,0.25,1.0,1.0,0.5
laplace_eb_k20|absolute1,M6_blend,0.02344705510628887,0.025004196351504998,0.29780564263322884,0.3510971786833856,,0.25,1.0,1.0,0.75
laplace_eb_k20|absolute1,M6_blend,0.026417592170983467,0.031232133402626344,0.322884012539185,0.335423197492163,,0.25,1.0,1.0,1.0
laplace_eb_k20|absolute1,M6_blend,-0.03197492952702529,-0.031889724121852356,0.14733542319749215,0.20376175548589343,,0.5,0.0,0.0,0.0
laplace_eb_k20|absolute1,M6_blend,0.007325309097495329,0.024029872272175307,0.20689655172413793,0.16614420062695925,,0.5,0.0,0.0,0.25
laplace_eb_k20|absolute1,M6_blend,0.0184345758416115,0.033882727782274115,0.23510971786833856,0.18181818181818182,,0.5,0.0,0.0,0.5
laplace_eb_k20|absolute1,M6_blend,0.02578981745148031,0.036073249090334464,0.2664576802507837,0.19122257053291536,,0.5,0.0,0.0,0.75
laplace_eb_k20|absolute1,M6_blend,0.028223121627859754,0.03709168593197781,0.2852664576802508,0.21630094043887146,,0.5,0.0,0.0,1.0
laplace_eb_k20|absolute1,M6_blend,-0.0026420242450643405,0.01244015035257444,0.19435736677115986,0.21316614420062696,,0.5,0.0,0.25,0.0
laplace_eb_k20|absolute1,M6_blend,0.01424873792083726,0.025314254224954355,0.219435736677116,0.20376175548589343,,0.5,0.0,0.25,0.25
laplace_eb_k20|absolute1,M6_blend,0.021237866961235998,0.033781511574796745,0.25391849529780564,0.219435736677116,,0.5,0.0,0.25,0.5
laplace_eb_k20|absolute1,M6_blend,0.023141332144386524,0.03517665845987191,0.2852664576802508,0.23510971786833856,,0.5,0.0,0.25,0.75
laplace_eb_k20|absolute1,M6_blend,0.02600099221439417,0.03713095518629005,0.30094043887147337,0.26332288401253917,,0.5,0.0,0.25,1.0
laplace_eb_k20|absolute1,M6_blend,0.007017184485647411,0.008072852679647996,0.21316614420062696,0.2413793103448276,,0.5,0.0,0.5,0.0
laplace_eb_k20|absolute1,M6_blend,0.016605733013139074,0.02706974325555619,0.25391849529780564,0.23510971786833856,,0.5,0.0,0.5,0.25
laplace_eb_k20|absolute1,M6_blend,0.020998792917730717,0.029651916174212218,0.27899686520376177,0.2476489028213166,,0.5,0.0,0.5,0.5
laplace_eb_k20|absolute1,M6_blend,0.02263189358758721,0.036580123532808685,0.30407523510971785,0.26332288401253917,,0.5,0.0,0.5,0.75
laplace_eb_k20|absolute1,M6_blend,0.024591149040709987,0.031460825867694,0.29780564263322884,0.29153605015673983,,0.5,0.0,0.5,1.0
laplace_eb_k20|absolute1,M6_blend,0.0067930731597273765,0.012820020609981962,0.25705329153605017,0.27586206896551724,,0.5,0.0,0.75,0.0
laplace_eb_k20|absolute1,M6_blend,0.015286785615915708,0.024667641247234376,0.27586206896551724,0.26332288401253917,,0.5,0.0,0.75,0.25
laplace_eb_k20|absolute1,M6_blend,0.01828221011464537,0.02726316548953983,0.2884012539184953,0.27586206896551724,,0.5,0.0,0.75,0.5
laplace_eb_k20|absolute1,M6_blend,0.021543177565748556,0.029980914007440258,0.2946708463949843,0.2946708463949843,,0.5,0.0,0.75,0.75
laplace_eb_k20|absolute1,M6_blend,0.02308524268014242,0.02825489587684784,0.29153605015673983,0.3166144200626959,,0.5,0.0,0.75,1.0
laplace_eb_k20|absolute1,M6_blend,0.0016246605916415472,0.005318272345024964,0.26332288401253917,0.30094043887147337,,0.5,0.0,1.0,0.0
laplace_eb_k20|absolute1,M6_blend,0.012281992427892303,0.021892151477101454,0.27899686520376177,0.29153605015673983,,0.5,0.0,1.0,0.25
laplace_eb_k20|absolute1,M6_blend,0.0159416784463951,0.026557744191638356,0.2884012539184953,0.30407523510971785,,0.5,0.0,1.0,0.5
laplace_eb_k20|absolute1,M6_blend,0.01866959320919075,0.02875945680894448,0.30407523510971785,0.3072100313479624,,0.5,0.0,1.0,0.75
laplace_eb_k20|absolute1,M6_blend,0.02028748707857475,0.026734468133004854,0.29780564263322884,0.31974921630094044,,0.5,0.0,1.0,1.0
laplace_eb_k20|absolute1,M6_blend,-0.030234829592677617,-0.03095420815494367,0.19435736677115986,0.22570532915360503,,0.5,0.25,0.0,0.0
laplace_eb_k20|absolute1,M6_blend,-0.01572682199350522,-0.021378792086645355,0.21630094043887146,0.2413793103448276,,0.5,0.25,0.0,0.25
laplace_eb_k20|absolute1,M6_blend,0.020661161690610958,0.033538184487800986,0.2476489028213166,0.20376175548589343,,0.5,0.25,0.0,0.5
laplace_eb_k20|absolute1,M6_blend,0.02662996004138286,0.03462277662277596,0.26332288401253917,0.22570532915360503,,0.5,0.25,0.0,0.75
laplace_eb_k20|absolute1,M6_blend,0.03027002345388734,0.04012422330187032,0.29780564263322884,0.2507836990595611,,0.5,0.25,0.0,1.0
laplace_eb_k20|absolute1,M6_blend,-0.01862436347584832,-0.02576981792022068,0.20689655172413793,0.25391849529780564,,0.5,0.25,0.25,0.0
laplace_eb_k20|absolute1,M6_blend,0.017056998981063196,0.027745910864732107,0.2445141065830721,0.22570532915360503,,0.5,0.25,0.25,0.25
laplace_eb_k20|absolute1,M6_blend,0.023110540778639225,0.03359366980232415,0.27899686520376177,0.23510971786833856,,0.5,0.25,0.25,0.5
laplace_eb_k20|absolute1,M6_blend,0.028286990809046446,0.038559522222855996,0.29153605015673983,0.26959247648902823,,0.5,0.25,0.25,0.75
laplace_eb_k20|absolute1,M6_blend,0.028640063368961435,0.037933621789127306,0.3103448275862069,0.26959247648902823,,0.5,0.25,0.25,1.0
laplace_eb_k20|absolute1,M6_blend,0.013905973654985004,0.02529271765609146,0.2445141065830721,0.2445141065830721,,0.5,0.25,0.5,0.0
laplace_eb_k20|absolute1,M6_blend,0.017187054771537508,0.025760447752419684,0.27899686520376177,0.25391849529780564,,0.5,0.25,0.5,0.25
laplace_eb_k20|absolute1,M6_blend,0.0239876982093532,0.03381555902313289,0.29153605015673983,0.27586206896551724,,0.5,0.25,0.5,0.5
laplace_eb_k20|absolute1,M6_blend,0.025655242030780363,0.03210780569892318,0.2946708463949843,0.2946708463949843,,0.5,0.25,0.5,0.75
laplace_eb_k20|absolute1,M6_blend,0.026505731474470287,0.0348364238431648,0.30407523510971785,0.30407523510971785,,0.5,0.25,0.5,1.0
laplace_eb_k20|absolute1,M6_blend,0.016136509703381034,0.026367820951165077,0.2727272727272727,0.2664576802507837,,0.5,0.25,0.75,0.0
laplace_eb_k20|absolute1,M6_blend,0.019336933244374032,0.02951655794974405,0.2852664576802508,0.28213166144200624,,0.5,0.25,0.75,0.25
laplace_eb_k20|absolute1,M6_blend,0.022008131200644973,0.029339095209739798,0.29153605015673983,0.29153605015673983,,0.5,0.25,0.75,0.5
laplace_eb_k20|absolute1,M6_blend,0.0231048385217544,0.030684819357428804,0.29780564263322884,0.30407523510971785,,0.5,0.25,0.75,0.75
laplace_eb_k20|absolute1,M6_blend,0.024275069737834495,0.028487108846349776,0.30094043887147337,0.31974921630094044,,0.5,0.25,0.75,1.0
laplace_eb_k20|absolute1,M6_blend,0.015282909413173812,0.02602629488491713,0.2884012539184953,0.29153605015673983,,0.5,0.25,1.0,0.0
laplace_eb_k20|absolute1,M6_blend,0.017865191478704384,0.027544727414659572,0.29153605015673983,0.30094043887147337,,0.5,0.25,1.0,0.25
laplace_eb_k20|absolute1,M6_blend,0.02112767019267735,0.02795981574908693,0.30094043887147337,0.30094043887147337,,0.5,0.25,1.0,0.5
laplace_eb_k20|absolute1,M6_blend,0.022340858787677945,0.027996118341026634,0.3103448275862069,0.31347962382445144,,0.5,0.25,1.0,0.75
laplace_eb_k20|absolute1,M6_blend,0.022685600635341044,0.026613945485936437,0.3072100313479624,0.335423197492163,,0.5,0.25,1.0,1.0
laplace_eb_k20|absolute1,M6_blend,-0.021900388910721536,-0.02731076638479965,0.22884012539184953,0.25391849529780564,,0.5,0.5,0.0,0.0
laplace_eb_k20|absolute1,M6_blend,-0.016573843064639455,-0.026782659609396256,0.23197492163009403,0.26332288401253917,,0.5,0.5,0.0,0.25
laplace_eb_k20|absolute1,M6_blend,0.01246855357038133,0.00434436640909473,0.2601880877742947,0.25705329153605017,,0.5,0.5,0.0,0.5
laplace_eb_k20|absolute1,M6_blend,0.025341767809249818,0.03496096777177903,0.27899686520376177,0.25705329153605017,,0.5,0.5,0.0,0.75
laplace_eb_k20|absolute1,M6_blend,0.030069228338081906,0.037823703747277726,0.2946708463949843,0.2727272727272727,,0.5,0.5,0.0,1.0
laplace_eb_k20|absolute1,M6_blend,-0.018030784799556134,-0.027696647368908676,0.22884012539184953,0.27586206896551724,,0.5,0.5,0.25,0.0
laplace_eb_k20|absolute1,M6_blend,-0.0006106610376502393,-0.003291858366010331,0.25705329153605017,0.27899686520376177,,0.5,0.5,0.25,0.25
laplace_eb_k20|absolute1,M6_blend,0.023675992732479372,0.031752694117892125,0.28213166144200624,0.26959247648902823,,0.5,0.5,0.25,0.5
laplace_eb_k20|absolute1,M6_blend,0.025710124806458543,0.03723406925984311,0.29780564263322884,0.27899686520376177,,0.5,0.5,0.25,0.75
laplace_eb_k20|absolute1,M6_blend,0.02807539468074264,0.03791054526233,0.29780564263322884,0.2884012539184953,,0.5,0.5,0.25,1.0
laplace_eb_k20|absolute1,M6_blend,-0.006847319912625761,-0.01154085242869712,0.25705329153605017,0.27899686520376177,,0.5,0.5,0.5,0.0
laplace_eb_k20|absolute1,M6_blend,0.01879797115946371,0.029309187504845353,0.27899686520376177,0.27899686520376177,,0.5,0.5,0.5,0.25
laplace_eb_k20|absolute1,M6_blend,0.021458134449464705,0.02834808484280371,0.29153605015673983,0.2946708463949843,,0.5,0.5,0.5,0.5
laplace_eb_k20|absolute1,M6_blend,0.02493804583303707,0.03357906498271843,0.29153605015673983,0.31347962382445144,,0.5,0.5,0.5,0.75
laplace_eb_k20|absolute1,M6_blend,0.027415799583490844,0.03242913704820935,0.29780564263322884,0.322884012539185,,0.5,0.5,0.5,1.0
laplace_eb_k20|absolute1,M6_blend,0.01388464114922555,0.021862060614047007,0.2852664576802508,0.29153605015673983,,0.5,0.5,0.75,0.0
laplace_eb_k20|absolute1,M6_blend,0.016854100187886124,0.02276628045219239,0.29153605015673983,0.30407523510971785,,0.5,0.5,0.75,0.25
laplace_eb_k20|absolute1,M6_blend,0.02064164623099428,0.029230393340875363,0.2884012539184953,0.31974921630094044,,0.5,0.5,0.75,0.5
laplace_eb_k20|absolute1,M6_blend,0.023756404833471433,0.02955280327264418,0.29780564263322884,0.32601880877742945,,0.5,0.5,0.75,0.75
laplace_eb_k20|absolute1,M6_blend,0.02580286228922164,0.030747302121783497,0.3072100313479624,0.335423197492163,,0.5,0.5,0.75,1.0
laplace_eb_k20|absolute1,M6_blend,0.016374214944548496,0.024833343327512563,0.29153605015673983,0.3103448275862069,,0.5,0.5,1.0,0.0
laplace_eb_k20|absolute1,M6_blend,0.017709592093951187,0.022365211120873783,0.2946708463949843,0.31974921630094044,,0.5,0.5,1.0,0.25
laplace_eb_k20|absolute1,M6_blend,0.0214485431931688,0.02471350221004232,0.30094043887147337,0.32601880877742945,,0.5,0.5,1.0,0.5
laplace_eb_k20|absolute1,M6_blend,0.023287555885687896,0.026692253844024245,0.31347962382445144,0.3322884012539185,,0.5,0.5,1.0,0.75
laplace_eb_k20|absolute1,M6_blend,0.02506134941604345,0.02803403077220842,0.3103448275862069,0.3385579937304075,,0.5,0.5,1.0,1.0
laplace_eb_k20|absolute1,M6_blend,-0.021510022087765174,-0.027738209790477183,0.23197492163009403,0.2664576802507837,,0.5,0.75,0.0,0.0
laplace_eb_k20|absolute1,M6_blend,-0.015688556931692268,-0.02631399611180479,0.2476489028213166,0.2852664576802508,,0.5,0.75,0.0,0.25
laplace_eb_k20|absolute1,M6_blend,-0.005157780063451015,-0.017795302522686955,0.2601880877742947,0.29780564263322884,,0.5,0.75,0.0,0.5
laplace_eb_k20|absolute1,M6_blend,0.022634126873928757,0.008981656656837015,0.2852664576802508,0.29780564263322884,,0.5,0.75,0.0,0.75
laplace_eb_k20|absolute1,M6_blend,0.026100227057696202,0.0329244148137988,0.2946708463949843,0.2946708463949843,,0.5,0.75,0.0,1.0
laplace_eb_k20|absolute1,M6_blend,-0.021263004193911944,-0.030400382232236265,0.23824451410658307,0.30094043887147337,,0.5,0.75,0.25,0.0
laplace_eb_k20|absolute1,M6_blend,-0.008308507277469039,-0.0206949359220584,0.26959247648902823,0.31347962382445144,,0.5,0.75,0.25,0.25
laplace_eb_k20|absolute1,M6_blend,0.01696173163159519,0.006440888973519346,0.2884012539184953,0.31974921630094044,,0.5,0.75,0.25,0.5
laplace_eb_k20|absolute1,M6_blend,0.023400970723783356,0.03372209473603571,0.2946708463949843,0.30094043887147337,,0.5,0.75,0.25,0.75
laplace_eb_k20|absolute1,M6_blend,0.02515858872544343,0.03131451664439937,0.29780564263322884,0.322884012539185,,0.5,0.75,0.25,1.0
laplace_eb_k20|absolute1,M6_blend,-0.011805955002642319,-0.024997782896398375,0.26332288401253917,0.3166144200626959,,0.5,0.75,0.5,0.0
laplace_eb_k20|absolute1,M6_blend,0.0133471438416719,0.010312168423938901,0.2884012539184953,0.31347962382445144,,0.5,0.75,0.5,0.25
laplace_eb_k20|absolute1,M6_blend,0.020430332745302357,0.02640899701692094,0.2946708463949843,0.3166144200626959,,0.5,0.75,0.5,0.5
laplace_eb_k20|absolute1,M6_blend,0.02299099771071497,0.028764270164282717,0.29780564263322884,0.3322884012539185,,0.5,0.75,0.5,0.75
laplace_eb_k20|absolute1,M6_blend,0.023405604598808246,0.03175840411206771,0.2946708463949843,0.3385579937304075,,0.5,0.75,0.5,1.0
laplace_eb_k20|absolute1,M6_blend,0.00403843718662578,0.005271747322945759,0.2884012539184953,0.31974921630094044,,0.5,0.75,0.75,0.0
laplace_eb_k20|absolute1,M6_blend,0.017229202756889436,0.02334468551330432,0.2946708463949843,0.322884012539185,,0.5,0.75,0.75,0.25
laplace_eb_k20|absolute1,M6_blend,0.018171698351153055,0.02773659630769099,0.2946708463949843,0.3322884012539185,,0.5,0.75,0.75,0.5
laplace_eb_k20|absolute1,M6_blend,0.021262202547398527,0.02620309520057376,0.2946708463949843,0.3448275862068966,,0.5,0.75,0.75,0.75
laplace_eb_k20|absolute1,M6_blend,0.024004714694754528,0.02809262260514367,0.2946708463949843,0.3542319749216301,,0.5,0.75,0.75,1.0
laplace_eb_k20|absolute1,M6_blend,0.012475365424658127,0.015142923974224766,0.29153605015673983,0.3385579937304075,,0.5,0.75,1.0,0.0
laplace_eb_k20|absolute1,M6_blend,0.01596227777429171,0.020580407769235323,0.29780564263322884,0.34169278996865204,,0.5,0.75,1.0,0.25
laplace_eb_k20|absolute1,M6_blend,0.018001652617327835,0.022420553940123523,0.2946708463949843,0.3510971786833856,,0.5,0.75,1.0,0.5
laplace_eb_k20|absolute1,M6_blend,0.020111958901206952,0.02703646263312023,0.29780564263322884,0.3605015673981191,,0.5,0.75,1.0,0.75
laplace_eb_k20|absolute1,M6_blend,0.024787481449669597,0.028548333186621203,0.3072100313479624,0.3542319749216301,,0.5,0.75,1.0,1.0
laplace_eb_k20|absolute1,M6_blend,-0.015084007317900387,-0.026285449854539105,0.26332288401253917,0.2852664576802508,,0.5,1.0,0.0,0.0
laplace_eb_k20|absolute1,M6_blend,-0.011939352484322355,-0.022014504631391513,0.2727272727272727,0.30407523510971785,,0.5,1.0,0.0,0.25
laplace_eb_k20|absolute1,M6_blend,-0.011988621493610543,-0.022990504881151043,0.27586206896551724,0.32601880877742945,,0.5,1.0,0.0,0.5
laplace_eb_k20|absolute1,M6_blend,0.010989038384008245,0.00345501694886662,0.2852664576802508,0.329153605015674,,0.5,1.0,0.0,0.75
laplace_eb_k20|absolute1,M6_blend,0.022535315029543732,0.015113650199294464,0.30094043887147337,0.3322884012539185,,0.5,1.0,0.0,1.0
laplace_eb_k20|absolute1,M6_blend,-0.015055782724106112,-0.024637540247653345,0.2664576802507837,0.329153605015674,,0.5,1.0,0.25,0.0
laplace_eb_k20|absolute1,M6_blend,-0.01271881238246604,-0.020782682250566245,0.28213166144200624,0.3322884012539185,,0.5,1.0,0.25,0.25
laplace_eb_k20|absolute1,M6_blend,-0.0006286431327228835,-0.0030510737954822825,0.2852664576802508,0.3448275862068966,,0.5,1.0,0.25,0.5
laplace_eb_k20|absolute1,M6_blend,0.019383157609541877,0.007660843046574757,0.2946708463949843,0.3448275862068966,,0.5,1.0,0.25,0.75
laplace_eb_k20|absolute1,M6_blend,0.023542919741139444,0.032294905356198646,0.30407523510971785,0.32601880877742945,,0.5,1.0,0.25,1.0
laplace_eb_k20|absolute1,M6_blend,-0.012521421604955268,-0.022546755704666754,0.28213166144200624,0.335423197492163,,0.5,1.0,0.5,0.0
laplace_eb_k20|absolute1,M6_blend,-0.0073448799952020305,-0.02275739422178941,0.27899686520376177,0.3573667711598746,,0.5,1.0,0.5,0.25
laplace_eb_k20|absolute1,M6_blend,0.015381138135068084,0.005077313071227747,0.2884012539184953,0.3542319749216301,,0.5,1.0,0.5,0.5
laplace_eb_k20|absolute1,M6_blend,0.020582322905037406,0.02774375122402529,0.3072100313479624,0.3322884012539185,,0.5,1.0,0.5,0.75
laplace_eb_k20|absolute1,M6_blend,0.021917766023476042,0.028317482645702212,0.3072100313479624,0.34169278996865204,,0.5,1.0,0.5,1.0
laplace_eb_k20|absolute1,M6_blend,-0.01113346635320506,-0.026174024950280834,0.27586206896551724,0.3605015673981191,,0.5,1.0,0.75,0.0
laplace_eb_k20|absolute1,M6_blend,0.013241524894823636,0.008611561140763722,0.2884012539184953,0.3448275862068966,,0.5,1.0,0.75,0.25
laplace_eb_k20|absolute1,M6_blend,0.01734126384655366,0.022675328178558978,0.29780564263322884,0.34169278996865204,,0.5,1.0,0.75,0.5
laplace_eb_k20|absolute1,M6_blend,0.020202807114451087,0.0261012289241003,0.30407523510971785,0.3510971786833856,,0.5,1.0,0.75,0.75
laplace_eb_k20|absolute1,M6_blend,0.02007689515361032,0.02555846772083668,0.30407523510971785,0.3542319749216301,,0.5,1.0,0.75,1.0
laplace_eb_k20|absolute1,M6_blend,0.008337701587823213,0.0016627358535427285,0.29153605015673983,0.3542319749216301,,0.5,1.0,1.0,0.0
laplace_eb_k20|absolute1,M6_blend,0.016103524349551385,0.013975565348019046,0.29780564263322884,0.34796238244514105,,0.5,1.0,1.0,0.25
laplace_eb_k20|absolute1,M6_blend,0.017422288995403754,0.020410976825182715,0.30094043887147337,0.3573667711598746,,0.5,1.0,1.0,0.5
laplace_eb_k20|absolute1,M6_blend,0.019836632598240294,0.025538326862930876,0.30407523510971785,0.3573667711598746,,0.5,1.0,1.0,0.75
laplace_eb_k20|absolute1,M6_blend,0.021690957892870694,0.024493335521426695,0.30407523510971785,0.36363636363636365,,0.5,1.0,1.0,1.0
laplace_eb_k20|absolute1,M6_blend,-0.03883066743289827,-0.039656633995823726,0.1724137931034483,0.2946708463949843,,0.75,0.0,0.0,0.0
laplace_eb_k20|absolute1,M6_blend,-0.022343954750270942,-0.018174236786309455,0.20376175548589343,0.2664576802507837,,0.75,0.0,0.0,0.25
laplace_eb_k20|absolute1,M6_blend,0.011228859759782333,0.029750068674920867,0.2476489028213166,0.23824451410658307,,0.75,0.0,0.0,0.5
laplace_eb_k20|absolute1,M6_blend,0.019575537027523838,0.032306950702842875,0.2727272727272727,0.25391849529780564,,0.75,0.0,0.0,0.75
laplace_eb_k20|absolute1,M6_blend,0.02102784017750098,0.03322416426012509,0.29153605015673983,0.26959247648902823,,0.75,0.0,0.0,1.0
laplace_eb_k20|absolute1,M6_blend,-0.024472441197826968,-0.026171817055970523,0.19435736677115986,0.2946708463949843,,0.75,0.0,0.25,0.0
laplace_eb_k20|absolute1,M6_blend,0.008672524841580802,0.01998639430231809,0.2445141065830721,0.2601880877742947,,0.75,0.0,0.25,0.25
laplace_eb_k20|absolute1,M6_blend,0.017295871409142054,0.022647059718176116,0.26332288401253917,0.2727272727272727,,0.75,0.0,0.25,0.5
laplace_eb_k20|absolute1,M6_blend,0.017545606537641437,0.030143022805826043,0.2884012539184953,0.29153605015673983,,0.75,0.0,0.25,0.75
laplace_eb_k20|absolute1,M6_blend,0.019817055794643768,0.028136827623862833,0.29780564263322884,0.30094043887147337,,0.75,0.0,0.25,1.0
laplace_eb_k20|absolute1,M6_blend,0.0010731519668751262,0.007289845426347936,0.2225705329153605,0.30094043887147337,,0.75,0.0,0.5,0.0
laplace_eb_k20|absolute1,M6_blend,0.012397584944522191,0.020978909196057664,0.26959247648902823,0.28213166144200624,,0.75,0.0,0.5,0.25
laplace_eb_k20|absolute1,M6_blend,0.014311381214741695,0.024752919284807853,0.27899686520376177,0.30407523510971785,,0.75,0.0,0.5,0.5
laplace_eb_k20|absolute1,M6_blend,0.017732875107666628,0.02482274229576969,0.2884012539184953,0.3072100313479624,,0.75,0.0,0.5,0.75
laplace_eb_k20|absolute1,M6_blend,0.020326694049331486,0.028675977070596898,0.2884012539184953,0.32601880877742945,,0.75,0.0,0.5,1.0
laplace_eb_k20|absolute1,M6_blend,0.005239960506286871,0.0030650632064731145,0.2476489028213166,0.329153605015674,,0.75,0.0,0.75,0.0
laplace_eb_k20|absolute1,M6_blend,0.010772347624216373,0.0197588756423572,0.27899686520376177,0.31347962382445144,,0.75,0.0,0.75,0.25
laplace_eb_k20|absolute1,M6_blend,0.011857224696216116,0.021027778651927332,0.2852664576802508,0.31347962382445144,,0.75,0.0,0.75,0.5
laplace_eb_k20|absolute1,M6_blend,0.01714300510636902,0.02497375283542098,0.29153605015673983,0.32601880877742945,,0.75,0.0,0.75,0.75
laplace_eb_k20|absolute1,M6_blend,0.01795758702845264,0.02838521290769024,0.30094043887147337,0.3385579937304075,,0.75,0.0,0.75,1.0
laplace_eb_k20|absolute1,M6_blend,-7.3374768799692735e-06,0.002523507000323747,0.2727272727272727,0.3605015673981191,,0.75,0.0,1.0,0.0
laplace_eb_k20|absolute1,M6_blend,0.00939359759025123,0.010138376484563732,0.2852664576802508,0.34169278996865204,,0.75,0.0,1.0,0.25
laplace_eb_k20|absolute1,M6_blend,0.012809642529059922,0.018316217479193847,0.2884012539184953,0.3448275862068966,,0.75,0.0,1.0,0.5
laplace_eb_k20|absolute1,M6_blend,0.014880559663871697,0.021407838747325734,0.29780564263322884,0.3510971786833856,,0.75,0.0,1.0,0.75
laplace_eb_k20|absolute1,M6_blend,0.016209276690060836,0.02299816361088364,0.30094043887147337,0.3573667711598746,,0.75,0.0,1.0,1.0
laplace_eb_k20|absolute1,M6_blend,-0.034474281848732864,-0.04560611757878973,0.19435736677115986,0.30094043887147337,,0.75,0.25,0.0,0.0
laplace_eb_k20|absolute1,M6_blend,-0.021894569112017648,-0.028680227848709938,0.22570532915360503,0.2852664576802508,,0.75,0.25,0.0,0.25
laplace_eb_k20|absolute1,M6_blend,0.010367854627736066,0.024287816253855683,0.2664576802507837,0.25391849529780564,,0.75,0.25,0.0,0.5
laplace_eb_k20|absolute1,M6_blend,0.018326782245944192,0.03213314720222195,0.2727272727272727,0.2884012539184953,,0.75,0.25,0.0,0.75
laplace_eb_k20|absolute1,M6_blend,0.02289875725322405,0.03316810263501813,0.2884012539184953,0.30407523510971785,,0.75,0.25,0.0,1.0
laplace_eb_k20|absolute1,M6_blend,-0.02398984635313485,-0.029828107317319857,0.21630094043887146,0.29780564263322884,,0.75,0.25,0.25,0.0
laplace_eb_k20|absolute1,M6_blend,-0.0032629886335016553,0.0067367072225924945,0.25391849529780564,0.28213166144200624,,0.75,0.25,0.25,0.25
laplace_eb_k20|absolute1,M6_blend,0.013111809726564769,0.021291622722690754,0.27586206896551724,0.30407523510971785,,0.75,0.25,0.25,0.5
laplace_eb_k20|absolute1,M6_blend,0.018467394575415123,0.0290359349156435,0.29153605015673983,0.3103448275862069,,0.75,0.25,0.25,0.75
laplace_eb_k20|absolute1,M6_blend,0.022948673529314952,0.03227898115321386,0.2946708463949843,0.32601880877742945,,0.75,0.25,0.25,1.0
laplace_eb_k20|absolute1,M6_blend,-0.00989586596455688,-0.01529835312857897,0.23510971786833856,0.31347962382445144,,0.75,0.25,0.5,0.0
laplace_eb_k20|absolute1,M6_blend,0.01206907520074915,0.019341947598423705,0.27899686520376177,0.31347962382445144,,0.75,0.25,0.5,0.25
laplace_eb_k20|absolute1,M6_blend,0.015057234365094223,0.023088310007297882,0.2884012539184953,0.3103448275862069,,0.75,0.25,0.5,0.5
laplace_eb_k20|absolute1,M6_blend,0.019896153916428735,0.02884261783060609,0.29153605015673983,0.3322884012539185,,0.75,0.25,0.5,0.75
laplace_eb_k20|absolute1,M6_blend,0.021831354211192738,0.02864777118107742,0.2946708463949843,0.34169278996865204,,0.75,0.25,0.5,1.0
laplace_eb_k20|absolute1,M6_blend,0.007725531727516841,0.018949222473608664,0.2727272727272727,0.32601880877742945,,0.75,0.25,0.75,0.0
laplace_eb_k20|absolute1,M6_blend,0.010931350668395842,0.020070416321481658,0.27899686520376177,0.31974921630094044,,0.75,0.25,0.75,0.25
laplace_eb_k20|absolute1,M6_blend,0.01689835870744563,0.024446882342563526,0.2946708463949843,0.329153605015674,,0.75,0.25,0.75,0.5
laplace_eb_k20|absolute1,M6_blend,0.018577273014364317,0.024713893213709322,0.30094043887147337,0.3448275862068966,,0.75,0.25,0.75,0.75
laplace_eb_k20|absolute1,M6_blend,0.019588953783578646,0.025610742068683093,0.30094043887147337,0.3510971786833856,,0.75,0.25,0.75,1.0
laplace_eb_k20|absolute1,M6_blend,0.009034270530986623,0.010867886910898185,0.27586206896551724,0.3510971786833856,,0.75,0.25,1.0,0.0
laplace_eb_k20|absolute1,M6_blend,0.013049189625032128,0.016314905814149162,0.2884012539184953,0.3510971786833856,,0.75,0.25,1.0,0.25
laplace_eb_k20|absolute1,M6_blend,0.01668485415704837,0.02306586911545652,0.29780564263322884,0.3510971786833856,,0.75,0.25,1.0,0.5
laplace_eb_k20|absolute1,M6_blend,0.01726063193672746,0.02290318893461392,0.30407523510971785,0.3573667711598746,,0.75,0.25,1.0,0.75
laplace_eb_k20|absolute1,M6_blend,0.017842803281946172,0.023595244825166596,0.30407523510971785,0.3761755485893417,,0.75,0.25,1.0,1.0
laplace_eb_k20|absolute1,M6_blend,-0.02893761185195153,-0.03445468902541179,0.22570532915360503,0.29780564263322884,,0.75,0.5,0.0,0.0
laplace_eb_k20|absolute1,M6_blend,-0.026902123229209002,-0.03404205821477881,0.23510971786833856,0.31347962382445144,,0.75,0.5,0.0,0.25
laplace_eb_k20|absolute1,M6_blend,-0.014645797155950227,-0.02494338973422409,0.25705329153605017,0.329153605015674,,0.75,0.5,0.0,0.5
laplace_eb_k20|absolute1,M6_blend,0.01862128344120496,0.026272367195556156,0.2946708463949843,0.30407523510971785,,0.75,0.5,0.0,0.75
laplace_eb_k20|absolute1,M6_blend,0.022116293468786262,0.032135280567370236,0.2946708463949843,0.3166144200626959,,0.75,0.5,0.0,1.0
laplace_eb_k20|absolute1,M6_blend,-0.02923098081353721,-0.03666799759556507,0.2445141065830721,0.31974921630094044,,0.75,0.5,0.25,0.0
laplace_eb_k20|absolute1,M6_blend,-0.01908028706619707,-0.031601192750807465,0.26332288401253917,0.34169278996865204,,0.75,0.5,0.25,0.25
laplace_eb_k20|absolute1,M6_blend,0.013363991123634754,0.018902843917331727,0.2946708463949843,0.3103448275862069,,0.75,0.5,0.25,0.5
laplace_eb_k20|absolute1,M6_blend,0.017114392051087154,0.027746612760807653,0.29153605015673983,0.3322884012539185,,0.75,0.5,0.25,0.75
laplace_eb_k20|absolute1,M6_blend,0.019105848166794604,0.031029995530843735,0.29153605015673983,0.34169278996865204,,0.75,0.5,0.25,1.0
laplace_eb_k20|absolute1,M6_blend,-0.018353874568142216,-0.024597210138101937,0.25705329153605017,0.335423197492163,,0.75,0.5,0.5,0.0
laplace_eb_k20|absolute1,M6_blend,0.006099602555461516,0.009669617787704199,0.2852664576802508,0.31974921630094044,,0.75,0.5,0.5,0.25
laplace_eb_k20|absolute1,M6_blend,0.014471491281121358,0.025557920581961872,0.2884012539184953,0.3385579937304075,,0.75,0.5,0.5,0.5
laplace_eb_k20|absolute1,M6_blend,0.017608919399440426,0.024335224905451265,0.2884012539184953,0.34796238244514105,,0.75,0.5,0.5,0.75
laplace_eb_k20|absolute1,M6_blend,0.020629229278628265,0.029827324212251413,0.2946708463949843,0.3510971786833856,,0.75,0.5,0.5,1.0
laplace_eb_k20|absolute1,M6_blend,-0.00551264120821665,0.001620286088845573,0.27586206896551724,0.34796238244514105,,0.75,0.5,0.75,0.0
laplace_eb_k20|absolute1,M6_blend,0.011151128802830375,0.019242415338941502,0.29153605015673983,0.3448275862068966,,0.75,0.5,0.75,0.25
laplace_eb_k20|absolute1,M6_blend,0.012515183695186786,0.02114988075201414,0.29780564263322884,0.3510971786833856,,0.75,0.5,0.75,0.5
laplace_eb_k20|absolute1,M6_blend,0.015349590947219343,0.025996458299201112,0.29780564263322884,0.3605015673981191,,0.75,0.5,0.75,0.75
laplace_eb_k20|absolute1,M6_blend,0.01940876192462064,0.02636049058416794,0.29780564263322884,0.36363636363636365,,0.75,0.5,0.75,1.0
laplace_eb_k20|absolute1,M6_blend,0.012052194077462162,0.016293323117083515,0.29153605015673983,0.36363636363636365,,0.75,0.5,1.0,0.0
laplace_eb_k20|absolute1,M6_blend,0.013545967905797013,0.017084167073232626,0.30094043887147337,0.3667711598746082,,0.75,0.5,1.0,0.25
laplace_eb_k20|absolute1,M6_blend,0.012402833437288268,0.017818476490933318,0.29780564263322884,0.3667711598746082,,0.75,0.5,1.0,0.5
laplace_eb_k20|absolute1,M6_blend,0.016980684016553307,0.024319587234512767,0.30094043887147337,0.3761755485893417,,0.75,0.5,1.0,0.75
laplace_eb_k20|absolute1,M6_blend,0.01820183762164621,0.026033766696165347,0.30094043887147337,0.3793103448275862,,0.75,0.5,1.0,1.0
laplace_eb_k20|absolute1,M6_blend,-0.02616767271725219,-0.03404567933708523,0.2476489028213166,0.3103448275862069,,0.75,0.75,0.0,0.0
laplace_eb_k20|absolute1,M6_blend,-0.0251200553708644,-0.0297282340828341,0.25705329153605017,0.34169278996865204,,0.75,0.75,0.0,0.25
laplace_eb_k20|absolute1,M6_blend,-0.0149888694837927,-0.023025763200648527,0.27899686520376177,0.3448275862068966,,0.75,0.75,0.0,0.5
laplace_eb_k20|absolute1,M6_blend,0.005312343032559664,0.0037395936965381837,0.2884012539184953,0.34796238244514105,,0.75,0.75,0.0,0.75
laplace_eb_k20|absolute1,M6_blend,0.02012035448808469,0.030088510411006155,0.30407523510971785,0.335423197492163,,0.75,0.75,0.0,1.0
laplace_eb_k20|absolute1,M6_blend,-0.02694119528733652,-0.03623183369402975,0.2476489028213166,0.3542319749216301,,0.75,0.75,0.25,0.0
laplace_eb_k20|absolute1,M6_blend,-0.016537805374262003,-0.030761825008358702,0.26959247648902823,0.36363636363636365,,0.75,0.75,0.25,0.25
laplace_eb_k20|absolute1,M6_blend,-0.005928620106300895,-0.008612286042550514,0.27899686520376177,0.36990595611285265,,0.75,0.75,0.25,0.5
laplace_eb_k20|absolute1,M6_blend,0.01490726444556257,0.022167350629747475,0.30094043887147337,0.3448275862068966,,0.75,0.75,0.25,0.75
laplace_eb_k20|absolute1,M6_blend,0.01798039490191567,0.02872314410383425,0.30094043887147337,0.34796238244514105,,0.75,0.75,0.25,1.0
laplace_eb_k20|absolute1,M6_blend,-0.017341958248567744,-0.03610054951242892,0.26332288401253917,0.36363636363636365,,0.75,0.75,0.5,0.0
laplace_eb_k20|absolute1,M6_blend,-0.008668854599288222,-0.02092020572119372,0.27586206896551724,0.36363636363636365,,0.75,0.75,0.5,0.25
laplace_eb_k20|absolute1,M6_blend,0.014003125670660872,0.017570980021665836,0.29780564263322884,0.34169278996865204,,0.75,0.75,0.5,0.5
laplace_eb_k20|absolute1,M6_blend,0.016173305261481325,0.024261192666792945,0.29780564263322884,0.3542319749216301,,0.75,0.75,0.5,0.75
laplace_eb_k20|absolute1,M6_blend,0.017108592461446696,0.026048492686968985,0.30094043887147337,0.3573667711598746,,0.75,0.75,0.5,1.0
laplace_eb_k20|absolute1,M6_blend,-0.015057438636593232,-0.026023422394146366,0.27586206896551724,0.3761755485893417,,0.75,0.75,0.75,0.0
laplace_eb_k20|absolute1,M6_blend,0.005981919073535804,0.007114437785361628,0.29780564263322884,0.3573667711598746,,0.75,0.75,0.75,0.25
laplace_eb_k20|absolute1,M6_blend,0.01354914280354705,0.01927072231345416,0.29780564263322884,0.36363636363636365,,0.75,0.75,0.75,0.5
laplace_eb_k20|absolute1,M6_blend,0.013881188127846543,0.024092974999575033,0.30094043887147337,0.3667711598746082,,0.75,0.75,0.75,0.75
laplace_eb_k20|absolute1,M6_blend,0.018107913332675203,0.026433750391473592,0.30094043887147337,0.3761755485893417,,0.75,0.75,0.75,1.0
laplace_eb_k20|absolute1,M6_blend,0.0015433360536101196,0.004114836582849766,0.29780564263322884,0.3793103448275862,,0.75,0.75,1.0,0.0
laplace_eb_k20|absolute1,M6_blend,0.011044695188454724,0.016782185652506387,0.30094043887147337,0.3761755485893417,,0.75,0.75,1.0,0.25
laplace_eb_k20|absolute1,M6_blend,0.012990826231709645,0.020388881579555315,0.30407523510971785,0.3793103448275862,,0.75,0.75,1.0,0.5
laplace_eb_k20|absolute1,M6_blend,0.014660487562451927,0.022164957615368793,0.30407523510971785,0.3824451410658307,,0.75,0.75,1.0,0.75
laplace_eb_k20|absolute1,M6_blend,0.018714250542715635,0.029085221440534232,0.3072100313479624,0.3761755485893417,,0.75,0.75,1.0,1.0
laplace_eb_k20|absolute1,M6_blend,-0.02528208496307865,-0.03154068305901599,0.27586206896551724,0.335423197492163,,0.75,1.0,0.0,0.0
laplace_eb_k20|absolute1,M6_blend,-0.020614458468651446,-0.028269389825274577,0.27899686520376177,0.3605015673981191,,0.75,1.0,0.0,0.25
laplace_eb_k20|absolute1,M6_blend,-0.01838377571679601,-0.02546439736754543,0.2884012539184953,0.3605015673981191,,0.75,1.0,0.0,0.5
laplace_eb_k20|absolute1,M6_blend,-0.010574210159361769,-0.021621862303780912,0.2884012539184953,0.36990595611285265,,0.75,1.0,0.0,0.75
laplace_eb_k20|absolute1,M6_blend,0.014205794446255188,0.006270437743689947,0.30094043887147337,0.36363636363636365,,0.75,1.0,0.0,1.0
laplace_eb_k20|absolute1,M6_blend,-0.023509680694457066,-0.03394346610645889,0.26959247648902823,0.3730407523510972,,0.75,1.0,0.25,0.0
laplace_eb_k20|absolute1,M6_blend,-0.02238601827590911,-0.03000605023439775,0.2884012539184953,0.3730407523510972,,0.75,1.0,0.25,0.25
laplace_eb_k20|absolute1,M6_blend,-0.014650625844988845,-0.026087531370335613,0.2852664576802508,0.3793103448275862,,0.75,1.0,0.25,0.5
laplace_eb_k20|absolute1,M6_blend,0.009505795306422173,-0.0007349120388770925,0.29780564263322884,0.3824451410658307,,0.75,1.0,0.25,0.75
laplace_eb_k20|absolute1,M6_blend,0.015995628253507994,0.02769591644126046,0.3103448275862069,0.3510971786833856,,0.75,1.0,0.25,1.0
laplace_eb_k20|absolute1,M6_blend,-0.02332780037949324,-0.03260628389760992,0.28213166144200624,0.3730407523510972,,0.75,1.0,0.5,0.0
laplace_eb_k20|absolute1,M6_blend,-0.015314277978550329,-0.027671868326054845,0.2852664576802508,0.38557993730407525,,0.75,1.0,0.5,0.25
laplace_eb_k20|absolute1,M6_blend,0.001785365847662804,-0.00170295635314197,0.29153605015673983,0.3824451410658307,,0.75,1.0,0.5,0.5
laplace_eb_k20|absolute1,M6_blend,0.014343851303219251,0.016258609343939065,0.30407523510971785,0.3605015673981191,,0.75,1.0,0.5,0.75
laplace_eb_k20|absolute1,M6_blend,0.018880811623872548,0.025552814108170684,0.30407523510971785,0.36363636363636365,,0.75,1.0,0.5,1.0
laplace_eb_k20|absolute1,M6_blend,-0.015615011032899855,-0.03084280069765626,0.29153605015673983,0.39184952978056425,,0.75,1.0,0.75,0.0
laplace_eb_k20|absolute1,M6_blend,-0.005464850485766124,-0.0035437505143376354,0.29153605015673983,0.3793103448275862,,0.75,1.0,0.75,0.25
laplace_eb_k20|absolute1,M6_blend,0.011205283492158649,0.009356887468069699,0.29780564263322884,0.36990595611285265,,0.75,1.0,0.75,0.5
laplace_eb_k20|absolute1,M6_blend,0.015598803330085544,0.024101828718353587,0.30407523510971785,0.3730407523510972,,0.75,1.0,0.75,0.75
laplace_eb_k20|absolute1,M6_blend,0.017744992530834704,0.024099543001677923,0.30407523510971785,0.3761755485893417,,0.75,1.0,0.75,1.0
laplace_eb_k20|absolute1,M6_blend,-0.009517213278757684,-0.02654830243753789,0.2852664576802508,0.4043887147335423,,0.75,1.0,1.0,0.0
laplace_eb_k20|absolute1,M6_blend,0.009457865051059625,0.005930460884373016,0.29780564263322884,0.3887147335423197,,0.75,1.0,1.0,0.25
laplace_eb_k20|absolute1,M6_blend,0.013971768519024371,0.018509200152278322,0.3072100313479624,0.3824451410658307,,0.75,1.0,1.0,0.5
laplace_eb_k20|absolute1,M6_blend,0.016175946012852133,0.024705542210594615,0.3103448275862069,0.3824451410658307,,0.75,1.0,1.0,0.75
laplace_eb_k20|absolute1,M6_blend,0.018319711903776285,0.02604555131920079,0.3166144200626959,0.38557993730407525,,0.75,1.0,1.0,1.0
laplace_eb_k20|absolute1,M6_blend,-0.049598207773644994,-0.052643306798602345,0.1724137931034483,0.3448275862068966,,1.0,0.0,0.0,0.0
laplace_eb_k20|absolute1,M6_blend,-0.02806729491978273,-0.023456289838754273,0.21316614420062696,0.30094043887147337,,1.0,0.0,0.0,0.25
laplace_eb_k20|absolute1,M6_blend,-0.0010519809214767399,0.01759945534660151,0.25705329153605017,0.26959247648902823,,1.0,0.0,0.0,0.5
laplace_eb_k20|absolute1,M6_blend,0.009869521017056935,0.026998525561303555,0.28213166144200624,0.2884012539184953,,1.0,0.0,0.0,0.75
laplace_eb_k20|absolute1,M6_blend,0.015919234658801473,0.028354190885553538,0.28213166144200624,0.3072100313479624,,1.0,0.0,0.0,1.0
laplace_eb_k20|absolute1,M6_blend,-0.033137685655359524,-0.031353894060588555,0.20689655172413793,0.3322884012539185,,1.0,0.0,0.25,0.0
laplace_eb_k20|absolute1,M6_blend,-0.007180461643055794,0.010209548260818081,0.2476489028213166,0.2946708463949843,,1.0,0.0,0.25,0.25
laplace_eb_k20|absolute1,M6_blend,0.006861360913358951,0.018095288308903716,0.27586206896551724,0.3103448275862069,,1.0,0.0,0.25,0.5
laplace_eb_k20|absolute1,M6_blend,0.01191232597417196,0.024727624843953917,0.2946708463949843,0.3103448275862069,,1.0,0.0,0.25,0.75
laplace_eb_k20|absolute1,M6_blend,0.014989951863070283,0.026684604526780616,0.29780564263322884,0.329153605015674,,1.0,0.0,0.25,1.0
laplace_eb_k20|absolute1,M6_blend,-0.02425077243162858,-0.015841418427639996,0.21316614420062696,0.3448275862068966,,1.0,0.0,0.5,0.0
laplace_eb_k20|absolute1,M6_blend,0.002927909675213362,0.013381388505517875,0.26332288401253917,0.31974921630094044,,1.0,0.0,0.5,0.25
laplace_eb_k20|absolute1,M6_blend,0.005962077532481224,0.01645964637492144,0.27586206896551724,0.329153605015674,,1.0,0.0,0.5,0.5
laplace_eb_k20|absolute1,M6_blend,0.011845074403089108,0.018905144511812532,0.2852664576802508,0.3385579937304075,,1.0,0.0,0.5,0.75
laplace_eb_k20|absolute1,M6_blend,0.015078598107285544,0.020263857053458505,0.29153605015673983,0.3605015673981191,,1.0,0.0,0.5,1.0
laplace_eb_k20|absolute1,M6_blend,-0.004696249736977872,-0.002008607044675881,0.2476489028213166,0.36363636363636365,,1.0,0.0,0.75,0.0
laplace_eb_k20|absolute1,M6_blend,0.0018202471493792155,0.01093190023237635,0.2727272727272727,0.34169278996865204,,1.0,0.0,0.75,0.25
laplace_eb_k20|absolute1,M6_blend,0.006813841772208453,0.01246829076340206,0.28213166144200624,0.34796238244514105,,1.0,0.0,0.75,0.5
laplace_eb_k20|absolute1,M6_blend,0.013111220978217408,0.019576232646793406,0.2946708463949843,0.3542319749216301,,1.0,0.0,0.75,0.75
laplace_eb_k20|absolute1,M6_blend,0.015014599045581589,0.02165194809857207,0.29153605015673983,0.3573667711598746,,1.0,0.0,0.75,1.0
laplace_eb_k20|absolute1,M6_blend,-0.00795288504884156,-0.0018070573483514934,0.26959247648902823,0.38557993730407525,,1.0,0.0,1.0,0.0
laplace_eb_k20|absolute1,M6_blend,0.0037185263211132456,0.006187688524259669,0.28213166144200624,0.3730407523510972,,1.0,0.0,1.0,0.25
laplace_eb_k20|absolute1,M6_blend,0.008862986528486489,0.0093881004142537,0.29153605015673983,0.3824451410658307,,1.0,0.0,1.0,0.5
laplace_eb_k20|absolute1,M6_blend,0.009692148557929894,0.01606656153187109,0.2946708463949843,0.3824451410658307,,1.0,0.0,1.0,0.75
laplace_eb_k20|absolute1,M6_blend,0.01096245722425147,0.02050535251214213,0.30094043887147337,0.3793103448275862,,1.0,0.0,1.0,1.0
laplace_eb_k20|absolute1,M6_blend,-0.04328973251469179,-0.04996391760658321,0.219435736677116,0.3322884012539185,,1.0,0.25,0.0,0.0
laplace_eb_k20|absolute1,M6_blend,-0.030680319133102214,-0.0383765089170873,0.23824451410658307,0.31974921630094044,,1.0,0.25,0.0,0.25
laplace_eb_k20|absolute1,M6_blend,-0.02278324538642426,-0.02863868378499832,0.2507836990595611,0.3322884012539185,,1.0,0.25,0.0,0.5
laplace_eb_k20|absolute1,M6_blend,0.008277008479677463,0.022128527405960805,0.2946708463949843,0.3072100313479624,,1.0,0.25,0.0,0.75
laplace_eb_k20|absolute1,M6_blend,0.015857844793816904,0.029934935960743494,0.2946708463949843,0.3322884012539185,,1.0,0.25,0.0,1.0
laplace_eb_k20|absolute1,M6_blend,-0.03155810021474991,-0.03764003710266565,0.23197492163009403,0.32601880877742945,,1.0,0.25,0.25,0.0
laplace_eb_k20|absolute1,M6_blend,-0.024397174600757878,-0.027512735976227397,0.26332288401253917,0.329153605015674,,1.0,0.25,0.25,0.25
laplace_eb_k20|absolute1,M6_blend,0.005764589227040156,0.019924575503810445,0.29780564263322884,0.31347962382445144,,1.0,0.25,0.25,0.5
laplace_eb_k20|absolute1,M6_blend,0.011408999685308384,0.02103130520557909,0.2946708463949843,0.335423197492163,,1.0,0.25,0.25,0.75
laplace_eb_k20|absolute1,M6_blend,0.0161080977419107,0.027266860720599334,0.29780564263322884,0.34796238244514105,,1.0,0.25,0.25,1.0
laplace_eb_k20|absolute1,M6_blend,-0.024595106376975706,-0.031183310845709147,0.23510971786833856,0.3510971786833856,,1.0,0.25,0.5,0.0
laplace_eb_k20|absolute1,M6_blend,0.0003510497994126926,0.015822077537872202,0.28213166144200624,0.3322884012539185,,1.0,0.25,0.5,0.25
laplace_eb_k20|absolute1,M6_blend,0.006512113742886752,0.012867758651979292,0.2852664576802508,0.3510971786833856,,1.0,0.25,0.5,0.5
laplace_eb_k20|absolute1,M6_blend,0.012762781050149564,0.020865466539108642,0.2946708463949843,0.36363636363636365,,1.0,0.25,0.5,0.75
laplace_eb_k20|absolute1,M6_blend,0.014839216383653512,0.02183345673740097,0.2884012539184953,0.3730407523510972,,1.0,0.25,0.5,1.0
laplace_eb_k20|absolute1,M6_blend,-0.00776148626075926,0.00780869952657006,0.2727272727272727,0.3542319749216301,,1.0,0.25,0.75,0.0
laplace_eb_k20|absolute1,M6_blend,0.006111023022638366,0.010254822577989214,0.28213166144200624,0.3605015673981191,,1.0,0.25,0.75,0.25
laplace_eb_k20|absolute1,M6_blend,0.012591857127930145,0.019227606761137894,0.29780564263322884,0.3605015673981191,,1.0,0.25,0.75,0.5
laplace_eb_k20|absolute1,M6_blend,0.01457768309954766,0.021034790372306652,0.29780564263322884,0.36363636363636365,,1.0,0.25,0.75,0.75
laplace_eb_k20|absolute1,M6_blend,0.014216055626851552,0.0239186174466879,0.30094043887147337,0.3667711598746082,,1.0,0.25,0.75,1.0
laplace_eb_k20|absolute1,M6_blend,0.0018890578435534497,0.006817954577809217,0.2852664576802508,0.3793103448275862,,1.0,0.25,1.0,0.0
laplace_eb_k20|absolute1,M6_blend,0.0067109122388658874,0.009843223918007458,0.29153605015673983,0.3887147335423197,,1.0,0.25,1.0,0.25
laplace_eb_k20|absolute1,M6_blend,0.008631923403548488,0.015019051100019377,0.29780564263322884,0.3761755485893417,,1.0,0.25,1.0,0.5
laplace_eb_k20|absolute1,M6_blend,0.01131935125314429,0.01824464771581294,0.30407523510971785,0.3793103448275862,,1.0,0.25,1.0,0.75
laplace_eb_k20|absolute1,M6_blend,0.014341405365862174,0.02020264668010619,0.3072100313479624,0.3887147335423197,,1.0,0.25,1.0,1.0
laplace_eb_k20|absolute1,M6_blend,-0.03712071369323616,-0.04601593552665277,0.23824451410658307,0.3322884012539185,,1.0,0.5,0.0,0.0
laplace_eb_k20|absolute1,M6_blend,-0.03380310584224574,-0.03854874873002495,0.26332288401253917,0.34796238244514105,,1.0,0.5,0.0,0.25
laplace_eb_k20|absolute1,M6_blend,-0.025986311660235184,-0.03199791640837364,0.2664576802507837,0.3573667711598746,,1.0,0.5,0.0,0.5
laplace_eb_k20|absolute1,M6_blend,-0.0009717637193569561,0.004804047496060966,0.2852664576802508,0.34796238244514105,,1.0,0.5,0.0,0.75
laplace_eb_k20|absolute1,M6_blend,0.012160243619241855,0.026935625517723327,0.30407523510971785,0.3385579937304075,,1.0,0.5,0.0,1.0
laplace_eb_k20|absolute1,M6_blend,-0.036676594635348655,-0.04149763742724556,0.25705329153605017,0.3605015673981191,,1.0,0.5,0.25,0.0
laplace_eb_k20|absolute1,M6_blend,-0.02720860943435808,-0.0305163161858309,0.2727272727272727,0.3573667711598746,,1.0,0.5,0.25,0.25
laplace_eb_k20|absolute1,M6_blend,-0.011776638287278677,-0.0028521724886094516,0.28213166144200624,0.3542319749216301,,1.0,0.5,0.25,0.5
laplace_eb_k20|absolute1,M6_blend,0.009733769669280237,0.02443052955602404,0.30407523510971785,0.34796238244514105,,1.0,0.5,0.25,0.75
laplace_eb_k20|absolute1,M6_blend,0.013502918158345993,0.024472060563702568,0.30094043887147337,0.3605015673981191,,1.0,0.5,0.25,1.0
laplace_eb_k20|absolute1,M6_blend,-0.0277524375842549,-0.033351142192989305,0.2664576802507837,0.3730407523510972,,1.0,0.5,0.5,0.0
laplace_eb_k20|absolute1,M6_blend,-0.018387270403987726,-0.024978396976162272,0.27899686520376177,0.3667711598746082,,1.0,0.5,0.5,0.25
laplace_eb_k20|absolute1,M6_blend,0.007309168598408851,0.0166015368667329,0.30407523510971785,0.3542319749216301,,1.0,0.5,0.5,0.5
laplace_eb_k20|absolute1,M6_blend,0.009425188662963739,0.01982326958573724,0.30094043887147337,0.36363636363636365,,1.0,0.5,0.5,0.75
laplace_eb_k20|absolute1,M6_blend,0.012556025308635348,0.024890465410805796,0.29780564263322884,0.3667711598746082,,1.0,0.5,0.5,1.0
laplace_eb_k20|absolute1,M6_blend,-0.02153614420095853,-0.03254086941153652,0.26959247648902823,0.39184952978056425,,1.0,0.5,0.75,0.0
laplace_eb_k20|absolute1,M6_blend,0.004452567806378312,0.014244976520631754,0.30094043887147337,0.36990595611285265,,1.0,0.5,0.75,0.25
laplace_eb_k20|absolute1,M6_blend,0.0066578538880464975,0.016717643001143086,0.30094043887147337,0.3667711598746082,,1.0,0.5,0.75,0.5
laplace_eb_k20|absolute1,M6_blend,0.010164715600006945,0.01913500821282124,0.29780564263322884,0.3824451410658307,,1.0,0.5,0.75,0.75
laplace_eb_k20|absolute1,M6_blend,0.011756978296846627,0.02372327924568825,0.30407523510971785,0.3824451410658307,,1.0,0.5,0.75,1.0
laplace_eb_k20|absolute1,M6_blend,-0.0018675816807564951,0.006119199564277565,0.29780564263322884,0.3949843260188088,,1.0,0.5,1.0,0.0
laplace_eb_k20|absolute1,M6_blend,0.007608637243407462,0.01597141695200089,0.30094043887147337,0.39184952978056425,,1.0,0.5,1.0,0.25
laplace_eb_k20|absolute1,M6_blend,0.007211639658295484,0.014003469921111313,0.30094043887147337,0.3949843260188088,,1.0,0.5,1.0,0.5
laplace_eb_k20|absolute1,M6_blend,0.009779738330182561,0.01788834801241522,0.30094043887147337,0.4012539184952978,,1.0,0.5,1.0,0.75
laplace_eb_k20|absolute1,M6_blend,0.014086438317471322,0.023662249461330217,0.3103448275862069,0.38557993730407525,,1.0,0.5,1.0,1.0
laplace_eb_k20|absolute1,M6_blend,-0.03495309997036001,-0.04036058278806905,0.2664576802507837,0.34796238244514105,,1.0,0.75,0.0,0.0
laplace_eb_k20|absolute1,M6_blend,-0.033074563920735496,-0.03593201812672017,0.2727272727272727,0.3730407523510972,,1.0,0.75,0.0,0.25
laplace_eb_k20|absolute1,M6_blend,-0.026092699866801298,-0.029409614324476276,0.2852664576802508,0.36990595611285265,,1.0,0.75,0.0,0.5
laplace_eb_k20|absolute1,M6_blend,-0.018748506144164363,-0.02725630254721193,0.2884012539184953,0.3824451410658307,,1.0,0.75,0.0,0.75
laplace_eb_k20|absolute1,M6_blend,0.008026075233325599,0.008994505451671008,0.30407523510971785,0.36363636363636365,,1.0,0.75,0.0,1.0
laplace_eb_k20|absolute1,M6_blend,-0.03472990861718367,-0.03904383976397843,0.27586206896551724,0.3761755485893417,,1.0,0.75,0.25,0.0
laplace_eb_k20|absolute1,M6_blend,-0.0258527931275699,-0.034013088909342744,0.2884012539184953,0.3730407523510972,,1.0,0.75,0.25,0.25
laplace_eb_k20|absolute1,M6_blend,-0.02095421443529987,-0.031116514685665925,0.28213166144200624,0.3949843260188088,,1.0,0.75,0.25,0.5
laplace_eb_k20|absolute1,M6_blend,0.007234665885533721,0.007890733934028022,0.2946708463949843,0.36990595611285265,,1.0,0.75,0.25,0.75
laplace_eb_k20|absolute1,M6_blend,0.011873611531184311,0.023577515736549252,0.30094043887147337,0.3667711598746082,,1.0,0.75,0.25,1.0
laplace_eb_k20|absolute1,M6_blend,-0.028158617959037457,-0.040698537620537704,0.2852664576802508,0.3793103448275862,,1.0,0.75,0.5,0.0
laplace_eb_k20|absolute1,M6_blend,-0.01990266905881142,-0.03135842466756094,0.2852664576802508,0.3887147335423197,,1.0,0.75,0.5,0.25
laplace_eb_k20|absolute1,M6_blend,-0.004127055521129476,0.00025663217734019956,0.2946708463949843,0.3730407523510972,,1.0,0.75,0.5,0.5
laplace_eb_k20|absolute1,M6_blend,0.010170998450597761,0.017173957663550274,0.29780564263322884,0.3793103448275862,,1.0,0.75,0.5,0.75
laplace_eb_k20|absolute1,M6_blend,0.011713831246340465,0.022127663722512864,0.29780564263322884,0.38557993730407525,,1.0,0.75,0.5,1.0
laplace_eb_k20|absolute1,M6_blend,-0.020760568011560582,-0.03381118027721079,0.2852664576802508,0.4043887147335423,,1.0,0.75,0.75,0.0
laplace_eb_k20|absolute1,M6_blend,-0.010930935718577381,-0.006108273918445581,0.2884012539184953,0.3949843260188088,,1.0,0.75,0.75,0.25
laplace_eb_k20|absolute1,M6_blend,0.006800901938170398,0.01506113649862687,0.2946708463949843,0.38557993730407525,,1.0,0.75,0.75,0.5
laplace_eb_k20|absolute1,M6_blend,0.008908567356119666,0.01774197143026654,0.2946708463949843,0.39184952978056425,,1.0,0.75,0.75,0.75
laplace_eb_k20|absolute1,M6_blend,0.010308417688910944,0.0218472215565955,0.3072100313479624,0.3887147335423197,,1.0,0.75,0.75,1.0
laplace_eb_k20|absolute1,M6_blend,-0.01914545789717406,-0.026495729739482873,0.2852664576802508,0.4169278996865204,,1.0,0.75,1.0,0.0
laplace_eb_k20|absolute1,M6_blend,0.0035507564978135204,0.005884094519955237,0.29780564263322884,0.4043887147335423,,1.0,0.75,1.0,0.25
laplace_eb_k20|absolute1,M6_blend,0.006594035549594221,0.014965924104459608,0.30094043887147337,0.4043887147335423,,1.0,0.75,1.0,0.5
laplace_eb_k20|absolute1,M6_blend,0.007757267882890473,0.017639756050883415,0.3103448275862069,0.4012539184952978,,1.0,0.75,1.0,0.75
laplace_eb_k20|absolute1,M6_blend,0.011686064884202355,0.019859093869087463,0.3166144200626959,0.3981191222570533,,1.0,0.75,1.0,1.0
laplace_eb_k20|absolute1,M6_blend,-0.03373322714383211,-0.039511268730727855,0.26959247648902823,0.3761755485893417,,1.0,1.0,0.0,0.0
laplace_eb_k20|absolute1,M6_blend,-0.032166453782715126,-0.03615067057241467,0.2852664576802508,0.3824451410658307,,1.0,1.0,0.0,0.25
laplace_eb_k20|absolute1,M6_blend,-0.02818677553605789,-0.032157860614569586,0.28213166144200624,0.4012539184952978,,1.0,1.0,0.0,0.5
laplace_eb_k20|absolute1,M6_blend,-0.018660274595191918,-0.027253569585495983,0.2884012539184953,0.4012539184952978,,1.0,1.0,0.0,0.75
laplace_eb_k20|absolute1,M6_blend,-0.005926693401433069,0.0009001774076944608,0.30094043887147337,0.39184952978056425,,1.0,1.0,0.0,1.0
laplace_eb_k20|absolute1,M6_blend,-0.033206381489244846,-0.03816648685960187,0.28213166144200624,0.3793103448275862,,1.0,1.0,0.25,0.0
laplace_eb_k20|absolute1,M6_blend,-0.030116296133582306,-0.03736085478555073,0.29153605015673983,0.4012539184952978,,1.0,1.0,0.25,0.25
laplace_eb_k20|absolute1,M6_blend,-0.020211089648527,-0.031878508475600364,0.2852664576802508,0.41379310344827586,,1.0,1.0,0.25,0.5
laplace_eb_k20|absolute1,M6_blend,-0.013561906127560383,-0.02319672158379166,0.2884012539184953,0.41379310344827586,,1.0,1.0,0.25,0.75
laplace_eb_k20|absolute1,M6_blend,0.009373412113254868,0.007092837290984336,0.2946708463949843,0.3949843260188088,,1.0,1.0,0.25,1.0
laplace_eb_k20|absolute1,M6_blend,-0.03211963041377909,-0.042849763608931744,0.2852664576802508,0.4200626959247649,,1.0,1.0,0.5,0.0
laplace_eb_k20|absolute1,M6_blend,-0.021756379952089934,-0.03977655342613642,0.2852664576802508,0.4263322884012539,,1.0,1.0,0.5,0.25
laplace_eb_k20|absolute1,M6_blend,-0.013046942570656198,-0.028049296077609438,0.27899686520376177,0.4169278996865204,,1.0,1.0,0.5,0.5
laplace_eb_k20|absolute1,M6_blend,0.007101261903423655,0.007589990337347162,0.29780564263322884,0.3949843260188088,,1.0,1.0,0.5,0.75
laplace_eb_k20|absolute1,M6_blend,0.012000758934910314,0.020613979104450876,0.30094043887147337,0.3887147335423197,,1.0,1.0,0.5,1.0
laplace_eb_k20|absolute1,M6_blend,-0.02125377926322078,-0.036548921552291114,0.29153605015673983,0.41379310344827586,,1.0,1.0,0.75,0.0
laplace_eb_k20|absolute1,M6_blend,-0.017688084084005996,-0.03287336707909279,0.28213166144200624,0.4200626959247649,,1.0,1.0,0.75,0.25
laplace_eb_k20|absolute1,M6_blend,0.0005946285759601614,0.0011323036328191667,0.2946708463949843,0.4043887147335423,,1.0,1.0,0.75,0.5
laplace_eb_k20|absolute1,M6_blend,0.007613390068903328,0.016075947803669964,0.30407523510971785,0.3981191222570533,,1.0,1.0,0.75,0.75
laplace_eb_k20|absolute1,M6_blend,0.013414820715581366,0.021946008594525643,0.31347962382445144,0.3981191222570533,,1.0,1.0,0.75,1.0
laplace_eb_k20|absolute1,M6_blend,-0.02041845224322518,-0.03239499313937833,0.29153605015673983,0.4231974921630094,,1.0,1.0,1.0,0.0
laplace_eb_k20|absolute1,M6_blend,-0.006859933091900344,-0.0008924022947546083,0.30094043887147337,0.4169278996865204,,1.0,1.0,1.0,0.25
laplace_eb_k20|absolute1,M6_blend,0.006149747067370827,0.009775891888384534,0.3103448275862069,0.4012539184952978,,1.0,1.0,1.0,0.5
laplace_eb_k20|absolute1,M6_blend,0.011201285941691768,0.016503177828456166,0.31974921630094044,0.4012539184952978,,1.0,1.0,1.0,0.75
laplace_eb_k20|absolute1,M6_blend,0.014145291319163622,0.019093078143637757,0.31974921630094044,0.4012539184952978,,1.0,1.0,1.0,1.0
