retriever,routing,lift,split,n,minilm_d_proxy_top1,minilm_fb_proxy_top1,minilm_d_proxy_best5,minilm_fb_proxy_best5,minilm_d_proxy_mean5,minilm_fb_proxy_mean5,minilm_d_same_reply_hit1,minilm_fb_same_reply_hit1,minilm_d_same_reply_hit5,minilm_fb_same_reply_hit5,minilm_d_group_hit1,minilm_fb_group_hit1,minilm_d_group_hit5,minilm_fb_group_hit5,bge_d_proxy_top1,bge_fb_proxy_top1,bge_d_proxy_best5,bge_fb_proxy_best5,bge_d_proxy_mean5,bge_fb_proxy_mean5,bge_d_same_reply_hit1,bge_fb_same_reply_hit1,bge_d_same_reply_hit5,bge_fb_same_reply_hit5,bge_d_group_hit1,bge_fb_group_hit1,bge_d_group_hit5,bge_fb_group_hit5,primary_ci_lo,primary_ci_hi,primary_wilcoxon_p,pct_top1_changed,pct_improved,pct_worsened
dense_minilm,none,laplace|abs,dev,319,0.0,0.7987618449503164,0.0,0.8803832341324199,0.0,0.7672271104208355,0.0,0.3072100313479624,0.0,0.4482758620689655,0.0,0.05642633228840126,0.0,0.07523510971786834,0.0,0.888014921293737,0.0,0.9296819026754194,0.0,0.8741539641794367,0.0,0.3072100313479624,0.0,0.4482758620689655,0.0,0.05642633228840126,0.0,0.07523510971786834,0.0,0.0,,0.0,0.0,0.0
dense_minilm,M1_global,laplace|abs,dev,319,-0.05366657437248663,0.7450952705778299,-0.052031096713296296,0.8283521374191236,-0.055871307319701656,0.7113558031011338,-0.018808777429467086,0.2884012539184953,-0.0219435736677116,0.4263322884012539,-0.006269592476489028,0.050156739811912224,-0.006269592476489028,0.06896551724137931,-0.025117130488811243,0.8628977908049258,-0.02418421764732528,0.9054976850280941,-0.026561367025943385,0.8475925971534932,-0.018808777429467086,0.2884012539184953,-0.0219435736677116,0.4263322884012539,-0.006269592476489028,0.050156739811912224,-0.006269592476489028,0.06896551724137931,-0.07633423573048463,-0.031518383697843114,1.1639547888930225e-05,0.40752351097178685,0.11598746081504702,0.26959247648902823
dense_minilm,M1_global,laplace_eb_k2|abs,dev,319,-0.09259146766088973,0.7061703772894268,-0.07392142974657699,0.8064618043858429,-0.0822999773891555,0.68492713303168,-0.034482758620689655,0.2727272727272727,-0.03761755485893417,0.4106583072100313,-0.006269592476489028,0.050156739811912224,-0.006269592476489028,0.06896551724137931,-0.04150924563034201,0.846505675663395,-0.036492141249785226,0.8931897614256341,-0.03727935343326819,0.8368746107461683,-0.034482758620689655,0.2727272727272727,-0.03761755485893417,0.4106583072100313,-0.006269592476489028,0.050156739811912224,-0.006269592476489028,0.06896551724137931,-0.1210412568330975,-0.06564997029184222,5.5400759369439794e-09,0.6144200626959248,0.18495297805642633,0.4012539184952978
dense_minilm,M1_global,laplace_eb_k10|abs,dev,319,-0.08001643630638018,0.7187454086439363,-0.06420591496935459,0.8161773191630654,-0.07675474771184608,0.6904723627089894,-0.0219435736677116,0.2852664576802508,-0.03134796238244514,0.4169278996865204,-0.006269592476489028,0.050156739811912224,-0.006269592476489028,0.06896551724137931,-0.0362081068062857,0.8518068144874513,-0.03222442850423831,0.897457474171181,-0.034861805371729934,0.8392921588077067,-0.0219435736677116,0.2852664576802508,-0.03134796238244514,0.4169278996865204,-0.006269592476489028,0.050156739811912224,-0.006269592476489028,0.06896551724137931,-0.10730887126866552,-0.054301106784095686,7.294692599304248e-08,0.5799373040752351,0.1786833855799373,0.3667711598746082
dense_minilm,M1_global,laplace|std0.5,dev,319,-0.0002877238589020732,0.7984741210914144,-0.0004447200642110412,0.8799385140682089,0.0017788468950594464,0.7690059573158948,0.003134796238244514,0.3103448275862069,0.0,0.4482758620689655,-0.006269592476489028,0.050156739811912224,-0.003134796238244514,0.07210031347962383,-5.504741190369226e-05,0.8879598738818333,-0.0006217648243081981,0.9290601378511112,0.0007779135973102263,0.8749318777767469,0.003134796238244514,0.3103448275862069,0.0,0.4482758620689655,-0.006269592476489028,0.050156739811912224,-0.003134796238244514,0.07210031347962383,-0.0034908809678681593,0.0031680048960129647,0.33947890807294845,0.08463949843260188,0.03134796238244514,0.047021943573667714
dense_minilm,M1_global,laplace_eb_k2|std0.5,dev,319,0.003067998583413964,0.8018298435337304,-0.0015302903973570439,0.8788529437350628,0.0008905301273429662,0.7681176405481783,0.0,0.3072100313479624,0.006269592476489028,0.45454545454545453,-0.006269592476489028,0.050156739811912224,-0.003134796238244514,0.07210031347962383,0.0012270690505407447,0.8892419903442778,-0.001216414206453999,0.9284654884689654,8.617288266603674e-05,0.8742401370621027,0.0,0.3072100313479624,0.006269592476489028,0.45454545454545453,-0.006269592476489028,0.050156739811912224,-0.003134796238244514,0.07210031347962383,-0.0024637352897082,0.00915660688122238,0.5310138434457455,0.14733542319749215,0.08150470219435736,0.05956112852664577
dense_minilm,M1_global,laplace_eb_k10|std0.5,dev,319,0.002557042530711542,0.801318887481028,-0.0015126251875419976,0.8788706089448779,0.001041398648184296,0.7682685090690198,0.003134796238244514,0.3103448275862069,0.006269592476489028,0.45454545454545453,-0.006269592476489028,0.050156739811912224,-0.003134796238244514,0.07210031347962383,0.0011278323618969573,0.889142753655634,-0.0012736298073795522,0.9284082728680398,3.11516855951396e-05,0.8741851158650318,0.003134796238244514,0.3103448275862069,0.006269592476489028,0.45454545454545453,-0.006269592476489028,0.050156739811912224,-0.003134796238244514,0.07210031347962383,-0.002995881704514303,0.008632390152044053,0.6743927287460231,0.14420062695924765,0.07836990595611286,0.05956112852664577
dense_minilm,M1_global,laplace|std1,dev,319,0.00244797032828615,0.8012098152786026,-0.0010264691514281269,0.8793567649809918,0.0010877719820479982,0.7683148824028834,0.009404388714733543,0.3166144200626959,0.006269592476489028,0.45454545454545453,-0.003134796238244514,0.05329153605015674,-0.006269592476489028,0.06896551724137931,0.0013763056279723546,0.8893912269217094,-0.000884573100876285,0.9287973295745431,0.00047720934156340075,0.8746311735210003,0.009404388714733543,0.3166144200626959,0.006269592476489028,0.45454545454545453,-0.003134796238244514,0.05329153605015674,-0.006269592476489028,0.06896551724137931,-0.002382830514055808,0.007865109348371858,0.9643706868158897,0.11285266457680251,0.047021943573667714,0.05642633228840126
dense_minilm,M1_global,laplace_eb_k2|std1,dev,319,0.007812175549403253,0.8065740204997197,-0.008093245911373987,0.872289988221046,-0.000645706445258987,0.7665814039755765,0.0,0.3072100313479624,0.006269592476489028,0.45454545454545453,-0.006269592476489028,0.050156739811912224,-0.006269592476489028,0.06896551724137931,0.0036013746710032877,0.8916162959647402,-0.004744867172360794,0.9249370355030586,-0.000389833771696658,0.87376413040774,0.0,0.3072100313479624,0.006269592476489028,0.45454545454545453,-0.006269592476489028,0.050156739811912224,-0.006269592476489028,0.06896551724137931,-6.16541500188713e-05,0.016935111488563033,0.2786416696610894,0.21630094043887146,0.11598746081504702,0.08463949843260188
dense_minilm,M1_global,laplace_eb_k10|std1,dev,319,0.0066243790347000646,0.8053862239850166,-0.006599997558563854,0.873783236573856,-0.0003139960588332627,0.7669131143620022,0.0,0.3072100313479624,0.012539184952978056,0.4608150470219436,-0.006269592476489028,0.050156739811912224,-0.006269592476489028,0.06896551724137931,0.00306812199679288,0.8910830432905299,-0.0039037587500664883,0.925778143925353,-0.00021865255780354503,0.873935311621633,0.0,0.3072100313479624,0.012539184952978056,0.4608150470219436,-0.006269592476489028,0.050156739811912224,-0.006269592476489028,0.06896551724137931,-0.0011058484808451326,0.015432759412917581,0.3492843821223469,0.20689655172413793,0.11285266457680251,0.08150470219435736
dense_minilm,M1_global,laplace|std2,dev,319,-0.006975336134620595,0.7917865088156959,-0.0041944248175546294,0.8761888093148653,-0.010774155731858881,0.7564529546889766,0.009404388714733543,0.3166144200626959,-0.003134796238244514,0.445141065830721,-0.006269592476489028,0.050156739811912224,-0.006269592476489028,0.06896551724137931,-0.0032788140459867852,0.8847361072477502,-0.0019218622703910996,0.9277600404050282,-0.0052543397794322915,0.8688996244000042,0.009404388714733543,0.3166144200626959,-0.003134796238244514,0.445141065830721,-0.006269592476489028,0.050156739811912224,-0.006269592476489028,0.06896551724137931,-0.018652052932118177,0.004111796916465399,0.4738881202703862,0.19435736677115986,0.08463949843260188,0.09717868338557993
dense_minilm,M1_global,laplace_eb_k2|std2,dev,319,-0.021349967074898717,0.7774118778754178,-0.020203864826677735,0.8601793693057422,-0.02505944383602157,0.7421676665848139,-0.009404388714733543,0.29780564263322884,-0.003134796238244514,0.445141065830721,-0.006269592476489028,0.050156739811912224,-0.003134796238244514,0.07210031347962383,-0.008806003391929555,0.8792089179018074,-0.010847236108630429,0.9188346665667889,-0.01062267211537376,0.8635312920640629,-0.009404388714733543,0.29780564263322884,-0.003134796238244514,0.445141065830721,-0.006269592476489028,0.050156739811912224,-0.003134796238244514,0.07210031347962383,-0.03958746500657784,-0.004545911024310012,0.03536082518261714,0.4043887147335423,0.16614420062695925,0.21316614420062696
dense_minilm,M1_global,laplace_eb_k10|std2,dev,319,-0.015467110834431872,0.7832947341158846,-0.01261168433394178,0.8677715497984781,-0.020080882897104215,0.7471462275237313,-0.006269592476489028,0.30094043887147337,-0.003134796238244514,0.445141065830721,-0.006269592476489028,0.050156739811912224,-0.003134796238244514,0.07210031347962383,-0.007088318887549135,0.8809266024061879,-0.006846731919853665,0.9228351707555658,-0.008537463073072762,0.8656165011063638,-0.006269592476489028,0.30094043887147337,-0.003134796238244514,0.445141065830721,-0.006269592476489028,0.050156739811912224,-0.003134796238244514,0.07210031347962383,-0.03306318301660794,0.00038694728422781235,0.16776449587061015,0.3793103448275862,0.16927899686520376,0.18495297805642633
dense_minilm,M2_team,laplace|abs,dev,319,-0.07404151069566747,0.724720334254649,-0.05604283100572126,0.8243404031266987,-0.06608423232027916,0.7011428781005562,-0.018808777429467086,0.2884012539184953,-0.006269592476489028,0.44200626959247646,-0.003134796238244514,0.05329153605015674,0.003134796238244514,0.07836990595611286,-0.036732746609326065,0.8512821746844109,-0.028063719549149182,0.9016181831262702,-0.03463171417810326,0.8395222500013333,-0.018808777429467086,0.2884012539184953,-0.006269592476489028,0.44200626959247646,-0.003134796238244514,0.05329153605015674,0.003134796238244514,0.07836990595611286,-0.09960512412203984,-0.05007028330853181,3.396249903778399e-08,0.5924764890282131,0.1724137931034483,0.39184952978056425
dense_minilm,M2_team,laplace_eb_k2|abs,dev,319,-0.07446185355789983,0.7242999913924166,-0.05207819423892281,0.8283050398934971,-0.06265444976268891,0.7045726606581465,-0.02821316614420063,0.27899686520376177,-0.012539184952978056,0.43573667711598746,-0.003134796238244514,0.05329153605015674,0.006269592476489028,0.08150470219435736,-0.03666650604304849,0.8513484152506885,-0.0274495100339752,0.9022323926414442,-0.03223552051756449,0.8419184436618723,-0.02821316614420063,0.27899686520376177,-0.012539184952978056,0.43573667711598746,-0.003134796238244514,0.05329153605015674,0.006269592476489028,0.08150470219435736,-0.10100201677507648,-0.04914554647289711,2.7901645737853254e-07,0.5517241379310345,0.1724137931034483,0.3573667711598746
dense_minilm,M2_team,laplace_eb_k10|abs,dev,319,-0.05797873133775956,0.7407831136125569,-0.05157936600308433,0.8288038681293356,-0.049461591439934734,0.7177655189809007,-0.025078369905956112,0.28213166144200624,-0.01567398119122257,0.43260188087774293,-0.003134796238244514,0.05329153605015674,0.009404388714733543,0.08463949843260188,-0.027601097818452363,0.8604138234752846,-0.026784865460052012,0.9028970372153674,-0.02560750354420055,0.8485464606352362,-0.025078369905956112,0.28213166144200624,-0.01567398119122257,0.43260188087774293,-0.003134796238244514,0.05329153605015674,0.009404388714733543,0.08463949843260188,-0.08187278853525003,-0.034673286789917296,4.0308700622487226e-05,0.5235109717868338,0.19435736677115986,0.3103448275862069
dense_minilm,M2_team,laplace|std0.5,dev,319,0.003946491917098951,0.8027083368674154,-0.0016332477985130955,0.8787499863339069,0.004901128017042872,0.7721282384378784,0.006269592476489028,0.31347962382445144,0.012539184952978056,0.4608150470219436,-0.006269592476489028,0.050156739811912224,0.006269592476489028,0.08150470219435736,0.0027117934720269567,0.8907267147657639,-0.0005294217211325714,0.9291524809542868,0.0020265301006341047,0.8761804942800707,0.006269592476489028,0.31347962382445144,0.012539184952978056,0.4608150470219436,-0.006269592476489028,0.050156739811912224,0.006269592476489028,0.08150470219435736,-0.000588504302090612,0.009457972720498944,0.45422609821142323,0.16300940438871472,0.07210031347962383,0.07210031347962383
dense_minilm,M2_team,laplace_eb_k2|std0.5,dev,319,0.008270900054224607,0.807032745004541,5.940154054695536e-05,0.8804426356729669,0.007177194602624002,0.7744043050234594,0.003134796238244514,0.3103448275862069,0.012539184952978056,0.4608150470219436,-0.006269592476489028,0.050156739811912224,0.006269592476489028,0.08150470219435736,0.0055655835190536835,0.8935805048127907,-0.00023152424623973692,0.9294503784291797,0.0029960854486985626,0.8771500496281354,0.003134796238244514,0.3103448275862069,0.012539184952978056,0.4608150470219436,-0.006269592476489028,0.050156739811912224,0.006269592476489028,0.08150470219435736,0.001899611218876226,0.015755169067333298,0.11658937084041285,0.16927899686520376,0.0877742946708464,0.06269592476489028
dense_minilm,M2_team,laplace_eb_k10|std0.5,dev,319,0.008365802607005667,0.8071276475573221,0.0003996564303072269,0.8807828905627272,0.006170026677716115,0.7733971370985515,0.006269592476489028,0.31347962382445144,0.018808777429467086,0.4670846394984326,0.0,0.05642633228840126,0.006269592476489028,0.08150470219435736,0.0056051626848202885,0.8936200839785573,1.2552289753498328e-05,0.9296944549651729,0.002645591116250494,0.8767995552956871,0.006269592476489028,0.31347962382445144,0.018808777429467086,0.4670846394984326,0.0,0.05642633228840126,0.006269592476489028,0.08150470219435736,0.002095398082628519,0.015839811589650577,0.1097063560585754,0.14106583072100312,0.07210031347962383,0.05329153605015674
dense_minilm,M2_team,laplace|std1,dev,319,0.005632154409975094,0.8043939993602915,-0.0018318569211750568,0.8785513772112449,0.004349370548343957,0.7715764809691794,-0.003134796238244514,0.30407523510971785,0.018808777429467086,0.4670846394984326,-0.003134796238244514,0.05329153605015674,0.003134796238244514,0.07836990595611286,0.003870231978198204,0.8918851532719352,-0.0008614354746468762,0.9288204672007725,0.0016413940905029862,0.8757953582699395,-0.003134796238244514,0.30407523510971785,0.018808777429467086,0.4670846394984326,-0.003134796238244514,0.05329153605015674,0.003134796238244514,0.07836990595611286,-0.0020632142650670016,0.01416402748993198,0.7958302343726062,0.25705329153605017,0.11285266457680251,0.12225705329153605
dense_minilm,M2_team,laplace_eb_k2|std1,dev,319,0.005397051642867839,0.8041588965931843,0.00018967347085289073,0.8805729076032728,0.007940661547512844,0.7751677719683483,-0.006269592476489028,0.30094043887147337,0.0219435736677116,0.4702194357366771,-0.003134796238244514,0.05329153605015674,0.006269592476489028,0.08150470219435736,0.00369747949991854,0.8917124007936555,2.184257985656164e-06,0.9296840869334051,0.00329739206636961,0.8774513562458062,-0.006269592476489028,0.30094043887147337,0.0219435736677116,0.4702194357366771,-0.003134796238244514,0.05329153605015674,0.006269592476489028,0.08150470219435736,-0.0032550244992102574,0.014837414272666723,0.9463384313212168,0.2601880877742947,0.109717868338558,0.12852664576802508
dense_minilm,M2_team,laplace_eb_k10|std1,dev,319,0.00945300627558209,0.8082148512258985,0.0002709430026410142,0.880654177135061,0.010909768453212365,0.7781368788740479,-0.003134796238244514,0.30407523510971785,0.0219435736677116,0.4702194357366771,-0.003134796238244514,0.05329153605015674,0.006269592476489028,0.08150470219435736,0.005249169366113071,0.89326409065985,1.3796700205548804e-05,0.9296956993756249,0.005035375465046276,0.8791893396444829,-0.003134796238244514,0.30407523510971785,0.0219435736677116,0.4702194357366771,-0.003134796238244514,0.05329153605015674,0.006269592476489028,0.08150470219435736,0.0019344679818585,0.01802460973072201,0.3395685201402091,0.22884012539184953,0.10658307210031348,0.10031347962382445
dense_minilm,M2_team,laplace|std2,dev,319,-0.02369714551678272,0.7750646994335337,-0.015289410808617045,0.8650938233238029,-0.022953488285358425,0.744273622135477,0.0,0.3072100313479624,0.006269592476489028,0.45454545454545453,0.0,0.05642633228840126,0.0,0.07523510971786834,-0.01084878928609029,0.8771661320076467,-0.008065185763619163,0.9216167169118002,-0.011577577258352201,0.8625763869210843,0.0,0.3072100313479624,0.006269592476489028,0.45454545454545453,0.0,0.05642633228840126,0.0,0.07523510971786834,-0.04163405865512578,-0.005642665321223426,0.060658466950387825,0.3887147335423197,0.1536050156739812,0.20376175548589343
dense_minilm,M2_team,laplace_eb_k2|std2,dev,319,-0.015344191027285537,0.783417653923031,-0.008368851202408722,0.8720143829300112,-0.010125547937091245,0.7571015624837442,-0.009404388714733543,0.29780564263322884,0.0,0.4482758620689655,0.0,0.05642633228840126,0.0,0.07523510971786834,-0.006135139439173253,0.8818797818545637,-0.005207178641262473,0.9244747240341569,-0.00529494676096686,0.8688590174184697,-0.009404388714733543,0.29780564263322884,0.0,0.4482758620689655,0.0,0.05642633228840126,0.0,0.07523510971786834,-0.03491107430075496,0.003867822542179336,0.2268946209501359,0.38557993730407525,0.15673981191222572,0.20376175548589343
dense_minilm,M2_team,laplace_eb_k10|std2,dev,319,-0.009314946363151635,0.7894468985871649,0.0008143666769643563,0.8811976008093843,-0.0016686146675979848,0.7655584957532375,0.006269592476489028,0.31347962382445144,0.01567398119122257,0.46394984326018807,0.0,0.05642633228840126,0.006269592476489028,0.08150470219435736,-0.003450012505988716,0.8845649087877483,-0.0010559943776145624,0.9286259082978048,-0.0013797733103593707,0.8727741908690774,0.006269592476489028,0.31347962382445144,0.01567398119122257,0.46394984326018807,0.0,0.05642633228840126,0.006269592476489028,0.08150470219435736,-0.023777324999434447,0.005469741747016805,0.22071440788784424,0.3448275862068966,0.13793103448275862,0.1786833855799373
dense_minilm,M3_class,laplace|abs,dev,319,-0.0630042267420262,0.7357576182082902,-0.08153732630152688,0.798845907830893,-0.06196031501884557,0.7052667954019899,0.03761755485893417,0.3448275862068966,0.006269592476489028,0.45454545454545453,0.0,0.05642633228840126,0.003134796238244514,0.07836990595611286,-0.031298807795892315,0.8567161134978447,-0.04374868350342897,0.8859332191719904,-0.03328155288501967,0.8408724112944169,0.03761755485893417,0.3448275862068966,0.006269592476489028,0.45454545454545453,0.0,0.05642633228840126,0.003134796238244514,0.07836990595611286,-0.0891318664550314,-0.03762029064410491,6.061748537465669e-06,0.5203761755485894,0.16614420062695925,0.32601880877742945
dense_minilm,M3_class,laplace_eb_k2|abs,dev,319,-0.05776703272446943,0.7409948122258471,-0.07472855885013892,0.8056546752822811,-0.053957537971553754,0.7132695724492817,0.03761755485893417,0.3448275862068966,0.018808777429467086,0.4670846394984326,0.0,0.05642633228840126,0.006269592476489028,0.08150470219435736,-0.029464580328860627,0.8585503409648764,-0.03860536656783292,0.8910765361075864,-0.02910954382352321,0.8450444203559134,0.03761755485893417,0.3448275862068966,0.018808777429467086,0.4670846394984326,0.0,0.05642633228840126,0.006269592476489028,0.08150470219435736,-0.08573074692533261,-0.031634284353006324,0.0004955041022275121,0.47648902821316613,0.18808777429467086,0.2852664576802508
dense_minilm,M3_class,laplace_eb_k10|abs,dev,319,-0.060358638451858,0.7384032064984585,-0.0784109656153054,0.8019722685171146,-0.05448298782086858,0.7127441225999669,0.03761755485893417,0.3448275862068966,0.0219435736677116,0.4702194357366771,0.0,0.05642633228840126,0.003134796238244514,0.07836990595611286,-0.031228648364357067,0.8567862729293799,-0.04178279881193346,0.8878991038634859,-0.03009363300748006,0.8440603311719566,0.03761755485893417,0.3448275862068966,0.0219435736677116,0.4702194357366771,0.0,0.05642633228840126,0.003134796238244514,0.07836990595611286,-0.08684199041859203,-0.03459827473363767,6.118136717148394e-05,0.45141065830721006,0.16927899686520376,0.27899686520376177
dense_minilm,M3_class,laplace|std0.5,dev,319,0.0020602840614916762,0.8008221290118082,0.0010895019975201837,0.8814727361299401,0.0037971164318835087,0.7710242268527189,0.012539184952978056,0.31974921630094044,0.003134796238244514,0.45141065830721006,-0.003134796238244514,0.05329153605015674,0.003134796238244514,0.07836990595611286,0.0016075053185131108,0.8896224266122501,-0.0008585056914804871,0.9288233969839389,0.0015364445489028404,0.8756904087283395,0.012539184952978056,0.31974921630094044,0.003134796238244514,0.45141065830721006,-0.003134796238244514,0.05329153605015674,0.003134796238244514,0.07836990595611286,-0.005475937981497158,0.00922583940681245,0.6725700985032426,0.14106583072100312,0.06896551724137931,0.06583072100313479
dense_minilm,M3_class,laplace_eb_k2|std0.5,dev,319,0.006715730883671572,0.805477575833988,0.0012109465546742502,0.8815941806870942,0.0074595538519766635,0.7746866642728121,0.009404388714733543,0.3166144200626959,0.012539184952978056,0.4608150470219436,-0.003134796238244514,0.05329153605015674,0.006269592476489028,0.08150470219435736,0.0037392963623178416,0.8917542176560549,0.0002967463018004797,0.9299786489772198,0.003347545637979776,0.8775015098174164,0.009404388714733543,0.3166144200626959,0.012539184952978056,0.4608150470219436,-0.003134796238244514,0.05329153605015674,0.006269592476489028,0.08150470219435736,-0.0016431440497079988,0.015450319087243746,0.0808543667009045,0.1536050156739812,0.09090909090909091,0.06269592476489028
dense_minilm,M3_class,laplace_eb_k10|std0.5,dev,319,0.006111922379010897,0.8048737673293274,0.0010180526579435343,0.8814012867903634,0.005562131391797321,0.7727892418126328,0.012539184952978056,0.31974921630094044,0.006269592476489028,0.45454545454545453,-0.003134796238244514,0.05329153605015674,0.0,0.07523510971786834,0.00302357966997033,0.8910385009637073,-0.0008123055520849916,0.9288695971233344,0.0024062401822368177,0.8765602043616735,0.012539184952978056,0.31974921630094044,0.006269592476489028,0.45454545454545453,-0.003134796238244514,0.05329153605015674,0.0,0.07523510971786834,-0.0018808987143458242,0.01481750815826523,0.24440883223348198,0.14733542319749215,0.08150470219435736,0.06583072100313479
dense_minilm,M3_class,laplace|std1,dev,319,-0.008423057282606262,0.7903387876677102,0.00036594589302158654,0.8807491800254416,-0.004778978413081845,0.7624481320077535,0.018808777429467086,0.32601880877742945,0.01567398119122257,0.46394984326018807,0.0,0.05642633228840126,0.0,0.07523510971786834,-0.00268122376319383,0.8853336975305431,-0.0014352910570963797,0.928246611618323,-0.0025508401535895174,0.8716031240258472,0.018808777429467086,0.32601880877742945,0.01567398119122257,0.46394984326018807,0.0,0.05642633228840126,0.0,0.07523510971786834,-0.022924856701427864,0.004653312716644758,0.23378472770756664,0.25705329153605017,0.10658307210031348,0.13479623824451412
dense_minilm,M3_class,laplace_eb_k2|std1,dev,319,0.0018636556955340514,0.8006255006458505,0.0037948565796998603,0.8841780907121198,0.009336412966625069,0.7765635233874605,0.012539184952978056,0.31974921630094044,0.025078369905956112,0.47335423197492166,0.0,0.05642633228840126,0.003134796238244514,0.07836990595611286,0.0014933014177603407,0.8895082227114973,0.0016575076363303444,0.9313394103117497,0.004091348431327126,0.8782453126107638,0.012539184952978056,0.31974921630094044,0.025078369905956112,0.47335423197492166,0.0,0.05642633228840126,0.003134796238244514,0.07836990595611286,-0.009388021164249664,0.01291190010661895,0.6134127768546334,0.2445141065830721,0.12539184952978055,0.11598746081504702
dense_minilm,M3_class,laplace_eb_k10|std1,dev,319,0.0018884630926350441,0.8006503080429516,0.0012764435576794663,0.8816596776900995,0.004381705213303101,0.7716088156341385,0.012539184952978056,0.31974921630094044,0.01567398119122257,0.46394984326018807,0.0,0.05642633228840126,0.0,0.07523510971786834,0.0008273945893613522,0.8888423158830984,-0.0007311972704800693,0.9289507054049393,0.0015250702636742672,0.8756790344431109,0.012539184952978056,0.31974921630094044,0.01567398119122257,0.46394984326018807,0.0,0.05642633228840126,0.0,0.07523510971786834,-0.008571558852671269,0.012163855123178897,0.5823564384882778,0.22884012539184953,0.11912225705329153,0.10658307210031348
dense_minilm,M3_class,laplace|std2,dev,319,-0.03334436596000456,0.7654174789903119,-0.02363352482221717,0.8567497093102028,-0.026873621374929216,0.7403534890459063,0.018808777429467086,0.32601880877742945,0.006269592476489028,0.45454545454545453,0.0,0.05642633228840126,0.0,0.07523510971786834,-0.014550710920256133,0.8734642103734809,-0.012914818469259806,0.9167670842061596,-0.01337750647508986,0.8607764577043467,0.018808777429467086,0.32601880877742945,0.006269592476489028,0.45454545454545453,0.0,0.05642633228840126,0.0,0.07523510971786834,-0.05405195551606181,-0.013821500254835832,0.0015790499761433304,0.3667711598746082,0.12852664576802508,0.21630094043887146
dense_minilm,M3_class,laplace_eb_k2|std2,dev,319,-0.018202028549670426,0.7805598164006461,-0.009998732226021986,0.8703845019063979,-0.011594857083966367,0.755632253336869,0.01567398119122257,0.322884012539185,0.01567398119122257,0.46394984326018807,0.0,0.05642633228840126,0.003134796238244514,0.07836990595611286,-0.006899940089372258,0.8811149812043647,-0.004842111870039219,0.9248397908053801,-0.0059997071479928905,0.8681542570314436,0.01567398119122257,0.322884012539185,0.01567398119122257,0.46394984326018807,0.0,0.05642633228840126,0.003134796238244514,0.07836990595611286,-0.03773123368439863,0.0008460395800119084,0.09765743990389303,0.335423197492163,0.14420062695924765,0.18808777429467086
dense_minilm,M3_class,laplace_eb_k10|std2,dev,319,-0.02139698980276861,0.7773648551475478,-0.008621553642249032,0.8717616804901709,-0.011681727962247259,0.7555453824585882,0.01567398119122257,0.322884012539185,0.012539184952978056,0.4608150470219436,0.0,0.05642633228840126,-0.003134796238244514,0.07210031347962383,-0.009527178673908628,0.8784877426198283,-0.005018951377151155,0.9246629512982683,-0.005855582089259707,0.868298382090177,0.01567398119122257,0.322884012539185,0.012539184952978056,0.4608150470219436,0.0,0.05642633228840126,-0.003134796238244514,0.07210031347962383,-0.03958142892892551,-0.003733728640365395,0.04990334459796064,0.329153605015674,0.13479623824451412,0.18808777429467086
dense_minilm,M4_intersection,laplace|abs,dev,319,-0.05999795607872144,0.738763888871595,-0.06564575200170558,0.8147374821307144,-0.05801009137685584,0.7092170190439796,0.034482758620689655,0.34169278996865204,0.009404388714733543,0.45768025078369906,0.003134796238244514,0.05956112852664577,0.006269592476489028,0.08150470219435736,-0.030619404158995816,0.8573955171347412,-0.03159453876339904,0.8980873639120204,-0.03040533114376487,0.8437486330356718,0.034482758620689655,0.34169278996865204,0.009404388714733543,0.45768025078369906,0.003134796238244514,0.05956112852664577,0.006269592476489028,0.08150470219435736,-0.08633659437742539,-0.033574252341491535,0.00020584124428910127,0.5642633228840125,0.2006269592476489,0.329153605015674
dense_minilm,M4_intersection,laplace_eb_k2|abs,dev,319,-0.046297758829350756,0.7524640861209657,-0.058181003623621594,0.8222022305087984,-0.04433452639740463,0.7228925840234309,0.04075235109717868,0.34796238244514105,0.025078369905956112,0.47335423197492166,0.003134796238244514,0.05956112852664577,0.006269592476489028,0.08150470219435736,-0.023364128737614072,0.8646507925561229,-0.028673480483805497,0.9010084221916139,-0.02362189502177941,0.8505320691576572,0.04075235109717868,0.34796238244514105,0.025078369905956112,0.47335423197492166,0.003134796238244514,0.05956112852664577,0.006269592476489028,0.08150470219435736,-0.07264607300176096,-0.020912997040979372,0.006864024113539585,0.45454545454545453,0.18808777429467086,0.25705329153605017
dense_minilm,M4_intersection,laplace_eb_k10|abs,dev,319,-0.031142599004843393,0.767619245945473,-0.0431294838276029,0.8372537503048171,-0.03532305574949633,0.7319040546713391,0.034482758620689655,0.34169278996865204,0.018808777429467086,0.4670846394984326,0.0,0.05642633228840126,0.006269592476489028,0.08150470219435736,-0.01605339147454145,0.8719615298191955,-0.022007850457134666,0.9076740522182847,-0.01871850279431358,0.855435461385123,0.034482758620689655,0.34169278996865204,0.018808777429467086,0.4670846394984326,0.0,0.05642633228840126,0.006269592476489028,0.08150470219435736,-0.053322501023676604,-0.008454471000624974,0.08816620573411085,0.38557993730407525,0.16927899686520376,0.19122257053291536
dense_minilm,M4_intersection,laplace|std0.5,dev,319,0.004611286763860888,0.8033731317141773,-0.0004653753158067087,0.8799178588166132,0.006068025314508933,0.7732951357353444,0.009404388714733543,0.3166144200626959,0.018808777429467086,0.4670846394984326,-0.003134796238244514,0.05329153605015674,0.006269592476489028,0.08150470219435736,0.0034213759308698408,0.8914362972246068,-0.00018793195018947684,0.9294939707252299,0.0027441664549250587,0.8768981306343617,0.009404388714733543,0.3166144200626959,0.018808777429467086,0.4670846394984326,-0.003134796238244514,0.05329153605015674,0.006269592476489028,0.08150470219435736,-0.0032138097062006264,0.012480795601832453,0.4774914701895919,0.18495297805642633,0.0877742946708464,0.08150470219435736
dense_minilm,M4_intersection,laplace_eb_k2|std0.5,dev,319,0.00501825616090649,0.803780101111223,-0.00027687366479616556,0.8801063604676238,0.007688832479210857,0.7749159429000464,0.009404388714733543,0.3166144200626959,0.01567398119122257,0.46394984326018807,-0.003134796238244514,0.05329153605015674,0.006269592476489028,0.08150470219435736,0.0039803742615033095,0.8919952955552403,-0.00018964478962100038,0.9294922578857984,0.003250900985305212,0.8774048651647417,0.009404388714733543,0.3166144200626959,0.01567398119122257,0.46394984326018807,-0.003134796238244514,0.05329153605015674,0.006269592476489028,0.08150470219435736,-0.002660803367211527,0.01286094537279262,0.3616451100155419,0.16300940438871472,0.08463949843260188,0.07210031347962383
dense_minilm,M4_intersection,laplace_eb_k10|std0.5,dev,319,0.006896113153535371,0.8056579581038519,0.0018956808834614052,0.8822789150158813,0.007799177133364363,0.7750262875541998,0.009404388714733543,0.3166144200626959,0.01567398119122257,0.46394984326018807,0.0,0.05642633228840126,0.006269592476489028,0.08150470219435736,0.004482660547692948,0.8924975818414299,0.0007600847830219328,0.9304419874584413,0.0034587026576637105,0.8776126668371004,0.009404388714733543,0.3166144200626959,0.01567398119122257,0.46394984326018807,0.0,0.05642633228840126,0.006269592476489028,0.08150470219435736,0.001614353151810954,0.01329158086995345,0.47990398439711157,0.14733542319749215,0.06896551724137931,0.06269592476489028
dense_minilm,M4_intersection,laplace|std1,dev,319,-0.000623290161354041,0.7981385547889625,-0.00013273571352226233,0.8802504984188977,0.005406398333165337,0.7726335087540007,0.01567398119122257,0.322884012539185,0.02821316614420063,0.47648902821316613,0.0,0.05642633228840126,0.006269592476489028,0.08150470219435736,0.001405485931982441,0.8894204072257195,-4.8205022901576885e-05,0.9296336976525178,0.0022946318302034968,0.8764485960096402,0.01567398119122257,0.322884012539185,0.02821316614420063,0.47648902821316613,0.0,0.05642633228840126,0.006269592476489028,0.08150470219435736,-0.012216526245388866,0.009980723669396296,0.8141947062629618,0.26959247648902823,0.11912225705329153,0.13166144200626959
dense_minilm,M4_intersection,laplace_eb_k2|std1,dev,319,0.008150863107936135,0.8069127080582527,0.0020686607562636133,0.8824518948886836,0.009810755983415442,0.7770378664042509,0.01567398119122257,0.322884012539185,0.0219435736677116,0.4702194357366771,0.0,0.05642633228840126,0.006269592476489028,0.08150470219435736,0.0054168037859997405,0.8934317250797368,0.0005450732655659738,0.9302269759409854,0.004451628874835551,0.8786055930542722,0.01567398119122257,0.322884012539185,0.0219435736677116,0.4702194357366771,0.0,0.05642633228840126,0.006269592476489028,0.08150470219435736,-0.0009288484251074096,0.017337952972299252,0.3944957880941765,0.22570532915360503,0.11285266457680251,0.10658307210031348
dense_minilm,M4_intersection,laplace_eb_k10|std1,dev,319,0.011201270134845124,0.8099631150851616,0.001492918285082874,0.8818761524175028,0.009898387605680566,0.777125498026516,0.012539184952978056,0.31974921630094044,0.0219435736677116,0.4702194357366771,0.0,0.05642633228840126,0.006269592476489028,0.08150470219435736,0.006237339637122558,0.8942522609308595,0.00038279859249868364,0.9300647012679181,0.0042582362423122504,0.878412200421749,0.012539184952978056,0.31974921630094044,0.0219435736677116,0.4702194357366771,0.0,0.05642633228840126,0.006269592476489028,0.08150470219435736,0.004484744977241026,0.0191649739715186,0.07311654378063953,0.20689655172413793,0.10344827586206896,0.0877742946708464
dense_minilm,M4_intersection,laplace|std2,dev,319,-0.026747590987753346,0.7720142539625631,-0.012569550249643834,0.8678136838827761,-0.018637253453832436,0.748589856967003,0.025078369905956112,0.3322884012539185,0.012539184952978056,0.4608150470219436,0.003134796238244514,0.05956112852664577,0.003134796238244514,0.07836990595611286,-0.012506256282890104,0.8755086650108469,-0.0054055605562503065,0.9242763421191691,-0.009199806421901739,0.8649541577575348,0.025078369905956112,0.3322884012539185,0.012539184952978056,0.4608150470219436,0.003134796238244514,0.05956112852664577,0.003134796238244514,0.07836990595611286,-0.04552558671834887,-0.008664249838986763,0.026555547850657696,0.36990595611285265,0.14420062695924765,0.20689655172413793
dense_minilm,M4_intersection,laplace_eb_k2|std2,dev,319,-0.010425486359570094,0.7883363585907464,-0.000779735257259357,0.8796034988751605,-0.0028519041135580212,0.7643752063072774,0.02821316614420063,0.335423197492163,0.0219435736677116,0.4702194357366771,0.003134796238244514,0.05956112852664577,0.003134796238244514,0.07836990595611286,-0.0036006470832705122,0.8844142742104665,-0.0008218486480952057,0.9288600540273242,-0.0017733608106834382,0.8723806033687531,0.02821316614420063,0.335423197492163,0.0219435736677116,0.4702194357366771,0.003134796238244514,0.05956112852664577,0.003134796238244514,0.07836990595611286,-0.0276784073803749,0.006767155091368755,0.5881394134839553,0.3103448275862069,0.14420062695924765,0.15987460815047022
dense_minilm,M4_intersection,laplace_eb_k10|std2,dev,319,-0.002609891530862049,0.7961519534194544,0.004972374925045384,0.8853556090574654,0.0008857531327065229,0.768112863553542,0.025078369905956112,0.3322884012539185,0.02821316614420063,0.47648902821316613,0.003134796238244514,0.05956112852664577,0.003134796238244514,0.07836990595611286,-0.0005359698238791344,0.8874789514698579,0.001656148874647565,0.931338051550067,7.488686462928516e-05,0.8742288510440659,0.025078369905956112,0.3322884012539185,0.02821316614420063,0.47648902821316613,0.003134796238244514,0.05956112852664577,0.003134796238244514,0.07836990595611286,-0.017049933273964167,0.010826304347070383,0.8297934973908325,0.27586206896551724,0.11598746081504702,0.14106583072100312
dense_minilm,M5_backoff,laplace|abs,dev,319,-0.05619927340400256,0.7425625715463139,-0.062158737717003656,0.8182244964154163,-0.05052506336737952,0.716702047053456,0.03134796238244514,0.3385579937304075,0.003134796238244514,0.45141065830721006,-0.003134796238244514,0.05329153605015674,0.006269592476489028,0.08150470219435736,-0.029353681309469814,0.8586612399842671,-0.0313976056710306,0.8982842970043888,-0.026179119972599717,0.8479748442068369,0.03134796238244514,0.3385579937304075,0.003134796238244514,0.45141065830721006,-0.003134796238244514,0.05329153605015674,0.006269592476489028,0.08150470219435736,-0.08261334949164274,-0.030163335874618318,0.0009034145540018983,0.5579937304075235,0.20689655172413793,0.3166144200626959
dense_minilm,M5_backoff,laplace_eb_k2|abs,dev,319,-0.05555320728488477,0.7432086376654317,-0.05933491040172995,0.82104832373069,-0.04666575696027392,0.7205613534605615,0.025078369905956112,0.3322884012539185,0.012539184952978056,0.4608150470219436,0.0,0.05642633228840126,0.006269592476489028,0.08150470219435736,-0.02693233314352723,0.8610825881502098,-0.030211781166190263,0.8994701215092291,-0.024853536458598408,0.8493004277208381,0.025078369905956112,0.3322884012539185,0.012539184952978056,0.4608150470219436,0.0,0.05642633228840126,0.006269592476489028,0.08150470219435736,-0.08207312143323096,-0.030201571878501244,0.0004644298015130758,0.48589341692789967,0.19122257053291536,0.2852664576802508
dense_minilm,M5_backoff,laplace_eb_k10|abs,dev,319,-0.04238861767709442,0.7563732272732221,-0.041608665897554735,0.8387745682348652,-0.036955555089308555,0.7302715553315269,0.01567398119122257,0.322884012539185,0.01567398119122257,0.46394984326018807,-0.003134796238244514,0.05329153605015674,0.006269592476489028,0.08150470219435736,-0.020026038152670785,0.8679888831410663,-0.020747317602641903,0.9089345850727775,-0.018676636192865883,0.8554773279865706,0.01567398119122257,0.322884012539185,0.01567398119122257,0.46394984326018807,-0.003134796238244514,0.05329153605015674,0.006269592476489028,0.08150470219435736,-0.06601426326188034,-0.019159875503306226,0.005550323420616792,0.438871473354232,0.1755485893416928,0.23824451410658307
dense_minilm,M5_backoff,laplace|std0.5,dev,319,0.004567887295376171,0.8033297322456926,0.0011494818339153516,0.8815327159663353,0.007311473441161332,0.7745385838619967,0.009404388714733543,0.3166144200626959,0.0219435736677116,0.4702194357366771,-0.003134796238244514,0.05329153605015674,0.006269592476489028,0.08150470219435736,0.003662424027732921,0.8916773453214699,0.0005562324135281075,0.9302381350889475,0.0035329538826658438,0.8776869180621024,0.009404388714733543,0.3166144200626959,0.0219435736677116,0.4702194357366771,-0.003134796238244514,0.05329153605015674,0.006269592476489028,0.08150470219435736,-0.0032941574318375334,0.012734627820621448,0.4882326480721427,0.18495297805642633,0.0877742946708464,0.08150470219435736
dense_minilm,M5_backoff,laplace_eb_k2|std0.5,dev,319,0.0035902155697532584,0.8023520605200697,0.0009294986538005099,0.8813127327862205,0.008450501391132797,0.7756776118119683,0.003134796238244514,0.3103448275862069,0.018808777429467086,0.4670846394984326,-0.003134796238244514,0.05329153605015674,0.006269592476489028,0.08150470219435736,0.0029439671099372794,0.8909588884036743,0.0007294892891073675,0.9304113919645267,0.0035955473173374664,0.8777495114967739,0.003134796238244514,0.3103448275862069,0.018808777429467086,0.4670846394984326,-0.003134796238244514,0.05329153605015674,0.006269592476489028,0.08150470219435736,-0.0048703401159717,0.011796715790201502,0.5297477553494707,0.1786833855799373,0.09090909090909091,0.08150470219435736
dense_minilm,M5_backoff,laplace_eb_k10|std0.5,dev,319,0.006692485913027043,0.8054543308633435,0.0014373046290538155,0.8818205387614737,0.0076109437639810444,0.7748380541848164,0.006269592476489028,0.31347962382445144,0.01567398119122257,0.46394984326018807,0.0,0.05642633228840126,0.006269592476489028,0.08150470219435736,0.003955585922940772,0.8919705072166778,0.0008367810129745627,0.930518683688394,0.003505658094412106,0.8776596222738485,0.006269592476489028,0.31347962382445144,0.01567398119122257,0.46394984326018807,0.0,0.05642633228840126,0.006269592476489028,0.08150470219435736,0.0010844730074315984,0.013563021609331934,0.4765380061620308,0.1536050156739812,0.07210031347962383,0.06583072100313479
dense_minilm,M5_backoff,laplace|std1,dev,319,-0.0004510908945227118,0.7983107540557938,0.0023304981684610015,0.8827137323008809,0.008065339577235396,0.7752924499980708,0.012539184952978056,0.31974921630094044,0.02821316614420063,0.47648902821316613,-0.003134796238244514,0.05329153605015674,0.006269592476489028,0.08150470219435736,0.001870293602300662,0.8898852148960377,0.0007139922683141822,0.9303958949437335,0.0037782333861324114,0.8779321975655692,0.012539184952978056,0.31974921630094044,0.02821316614420063,0.47648902821316613,-0.003134796238244514,0.05329153605015674,0.006269592476489028,0.08150470219435736,-0.011998037955370442,0.010268333806513243,0.6521639124174337,0.26332288401253917,0.11285266457680251,0.13166144200626959
dense_minilm,M5_backoff,laplace_eb_k2|std1,dev,319,0.005570630399878122,0.8043324753501946,0.0025632558010962314,0.8829464899335162,0.011394058994738656,0.778621169415574,0.003134796238244514,0.3103448275862069,0.0219435736677116,0.4702194357366771,-0.003134796238244514,0.05329153605015674,0.006269592476489028,0.08150470219435736,0.004343554237419535,0.8923584755311565,0.000731101043545714,0.9304130037189651,0.004870959695977479,0.8790249238754141,0.003134796238244514,0.3103448275862069,0.0219435736677116,0.4702194357366771,-0.003134796238244514,0.05329153605015674,0.006269592476489028,0.08150470219435736,-0.0037812225786285902,0.015110211250982405,0.8368364394385555,0.2413793103448276,0.11285266457680251,0.12225705329153605
dense_minilm,M5_backoff,laplace_eb_k10|std1,dev,319,0.009020670080633373,0.8077825150309499,0.0007826726077866032,0.8811659067402066,0.010617633434859188,0.7778447438556946,0.003134796238244514,0.3103448275862069,0.018808777429467086,0.4670846394984326,-0.003134796238244514,0.05329153605015674,0.006269592476489028,0.08150470219435736,0.0053185858883454135,0.8933335071820824,0.00017467393396790125,0.9298565766093873,0.004831630458652413,0.8789855946380891,0.003134796238244514,0.3103448275862069,0.018808777429467086,0.4670846394984326,-0.003134796238244514,0.05329153605015674,0.006269592476489028,0.08150470219435736,0.0016456502586089331,0.017431528461647444,0.20812685286146992,0.22884012539184953,0.109717868338558,0.10344827586206896
dense_minilm,M5_backoff,laplace|std2,dev,319,-0.020600775507830526,0.778161069442486,-0.006292161569699972,0.87409107256272,-0.014299350145468518,0.7529277602753669,0.025078369905956112,0.3322884012539185,0.01567398119122257,0.46394984326018807,0.0,0.05642633228840126,0.003134796238244514,0.07836990595611286,-0.009222561008877889,0.8787923602848591,-0.003945828698645565,0.9257360739767738,-0.007185277240029697,0.8669686869394069,0.025078369905956112,0.3322884012539185,0.01567398119122257,0.46394984326018807,0.0,0.05642633228840126,0.003134796238244514,0.07836990595611286,-0.04046202895689907,-0.001583460605116484,0.08846051959707722,0.3667711598746082,0.14420062695924765,0.20376175548589343
dense_minilm,M5_backoff,laplace_eb_k2|std2,dev,319,-0.009862810735325082,0.7888990342149914,0.0022295384104349023,0.8826127725428549,-0.0027113827675300742,0.7645157276533053,0.01567398119122257,0.322884012539185,0.0219435736677116,0.4702194357366771,0.0,0.05642633228840126,0.003134796238244514,0.07836990595611286,-0.003292834497170762,0.8847220867965663,0.0011085054156922249,0.9307904080911116,-0.0015558758873177182,0.8725980882921189,0.01567398119122257,0.322884012539185,0.0219435736677116,0.4702194357366771,0.0,0.05642633228840126,0.003134796238244514,0.07836990595611286,-0.029487716868449716,0.008980094065720383,0.5306097017653761,0.3573667711598746,0.16300940438871472,0.18808777429467086
dense_minilm,M5_backoff,laplace_eb_k10|std2,dev,319,-0.0034117417462567177,0.7953501032040597,0.0066432520793896855,0.8870264862118096,0.0006477703027964362,0.7678748807236319,0.012539184952978056,0.31974921630094044,0.025078369905956112,0.47335423197492166,0.0,0.05642633228840126,0.003134796238244514,0.07836990595611286,-0.0010510416800699263,0.8869638796136671,0.0023719482474192557,0.9320538509228387,0.00022715064799150238,0.8743811148274281,0.012539184952978056,0.31974921630094044,0.025078369905956112,0.47335423197492166,0.0,0.05642633228840126,0.003134796238244514,0.07836990595611286,-0.018633278323845433,0.011207579349555933,0.6922595181938713,0.30407523510971785,0.12539184952978055,0.15987460815047022
bm25,none,laplace|abs,dev,319,0.0,0.7231247434246596,0.0,0.8712477042663808,0.0,0.7069685105754057,0.0,0.23510971786833856,0.0,0.46394984326018807,0.0,0.05642633228840126,0.0,0.09090909090909091,0.0,0.8529188908566502,0.0,0.9251580854942059,0.0,0.8455012945359031,0.0,0.23510971786833856,0.0,0.46394984326018807,0.0,0.05642633228840126,0.0,0.09090909090909091,0.0,0.0,,0.0,0.0,0.0
bm25,M1_global,laplace|std0.5,dev,319,0.0005879790805350276,0.7237127225051947,-0.0007951965432929395,0.8704525077230878,-0.0014661050235216138,0.705502405551884,-0.009404388714733543,0.22570532915360503,0.003134796238244514,0.4670846394984326,0.0,0.05642633228840126,0.0,0.09090909090909091,0.0004105466099742064,0.8533294374666244,-0.0002598431790510315,0.9248982423151548,-0.00042848172232648967,0.8450728128135766,-0.009404388714733543,0.22570532915360503,0.003134796238244514,0.4670846394984326,0.0,0.05642633228840126,0.0,0.09090909090909091,-0.008588111307180039,0.009946495268879259,0.949372385905016,0.08463949843260188,0.03761755485893417,0.0438871473354232
bm25,M1_global,laplace_eb_k2|std0.5,dev,319,-0.003733339564740471,0.7193914038599192,-0.001233546477873871,0.8700141577885069,0.0008254692910186569,0.7077939798664243,-0.003134796238244514,0.23197492163009403,0.003134796238244514,0.4670846394984326,0.0,0.05642633228840126,-0.003134796238244514,0.0877742946708464,-0.0017771133247961445,0.851141777531854,-0.001482489527579759,0.9236755959666261,0.0005019754825340906,0.846003270018437,-0.003134796238244514,0.23197492163009403,0.003134796238244514,0.4670846394984326,0.0,0.05642633228840126,-0.003134796238244514,0.0877742946708464,-0.015908596734151383,0.0077906707243345745,0.527556149540109,0.12852664576802508,0.05329153605015674,0.07210031347962383
bm25,M1_global,laplace_eb_k10|std0.5,dev,319,-0.004552845484037011,0.7185718979406226,-0.0006322507107145733,0.8706154535556662,0.0015779779809395734,0.7085464885563453,-0.003134796238244514,0.23197492163009403,0.006269592476489028,0.4702194357366771,0.0,0.05642633228840126,0.0,0.09090909090909091,-0.002278701918999603,0.8506401889376506,-0.0002414935434873575,0.9249165919507185,0.0008781176562593265,0.8463794121921623,-0.003134796238244514,0.23197492163009403,0.006269592476489028,0.4702194357366771,0.0,0.05642633228840126,0.0,0.09090909090909091,-0.01672918899948227,0.007120617112979807,0.4356291562728627,0.12852664576802508,0.05329153605015674,0.07210031347962383
bm25,M1_global,laplace|std1,dev,319,-0.007752916469095643,0.715371826955564,-0.004212892541317357,0.8670348117250634,-0.004576291411904893,0.7023922191635008,0.0,0.23510971786833856,-0.003134796238244514,0.4608150470219436,0.0,0.05642633228840126,0.003134796238244514,0.09404388714733543,-0.0038122520738260875,0.8491066387828241,-0.002749602622746674,0.9224084828714592,-0.0019581318275308157,0.843543162708372,0.0,0.23510971786833856,-0.003134796238244514,0.4608150470219436,0.0,0.05642633228840126,0.003134796238244514,0.09404388714733543,-0.02082207903125817,0.004312355769652179,0.1919052034080042,0.11912225705329153,0.047021943573667714,0.06896551724137931
bm25,M1_global,laplace_eb_k2|std1,dev,319,-0.018628228584240222,0.7044965148404194,-0.007271552581024768,0.863976151685356,-0.008177060607622223,0.6987914499677835,0.003134796238244514,0.23824451410658307,-0.003134796238244514,0.4608150470219436,0.0,0.05642633228840126,0.003134796238244514,0.09404388714733543,-0.008804787756133603,0.8441141031005166,-0.0043144532505621355,0.9208436322436437,-0.0026646576518175344,0.8428366368840853,0.003134796238244514,0.23824451410658307,-0.003134796238244514,0.4608150470219436,0.0,0.05642633228840126,0.003134796238244514,0.09404388714733543,-0.03620745702865636,-0.001341691195707907,0.03633228882057018,0.21003134796238246,0.07836990595611286,0.12225705329153605
bm25,M1_global,laplace_eb_k10|std1,dev,319,-0.015661733534455675,0.7074630098902039,-0.006361571085116706,0.8648861331812641,-0.007606996268290897,0.6993615143071148,0.003134796238244514,0.23824451410658307,-0.003134796238244514,0.4608150470219436,0.0,0.05642633228840126,0.0,0.09090909090909091,-0.0078016292525683074,0.8451172616040818,-0.004030159087764058,0.9211279264064418,-0.0026144338812573932,0.8428868606546456,0.003134796238244514,0.23824451410658307,-0.003134796238244514,0.4608150470219436,0.0,0.05642633228840126,0.0,0.09090909090909091,-0.03235146383284868,7.767939770763085e-05,0.04080544253847339,0.19122257053291536,0.06896551724137931,0.11598746081504702
bm25,M1_global,laplace|std2,dev,319,-0.020523033265409798,0.7026017101592498,-0.009230489080602472,0.8620172151857782,-0.020202360679410093,0.6867661498959955,0.006269592476489028,0.2413793103448276,-0.009404388714733543,0.45454545454545453,-0.006269592476489028,0.050156739811912224,0.0,0.09090909090909091,-0.008895017230024905,0.8440238736266252,-0.004496425483667739,0.9206616600105382,-0.007057962073801451,0.8384433324621015,0.006269592476489028,0.2413793103448276,-0.009404388714733543,0.45454545454545453,-0.006269592476489028,0.050156739811912224,0.0,0.09090909090909091,-0.03644033951865842,-0.00498830879042889,0.012466444790568954,0.21316614420062696,0.08150470219435736,0.12852664576802508
bm25,M1_global,laplace_eb_k2|std2,dev,319,-0.03588523514872435,0.6872395082759353,-0.021236761470199754,0.850010942796181,-0.029353475971235003,0.6776150346041707,0.006269592476489028,0.2413793103448276,-0.01567398119122257,0.4482758620689655,-0.006269592476489028,0.050156739811912224,-0.003134796238244514,0.0877742946708464,-0.014558814629491967,0.8383600762271582,-0.01029971624990242,0.9148583692443034,-0.010035721635370044,0.8354655729005328,0.006269592476489028,0.2413793103448276,-0.01567398119122257,0.4482758620689655,-0.006269592476489028,0.050156739811912224,-0.003134796238244514,0.0877742946708464,-0.05718850117632214,-0.01580341090813139,0.0011375699717666645,0.34796238244514105,0.12539184952978055,0.21003134796238246
bm25,M1_global,laplace_eb_k10|std2,dev,319,-0.02948231506964256,0.6936424283550171,-0.014749707800093863,0.8564979964662869,-0.024192360289932043,0.6827761502854737,0.006269592476489028,0.2413793103448276,-0.012539184952978056,0.45141065830721006,-0.006269592476489028,0.050156739811912224,-0.006269592476489028,0.08463949843260188,-0.01178827452061692,0.8411306163360333,-0.007750647568777437,0.9174074379254284,-0.008159542756394533,0.8373417517795084,0.006269592476489028,0.2413793103448276,-0.012539184952978056,0.45141065830721006,-0.006269592476489028,0.050156739811912224,-0.006269592476489028,0.08463949843260188,-0.0491123548443181,-0.00985181303490486,0.004273318827968655,0.32601880877742945,0.11598746081504702,0.1974921630094044
bm25,M2_team,laplace|std0.5,dev,319,-0.0027022120020232603,0.7204225314226363,0.003923375731725304,0.8751710799981061,0.004740428228550198,0.7117089388039559,0.006269592476489028,0.2413793103448276,0.012539184952978056,0.47648902821316613,0.003134796238244514,0.05956112852664577,0.003134796238244514,0.09404388714733543,-0.003138121392659633,0.8497807694639905,0.001805636669774788,0.9269637221639807,0.0020918486634018286,0.8475931431993048,0.006269592476489028,0.2413793103448276,0.012539184952978056,0.47648902821316613,0.003134796238244514,0.05956112852664577,0.003134796238244514,0.09404388714733543,-0.012819124129965762,0.00744140548952694,0.7410689196178788,0.13166144200626959,0.05956112852664577,0.06896551724137931
bm25,M2_team,laplace_eb_k2|std0.5,dev,319,0.007184342904524369,0.730309086329184,0.004119830772420829,0.8753675350388016,0.009449060548528983,0.7164175711239347,0.01567398119122257,0.2507836990595611,0.01567398119122257,0.47962382445141066,0.006269592476489028,0.06269592476489028,0.003134796238244514,0.09404388714733543,0.0033389592432303116,0.8562578500998805,0.002309729593300894,0.9274678150875068,0.004913872293544041,0.8504151668294471,0.01567398119122257,0.2507836990595611,0.01567398119122257,0.47962382445141066,0.006269592476489028,0.06269592476489028,0.003134796238244514,0.09404388714733543,-0.005834439492618029,0.02035095805191321,0.3069993330132629,0.13166144200626959,0.06583072100313479,0.05956112852664577
bm25,M2_team,laplace_eb_k10|std0.5,dev,319,0.004917916646198045,0.7280426600708576,0.0026066367715877423,0.8738543410379684,0.0062015564744375366,0.7131700670498432,0.012539184952978056,0.2476489028213166,0.006269592476489028,0.4702194357366771,0.006269592476489028,0.06269592476489028,0.0,0.09090909090909091,0.0018142238492876012,0.8547331147059378,0.0017512059510688422,0.9269092914452747,0.0030405973752837953,0.8485418919111868,0.012539184952978056,0.2476489028213166,0.006269592476489028,0.4702194357366771,0.006269592476489028,0.06269592476489028,0.0,0.09090909090909091,-0.007383903024899175,0.01722527360514413,0.3539660363660794,0.11912225705329153,0.05956112852664577,0.05329153605015674
bm25,M2_team,laplace|std1,dev,319,-0.009043829334566959,0.7140809140900927,0.004994834711932837,0.8762425389783136,0.0029492799951738725,0.7099177905705795,0.009404388714733543,0.2445141065830721,0.012539184952978056,0.47648902821316613,-0.006269592476489028,0.050156739811912224,0.003134796238244514,0.09404388714733543,-0.00541027240618643,0.8475086184504638,0.002108943219468885,0.9272670287136747,0.0012445662275750809,0.8467458607634779,0.009404388714733543,0.2445141065830721,0.012539184952978056,0.47648902821316613,-0.006269592476489028,0.050156739811912224,0.003134796238244514,0.09404388714733543,-0.026341590960875013,0.007371429314247117,0.3473750169258487,0.23197492163009403,0.10031347962382445,0.12225705329153605
bm25,M2_team,laplace_eb_k2|std1,dev,319,-0.0022049989306067224,0.7209197444940529,0.005061302158899815,0.8763090064252805,0.013090193775543787,0.7200587043509495,0.01567398119122257,0.2507836990595611,0.025078369905956112,0.4890282131661442,-0.006269592476489028,0.050156739811912224,0.003134796238244514,0.09404388714733543,-0.0016053340464923824,0.8513135568101577,0.00309561533987709,0.928253700834083,0.00649958490204288,0.8520008794379458,0.01567398119122257,0.2507836990595611,0.025078369905956112,0.4890282131661442,-0.006269592476489028,0.050156739811912224,0.003134796238244514,0.09404388714733543,-0.020539667415301253,0.014201235196036414,0.930914171970566,0.22884012539184953,0.10344827586206896,0.11285266457680251
bm25,M2_team,laplace_eb_k10|std1,dev,319,0.0008591439656703076,0.7239838873903299,0.005618585221072349,0.876866289487453,0.010032415508546612,0.7170009260839524,0.01567398119122257,0.2507836990595611,0.0219435736677116,0.48589341692789967,0.0,0.05642633228840126,0.003134796238244514,0.09404388714733543,-0.000452894495572416,0.8524659963610778,0.0033580962580199527,0.9285161817522258,0.004905096546609574,0.8504063910825126,0.01567398119122257,0.2507836990595611,0.0219435736677116,0.48589341692789967,0.0,0.05642633228840126,0.003134796238244514,0.09404388714733543,-0.014562025339252148,0.016239452205574996,0.9714789616775299,0.18495297805642633,0.08463949843260188,0.09404388714733543
bm25,M2_team,laplace|std2,dev,319,-0.0070137995817818235,0.7161109438428778,-0.00998163494196805,0.8612660693244127,-0.011624206082317333,0.6953443044930883,0.047021943573667714,0.28213166144200624,0.003134796238244514,0.4670846394984326,-0.003134796238244514,0.05329153605015674,0.006269592476489028,0.09717868338557993,-0.003128375472693608,0.8497905153839566,-0.005024784130736205,0.9201333013634697,-0.005628804876512866,0.8398724896593902,0.047021943573667714,0.28213166144200624,0.003134796238244514,0.4670846394984326,-0.003134796238244514,0.05329153605015674,0.006269592476489028,0.09717868338557993,-0.03105660924763889,0.01602722393891841,0.47835427751755355,0.3573667711598746,0.15047021943573669,0.19122257053291536
bm25,M2_team,laplace_eb_k2|std2,dev,319,0.002971003888916446,0.7260957473135761,-0.003934415436837367,0.8673132888295434,0.00510017102449946,0.7120686815999051,0.050156739811912224,0.2852664576802508,0.018808777429467086,0.4827586206896552,-0.003134796238244514,0.05329153605015674,0.006269592476489028,0.09717868338557993,0.0026700353734545575,0.8555889262301047,-0.0019080317506222143,0.9232500537435837,0.0026305454838612243,0.8481318400197642,0.050156739811912224,0.2852664576802508,0.018808777429467086,0.4827586206896552,-0.003134796238244514,0.05329153605015674,0.006269592476489028,0.09717868338557993,-0.021216911626950514,0.024990480335948972,0.6817571255551375,0.3605015673981191,0.1724137931034483,0.1724137931034483
bm25,M2_team,laplace_eb_k10|std2,dev,319,0.008958021932074269,0.7320827653567339,-0.00021411810175378493,0.871033586164627,0.008563493968200725,0.7155320045436063,0.05329153605015674,0.2884012539184953,0.0219435736677116,0.48589341692789967,-0.003134796238244514,0.05329153605015674,0.006269592476489028,0.09717868338557993,0.003800654953176325,0.8567195458098265,0.0005168712064390272,0.9256749567006449,0.004547563503528464,0.8500488580394314,0.05329153605015674,0.2884012539184953,0.0219435736677116,0.48589341692789967,-0.003134796238244514,0.05329153605015674,0.006269592476489028,0.09717868338557993,-0.014644194817678495,0.031093077603902727,0.3057905490127403,0.29780564263322884,0.15673981191222572,0.13166144200626959
bm25,M3_class,laplace|std0.5,dev,319,-0.00430154258554632,0.7188232008391133,0.0023954582158300943,0.8736431624822109,0.000621861885053612,0.7075903724604593,0.018808777429467086,0.25391849529780564,0.009404388714733543,0.47335423197492166,0.003134796238244514,0.05956112852664577,0.0,0.09090909090909091,-0.002256118298324298,0.8506627725583259,0.00016432383964801658,0.9253224093338539,-0.00014019130165673988,0.8453611032342463,0.018808777429467086,0.25391849529780564,0.009404388714733543,0.47335423197492166,0.003134796238244514,0.05956112852664577,0.0,0.09090909090909091,-0.018814243219769485,0.00937111466235501,0.8875577662678293,0.11598746081504702,0.05956112852664577,0.05329153605015674
bm25,M3_class,laplace_eb_k2|std0.5,dev,319,-0.0032676084661932203,0.7198571349584664,0.0029564018720369726,0.8742041061384177,0.0049362520789464825,0.7119047626543521,0.018808777429467086,0.25391849529780564,0.01567398119122257,0.47962382445141066,0.003134796238244514,0.05956112852664577,0.003134796238244514,0.09404388714733543,-0.0019520509953035456,0.8509668398613467,0.0018265626647255638,0.9269846481589314,0.00199479498085931,0.8474960895167623,0.018808777429467086,0.25391849529780564,0.01567398119122257,0.47962382445141066,0.003134796238244514,0.05956112852664577,0.003134796238244514,0.09404388714733543,-0.016536946863309716,0.00958699996241581,0.8575345896444672,0.109717868338558,0.05956112852664577,0.047021943573667714
bm25,M3_class,laplace_eb_k10|std0.5,dev,319,-0.0019016301370339708,0.7212231132876257,0.004682718913383245,0.875930423179764,0.005746890497058165,0.7127154010724639,0.018808777429467086,0.25391849529780564,0.012539184952978056,0.47648902821316613,0.006269592476489028,0.06269592476489028,-0.003134796238244514,0.0877742946708464,-0.0011343349670541697,0.851784555889596,0.0010928270585110942,0.926250912552717,0.002429566936433129,0.847930861472336,0.018808777429467086,0.25391849529780564,0.012539184952978056,0.47648902821316613,0.006269592476489028,0.06269592476489028,-0.003134796238244514,0.0877742946708464,-0.01611562329446634,0.011814845799465533,0.9608097754501559,0.11285266457680251,0.05642633228840126,0.05329153605015674
bm25,M3_class,laplace|std1,dev,319,-0.008242870199269262,0.7148818732253903,-0.003941540620917437,0.8673061636454633,-0.0016586793160363789,0.7053098312593693,0.03134796238244514,0.2664576802507837,0.01567398119122257,0.47962382445141066,-0.003134796238244514,0.05329153605015674,0.0,0.09090909090909091,-0.0050818085857319605,0.8478370822709183,-0.002896383825140687,0.9222617016690652,-0.0010866329961435911,0.8444146615397592,0.03134796238244514,0.2664576802507837,0.01567398119122257,0.47962382445141066,-0.003134796238244514,0.05329153605015674,0.0,0.09090909090909091,-0.026652214304780514,0.00877667104702758,0.5423234433678905,0.2006269592476489,0.09090909090909091,0.10658307210031348
bm25,M3_class,laplace_eb_k2|std1,dev,319,-0.007566023886577462,0.7155587195380821,0.0042447401998932455,0.875492444466274,0.008599378490896436,0.7155678890663021,0.025078369905956112,0.2601880877742947,0.03761755485893417,0.5015673981191222,-0.003134796238244514,0.05329153605015674,0.003134796238244514,0.09404388714733543,-0.004777229318050755,0.8481416615385994,0.0023518208425994205,0.9275099063368053,0.0032719511036588874,0.8487732456395619,0.025078369905956112,0.2601880877742947,0.03761755485893417,0.5015673981191222,-0.003134796238244514,0.05329153605015674,0.003134796238244514,0.09404388714733543,-0.02446084058957414,0.0077067322363393795,0.6560808699294636,0.18808777429467086,0.08463949843260188,0.10031347962382445
bm25,M3_class,laplace_eb_k10|std1,dev,319,-0.006110259381394401,0.7170144840432652,0.0019857275261774333,0.8732334317925582,0.0050489441074174045,0.7120174546828231,0.02821316614420063,0.26332288401253917,0.025078369905956112,0.4890282131661442,0.0,0.05642633228840126,0.0,0.09090909090909091,-0.0038222910655329595,0.8490965997911172,2.4804687798957466e-05,0.9251828901820048,0.001707225047682522,0.8472085195835856,0.02821316614420063,0.26332288401253917,0.025078369905956112,0.4890282131661442,0.0,0.05642633228840126,0.0,0.09090909090909091,-0.0241039090325653,0.010417210768476149,0.6375389112223651,0.19122257053291536,0.08463949843260188,0.10344827586206896
bm25,M3_class,laplace|std2,dev,319,-0.004435976190626808,0.7186887672340329,-0.025081829918215642,0.8461658743481651,-0.015622520407072052,0.6913459901683336,0.05642633228840126,0.29153605015673983,0.003134796238244514,0.4670846394984326,-0.009404388714733543,0.047021943573667714,0.003134796238244514,0.09404388714733543,-0.0025527425881089836,0.8503661482685412,-0.012640827875525973,0.9125172576186799,-0.007877930242066096,0.8376233642938368,0.05642633228840126,0.29153605015673983,0.003134796238244514,0.4670846394984326,-0.009404388714733543,0.047021943573667714,0.003134796238244514,0.09404388714733543,-0.028097380487522736,0.018169467711710248,0.7896503432348853,0.3103448275862069,0.14733542319749215,0.1536050156739812
bm25,M3_class,laplace_eb_k2|std2,dev,319,-0.004878740185480506,0.7182460032391791,-0.006447110149927647,0.864800594116453,0.006549658701641248,0.7135181692770468,0.05329153605015674,0.2884012539184953,0.0219435736677116,0.48589341692789967,-0.006269592476489028,0.050156739811912224,0.006269592476489028,0.09717868338557993,-0.00371085158709822,0.8492080392695519,-0.001921188868699029,0.9232368966255068,0.0016498387046742233,0.8471511332405772,0.05329153605015674,0.2884012539184953,0.0219435736677116,0.48589341692789967,-0.006269592476489028,0.050156739811912224,0.006269592476489028,0.09717868338557993,-0.026345603615279108,0.015856705111419303,0.7247836900015788,0.2852664576802508,0.13166144200626959,0.15047021943573669
bm25,M3_class,laplace_eb_k10|std2,dev,319,-0.004434439198911003,0.7186903042257486,-0.012599512374139504,0.8586481918922413,0.0014061859426406904,0.7083746965180464,0.047021943573667714,0.28213166144200624,0.025078369905956112,0.4890282131661442,-0.006269592476489028,0.050156739811912224,0.003134796238244514,0.09404388714733543,-0.003219184363523621,0.8496997064931265,-0.006189548483462917,0.918968537010743,-0.00037829363981384376,0.8451230008960889,0.047021943573667714,0.28213166144200624,0.025078369905956112,0.4890282131661442,-0.006269592476489028,0.050156739811912224,0.003134796238244514,0.09404388714733543,-0.026727721688328866,0.015948511578352843,0.600092282287342,0.27899686520376177,0.12225705329153605,0.1536050156739812
bm25,M4_intersection,laplace|std0.5,dev,319,0.005057616830806373,0.728182360255466,0.005453850128060224,0.876701554394441,0.005740523216866401,0.7127090337922721,0.018808777429467086,0.25391849529780564,0.018808777429467086,0.4827586206896552,0.006269592476489028,0.06269592476489028,0.003134796238244514,0.09404388714733543,0.0023204337653695228,0.8552393246220197,0.003273332193727404,0.9284314176879332,0.0034325849486742653,0.8489338794845772,0.018808777429467086,0.25391849529780564,0.018808777429467086,0.4827586206896552,0.006269592476489028,0.06269592476489028,0.003134796238244514,0.09404388714733543,-0.008759036362404734,0.019021427270527167,0.45689583996335914,0.13479623824451412,0.06896551724137931,0.06269592476489028
bm25,M4_intersection,laplace_eb_k2|std0.5,dev,319,0.00992691302000542,0.7330516564446651,0.005625758285059077,0.8768734625514398,0.00848579756845501,0.7154543081438607,0.01567398119122257,0.2507836990595611,0.01567398119122257,0.47962382445141066,0.006269592476489028,0.06269592476489028,0.003134796238244514,0.09404388714733543,0.005337458699474514,0.8582563495561247,0.0031833271247839853,0.9283414126189898,0.004292115130020906,0.8497934096659239,0.01567398119122257,0.2507836990595611,0.01567398119122257,0.47962382445141066,0.006269592476489028,0.06269592476489028,0.003134796238244514,0.09404388714733543,-0.002178420948571172,0.022667720273931196,0.08203451641762527,0.10344827586206896,0.05956112852664577,0.04075235109717868
bm25,M4_intersection,laplace_eb_k10|std0.5,dev,319,0.009302298477077186,0.7324270419017368,0.004795451149297732,0.8760431554156785,0.00790759110151787,0.7148761016769236,0.01567398119122257,0.2507836990595611,0.01567398119122257,0.47962382445141066,0.006269592476489028,0.06269592476489028,0.0,0.09090909090909091,0.004511936424667932,0.8574308272813181,0.0028519010095387045,0.9280099865037446,0.0039065614015704785,0.8494078559374734,0.01567398119122257,0.2507836990595611,0.01567398119122257,0.47962382445141066,0.006269592476489028,0.06269592476489028,0.0,0.09090909090909091,-0.0032122414757652343,0.022487000326938386,0.09974115854711108,0.10031347962382445,0.05642633228840126,0.04075235109717868
bm25,M4_intersection,laplace|std1,dev,319,-0.0027270181145413915,0.7203977253101183,0.004604954330898752,0.8758526585972795,0.003946877179848365,0.7109153877552541,0.025078369905956112,0.2601880877742947,0.018808777429467086,0.4827586206896552,0.0,0.05642633228840126,0.006269592476489028,0.09717868338557993,-0.0018666335220994621,0.8510522573345507,0.0025995308328945433,0.9277576163271004,0.0025968412807368924,0.8480981358166397,0.025078369905956112,0.2601880877742947,0.018808777429467086,0.4827586206896552,0.0,0.05642633228840126,0.006269592476489028,0.09717868338557993,-0.02062164692319112,0.014337845012942637,0.9661183804924444,0.21003134796238246,0.10031347962382445,0.10344827586206896
bm25,M4_intersection,laplace_eb_k2|std1,dev,319,0.003016406068794406,0.726141149493454,0.008407213331016253,0.879654917597397,0.012884206236062757,0.7198527168114685,0.0219435736677116,0.25705329153605017,0.02821316614420063,0.49216300940438873,0.0,0.05642633228840126,0.003134796238244514,0.09404388714733543,0.001865609779626972,0.8547845006362772,0.004683848085074589,0.9298419335792805,0.006082838736357733,0.8515841332722608,0.0219435736677116,0.25705329153605017,0.02821316614420063,0.49216300940438873,0.0,0.05642633228840126,0.003134796238244514,0.09404388714733543,-0.013372922616902752,0.018927116825779588,0.5026768557083605,0.1786833855799373,0.09090909090909091,0.08150470219435736
bm25,M4_intersection,laplace_eb_k10|std1,dev,319,0.005243055312237396,0.728367798736897,0.006378610586297923,0.8776263148526786,0.010031051756259419,0.7169995623316651,0.025078369905956112,0.2601880877742947,0.0219435736677116,0.48589341692789967,0.0,0.05642633228840126,0.003134796238244514,0.09404388714733543,0.002492218088580523,0.8554111089452308,0.0034546132745413944,0.9286126987687473,0.0049138893528044405,0.8504151838887073,0.025078369905956112,0.2601880877742947,0.0219435736677116,0.48589341692789967,0.0,0.05642633228840126,0.003134796238244514,0.09404388714733543,-0.010756775844246617,0.020024705033597514,0.4407571178182137,0.15987460815047022,0.08150470219435736,0.07210031347962383
bm25,M4_intersection,laplace|std2,dev,319,-0.004276633925362254,0.7188481094992973,-0.012864379253133338,0.8583833250132474,-0.008933441866434478,0.6980350687089711,0.05642633228840126,0.29153605015673983,0.018808777429467086,0.4827586206896552,-0.003134796238244514,0.05329153605015674,0.006269592476489028,0.09717868338557993,-0.003923701828923719,0.8489951890277264,-0.00574534823154581,0.91941273726266,-0.003374464665087037,0.8421268298708159,0.05642633228840126,0.29153605015673983,0.018808777429467086,0.4827586206896552,-0.003134796238244514,0.05329153605015674,0.006269592476489028,0.09717868338557993,-0.02878644731622715,0.019928576331074716,0.9380664643767677,0.3448275862068966,0.1724137931034483,0.16300940438871472
bm25,M4_intersection,laplace_eb_k2|std2,dev,319,0.004503833486181815,0.7276285769108414,-0.000734841421853786,0.870512862844527,0.0115207156020459,0.7184892261774516,0.05329153605015674,0.2884012539184953,0.034482758620689655,0.49843260188087773,0.0,0.05642633228840126,0.009404388714733543,0.10031347962382445,0.0015632212162017822,0.854482112072852,0.0005039847382931126,0.925662070232499,0.004994218009392669,0.8504955125452957,0.05329153605015674,0.2884012539184953,0.034482758620689655,0.49843260188087773,0.0,0.05642633228840126,0.009404388714733543,0.10031347962382445,-0.018743494506283053,0.0267598082898272,0.5434792186969785,0.28213166144200624,0.15047021943573669,0.12852664576802508
bm25,M4_intersection,laplace_eb_k10|std2,dev,319,0.009298202105824103,0.7324229455304837,0.004177743224514689,0.8754254474908955,0.01687844173755018,0.7238469523129558,0.050156739811912224,0.2852664576802508,0.03134796238244514,0.4952978056426332,0.003134796238244514,0.05956112852664577,0.006269592476489028,0.09717868338557993,0.004035445309731654,0.8569543361663818,0.0026326215005593612,0.9277907069947652,0.0080363754194732,0.8535376699553763,0.050156739811912224,0.2852664576802508,0.03134796238244514,0.4952978056426332,0.003134796238244514,0.05956112852664577,0.006269592476489028,0.09717868338557993,-0.012426296983579856,0.02968248524075391,0.25678902701194484,0.23510971786833856,0.13479623824451412,0.09717868338557993
bm25,M5_backoff,laplace|std0.5,dev,319,0.008191951576818866,0.7313166950014784,0.006457281804010039,0.8777049860703908,0.010081099632391736,0.7170496102077974,0.0219435736677116,0.25705329153605017,0.018808777429467086,0.4827586206896552,0.006269592476489028,0.06269592476489028,0.003134796238244514,0.09404388714733543,0.004271021363877203,0.8571899122205274,0.003286996792102682,0.9284450822863085,0.004577449141624952,0.8500787436775279,0.0219435736677116,0.25705329153605017,0.018808777429467086,0.4827586206896552,0.006269592476489028,0.06269592476489028,0.003134796238244514,0.09404388714733543,-0.0056996308547389175,0.022104177005051816,0.23158908171385661,0.12852664576802508,0.06896551724137931,0.05642633228840126
bm25,M5_backoff,laplace_eb_k2|std0.5,dev,319,0.011963089711987486,0.735087833136647,0.005274368817903405,0.8765220730842841,0.010669766224009863,0.7176382767994155,0.01567398119122257,0.2507836990595611,0.018808777429467086,0.4827586206896552,0.006269592476489028,0.06269592476489028,0.003134796238244514,0.09404388714733543,0.006369911110886959,0.8592888019675371,0.0033710737213445683,0.9285291592155505,0.005036079136181775,0.8505373736720845,0.01567398119122257,0.2507836990595611,0.018808777429467086,0.4827586206896552,0.006269592476489028,0.06269592476489028,0.003134796238244514,0.09404388714733543,-0.0006281771162834287,0.025042505415162324,0.0427712367056132,0.109717868338558,0.06583072100313479,0.04075235109717868
bm25,M5_backoff,laplace_eb_k10|std0.5,dev,319,0.010949741616891844,0.7340744850415515,0.004797115314716829,0.8760448195810976,0.008986207833484423,0.7159547184088901,0.01567398119122257,0.2507836990595611,0.018808777429467086,0.4827586206896552,0.006269592476489028,0.06269592476489028,0.0,0.09090909090909091,0.005192946771095539,0.8581118376277457,0.00288749451173884,0.9280455800059447,0.00411280750480939,0.8496141020407124,0.01567398119122257,0.2507836990595611,0.018808777429467086,0.4827586206896552,0.006269592476489028,0.06269592476489028,0.0,0.09090909090909091,-0.0017321626874720413,0.024553429610957172,0.05254281785706896,0.10658307210031348,0.06269592476489028,0.04075235109717868
bm25,M5_backoff,laplace|std1,dev,319,-0.0005477937785061923,0.7225769496461534,0.004922680673554399,0.8761703849399352,0.01239591596361986,0.7193644265390255,0.02821316614420063,0.26332288401253917,0.02821316614420063,0.49216300940438873,0.0,0.05642633228840126,0.006269592476489028,0.09717868338557993,-0.0003554526728148744,0.8525634381838353,0.00247393768035506,0.927632023174561,0.0056514831359109905,0.851152777671814,0.02821316614420063,0.26332288401253917,0.02821316614420063,0.49216300940438873,0.0,0.05642633228840126,0.006269592476489028,0.09717868338557993,-0.018665984244929584,0.01651362009743538,0.8694898662232038,0.20376175548589343,0.09717868338557993,0.10031347962382445
bm25,M5_backoff,laplace_eb_k2|std1,dev,319,0.006192468737360078,0.7293172121620197,0.0075374048985657645,0.8787851091649465,0.013966978965531509,0.7209354895409371,0.025078369905956112,0.2601880877742947,0.034482758620689655,0.49843260188087773,0.0,0.05642633228840126,0.003134796238244514,0.09404388714733543,0.0038104487997611116,0.8567293396564113,0.0044186556227154864,0.9295767411169213,0.006966699066580647,0.8524679936024835,0.025078369905956112,0.2601880877742947,0.034482758620689655,0.49843260188087773,0.0,0.05642633228840126,0.003134796238244514,0.09404388714733543,-0.010220441955570892,0.023007168090642433,0.28357848334648106,0.18808777429467086,0.10031347962382445,0.08150470219435736
bm25,M5_backoff,laplace_eb_k10|std1,dev,319,0.005136978476772487,0.7282617219014321,0.0055833123040423495,0.8768310165704231,0.01152708389997763,0.7184955944753834,0.0219435736677116,0.25705329153605017,0.02821316614420063,0.49216300940438873,0.0,0.05642633228840126,0.003134796238244514,0.09404388714733543,0.0025737430421536246,0.8554926338988038,0.003376499425654875,0.9285345849198607,0.005687926368653588,0.8511892209045565,0.0219435736677116,0.25705329153605017,0.02821316614420063,0.49216300940438873,0.0,0.05642633228840126,0.003134796238244514,0.09404388714733543,-0.010911243581753166,0.020744620242556053,0.40944819102604935,0.16614420062695925,0.08463949843260188,0.07523510971786834
bm25,M5_backoff,laplace|std2,dev,319,0.009574556729076051,0.7326993001537356,-0.005813631751694276,0.8654340725146865,0.0051142411902079825,0.7120827517656135,0.07523510971786834,0.3103448275862069,0.034482758620689655,0.49843260188087773,-0.003134796238244514,0.05329153605015674,0.006269592476489028,0.09717868338557993,0.0029934029033565224,0.8559122937600067,-0.0021162649680828228,0.923041820526123,0.0021336596961305464,0.8476349542320335,0.07523510971786834,0.3103448275862069,0.034482758620689655,0.49843260188087773,-0.003134796238244514,0.05329153605015674,0.006269592476489028,0.09717868338557993,-0.015172947007800718,0.03440153610696987,0.32105165599578034,0.335423197492163,0.18181818181818182,0.14420062695924765
bm25,M5_backoff,laplace_eb_k2|std2,dev,319,0.007294476873074953,0.7304192202977345,-0.0003325480932726008,0.8709151561731081,0.010904924424954906,0.7178734350003606,0.05956112852664577,0.2946708463949843,0.03761755485893417,0.5015673981191222,0.0,0.05642633228840126,0.009404388714733543,0.10031347962382445,0.002729489044709639,0.8556483799013598,0.0007368221552020704,0.925894907649408,0.005193851509811738,0.8506951460457148,0.05956112852664577,0.2946708463949843,0.03761755485893417,0.5015673981191222,0.0,0.05642633228840126,0.009404388714733543,0.10031347962382445,-0.0158901486931176,0.030695643997678185,0.3792111619551982,0.2946708463949843,0.16300940438871472,0.12852664576802508
bm25,M5_backoff,laplace_eb_k10|std2,dev,319,0.009187498810149285,0.732312242234809,-0.00013628335768899947,0.8711114209086918,0.014085841431723306,0.721054352007129,0.050156739811912224,0.2852664576802508,0.034482758620689655,0.49843260188087773,0.003134796238244514,0.05956112852664577,0.006269592476489028,0.09717868338557993,0.004100258540957699,0.8570191493976079,0.0011972215108363232,0.9263553070050422,0.006880614619270015,0.852381909155173,0.050156739811912224,0.2852664576802508,0.034482758620689655,0.49843260188087773,0.003134796238244514,0.05956112852664577,0.006269592476489028,0.09717868338557993,-0.012772982950588006,0.031518078492633224,0.2778808710097832,0.26332288401253917,0.15047021943573669,0.109717868338558
hybrid_rrf,none,laplace|abs,dev,319,0.0,0.7878436350430067,0.0,0.8765546302997207,0.0,0.7573637547374332,0.0,0.30094043887147337,0.0,0.45454545454545453,0.0,0.05956112852664577,0.0,0.08463949843260188,0.0,0.8845985823290475,0.0,0.927500850261192,0.0,0.8689834177494049,0.0,0.30094043887147337,0.0,0.45454545454545453,0.0,0.05956112852664577,0.0,0.08463949843260188,0.0,0.0,,0.0,0.0,0.0
hybrid_rrf,M1_global,laplace|std0.5,dev,319,-0.0012137605385346847,0.786629874504472,-0.004423854960169538,0.8721307753395511,-0.0025026080423387973,0.7548611466950944,0.009404388714733543,0.3103448275862069,-0.003134796238244514,0.45141065830721006,-0.006269592476489028,0.05329153605015674,0.0,0.08463949843260188,0.00010797091786016865,0.8847065532469077,-0.001940115305323586,0.9255607349558683,-0.001172944389540573,0.8678104733598644,0.009404388714733543,0.3103448275862069,-0.003134796238244514,0.45141065830721006,-0.006269592476489028,0.05329153605015674,0.0,0.08463949843260188,-0.009225301717796296,0.0070811257291830436,0.6652639406840284,0.0877742946708464,0.04075235109717868,0.047021943573667714
hybrid_rrf,M1_global,laplace_eb_k2|std0.5,dev,319,-0.0038412474212601642,0.7840023876217466,-0.006452594057519608,0.8701020362422011,4.61130003009867e-05,0.7574098677377342,0.009404388714733543,0.3103448275862069,-0.009404388714733543,0.445141065830721,-0.01567398119122257,0.0438871473354232,0.0,0.08463949843260188,-0.001125602886594575,0.883472979442453,-0.003359830117898301,0.9241410201432937,0.0002664182440240548,0.8692498359934289,0.009404388714733543,0.3103448275862069,-0.009404388714733543,0.445141065830721,-0.01567398119122257,0.0438871473354232,0.0,0.08463949843260188,-0.021526565967378758,0.013700817795149207,0.5070801663985882,0.2664576802507837,0.11598746081504702,0.14106583072100312
hybrid_rrf,M1_global,laplace_eb_k10|std0.5,dev,319,-0.003475928030978176,0.7843677070120285,-0.003983735664511176,0.8725708946352094,-0.0005407871707666607,0.7568229675666666,0.012539184952978056,0.31347962382445144,-0.009404388714733543,0.445141065830721,-0.012539184952978056,0.047021943573667714,0.0,0.08463949843260188,-0.0005757576993266617,0.8840228246297208,-0.0024783366526182167,0.9250225136085738,-2.476931739376564e-05,0.868958648432011,0.012539184952978056,0.31347962382445144,-0.009404388714733543,0.445141065830721,-0.012539184952978056,0.047021943573667714,0.0,0.08463949843260188,-0.020652956642257195,0.013448561462325547,0.63431530520461,0.25391849529780564,0.11285266457680251,0.13166144200626959
hybrid_rrf,M1_global,laplace|std1,dev,319,-0.006476267681787006,0.7813673673612197,-0.00506077300418507,0.8714938572955355,-0.0027581315919710182,0.7546056231454622,0.009404388714733543,0.3103448275862069,-0.009404388714733543,0.445141065830721,-0.012539184952978056,0.047021943573667714,0.0,0.08463949843260188,-0.0027060972112099577,0.8818924851178376,-0.0024068150027044886,0.9250940352584874,-0.0009652830590274992,0.8680181346903775,0.009404388714733543,0.3103448275862069,-0.009404388714733543,0.445141065830721,-0.012539184952978056,0.047021943573667714,0.0,0.08463949843260188,-0.01903577169876394,0.0057845261636946125,0.40088329231987074,0.18181818181818182,0.08150470219435736,0.10031347962382445
hybrid_rrf,M1_global,laplace_eb_k2|std1,dev,319,-0.019168189116593064,0.7686754459264137,-0.010722180005151277,0.8658324502945693,-0.002712003351846084,0.7546517513855872,-0.0219435736677116,0.27899686520376177,-0.01567398119122257,0.438871473354232,-0.0219435736677116,0.03761755485893417,-0.003134796238244514,0.08150470219435736,-0.007687461787256701,0.8769111205417908,-0.004941745891840107,0.9225591043693518,-8.770389990372966e-05,0.8688957138495012,-0.0219435736677116,0.27899686520376177,-0.01567398119122257,0.438871473354232,-0.0219435736677116,0.03761755485893417,-0.003134796238244514,0.08150470219435736,-0.04107243017203008,0.0025745249572312148,0.13521683397139636,0.41379310344827586,0.18495297805642633,0.219435736677116
hybrid_rrf,M1_global,laplace_eb_k10|std1,dev,319,-0.014005036072858076,0.7738385989701486,-0.009941552126295515,0.8666130781734251,-0.0009866400969252682,0.7563771146405079,-0.0219435736677116,0.27899686520376177,-0.01567398119122257,0.438871473354232,-0.018808777429467086,0.04075235109717868,-0.003134796238244514,0.08150470219435736,-0.004878514425881604,0.8797200679031659,-0.004184921987378112,0.9233159282738138,0.0005691268040468715,0.8695525445534519,-0.0219435736677116,0.27899686520376177,-0.01567398119122257,0.438871473354232,-0.018808777429467086,0.04075235109717868,-0.003134796238244514,0.08150470219435736,-0.034983759438823384,0.00607704984485448,0.23132032158898452,0.3981191222570533,0.1786833855799373,0.21003134796238246
hybrid_rrf,M1_global,laplace|std2,dev,319,-0.03903898968124838,0.7488046453617583,-0.009622056002153498,0.8669325742975671,-0.01092639127541859,0.7464373634620146,-0.03761755485893417,0.26332288401253917,-0.012539184952978056,0.44200626959247646,-0.02821316614420063,0.03134796238244514,-0.012539184952978056,0.07210031347962383,-0.01770325065780209,0.8668953316712454,-0.0034936400229654344,0.9240072102382265,-0.003411908116086523,0.8655715096333184,-0.03761755485893417,0.26332288401253917,-0.012539184952978056,0.44200626959247646,-0.02821316614420063,0.03134796238244514,-0.012539184952978056,0.07210031347962383,-0.05874952568751424,-0.018883968911901538,0.00021806731295720836,0.3385579937304075,0.11598746081504702,0.21316614420062696
hybrid_rrf,M1_global,laplace_eb_k2|std2,dev,319,-0.06036415067866305,0.7274794843643436,-0.03131345082599915,0.8452411794737215,-0.028495973759684063,0.7288677809777492,-0.04075235109717868,0.2601880877742947,-0.025078369905956112,0.42946708463949845,-0.03134796238244514,0.02821316614420063,-0.02821316614420063,0.05642633228840126,-0.02600209232781748,0.8585964900012301,-0.013772147109142291,0.9137287031520497,-0.009863227848722643,0.8591201899006821,-0.04075235109717868,0.2601880877742947,-0.025078369905956112,0.42946708463949845,-0.03134796238244514,0.02821316614420063,-0.02821316614420063,0.05642633228840126,-0.08867345942785747,-0.03335183283378342,2.1624846582069558e-05,0.6081504702194357,0.219435736677116,0.3667711598746082
hybrid_rrf,M1_global,laplace_eb_k10|std2,dev,319,-0.05821002372847082,0.7296336113145359,-0.025809466465139836,0.8507451638345808,-0.024019884983760807,0.7333438697536725,-0.04075235109717868,0.2601880877742947,-0.025078369905956112,0.42946708463949845,-0.03134796238244514,0.02821316614420063,-0.025078369905956112,0.05956112852664577,-0.025519208381168522,0.859079373947879,-0.01085122560258943,0.9166496246586026,-0.008387589080954045,0.8605958286684507,-0.04075235109717868,0.2601880877742947,-0.025078369905956112,0.42946708463949845,-0.03134796238244514,0.02821316614420063,-0.025078369905956112,0.05956112852664577,-0.08589755282576741,-0.031082900360133208,2.1675474889875455e-05,0.5862068965517241,0.20689655172413793,0.3573667711598746
hybrid_rrf,M2_team,laplace|std0.5,dev,319,0.002301148533073712,0.7901447835760804,-0.002797373736913675,0.873757256562807,0.0016721031975970371,0.7590358579350303,0.01567398119122257,0.3166144200626959,0.003134796238244514,0.45768025078369906,-0.012539184952978056,0.047021943573667714,0.006269592476489028,0.09090909090909091,0.0006565535703796578,0.8852551358994272,-0.001996070053136461,0.9255047802080555,0.0006652473282290862,0.8696486650776339,0.01567398119122257,0.3166144200626959,0.003134796238244514,0.45768025078369906,-0.012539184952978056,0.047021943573667714,0.006269592476489028,0.09090909090909091,-0.012653228238832241,0.018028053101210563,0.9193694355796873,0.2601880877742947,0.11912225705329153,0.13479623824451412
hybrid_rrf,M2_team,laplace_eb_k2|std0.5,dev,319,0.007036227464302207,0.7948798625073089,-0.0038539140388883395,0.8727007162608323,0.0053144562697522695,0.7626782110071856,0.012539184952978056,0.31347962382445144,0.006269592476489028,0.4608150470219436,-0.009404388714733543,0.050156739811912224,0.006269592476489028,0.09090909090909091,0.0036742570445081656,0.8882728393735557,-0.002350950315828234,0.9251498999453637,0.0024187835032663386,0.8714022012526713,0.012539184952978056,0.31347962382445144,0.006269592476489028,0.4608150470219436,-0.009404388714733543,0.050156739811912224,0.006269592476489028,0.09090909090909091,-0.008970523067986517,0.02366869523187039,0.8524278398747178,0.2946708463949843,0.13793103448275862,0.14733542319749215
hybrid_rrf,M2_team,laplace_eb_k10|std0.5,dev,319,0.0030161627921564825,0.7908597978351631,-0.003087442683575669,0.873467187616145,0.005290044531179447,0.7626537992686128,0.018808777429467086,0.31974921630094044,0.006269592476489028,0.4608150470219436,-0.003134796238244514,0.05642633228840126,0.006269592476489028,0.09090909090909091,0.001693631227487307,0.8862922135565349,-0.001855485865314926,0.9256453643958771,0.0024060551088805494,0.8713894728582855,0.018808777429467086,0.31974921630094044,0.006269592476489028,0.4608150470219436,-0.003134796238244514,0.05642633228840126,0.006269592476489028,0.09090909090909091,-0.012594966528510972,0.019030071786812083,0.9117022329707195,0.2413793103448276,0.12225705329153605,0.11285266457680251
hybrid_rrf,M2_team,laplace|std1,dev,319,-0.00872107261213763,0.7791225624308691,-0.007867974500671076,0.8686866557990496,0.002727125360861094,0.7600908800982944,0.012539184952978056,0.31347962382445144,0.006269592476489028,0.4608150470219436,-0.009404388714733543,0.050156739811912224,0.003134796238244514,0.0877742946708464,-0.005569734543468511,0.879028847785579,-0.00472082482610003,0.922780025435092,0.0008326519806183263,0.8698160697300232,0.012539184952978056,0.31347962382445144,0.006269592476489028,0.4608150470219436,-0.009404388714733543,0.050156739811912224,0.003134796238244514,0.0877742946708464,-0.02837774782473671,0.011833626543957004,0.4268359559855526,0.4169278996865204,0.1786833855799373,0.21316614420062696
hybrid_rrf,M2_team,laplace_eb_k2|std1,dev,319,-0.006180539353514166,0.7816630956894925,-0.007916610863141505,0.8686380194365791,0.008998120239816117,0.7663618749772494,0.003134796238244514,0.30407523510971785,0.009404388714733543,0.46394984326018807,-0.01567398119122257,0.0438871473354232,0.003134796238244514,0.0877742946708464,-0.004221927689908067,0.8803766546391395,-0.004361885281565794,0.9231389649796262,0.004530372253406011,0.8735137900028108,0.003134796238244514,0.30407523510971785,0.009404388714733543,0.46394984326018807,-0.01567398119122257,0.0438871473354232,0.003134796238244514,0.0877742946708464,-0.027597717232535065,0.015666349295842034,0.3673479892701772,0.4482758620689655,0.19122257053291536,0.23510971786833856
hybrid_rrf,M2_team,laplace_eb_k10|std1,dev,319,0.002641266883353828,0.7904849019263606,-0.005324465540882936,0.8712301647588377,0.00830025071494258,0.7656640054523758,0.0219435736677116,0.322884012539185,0.012539184952978056,0.4670846394984326,0.0,0.05956112852664577,0.006269592476489028,0.09090909090909091,0.0012696324657870683,0.8858682147948346,-0.0033062391893990736,0.9241946110717929,0.003730444474653767,0.8727138622240587,0.0219435736677116,0.322884012539185,0.012539184952978056,0.4670846394984326,0.0,0.05956112852664577,0.006269592476489028,0.09090909090909091,-0.014870858536361714,0.020698577992991758,0.8512392782628486,0.34796238244514105,0.15987460815047022,0.1724137931034483
hybrid_rrf,M2_team,laplace|std2,dev,319,-0.03328273634551834,0.7545608986974883,-0.01170460328599876,0.8648500270137219,-0.011538806630059097,0.7458249481073741,-0.02821316614420063,0.2727272727272727,-0.006269592476489028,0.4482758620689655,-0.02821316614420063,0.03134796238244514,0.0,0.08463949843260188,-0.018894062333719857,0.8657045199953276,-0.006579429752026979,0.920921420509165,-0.005747805400328203,0.8632356123490766,-0.02821316614420063,0.2727272727272727,-0.006269592476489028,0.4482758620689655,-0.02821316614420063,0.03134796238244514,0.0,0.08463949843260188,-0.05649823412988159,-0.010018645770567538,0.0020853079334471366,0.6050156739811913,0.23197492163009403,0.3385579937304075
hybrid_rrf,M2_team,laplace_eb_k2|std2,dev,319,-0.01711710848404696,0.7707265265589598,-0.01291676314086376,0.8636378671588569,-0.0037928838551418162,0.7535708708822915,-0.009404388714733543,0.29153605015673983,-0.003134796238244514,0.45141065830721006,-0.0219435736677116,0.03761755485893417,-0.006269592476489028,0.07836990595611286,-0.010533561807441114,0.8740650205216064,-0.006782750631200856,0.9207180996299911,-0.0021134325516261273,0.8668699851977787,-0.009404388714733543,0.29153605015673983,-0.003134796238244514,0.45141065830721006,-0.0219435736677116,0.03761755485893417,-0.006269592476489028,0.07836990595611286,-0.039622142424567554,0.005733996799046328,0.058490930188859126,0.5956112852664577,0.2476489028213166,0.31974921630094044
hybrid_rrf,M2_team,laplace_eb_k10|std2,dev,319,-0.009320914838755018,0.7785227202042517,-0.01072878892705732,0.8658258413726633,0.002950939267500067,0.7603146940049333,0.006269592476489028,0.3072100313479624,-0.003134796238244514,0.45141065830721006,-0.009404388714733543,0.050156739811912224,0.0,0.08463949843260188,-0.006383543010789399,0.8782150393182581,-0.005492735805930015,0.922008114455262,0.0010109935247786,0.8699944112741835,0.006269592476489028,0.3072100313479624,-0.003134796238244514,0.45141065830721006,-0.009404388714733543,0.050156739811912224,0.0,0.08463949843260188,-0.03197271593884334,0.013441795957359386,0.1861575672043626,0.5266457680250783,0.22570532915360503,0.27586206896551724
hybrid_rrf,M3_class,laplace|std0.5,dev,319,0.009562502320283633,0.7974061373632904,0.001061252385471308,0.877615882685192,0.006469560145958092,0.7638333148833913,0.04075235109717868,0.34169278996865204,0.01567398119122257,0.4702194357366771,-0.009404388714733543,0.050156739811912224,0.006269592476489028,0.09090909090909091,0.004536670577189765,0.8891352529062373,0.0005617963856664197,0.9280626466468583,0.0032044303828272338,0.8721878481322322,0.04075235109717868,0.34169278996865204,0.01567398119122257,0.4702194357366771,-0.009404388714733543,0.050156739811912224,0.006269592476489028,0.09090909090909091,-0.005758160370223948,0.025999900969592003,0.24776049054427973,0.22570532915360503,0.12225705329153605,0.09717868338557993
hybrid_rrf,M3_class,laplace_eb_k2|std0.5,dev,319,0.010521064778106713,0.7983646998211135,-0.00044406450654272,0.8761105657931779,0.007521601647232022,0.7648853563846653,0.04075235109717868,0.34169278996865204,0.01567398119122257,0.4702194357366771,-0.012539184952978056,0.047021943573667714,0.006269592476489028,0.09090909090909091,0.005437583572064821,0.8900361659011123,-0.00038988313704822503,0.9271109671241438,0.0032877587599440435,0.8722711765093489,0.04075235109717868,0.34169278996865204,0.01567398119122257,0.4702194357366771,-0.012539184952978056,0.047021943573667714,0.006269592476489028,0.09090909090909091,-0.004407583358099094,0.025992325098957363,0.13628805744953293,0.22570532915360503,0.12539184952978055,0.09717868338557993
hybrid_rrf,M3_class,laplace_eb_k10|std0.5,dev,319,0.007982930933420188,0.7958265659764269,-0.00038483888377963935,0.876169791415941,0.006096676132148338,0.7634604308695815,0.04075235109717868,0.34169278996865204,0.01567398119122257,0.4702194357366771,-0.006269592476489028,0.05329153605015674,0.006269592476489028,0.09090909090909091,0.0036169318569864973,0.8882155141860341,9.757205610364955e-05,0.9275984223172956,0.0027773867206513704,0.8717608044700563,0.04075235109717868,0.34169278996865204,0.01567398119122257,0.4702194357366771,-0.006269592476489028,0.05329153605015674,0.006269592476489028,0.09090909090909091,-0.006590653329994237,0.022671739964929858,0.3690740609572065,0.18808777429467086,0.09717868338557993,0.0877742946708464
hybrid_rrf,M3_class,laplace|std1,dev,319,-0.017479246172785384,0.7703643888702213,6.871911051878735e-05,0.8766233494102394,-0.00016739644507255327,0.7571963582923606,0.02821316614420063,0.329153605015674,0.009404388714733543,0.46394984326018807,-0.01567398119122257,0.0438871473354232,0.0,0.08463949843260188,-0.008732366524519966,0.8758662158045275,-0.0011279833354172662,0.9263728669257747,-0.000509845276237653,0.8684735724731673,0.02821316614420063,0.329153605015674,0.009404388714733543,0.46394984326018807,-0.01567398119122257,0.0438871473354232,0.0,0.08463949843260188,-0.03784987061958889,0.004261044118565065,0.17036136744132246,0.3510971786833856,0.15673981191222572,0.18495297805642633
hybrid_rrf,M3_class,laplace_eb_k2|std1,dev,319,-0.007675718714637816,0.7801679163283689,-0.0021632735071511104,0.8743913567925695,0.009059474621914027,0.7664232293593473,0.02821316614420063,0.329153605015674,0.012539184952978056,0.4670846394984326,-0.01567398119122257,0.0438871473354232,0.003134796238244514,0.0877742946708464,-0.003446068135922232,0.8811525141931252,-0.0011424507280128502,0.9263583995331791,0.0036755328828638268,0.8726589506322688,0.02821316614420063,0.329153605015674,0.012539184952978056,0.4670846394984326,-0.01567398119122257,0.0438871473354232,0.003134796238244514,0.0877742946708464,-0.02736063683668274,0.013223239239947547,0.5980516130746392,0.3385579937304075,0.16300940438871472,0.1755485893416928
hybrid_rrf,M3_class,laplace_eb_k10|std1,dev,319,-0.005336018868935146,0.7825076161740716,3.5623117674107086e-05,0.8765902534173947,0.007297938424498312,0.7646616931619314,0.02821316614420063,0.329153605015674,0.01567398119122257,0.4702194357366771,-0.012539184952978056,0.047021943573667714,0.003134796238244514,0.0877742946708464,-0.0030703068153237847,0.8815282755137237,-0.0003559963082818776,0.9271448539529101,0.003057331369962065,0.872040749119367,0.02821316614420063,0.329153605015674,0.01567398119122257,0.4702194357366771,-0.012539184952978056,0.047021943573667714,0.003134796238244514,0.0877742946708464,-0.024079590913807524,0.0138729994042213,0.6971748849466213,0.3322884012539185,0.15673981191222572,0.16927899686520376
hybrid_rrf,M3_class,laplace|std2,dev,319,-0.052218062610461795,0.7356255724325449,-0.012679769514496423,0.8638748607852242,-0.025776271741592017,0.7315874829958412,0.0219435736677116,0.322884012539185,0.003134796238244514,0.45768025078369906,-0.018808777429467086,0.04075235109717868,-0.003134796238244514,0.08150470219435736,-0.026086006605513044,0.8585125757235345,-0.006961361648147009,0.9205394886130449,-0.012436850093375178,0.8565465676560299,0.0219435736677116,0.322884012539185,0.003134796238244514,0.45768025078369906,-0.018808777429467086,0.04075235109717868,-0.003134796238244514,0.08150470219435736,-0.07843560907510941,-0.024734553275483902,0.00011902230318811857,0.4952978056426332,0.1724137931034483,0.30407523510971785
hybrid_rrf,M3_class,laplace_eb_k2|std2,dev,319,-0.035915364385772273,0.7519282706572344,-0.0020483849003770883,0.8745062453993435,-0.006254926279514185,0.751108828457919,0.02821316614420063,0.329153605015674,0.01567398119122257,0.4702194357366771,-0.01567398119122257,0.0438871473354232,0.0,0.08463949843260188,-0.016808173873207786,0.8677904084558398,-0.0007611084320702149,0.9267397418291218,-0.003957604950871959,0.865025812798533,0.02821316614420063,0.329153605015674,0.01567398119122257,0.4702194357366771,-0.01567398119122257,0.0438871473354232,0.0,0.08463949843260188,-0.06117704563531849,-0.010694686764833696,0.005967502118651447,0.47962382445141066,0.19122257053291536,0.2884012539184953
hybrid_rrf,M3_class,laplace_eb_k10|std2,dev,319,-0.03414869095931606,0.7536949440836906,-0.00276178738166546,0.8737928429180551,-0.005870355843189742,0.7514933988942435,0.02821316614420063,0.329153605015674,0.012539184952978056,0.4670846394984326,-0.018808777429467086,0.04075235109717868,0.0,0.08463949843260188,-0.01637416704321356,0.8682244152858339,-0.0019562348116154205,0.9255446154495766,-0.0035113102590028766,0.8654721074904022,0.02821316614420063,0.329153605015674,0.012539184952978056,0.4670846394984326,-0.018808777429467086,0.04075235109717868,0.0,0.08463949843260188,-0.05972893523945704,-0.008423456740580225,0.014612966697002494,0.4702194357366771,0.19435736677115986,0.2727272727272727
hybrid_rrf,M4_intersection,laplace|std0.5,dev,319,0.013617505474150369,0.8014611405171571,-0.0013089222033569432,0.8752457080963637,0.006610264629125598,0.7639740193665587,0.03761755485893417,0.3385579937304075,0.01567398119122257,0.4702194357366771,-0.006269592476489028,0.05329153605015674,0.006269592476489028,0.09090909090909091,0.006371576023699721,0.8909701583527473,-0.0010632625941572518,0.9264375876670347,0.003065114372576293,0.8720485321219813,0.03761755485893417,0.3385579937304075,0.01567398119122257,0.4702194357366771,-0.006269592476489028,0.05329153605015674,0.006269592476489028,0.09090909090909091,-0.001853701983779949,0.03031107698067974,0.1185417091938289,0.27586206896551724,0.15047021943573669,0.11912225705329153
hybrid_rrf,M4_intersection,laplace_eb_k2|std0.5,dev,319,0.015304218919299614,0.8031478539623064,-5.5767432275610655e-05,0.876498862867445,0.00659401546638214,0.7639577702038154,0.03761755485893417,0.3385579937304075,0.01567398119122257,0.4702194357366771,-0.006269592476489028,0.05329153605015674,0.006269592476489028,0.09090909090909091,0.007697529553619672,0.8922961118826672,-0.0006019454391025077,0.9268989048220895,0.0028032370308723573,0.8717866547802774,0.03761755485893417,0.3385579937304075,0.01567398119122257,0.4702194357366771,-0.006269592476489028,0.05329153605015674,0.006269592476489028,0.09090909090909091,0.000616543919875704,0.03097605066006085,0.06611638910351304,0.23510971786833856,0.13166144200626959,0.10344827586206896
hybrid_rrf,M4_intersection,laplace_eb_k10|std0.5,dev,319,0.014789823127390822,0.8026334581703976,0.001383991263876888,0.8779386215635976,0.006469422349922337,0.7638331770873555,0.03134796238244514,0.3322884012539185,0.0219435736677116,0.47648902821316613,0.0,0.05956112852664577,0.006269592476489028,0.09090909090909091,0.007603274617449243,0.8922018569464968,0.0008620193759475756,0.9283628696371395,0.0029613850071886117,0.8719448027565935,0.03134796238244514,0.3322884012539185,0.0219435736677116,0.47648902821316613,0.0,0.05956112852664577,0.006269592476489028,0.09090909090909091,0.003501910772349767,0.027470403461247028,0.02697103699835859,0.1755485893416928,0.10031347962382445,0.07210031347962383
hybrid_rrf,M4_intersection,laplace|std1,dev,319,-0.00026683046899992843,0.7875768045740068,-0.0031089271684425377,0.8734457031312781,0.003645878166053739,0.7610096329034869,0.04075235109717868,0.34169278996865204,0.006269592476489028,0.4608150470219436,-0.006269592476489028,0.05329153605015674,0.003134796238244514,0.0877742946708464,-0.0009798116071097155,0.8836187707219378,-0.0020949552799093313,0.9254058949812827,0.0012429762596620675,0.870226394009067,0.04075235109717868,0.34169278996865204,0.006269592476489028,0.4608150470219436,-0.006269592476489028,0.05329153605015674,0.003134796238244514,0.0877742946708464,-0.018149475360341765,0.019560078839803544,0.9012752060400795,0.4200626959247649,0.20689655172413793,0.20376175548589343
hybrid_rrf,M4_intersection,laplace_eb_k2|std1,dev,319,0.008714409270630361,0.7965580443136371,-0.0017067503219114202,0.8748478799778092,0.010031558797464103,0.7673953135348973,0.0438871473354232,0.3448275862068966,0.01567398119122257,0.4702194357366771,-0.003134796238244514,0.05642633228840126,0.003134796238244514,0.0877742946708464,0.0033904196326635474,0.887989001961711,-0.0009735303239015202,0.9265273199372904,0.004043383377846505,0.8730268011272514,0.0438871473354232,0.3448275862068966,0.01567398119122257,0.4702194357366771,-0.003134796238244514,0.05642633228840126,0.003134796238244514,0.0877742946708464,-0.009140419429839591,0.027813987830963248,0.35862484009481577,0.34796238244514105,0.18181818181818182,0.16614420062695925
hybrid_rrf,M4_intersection,laplace_eb_k10|std1,dev,319,0.012218887529403064,0.8000625225724097,-0.000418175630808624,0.876136454668912,0.011324077966071223,0.7686878327035045,0.04075235109717868,0.34169278996865204,0.012539184952978056,0.4670846394984326,0.003134796238244514,0.06269592476489028,0.006269592476489028,0.09090909090909091,0.005413634463163753,0.8900122167922112,-0.000450095039176343,0.9270507552220156,0.0051924208862280784,0.874175838635633,0.04075235109717868,0.34169278996865204,0.012539184952978056,0.4670846394984326,0.003134796238244514,0.06269592476489028,0.006269592476489028,0.09090909090909091,-0.004091600143003239,0.02890784052378705,0.1104665703864627,0.3072100313479624,0.16300940438871472,0.13479623824451412
hybrid_rrf,M4_intersection,laplace|std2,dev,319,-0.03189554976351956,0.7559480852794871,-0.01016034667021055,0.8663942836295101,-0.013128220033029029,0.7442355347044042,0.034482758620689655,0.335423197492163,0.0,0.45454545454545453,-0.009404388714733543,0.050156739811912224,0.0,0.08463949843260188,-0.015732888891405446,0.8688656934376421,-0.005006734480304777,0.9224941157808871,-0.006096338347581485,0.8628870794018236,0.034482758620689655,0.335423197492163,0.0,0.45454545454545453,-0.009404388714733543,0.050156739811912224,0.0,0.08463949843260188,-0.05666701941456074,-0.007200760732997548,0.01532320653252831,0.5579937304075235,0.23510971786833856,0.30094043887147337
hybrid_rrf,M4_intersection,laplace_eb_k2|std2,dev,319,-0.01497950991119337,0.7728641251318134,0.0009249604794672664,0.8774795907791879,0.004664836950062958,0.7620285916874963,0.034482758620689655,0.335423197492163,0.01567398119122257,0.4702194357366771,0.0,0.05956112852664577,0.003134796238244514,0.0877742946708464,-0.007820611463445107,0.8767779708656024,0.0008693830720309554,0.9283702333332229,0.0015194993407748694,0.8705029170901798,0.034482758620689655,0.335423197492163,0.01567398119122257,0.4702194357366771,0.0,0.05956112852664577,0.003134796238244514,0.0877742946708464,-0.03801349104968919,0.008518574879647777,0.17176747645294344,0.45768025078369906,0.20689655172413793,0.2507836990595611
hybrid_rrf,M4_intersection,laplace_eb_k10|std2,dev,319,0.0018089204839778171,0.7896525555269845,-0.0019317038567462311,0.8746229264429745,0.008323484168717855,0.7656872389061511,0.04075235109717868,0.34169278996865204,0.006269592476489028,0.4608150470219436,0.0,0.05956112852664577,0.0,0.08463949843260188,-0.0006609615113667934,0.8839376208176807,-0.0012306421528041924,0.9262702081083878,0.003294654624962882,0.8722780723743679,0.04075235109717868,0.34169278996865204,0.006269592476489028,0.4608150470219436,0.0,0.05956112852664577,0.0,0.08463949843260188,-0.01883352118482971,0.023217703205851554,0.6910184813661719,0.4263322884012539,0.21316614420062696,0.2006269592476489
hybrid_rrf,M5_backoff,laplace|std0.5,dev,319,0.013306647772699314,0.801150282815706,0.0004168124781880633,0.8769714427779087,0.007073064718313728,0.7644368194557469,0.03761755485893417,0.3385579937304075,0.018808777429467086,0.47335423197492166,-0.006269592476489028,0.05329153605015674,0.006269592476489028,0.09090909090909091,0.006811001457764437,0.8914095837868119,-2.7345639411184854e-05,0.9274735046217808,0.0036123472321369808,0.8725957649815418,0.03761755485893417,0.3385579937304075,0.018808777429467086,0.47335423197492166,-0.006269592476489028,0.05329153605015674,0.006269592476489028,0.09090909090909091,-0.0012582223874087618,0.029680793471984726,0.15098811954278415,0.27586206896551724,0.14733542319749215,0.12225705329153605
hybrid_rrf,M5_backoff,laplace_eb_k2|std0.5,dev,319,0.01205206821237612,0.7998957032553828,0.0006918343350431389,0.8772464646347637,0.006891261024815164,0.7642550157622484,0.034482758620689655,0.335423197492163,0.01567398119122257,0.4702194357366771,-0.006269592476489028,0.05329153605015674,0.006269592476489028,0.09090909090909091,0.006194067318985081,0.8907926496480326,0.00018234948005795853,0.9276831997412499,0.0028543368028622813,0.8718377545522673,0.034482758620689655,0.335423197492163,0.01567398119122257,0.4702194357366771,-0.006269592476489028,0.05329153605015674,0.006269592476489028,0.09090909090909091,-0.0033320095623641925,0.02848898246242053,0.3628416249849974,0.2727272727272727,0.13793103448275862,0.13479623824451412
hybrid_rrf,M5_backoff,laplace_eb_k10|std0.5,dev,319,0.003448462761868504,0.7912920978048752,-0.00023444263165273637,0.876320187668068,0.007995316285791818,0.765359071023225,0.02821316614420063,0.329153605015674,0.018808777429467086,0.47335423197492166,0.0,0.05956112852664577,0.006269592476489028,0.09090909090909091,0.0021723134203764337,0.8867708957494239,-7.346038908046615e-05,0.9274273898721115,0.003695390478570633,0.8726788082279755,0.02821316614420063,0.329153605015674,0.018808777429467086,0.47335423197492166,0.0,0.05956112852664577,0.006269592476489028,0.09090909090909091,-0.01019446889820237,0.017513375587434415,0.7014840229494641,0.2225705329153605,0.109717868338558,0.109717868338558
hybrid_rrf,M5_backoff,laplace|std1,dev,319,0.00047099891594584833,0.7883146339589525,-0.001462290466392302,0.8750923398333283,0.005598632734397364,0.7629623874718305,0.03134796238244514,0.3322884012539185,0.012539184952978056,0.4670846394984326,-0.012539184952978056,0.047021943573667714,0.003134796238244514,0.0877742946708464,-8.568130316779158e-05,0.8845129010258798,-0.0010730650357691845,0.9264277852254228,0.0022931298678945233,0.8712765476172993,0.03134796238244514,0.3322884012539185,0.012539184952978056,0.4670846394984326,-0.012539184952978056,0.047021943573667714,0.003134796238244514,0.0877742946708464,-0.01642379970012414,0.018727604504733052,0.9601478326660687,0.4231974921630094,0.2006269592476489,0.21316614420062696
hybrid_rrf,M5_backoff,laplace_eb_k2|std1,dev,319,0.005996063234850905,0.7938396982778576,-0.0030434866403711252,0.8735111436593496,0.011740676502822709,0.769104431240256,0.02821316614420063,0.329153605015674,0.012539184952978056,0.4670846394984326,-0.009404388714733543,0.050156739811912224,0.003134796238244514,0.0877742946708464,0.002349982721304819,0.8869485650503524,-0.0015294729355360647,0.9259713773256559,0.005291006725783633,0.8742744244751887,0.02821316614420063,0.329153605015674,0.012539184952978056,0.4670846394984326,-0.009404388714733543,0.050156739811912224,0.003134796238244514,0.0877742946708464,-0.012199888816891607,0.02537361480832847,0.7302208771198482,0.4012539184952978,0.1974921630094044,0.20376175548589343
hybrid_rrf,M5_backoff,laplace_eb_k10|std1,dev,319,0.005190237819401074,0.7930338728624078,-0.0001831329354671849,0.8763714973642535,0.013065702260287953,0.7704294569977213,0.03134796238244514,0.3322884012539185,0.012539184952978056,0.4670846394984326,0.0,0.05956112852664577,0.006269592476489028,0.09090909090909091,0.002009357124286759,0.8866079394533343,-0.00037787625782168395,0.9271229740033703,0.005974205011110697,0.8749576227605157,0.03134796238244514,0.3322884012539185,0.012539184952978056,0.4670846394984326,0.0,0.05956112852664577,0.006269592476489028,0.09090909090909091,-0.012881640155090246,0.023805486140509938,0.6890468698221051,0.3573667711598746,0.1724137931034483,0.1755485893416928
hybrid_rrf,M5_backoff,laplace|std2,dev,319,-0.034430811491132154,0.7534128235518746,-0.004568539116076168,0.8719860911836445,-0.004438021905183044,0.7529257328322502,0.03134796238244514,0.3322884012539185,0.009404388714733543,0.46394984326018807,-0.01567398119122257,0.0438871473354232,0.003134796238244514,0.0877742946708464,-0.017204508045250345,0.8673940742837971,-0.0020343751929770442,0.9254664750682149,-0.0025218133642381985,0.8664616043851667,0.03134796238244514,0.3322884012539185,0.009404388714733543,0.46394984326018807,-0.01567398119122257,0.0438871473354232,0.003134796238244514,0.0877742946708464,-0.059884616935211105,-0.009644160294163758,0.013389491283464717,0.5830721003134797,0.2445141065830721,0.3166144200626959
hybrid_rrf,M5_backoff,laplace_eb_k2|std2,dev,319,-0.020459606682992654,0.7673840283600141,-0.0024697760522926116,0.874084854247428,0.004256360330925465,0.7616201150683587,0.01567398119122257,0.3166144200626959,0.009404388714733543,0.46394984326018807,-0.006269592476489028,0.05329153605015674,0.003134796238244514,0.0877742946708464,-0.00988095316767319,0.8747176291613743,-0.0005154145361861465,0.9269854357250058,0.0018784721630120333,0.870861889912417,0.01567398119122257,0.3166144200626959,0.009404388714733543,0.46394984326018807,-0.006269592476489028,0.05329153605015674,0.003134796238244514,0.0877742946708464,-0.04354553893383674,0.004218146746808814,0.061468336462876506,0.5141065830721003,0.2225705329153605,0.29153605015673983
hybrid_rrf,M5_backoff,laplace_eb_k10|std2,dev,319,-0.003003692388721394,0.7848399426542854,-0.0021428004794733654,0.8744118298202472,0.009367291741423473,0.7667310464788567,0.025078369905956112,0.32601880877742945,0.003134796238244514,0.45768025078369906,-0.006269592476489028,0.05329153605015674,0.0,0.08463949843260188,-0.002381346162210064,0.8822172361668374,-0.001350854538077471,0.9261499957231145,0.004101216643581571,0.8730846343929867,0.025078369905956112,0.32601880877742945,0.003134796238244514,0.45768025078369906,-0.006269592476489028,0.05329153605015674,0.0,0.08463949843260188,-0.02590613223694055,0.019702405223862293,0.7879163008907983,0.5047021943573667,0.2413793103448276,0.2507836990595611
