lift,routing,train_gain,dev_gain,dev_pct_improved,dev_pct_worsened,min_evidence,w_global,w_class,w_team,w_intersection
laplace_eb_k2|absolute1,M1_global,-0.07928498596131191,-0.09259146766088973,0.18495297805642633,0.4012539184952978,,,,,
laplace_eb_k2|absolute1,M2_team,-0.0653617427684897,-0.07446185355789983,0.1724137931034483,0.3573667711598746,,,,,
laplace_eb_k2|absolute1,M3_class,-0.05161256093642163,-0.05776703272446943,0.18808777429467086,0.2852664576802508,,,,,
laplace_eb_k2|absolute1,M4_intersection,-0.04824316413576687,-0.046297758829350756,0.18808777429467086,0.25705329153605017,,,,,
laplace_eb_k2|absolute1,M5_backoff,-0.050164815927601095,-0.04335713604914731,0.20376175548589343,0.26332288401253917,1.0,,,,
laplace_eb_k2|absolute1,M5_backoff,-0.05346521806286898,-0.048870433589040675,0.20376175548589343,0.26959247648902823,2.0,,,,
laplace_eb_k2|absolute1,M5_backoff,-0.05444987222434558,-0.05555320728488477,0.19122257053291536,0.2852664576802508,3.0,,,,
laplace_eb_k2|absolute1,M5_backoff,-0.05790158864222085,-0.058590443401968215,0.19435736677115986,0.29153605015673983,5.0,,,,
laplace_eb_k2|absolute1,M5_backoff,-0.05590389844837359,-0.0658410686801033,0.20689655172413793,0.3103448275862069,8.0,,,,
laplace_eb_k2|absolute1,M6_blend,-0.015578548943704517,-0.018693453220644713,0.11598746081504702,0.13479623824451412,,0.0,0.0,0.0,0.25
laplace_eb_k2|absolute1,M6_blend,-0.03422556649087366,-0.036891295373159515,0.13166144200626959,0.18808777429467086,,0.0,0.0,0.0,0.5
laplace_eb_k2|absolute1,M6_blend,-0.04057773626526152,-0.04490085676032174,0.16300940438871472,0.22570532915360503,,0.0,0.0,0.0,0.75
laplace_eb_k2|absolute1,M6_blend,-0.04824316413576687,-0.046297758829350756,0.18808777429467086,0.25705329153605017,,0.0,0.0,0.0,1.0
laplace_eb_k2|absolute1,M6_blend,-0.021727543884298525,-0.023555211115593448,0.11285266457680251,0.15047021943573669,,0.0,0.0,0.25,0.0
laplace_eb_k2|absolute1,M6_blend,-0.03547948072314398,-0.02442860578808665,0.14733542319749215,0.20689655172413793,,0.0,0.0,0.25,0.25
laplace_eb_k2|absolute1,M6_blend,-0.046251926692054184,-0.03498334284626578,0.1786833855799373,0.22884012539184953,,0.0,0.0,0.25,0.5
laplace_eb_k2|absolute1,M6_blend,-0.05093797368627542,-0.04297662265949115,0.19435736677115986,0.26959247648902823,,0.0,0.0,0.25,0.75
laplace_eb_k2|absolute1,M6_blend,-0.05299874611733511,-0.05270054645626149,0.1974921630094044,0.30407523510971785,,0.0,0.0,0.25,1.0
laplace_eb_k2|absolute1,M6_blend,-0.0455939117100425,-0.03877272389151833,0.14106583072100312,0.23824451410658307,,0.0,0.0,0.5,0.0
laplace_eb_k2|absolute1,M6_blend,-0.04633690945296028,-0.032082600641680364,0.1724137931034483,0.25391849529780564,,0.0,0.0,0.5,0.25
laplace_eb_k2|absolute1,M6_blend,-0.05372819882167338,-0.04794072192804567,0.18808777429467086,0.2884012539184953,,0.0,0.0,0.5,0.5
laplace_eb_k2|absolute1,M6_blend,-0.05674699798108615,-0.055948792007929855,0.1974921630094044,0.3166144200626959,,0.0,0.0,0.5,0.75
laplace_eb_k2|absolute1,M6_blend,-0.06159273480942392,-0.059026594691235446,0.21630094043887146,0.3448275862068966,,0.0,0.0,0.5,1.0
laplace_eb_k2|absolute1,M6_blend,-0.06031165061362622,-0.06140208831728439,0.16300940438871472,0.3072100313479624,,0.0,0.0,0.75,0.0
laplace_eb_k2|absolute1,M6_blend,-0.05627707842390577,-0.05851470343885377,0.1786833855799373,0.31347962382445144,,0.0,0.0,0.75,0.25
laplace_eb_k2|absolute1,M6_blend,-0.05834219999137231,-0.06007317903226819,0.1974921630094044,0.329153605015674,,0.0,0.0,0.75,0.5
laplace_eb_k2|absolute1,M6_blend,-0.06421845146865374,-0.05829892883246595,0.21630094043887146,0.3510971786833856,,0.0,0.0,0.75,0.75
laplace_eb_k2|absolute1,M6_blend,-0.06715232785817676,-0.06888289627003072,0.23824451410658307,0.36363636363636365,,0.0,0.0,0.75,1.0
laplace_eb_k2|absolute1,M6_blend,-0.0653617427684897,-0.07446185355789983,0.1724137931034483,0.3573667711598746,,0.0,0.0,1.0,0.0
laplace_eb_k2|absolute1,M6_blend,-0.060511162269336505,-0.07172704790499891,0.19122257053291536,0.3542319749216301,,0.0,0.0,1.0,0.25
laplace_eb_k2|absolute1,M6_blend,-0.06780375360595041,-0.06234981608942011,0.21630094043887146,0.3667711598746082,,0.0,0.0,1.0,0.5
laplace_eb_k2|absolute1,M6_blend,-0.07276272363265963,-0.06722816169775765,0.23824451410658307,0.3793103448275862,,0.0,0.0,1.0,0.75
laplace_eb_k2|absolute1,M6_blend,-0.07443083962133888,-0.07310303315800559,0.2445141065830721,0.39184952978056425,,0.0,0.0,1.0,1.0
laplace_eb_k2|absolute1,M6_blend,-0.017274089098180345,-0.02644101254712078,0.11598746081504702,0.14733542319749215,,0.0,0.25,0.0,0.0
laplace_eb_k2|absolute1,M6_blend,-0.03493834970675935,-0.04577136641152226,0.13479623824451412,0.20689655172413793,,0.0,0.25,0.0,0.25
laplace_eb_k2|absolute1,M6_blend,-0.044597175876039306,-0.04800971187534377,0.15047021943573669,0.2413793103448276,,0.0,0.25,0.0,0.5
laplace_eb_k2|absolute1,M6_blend,-0.047707455784320014,-0.04988631831487892,0.18808777429467086,0.2727272727272727,,0.0,0.25,0.0,0.75
laplace_eb_k2|absolute1,M6_blend,-0.05505159162281925,-0.05183843746314228,0.2006269592476489,0.30094043887147337,,0.0,0.25,0.0,1.0
laplace_eb_k2|absolute1,M6_blend,-0.039251953989250375,-0.04747749373410189,0.14106583072100312,0.2225705329153605,,0.0,0.25,0.25,0.0
laplace_eb_k2|absolute1,M6_blend,-0.0491254849482438,-0.047621489610511304,0.1536050156739812,0.2476489028213166,,0.0,0.25,0.25,0.25
laplace_eb_k2|absolute1,M6_blend,-0.05393241137342532,-0.05051155898684992,0.18495297805642633,0.28213166144200624,,0.0,0.25,0.25,0.5
laplace_eb_k2|absolute1,M6_blend,-0.05651439124917726,-0.05164156771238695,0.1974921630094044,0.3103448275862069,,0.0,0.25,0.25,0.75
laplace_eb_k2|absolute1,M6_blend,-0.06552997839707109,-0.0592459117801025,0.21316614420062696,0.3385579937304075,,0.0,0.25,0.25,1.0
laplace_eb_k2|absolute1,M6_blend,-0.051163815206143756,-0.059814681488798704,0.14733542319749215,0.2884012539184953,,0.0,0.25,0.5,0.0
laplace_eb_k2|absolute1,M6_blend,-0.0547372321314486,-0.05989779007612351,0.1724137931034483,0.3166144200626959,,0.0,0.25,0.5,0.25
laplace_eb_k2|absolute1,M6_blend,-0.05988769707400437,-0.055546755829481494,0.19435736677115986,0.32601880877742945,,0.0,0.25,0.5,0.5
laplace_eb_k2|absolute1,M6_blend,-0.06531761405307478,-0.054966416046443776,0.219435736677116,0.3448275862068966,,0.0,0.25,0.5,0.75
laplace_eb_k2|absolute1,M6_blend,-0.06799022988538239,-0.06887046258230942,0.22570532915360503,0.3761755485893417,,0.0,0.25,0.5,1.0
laplace_eb_k2|absolute1,M6_blend,-0.057701004102904616,-0.06393234449260661,0.18181818181818182,0.31974921630094044,,0.0,0.25,0.75,0.0
laplace_eb_k2|absolute1,M6_blend,-0.06153128459728228,-0.060294586931556746,0.19435736677115986,0.34169278996865204,,0.0,0.25,0.75,0.25
laplace_eb_k2|absolute1,M6_blend,-0.06701696886662988,-0.059642094558215814,0.21316614420062696,0.3542319749216301,,0.0,0.25,0.75,0.5
laplace_eb_k2|absolute1,M6_blend,-0.0717172535300225,-0.06968524639836299,0.23824451410658307,0.3793103448275862,,0.0,0.25,0.75,0.75
laplace_eb_k2|absolute1,M6_blend,-0.07548329281034097,-0.06977594768786131,0.2507836990595611,0.39184952978056425,,0.0,0.25,0.75,1.0
laplace_eb_k2|absolute1,M6_blend,-0.0646050712138792,-0.07220421321573302,0.19122257053291536,0.36363636363636365,,0.0,0.25,1.0,0.0
laplace_eb_k2|absolute1,M6_blend,-0.07282321327572777,-0.06383198302320926,0.21316614420062696,0.3793103448275862,,0.0,0.25,1.0,0.25
laplace_eb_k2|absolute1,M6_blend,-0.0768005025760294,-0.07404938666003999,0.2225705329153605,0.40752351097178685,,0.0,0.25,1.0,0.5
laplace_eb_k2|absolute1,M6_blend,-0.0804191632029242,-0.07523218503799932,0.2413793103448276,0.41379310344827586,,0.0,0.25,1.0,0.75
laplace_eb_k2|absolute1,M6_blend,-0.08303892101847475,-0.08175188014546532,0.2476489028213166,0.4200626959247649,,0.0,0.25,1.0,1.0
laplace_eb_k2|absolute1,M6_blend,-0.036392048722587035,-0.05331624052881447,0.13793103448275862,0.23197492163009403,,0.0,0.5,0.0,0.0
laplace_eb_k2|absolute1,M6_blend,-0.0426796968275329,-0.05171295055728347,0.1536050156739812,0.2476489028213166,,0.0,0.5,0.0,0.25
laplace_eb_k2|absolute1,M6_blend,-0.04940516194477168,-0.05056764156233554,0.16927899686520376,0.27899686520376177,,0.0,0.5,0.0,0.5
laplace_eb_k2|absolute1,M6_blend,-0.05137053692335759,-0.05102287147626234,0.1974921630094044,0.3072100313479624,,0.0,0.5,0.0,0.75
laplace_eb_k2|absolute1,M6_blend,-0.06321690295629866,-0.05815553091770056,0.21316614420062696,0.335423197492163,,0.0,0.5,0.0,1.0
laplace_eb_k2|absolute1,M6_blend,-0.04918000813794231,-0.05153346499632518,0.16614420062695925,0.25705329153605017,,0.0,0.5,0.25,0.0
laplace_eb_k2|absolute1,M6_blend,-0.05353943556801741,-0.04968488768770777,0.1724137931034483,0.28213166144200624,,0.0,0.5,0.25,0.25
laplace_eb_k2|absolute1,M6_blend,-0.053963157501080175,-0.050141624487399304,0.20376175548589343,0.3072100313479624,,0.0,0.5,0.25,0.5
laplace_eb_k2|absolute1,M6_blend,-0.06526694744231354,-0.05326533276692827,0.21316614420062696,0.335423197492163,,0.0,0.5,0.25,0.75
laplace_eb_k2|absolute1,M6_blend,-0.06907933710698794,-0.06806609344005958,0.2225705329153605,0.3510971786833856,,0.0,0.5,0.25,1.0
laplace_eb_k2|absolute1,M6_blend,-0.05738149914950989,-0.057252769968632995,0.1755485893416928,0.3103448275862069,,0.0,0.5,0.5,0.0
laplace_eb_k2|absolute1,M6_blend,-0.05891107960263636,-0.05547331529304525,0.2006269592476489,0.329153605015674,,0.0,0.5,0.5,0.25
laplace_eb_k2|absolute1,M6_blend,-0.06440881333618312,-0.05785931468150085,0.21003134796238246,0.3510971786833856,,0.0,0.5,0.5,0.5
laplace_eb_k2|absolute1,M6_blend,-0.06872099520270511,-0.06940977136403043,0.22884012539184953,0.3730407523510972,,0.0,0.5,0.5,0.75
laplace_eb_k2|absolute1,M6_blend,-0.07404816463819847,-0.07734105646096427,0.22884012539184953,0.3949843260188088,,0.0,0.5,0.5,1.0
laplace_eb_k2|absolute1,M6_blend,-0.05969989843531841,-0.057949651826792,0.2006269592476489,0.34169278996865204,,0.0,0.5,0.75,0.0
laplace_eb_k2|absolute1,M6_blend,-0.06782327525573305,-0.06142331238217115,0.21316614420062696,0.3605015673981191,,0.0,0.5,0.75,0.25
laplace_eb_k2|absolute1,M6_blend,-0.07249386636842602,-0.07646324724939924,0.22884012539184953,0.3887147335423197,,0.0,0.5,0.75,0.5
laplace_eb_k2|absolute1,M6_blend,-0.07787491856614905,-0.07548823832391198,0.2413793103448276,0.3949843260188088,,0.0,0.5,0.75,0.75
laplace_eb_k2|absolute1,M6_blend,-0.08172178002003291,-0.08383587386961268,0.2413793103448276,0.41379310344827586,,0.0,0.5,0.75,1.0
laplace_eb_k2|absolute1,M6_blend,-0.07337383195521323,-0.07119314268605088,0.20689655172413793,0.3949843260188088,,0.0,0.5,1.0,0.0
laplace_eb_k2|absolute1,M6_blend,-0.07673577583529657,-0.07878659398157768,0.21630094043887146,0.41379310344827586,,0.0,0.5,1.0,0.25
laplace_eb_k2|absolute1,M6_blend,-0.0798483914496793,-0.07895052233319672,0.23824451410658307,0.4106583072100313,,0.0,0.5,1.0,0.5
laplace_eb_k2|absolute1,M6_blend,-0.08625963992404206,-0.08417250903842965,0.23824451410658307,0.42946708463949845,,0.0,0.5,1.0,0.75
laplace_eb_k2|absolute1,M6_blend,-0.08604131333751643,-0.08907249543033423,0.2413793103448276,0.43260188087774293,,0.0,0.5,1.0,1.0
laplace_eb_k2|absolute1,M6_blend,-0.04226996400870875,-0.053306506006601834,0.1724137931034483,0.2601880877742947,,0.0,0.75,0.0,0.0
laplace_eb_k2|absolute1,M6_blend,-0.04974631809444933,-0.05052191260793366,0.18808777429467086,0.2664576802507837,,0.0,0.75,0.0,0.25
laplace_eb_k2|absolute1,M6_blend,-0.054728222351122416,-0.05147595375449306,0.20376175548589343,0.3072100313479624,,0.0,0.75,0.0,0.5
laplace_eb_k2|absolute1,M6_blend,-0.06167106002416453,-0.05396690557135684,0.22884012539184953,0.31974921630094044,,0.0,0.75,0.0,0.75
laplace_eb_k2|absolute1,M6_blend,-0.06861887083458873,-0.0673909023240629,0.22884012539184953,0.34796238244514105,,0.0,0.75,0.0,1.0
laplace_eb_k2|absolute1,M6_blend,-0.055198974436433276,-0.04926263278227615,0.19122257053291536,0.2727272727272727,,0.0,0.75,0.25,0.0
laplace_eb_k2|absolute1,M6_blend,-0.05568797134524869,-0.05069111489623691,0.21003134796238246,0.3103448275862069,,0.0,0.75,0.25,0.25
laplace_eb_k2|absolute1,M6_blend,-0.06357441515850586,-0.056167354065703,0.21316614420062696,0.335423197492163,,0.0,0.75,0.25,0.5
laplace_eb_k2|absolute1,M6_blend,-0.07094456882964913,-0.06646611498300932,0.22884012539184953,0.34796238244514105,,0.0,0.75,0.25,0.75
laplace_eb_k2|absolute1,M6_blend,-0.07574465225507974,-0.07170794555059047,0.23510971786833856,0.36363636363636365,,0.0,0.75,0.25,1.0
laplace_eb_k2|absolute1,M6_blend,-0.06131029741309269,-0.054425193796804335,0.21003134796238246,0.329153605015674,,0.0,0.75,0.5,0.0
laplace_eb_k2|absolute1,M6_blend,-0.06656446396601269,-0.06113763946490976,0.21630094043887146,0.3605015673981191,,0.0,0.75,0.5,0.25
laplace_eb_k2|absolute1,M6_blend,-0.07278792682323384,-0.07652257995966086,0.22884012539184953,0.3824451410658307,,0.0,0.75,0.5,0.5
laplace_eb_k2|absolute1,M6_blend,-0.07818632129954221,-0.0784953689570524,0.23197492163009403,0.3981191222570533,,0.0,0.75,0.5,0.75
laplace_eb_k2|absolute1,M6_blend,-0.08141470920312556,-0.08530882695765704,0.23197492163009403,0.4231974921630094,,0.0,0.75,0.5,1.0
laplace_eb_k2|absolute1,M6_blend,-0.06890185442747833,-0.06660291960106748,0.21003134796238246,0.36990595611285265,,0.0,0.75,0.75,0.0
laplace_eb_k2|absolute1,M6_blend,-0.07733900288405249,-0.07578831036402887,0.22884012539184953,0.3824451410658307,,0.0,0.75,0.75,0.25
laplace_eb_k2|absolute1,M6_blend,-0.08045361899629719,-0.08372078227539048,0.23510971786833856,0.4012539184952978,,0.0,0.75,0.75,0.5
laplace_eb_k2|absolute1,M6_blend,-0.08541799682072641,-0.08969676371979116,0.23824451410658307,0.4263322884012539,,0.0,0.75,0.75,0.75
laplace_eb_k2|absolute1,M6_blend,-0.0859157525192297,-0.09156470247150215,0.2476489028213166,0.4231974921630094,,0.0,0.75,0.75,1.0
laplace_eb_k2|absolute1,M6_blend,-0.07986364300030757,-0.0811029713612552,0.219435736677116,0.41379310344827586,,0.0,0.75,1.0,0.0
laplace_eb_k2|absolute1,M6_blend,-0.08388837861615299,-0.08408714867077277,0.23197492163009403,0.4263322884012539,,0.0,0.75,1.0,0.25
laplace_eb_k2|absolute1,M6_blend,-0.08977653735379873,-0.08626429272996594,0.2445141065830721,0.42946708463949845,,0.0,0.75,1.0,0.5
laplace_eb_k2|absolute1,M6_blend,-0.0881940972291735,-0.08947303731192989,0.2476489028213166,0.43260188087774293,,0.0,0.75,1.0,0.75
laplace_eb_k2|absolute1,M6_blend,-0.0918822712638863,-0.0916203321030708,0.23824451410658307,0.44200626959247646,,0.0,0.75,1.0,1.0
laplace_eb_k2|absolute1,M6_blend,-0.05161256093642163,-0.05776703272446943,0.18808777429467086,0.2852664576802508,,0.0,1.0,0.0,0.0
laplace_eb_k2|absolute1,M6_blend,-0.05477515083434302,-0.056401082189012096,0.21316614420062696,0.30094043887147337,,0.0,1.0,0.0,0.25
laplace_eb_k2|absolute1,M6_blend,-0.06138310469220263,-0.058711245293994685,0.21630094043887146,0.322884012539185,,0.0,1.0,0.0,0.5
laplace_eb_k2|absolute1,M6_blend,-0.07037027226867057,-0.0714988178897614,0.219435736677116,0.3667711598746082,,0.0,1.0,0.0,0.75
laplace_eb_k2|absolute1,M6_blend,-0.07785569554818518,-0.0754096453256181,0.23824451410658307,0.36990595611285265,,0.0,1.0,0.0,1.0
laplace_eb_k2|absolute1,M6_blend,-0.05814078396105617,-0.058393959119495555,0.21316614420062696,0.31974921630094044,,0.0,1.0,0.25,0.0
laplace_eb_k2|absolute1,M6_blend,-0.06546555068725741,-0.05750229762032114,0.22884012539184953,0.32601880877742945,,0.0,1.0,0.25,0.25
laplace_eb_k2|absolute1,M6_blend,-0.07325357253873267,-0.07220749630589844,0.22570532915360503,0.36990595611285265,,0.0,1.0,0.25,0.5
laplace_eb_k2|absolute1,M6_blend,-0.07859823860839044,-0.07758531680908697,0.23197492163009403,0.38557993730407525,,0.0,1.0,0.25,0.75
laplace_eb_k2|absolute1,M6_blend,-0.08504685452780718,-0.08155365952737278,0.23510971786833856,0.3949843260188088,,0.0,1.0,0.25,1.0
laplace_eb_k2|absolute1,M6_blend,-0.06815886924786871,-0.06673745120814228,0.2225705329153605,0.3605015673981191,,0.0,1.0,0.5,0.0
laplace_eb_k2|absolute1,M6_blend,-0.07719590054142898,-0.07540746959259144,0.219435736677116,0.39184952978056425,,0.0,1.0,0.5,0.25
laplace_eb_k2|absolute1,M6_blend,-0.0807940448151163,-0.08196033657671516,0.2225705329153605,0.4106583072100313,,0.0,1.0,0.5,0.5
laplace_eb_k2|absolute1,M6_blend,-0.08711801215625477,-0.0857270628470799,0.22570532915360503,0.4231974921630094,,0.0,1.0,0.5,0.75
laplace_eb_k2|absolute1,M6_blend,-0.09059475908816446,-0.09147049163155795,0.23197492163009403,0.43573667711598746,,0.0,1.0,0.5,1.0
laplace_eb_k2|absolute1,M6_blend,-0.07812695311311343,-0.07743838851027728,0.219435736677116,0.4012539184952978,,0.0,1.0,0.75,0.0
laplace_eb_k2|absolute1,M6_blend,-0.08090057475243086,-0.08679889302502232,0.2225705329153605,0.4231974921630094,,0.0,1.0,0.75,0.25
laplace_eb_k2|absolute1,M6_blend,-0.08781652772032225,-0.09111030891444243,0.2225705329153605,0.43260188087774293,,0.0,1.0,0.75,0.5
laplace_eb_k2|absolute1,M6_blend,-0.09228925570736349,-0.09392025843729794,0.23510971786833856,0.43573667711598746,,0.0,1.0,0.75,0.75
laplace_eb_k2|absolute1,M6_blend,-0.09213278620002116,-0.09439121792822797,0.23197492163009403,0.4482758620689655,,0.0,1.0,0.75,1.0
laplace_eb_k2|absolute1,M6_blend,-0.08496363830178814,-0.08678892218627526,0.22884012539184953,0.42946708463949845,,0.0,1.0,1.0,0.0
laplace_eb_k2|absolute1,M6_blend,-0.09057360717836886,-0.09187446110721292,0.2225705329153605,0.4482758620689655,,0.0,1.0,1.0,0.25
laplace_eb_k2|absolute1,M6_blend,-0.0927798542237028,-0.09231537294378475,0.23824451410658307,0.44200626959247646,,0.0,1.0,1.0,0.5
laplace_eb_k2|absolute1,M6_blend,-0.09311479751836373,-0.09179917588643145,0.23824451410658307,0.4482758620689655,,0.0,1.0,1.0,0.75
laplace_eb_k2|absolute1,M6_blend,-0.09401267038892683,-0.0984620984795512,0.23197492163009403,0.46394984326018807,,0.0,1.0,1.0,1.0
laplace_eb_k2|absolute1,M6_blend,-0.021235375972740472,-0.019292965496315106,0.12225705329153605,0.14733542319749215,,0.25,0.0,0.0,0.0
laplace_eb_k2|absolute1,M6_blend,-0.030186636116703577,-0.02607772685003505,0.1536050156739812,0.18495297805642633,,0.25,0.0,0.0,0.25
laplace_eb_k2|absolute1,M6_blend,-0.044863609966221595,-0.03790491103518719,0.1974921630094044,0.22884012539184953,,0.25,0.0,0.0,0.5
laplace_eb_k2|absolute1,M6_blend,-0.05128229918183254,-0.04757199942084689,0.21003134796238246,0.25705329153605017,,0.25,0.0,0.0,0.75
laplace_eb_k2|absolute1,M6_blend,-0.05936066222701705,-0.04779035015306129,0.2225705329153605,0.2852664576802508,,0.25,0.0,0.0,1.0
laplace_eb_k2|absolute1,M6_blend,-0.03514963525303921,-0.03164807771300447,0.15987460815047022,0.23510971786833856,,0.25,0.0,0.25,0.0
laplace_eb_k2|absolute1,M6_blend,-0.04886588476336262,-0.04207391568625982,0.1786833855799373,0.2664576802507837,,0.25,0.0,0.25,0.25
laplace_eb_k2|absolute1,M6_blend,-0.05523531133619801,-0.051374439523791816,0.21316614420062696,0.2852664576802508,,0.25,0.0,0.25,0.5
laplace_eb_k2|absolute1,M6_blend,-0.060557334382852844,-0.05961747183741821,0.22884012539184953,0.322884012539185,,0.25,0.0,0.25,0.75
laplace_eb_k2|absolute1,M6_blend,-0.06695468521200688,-0.062290167325062436,0.23197492163009403,0.3510971786833856,,0.25,0.0,0.25,1.0
laplace_eb_k2|absolute1,M6_blend,-0.05852833301797382,-0.04799433352665094,0.1755485893416928,0.29153605015673983,,0.25,0.0,0.5,0.0
laplace_eb_k2|absolute1,M6_blend,-0.0591652106161172,-0.05784088402379269,0.18808777429467086,0.3103448275862069,,0.25,0.0,0.5,0.25
laplace_eb_k2|absolute1,M6_blend,-0.06127299830674964,-0.06273747344142218,0.21316614420062696,0.34169278996865204,,0.25,0.0,0.5,0.5
laplace_eb_k2|absolute1,M6_blend,-0.06848651878689553,-0.0644199128224745,0.22884012539184953,0.3605015673981191,,0.25,0.0,0.5,0.75
laplace_eb_k2|absolute1,M6_blend,-0.07139809035291951,-0.07357956264693535,0.2445141065830721,0.3793103448275862,,0.25,0.0,0.5,1.0
laplace_eb_k2|absolute1,M6_blend,-0.0674375166805198,-0.07358218520459336,0.16927899686520376,0.34796238244514105,,0.25,0.0,0.75,0.0
laplace_eb_k2|absolute1,M6_blend,-0.06394802681186315,-0.07056839440636874,0.2006269592476489,0.3542319749216301,,0.25,0.0,0.75,0.25
laplace_eb_k2|absolute1,M6_blend,-0.07282353459262333,-0.0708063154081379,0.2225705329153605,0.3730407523510972,,0.25,0.0,0.75,0.5
laplace_eb_k2|absolute1,M6_blend,-0.0755284915878151,-0.07552684445319505,0.23510971786833856,0.3887147335423197,,0.25,0.0,0.75,0.75
laplace_eb_k2|absolute1,M6_blend,-0.07916699714162058,-0.07926788212597183,0.25705329153605017,0.3981191222570533,,0.25,0.0,0.75,1.0
laplace_eb_k2|absolute1,M6_blend,-0.07751744529704409,-0.08118704119025727,0.2006269592476489,0.3761755485893417,,0.25,0.0,1.0,0.0
laplace_eb_k2|absolute1,M6_blend,-0.07513287902150965,-0.08655303625570943,0.21316614420062696,0.3949843260188088,,0.25,0.0,1.0,0.25
laplace_eb_k2|absolute1,M6_blend,-0.08013816939264849,-0.08214642739267933,0.22884012539184953,0.4012539184952978,,0.25,0.0,1.0,0.5
laplace_eb_k2|absolute1,M6_blend,-0.08281647048467358,-0.08905517911322439,0.25391849529780564,0.4169278996865204,,0.25,0.0,1.0,0.75
laplace_eb_k2|absolute1,M6_blend,-0.0890250728237029,-0.08650139143521135,0.26332288401253917,0.4231974921630094,,0.25,0.0,1.0,1.0
laplace_eb_k2|absolute1,M6_blend,-0.036072367670731555,-0.04397258329494246,0.14420062695924765,0.21316614420062696,,0.25,0.25,0.0,0.0
laplace_eb_k2|absolute1,M6_blend,-0.052642352537491735,-0.05108194958220081,0.16927899686520376,0.25705329153605017,,0.25,0.25,0.0,0.25
laplace_eb_k2|absolute1,M6_blend,-0.05324911049955391,-0.053394502198154274,0.20376175548589343,0.2884012539184953,,0.25,0.25,0.0,0.5
laplace_eb_k2|absolute1,M6_blend,-0.059914482594096444,-0.05213694121443366,0.21003134796238246,0.3103448275862069,,0.25,0.25,0.0,0.75
laplace_eb_k2|absolute1,M6_blend,-0.06781787087330446,-0.06187295307606739,0.2225705329153605,0.335423197492163,,0.25,0.25,0.0,1.0
laplace_eb_k2|absolute1,M6_blend,-0.05767094106535408,-0.057183456469946145,0.16927899686520376,0.2852664576802508,,0.25,0.25,0.25,0.0
laplace_eb_k2|absolute1,M6_blend,-0.057968574563616246,-0.06208914601270308,0.18808777429467086,0.3103448275862069,,0.25,0.25,0.25,0.25
laplace_eb_k2|absolute1,M6_blend,-0.06265351615643558,-0.06328003291846443,0.219435736677116,0.3322884012539185,,0.25,0.25,0.25,0.5
laplace_eb_k2|absolute1,M6_blend,-0.06930556400559189,-0.06343147638589611,0.23197492163009403,0.3573667711598746,,0.25,0.25,0.25,0.75
laplace_eb_k2|absolute1,M6_blend,-0.07165416202201362,-0.0740063723328532,0.23510971786833856,0.3761755485893417,,0.25,0.25,0.25,1.0
laplace_eb_k2|absolute1,M6_blend,-0.06149859621867342,-0.06355169150382747,0.18181818181818182,0.329153605015674,,0.25,0.25,0.5,0.0
laplace_eb_k2|absolute1,M6_blend,-0.06250684248237894,-0.06929319007409777,0.20689655172413793,0.3542319749216301,,0.25,0.25,0.5,0.25
laplace_eb_k2|absolute1,M6_blend,-0.07202145053579732,-0.06973420642900242,0.22570532915360503,0.36363636363636365,,0.25,0.25,0.5,0.5
laplace_eb_k2|absolute1,M6_blend,-0.0747611266849902,-0.07400988790916051,0.2445141065830721,0.3761755485893417,,0.25,0.25,0.5,0.75
laplace_eb_k2|absolute1,M6_blend,-0.08064439603639872,-0.07809526156809263,0.2507836990595611,0.3949843260188088,,0.25,0.25,0.5,1.0
laplace_eb_k2|absolute1,M6_blend,-0.06709115794230812,-0.07665313900591438,0.19435736677115986,0.3730407523510972,,0.25,0.25,0.75,0.0
laplace_eb_k2|absolute1,M6_blend,-0.07381463161397063,-0.0755548030254796,0.2225705329153605,0.3793103448275862,,0.25,0.25,0.75,0.25
laplace_eb_k2|absolute1,M6_blend,-0.07879376258931264,-0.07582615102206278,0.23824451410658307,0.39184952978056425,,0.25,0.25,0.75,0.5
laplace_eb_k2|absolute1,M6_blend,-0.08337513407706103,-0.07740990902796434,0.2601880877742947,0.3949843260188088,,0.25,0.25,0.75,0.75
laplace_eb_k2|absolute1,M6_blend,-0.08825867181216368,-0.0815587778193263,0.25705329153605017,0.4169278996865204,,0.25,0.25,0.75,1.0
laplace_eb_k2|absolute1,M6_blend,-0.07467919786896658,-0.08728645239784426,0.21316614420062696,0.4012539184952978,,0.25,0.25,1.0,0.0
laplace_eb_k2|absolute1,M6_blend,-0.08259571478824113,-0.08770448951558633,0.22570532915360503,0.4200626959247649,,0.25,0.25,1.0,0.25
laplace_eb_k2|absolute1,M6_blend,-0.08477497894496175,-0.09080310510383878,0.23824451410658307,0.4263322884012539,,0.25,0.25,1.0,0.5
laplace_eb_k2|absolute1,M6_blend,-0.09080393424237482,-0.09078150563712778,0.2507836990595611,0.43573667711598746,,0.25,0.25,1.0,0.75
laplace_eb_k2|absolute1,M6_blend,-0.09376473217626613,-0.09334260688913654,0.2476489028213166,0.45454545454545453,,0.25,0.25,1.0,1.0
laplace_eb_k2|absolute1,M6_blend,-0.052385123332024705,-0.05786471896831145,0.1755485893416928,0.2727272727272727,,0.25,0.5,0.0,0.0
laplace_eb_k2|absolute1,M6_blend,-0.05684749262326806,-0.05743591306398281,0.20376175548589343,0.29153605015673983,,0.25,0.5,0.0,0.25
laplace_eb_k2|absolute1,M6_blend,-0.06044649371160258,-0.05484813889692943,0.20689655172413793,0.31347962382445144,,0.25,0.5,0.0,0.5
laplace_eb_k2|absolute1,M6_blend,-0.06756950636948024,-0.06450951838614799,0.219435736677116,0.3448275862068966,,0.25,0.5,0.0,0.75
laplace_eb_k2|absolute1,M6_blend,-0.07479635147899728,-0.06985996083172512,0.23510971786833856,0.3542319749216301,,0.25,0.5,0.0,1.0
laplace_eb_k2|absolute1,M6_blend,-0.05975248397100963,-0.0661171146998398,0.19435736677115986,0.3166144200626959,,0.25,0.5,0.25,0.0
laplace_eb_k2|absolute1,M6_blend,-0.06362501713648812,-0.06719019283835417,0.20689655172413793,0.3385579937304075,,0.25,0.5,0.25,0.25
laplace_eb_k2|absolute1,M6_blend,-0.06884954327925327,-0.06503848641596992,0.23197492163009403,0.34796238244514105,,0.25,0.5,0.25,0.5
laplace_eb_k2|absolute1,M6_blend,-0.07515037905399376,-0.07293555646153826,0.2413793103448276,0.36990595611285265,,0.25,0.5,0.25,0.75
laplace_eb_k2|absolute1,M6_blend,-0.08037363348745132,-0.07874164892635002,0.2445141065830721,0.3887147335423197,,0.25,0.5,0.25,1.0
laplace_eb_k2|absolute1,M6_blend,-0.06277102849563979,-0.0727108181060108,0.2006269592476489,0.36363636363636365,,0.25,0.5,0.5,0.0
laplace_eb_k2|absolute1,M6_blend,-0.0699891034274517,-0.07211731791169292,0.22570532915360503,0.36990595611285265,,0.25,0.5,0.5,0.25
laplace_eb_k2|absolute1,M6_blend,-0.07753344720514843,-0.07303014580966163,0.2476489028213166,0.36990595611285265,,0.25,0.5,0.5,0.5
laplace_eb_k2|absolute1,M6_blend,-0.07972383922616186,-0.07895885166189513,0.2507836990595611,0.3949843260188088,,0.25,0.5,0.5,0.75
laplace_eb_k2|absolute1,M6_blend,-0.08711078292069689,-0.08268074220671176,0.2413793103448276,0.4200626959247649,,0.25,0.5,0.5,1.0
laplace_eb_k2|absolute1,M6_blend,-0.07231184868444317,-0.07766177952523141,0.21316614420062696,0.3949843260188088,,0.25,0.5,0.75,0.0
laplace_eb_k2|absolute1,M6_blend,-0.08271935417774029,-0.07929175831727847,0.23510971786833856,0.3981191222570533,,0.25,0.5,0.75,0.25
laplace_eb_k2|absolute1,M6_blend,-0.08541640056565548,-0.07793468952786213,0.25391849529780564,0.3981191222570533,,0.25,0.5,0.75,0.5
laplace_eb_k2|absolute1,M6_blend,-0.09103829068304645,-0.08978214692966692,0.2476489028213166,0.4263322884012539,,0.25,0.5,0.75,0.75
laplace_eb_k2|absolute1,M6_blend,-0.08975019101461858,-0.09379571355108557,0.23824451410658307,0.4482758620689655,,0.25,0.5,0.75,1.0
laplace_eb_k2|absolute1,M6_blend,-0.08652565143986526,-0.08831949617281602,0.2225705329153605,0.4200626959247649,,0.25,0.5,1.0,0.0
laplace_eb_k2|absolute1,M6_blend,-0.08726444821152411,-0.08844025931715217,0.23824451410658307,0.4231974921630094,,0.25,0.5,1.0,0.25
laplace_eb_k2|absolute1,M6_blend,-0.09426966099336888,-0.09398687746504257,0.2476489028213166,0.445141065830721,,0.25,0.5,1.0,0.5
laplace_eb_k2|absolute1,M6_blend,-0.09660007477316852,-0.09281245286234868,0.2507836990595611,0.4482758620689655,,0.25,0.5,1.0,0.75
laplace_eb_k2|absolute1,M6_blend,-0.09581764281917245,-0.09578874348706586,0.2507836990595611,0.45141065830721006,,0.25,0.5,1.0,1.0
laplace_eb_k2|absolute1,M6_blend,-0.059490664692379215,-0.06122074585676567,0.2006269592476489,0.31347962382445144,,0.25,0.75,0.0,0.0
laplace_eb_k2|absolute1,M6_blend,-0.06231200219829968,-0.05678003973861847,0.219435736677116,0.32601880877742945,,0.25,0.75,0.0,0.25
laplace_eb_k2|absolute1,M6_blend,-0.06613560619388531,-0.06014994747913369,0.23197492163009403,0.335423197492163,,0.25,0.75,0.0,0.5
laplace_eb_k2|absolute1,M6_blend,-0.07647892021932608,-0.07080586127306226,0.23197492163009403,0.3605015673981191,,0.25,0.75,0.0,0.75
laplace_eb_k2|absolute1,M6_blend,-0.08082280422991528,-0.0764773578783001,0.23824451410658307,0.3730407523510972,,0.25,0.75,0.0,1.0
laplace_eb_k2|absolute1,M6_blend,-0.061867443861647727,-0.06970097807741091,0.20376175548589343,0.3448275862068966,,0.25,0.75,0.25,0.0
laplace_eb_k2|absolute1,M6_blend,-0.069150412756449,-0.06452457453810309,0.23197492163009403,0.3510971786833856,,0.25,0.75,0.25,0.25
laplace_eb_k2|absolute1,M6_blend,-0.074231849312952,-0.07217852611293239,0.2476489028213166,0.36990595611285265,,0.25,0.75,0.25,0.5
laplace_eb_k2|absolute1,M6_blend,-0.08076906764714349,-0.07847045491621786,0.2445141065830721,0.39184952978056425,,0.25,0.75,0.25,0.75
laplace_eb_k2|absolute1,M6_blend,-0.08750588531289802,-0.08077039675886355,0.2445141065830721,0.4106583072100313,,0.25,0.75,0.25,1.0
laplace_eb_k2|absolute1,M6_blend,-0.07113535691647746,-0.07574446194551208,0.22570532915360503,0.3824451410658307,,0.25,0.75,0.5,0.0
laplace_eb_k2|absolute1,M6_blend,-0.08039957775436299,-0.07402397980650764,0.2445141065830721,0.3793103448275862,,0.25,0.75,0.5,0.25
laplace_eb_k2|absolute1,M6_blend,-0.08494407636116647,-0.08337849825854211,0.2413793103448276,0.4043887147335423,,0.25,0.75,0.5,0.5
laplace_eb_k2|absolute1,M6_blend,-0.09060473880143985,-0.08872967275285795,0.23824451410658307,0.43573667711598746,,0.25,0.75,0.5,0.75
laplace_eb_k2|absolute1,M6_blend,-0.09288806941785589,-0.09148449302420347,0.23824451410658307,0.445141065830721,,0.25,0.75,0.5,1.0
laplace_eb_k2|absolute1,M6_blend,-0.08529545737622446,-0.07984508238849596,0.23824451410658307,0.4012539184952978,,0.25,0.75,0.75,0.0
laplace_eb_k2|absolute1,M6_blend,-0.08835868334640581,-0.08422082334429866,0.23510971786833856,0.4169278996865204,,0.25,0.75,0.75,0.25
laplace_eb_k2|absolute1,M6_blend,-0.0932095525343425,-0.09062281553414549,0.2445141065830721,0.43573667711598746,,0.25,0.75,0.75,0.5
laplace_eb_k2|absolute1,M6_blend,-0.09114272360438544,-0.09311010867217118,0.2445141065830721,0.445141065830721,,0.25,0.75,0.75,0.75
laplace_eb_k2|absolute1,M6_blend,-0.09322597466622413,-0.09503925060357046,0.2507836990595611,0.45454545454545453,,0.25,0.75,0.75,1.0
laplace_eb_k2|absolute1,M6_blend,-0.0916092275816349,-0.09503419745164605,0.23510971786833856,0.43573667711598746,,0.25,0.75,1.0,0.0
laplace_eb_k2|absolute1,M6_blend,-0.09615782377016274,-0.09262463743550277,0.2476489028213166,0.43573667711598746,,0.25,0.75,1.0,0.25
laplace_eb_k2|absolute1,M6_blend,-0.098362061118968,-0.09281597254932114,0.2476489028213166,0.45141065830721006,,0.25,0.75,1.0,0.5
laplace_eb_k2|absolute1,M6_blend,-0.09829619099414676,-0.09607394692432544,0.25391849529780564,0.45454545454545453,,0.25,0.75,1.0,0.75
laplace_eb_k2|absolute1,M6_blend,-0.09676338402381493,-0.1011923827044082,0.2507836990595611,0.4670846394984326,,0.25,0.75,1.0,1.0
laplace_eb_k2|absolute1,M6_blend,-0.05959921120825077,-0.05801744033877379,0.22884012539184953,0.3385579937304075,,0.25,1.0,0.0,0.0
laplace_eb_k2|absolute1,M6_blend,-0.0670790985005999,-0.05638296905683126,0.2413793103448276,0.3385579937304075,,0.25,1.0,0.0,0.25
laplace_eb_k2|absolute1,M6_blend,-0.0770767660374522,-0.07009976356053801,0.23510971786833856,0.3573667711598746,,0.25,1.0,0.0,0.5
laplace_eb_k2|absolute1,M6_blend,-0.08304621597459214,-0.0772158413027708,0.23510971786833856,0.3824451410658307,,0.25,1.0,0.0,0.75
laplace_eb_k2|absolute1,M6_blend,-0.08801462978616797,-0.08191829640710242,0.23510971786833856,0.4012539184952978,,0.25,1.0,0.0,1.0
laplace_eb_k2|absolute1,M6_blend,-0.06892858232225128,-0.07103379494671164,0.23197492163009403,0.3761755485893417,,0.25,1.0,0.25,0.0
laplace_eb_k2|absolute1,M6_blend,-0.07717105138257722,-0.07879821562608208,0.23824451410658307,0.38557993730407525,,0.25,1.0,0.25,0.25
laplace_eb_k2|absolute1,M6_blend,-0.08430496304124119,-0.08391730738424208,0.2413793103448276,0.4012539184952978,,0.25,1.0,0.25,0.5
laplace_eb_k2|absolute1,M6_blend,-0.08816165702336877,-0.09073561830533709,0.23510971786833856,0.42946708463949845,,0.25,1.0,0.25,0.75
laplace_eb_k2|absolute1,M6_blend,-0.0917990752251857,-0.08999698923252593,0.2413793103448276,0.438871473354232,,0.25,1.0,0.25,1.0
laplace_eb_k2|absolute1,M6_blend,-0.0815195964741073,-0.07999168991528709,0.23510971786833856,0.4043887147335423,,0.25,1.0,0.5,0.0
laplace_eb_k2|absolute1,M6_blend,-0.08613180381894019,-0.08276408421442052,0.23824451410658307,0.4169278996865204,,0.25,1.0,0.5,0.25
laplace_eb_k2|absolute1,M6_blend,-0.08869336670235962,-0.0916265484330983,0.22884012539184953,0.4482758620689655,,0.25,1.0,0.5,0.5
laplace_eb_k2|absolute1,M6_blend,-0.09348236288316336,-0.0916723167658039,0.23510971786833856,0.45454545454545453,,0.25,1.0,0.5,0.75
laplace_eb_k2|absolute1,M6_blend,-0.09363689590144716,-0.09575220509242488,0.23824451410658307,0.4608150470219436,,0.25,1.0,0.5,1.0
laplace_eb_k2|absolute1,M6_blend,-0.08884486035896776,-0.08268145209055709,0.23510971786833856,0.4231974921630094,,0.25,1.0,0.75,0.0
laplace_eb_k2|absolute1,M6_blend,-0.08997042432182377,-0.09739821603912918,0.2225705329153605,0.46394984326018807,,0.25,1.0,0.75,0.25
laplace_eb_k2|absolute1,M6_blend,-0.09397270247909816,-0.09441118018240391,0.23510971786833856,0.4608150470219436,,0.25,1.0,0.75,0.5
laplace_eb_k2|absolute1,M6_blend,-0.09391486150046051,-0.09870669008655981,0.23824451410658307,0.4670846394984326,,0.25,1.0,0.75,0.75
laplace_eb_k2|absolute1,M6_blend,-0.09591471045760645,-0.10202214038904558,0.2476489028213166,0.47335423197492166,,0.25,1.0,0.75,1.0
laplace_eb_k2|absolute1,M6_blend,-0.09523440932495422,-0.09513067310459936,0.23510971786833856,0.45141065830721006,,0.25,1.0,1.0,0.0
laplace_eb_k2|absolute1,M6_blend,-0.09704672525915824,-0.09871873996427814,0.23510971786833856,0.4670846394984326,,0.25,1.0,1.0,0.25
laplace_eb_k2|absolute1,M6_blend,-0.0977722857858676,-0.09888301886688206,0.2476489028213166,0.46394984326018807,,0.25,1.0,1.0,0.5
laplace_eb_k2|absolute1,M6_blend,-0.09723175608352513,-0.10157174655589564,0.25391849529780564,0.4670846394984326,,0.25,1.0,1.0,0.75
laplace_eb_k2|absolute1,M6_blend,-0.10004040241853497,-0.10232642193713158,0.25705329153605017,0.47648902821316613,,0.25,1.0,1.0,1.0
laplace_eb_k2|absolute1,M6_blend,-0.0317038190179846,-0.03972614492321837,0.15673981191222572,0.25705329153605017,,0.5,0.0,0.0,0.0
laplace_eb_k2|absolute1,M6_blend,-0.04930578915779914,-0.04598657061640746,0.18181818181818182,0.27586206896551724,,0.5,0.0,0.0,0.25
laplace_eb_k2|absolute1,M6_blend,-0.06180776782961804,-0.052369049034989366,0.20689655172413793,0.2884012539184953,,0.5,0.0,0.0,0.5
laplace_eb_k2|absolute1,M6_blend,-0.06510151680219485,-0.06167286409059288,0.21003134796238246,0.322884012539185,,0.5,0.0,0.0,0.75
laplace_eb_k2|absolute1,M6_blend,-0.06961127660600024,-0.06650987817529228,0.2225705329153605,0.3510971786833856,,0.5,0.0,0.0,1.0
laplace_eb_k2|absolute1,M6_blend,-0.05360071702408424,-0.06161560399638822,0.16927899686520376,0.3166144200626959,,0.5,0.0,0.25,0.0
laplace_eb_k2|absolute1,M6_blend,-0.0661337195592243,-0.059628210739936204,0.20376175548589343,0.31347962382445144,,0.5,0.0,0.25,0.25
laplace_eb_k2|absolute1,M6_blend,-0.06972100925345423,-0.06853513257303581,0.19435736677115986,0.34796238244514105,,0.5,0.0,0.25,0.5
laplace_eb_k2|absolute1,M6_blend,-0.07410976146231141,-0.07688970393194675,0.21316614420062696,0.3761755485893417,,0.5,0.0,0.25,0.75
laplace_eb_k2|absolute1,M6_blend,-0.07780745888345265,-0.07673527651866402,0.23824451410658307,0.3824451410658307,,0.5,0.0,0.25,1.0
laplace_eb_k2|absolute1,M6_blend,-0.06750820123814344,-0.07318261546027324,0.18181818181818182,0.3542319749216301,,0.5,0.0,0.5,0.0
laplace_eb_k2|absolute1,M6_blend,-0.07239817670766044,-0.07901119828504455,0.18808777429467086,0.36990595611285265,,0.5,0.0,0.5,0.25
laplace_eb_k2|absolute1,M6_blend,-0.0724935837809722,-0.08001324097658026,0.20376175548589343,0.3949843260188088,,0.5,0.0,0.5,0.5
laplace_eb_k2|absolute1,M6_blend,-0.08006201492084704,-0.07965257112228759,0.22884012539184953,0.3981191222570533,,0.5,0.0,0.5,0.75
laplace_eb_k2|absolute1,M6_blend,-0.08587153939289467,-0.0791115797355444,0.23824451410658307,0.39184952978056425,,0.5,0.0,0.5,1.0
laplace_eb_k2|absolute1,M6_blend,-0.07763823605294218,-0.08850966069298478,0.18495297805642633,0.3981191222570533,,0.5,0.0,0.75,0.0
laplace_eb_k2|absolute1,M6_blend,-0.07776827918676392,-0.09006853913158458,0.21003134796238246,0.4106583072100313,,0.5,0.0,0.75,0.25
laplace_eb_k2|absolute1,M6_blend,-0.08391046032106933,-0.08741934950168603,0.219435736677116,0.41379310344827586,,0.5,0.0,0.75,0.5
laplace_eb_k2|absolute1,M6_blend,-0.09017463601464809,-0.08415417389529625,0.23510971786833856,0.4106583072100313,,0.5,0.0,0.75,0.75
laplace_eb_k2|absolute1,M6_blend,-0.09469379543444537,-0.09196073246600112,0.2413793103448276,0.438871473354232,,0.5,0.0,0.75,1.0
laplace_eb_k2|absolute1,M6_blend,-0.08676569257382355,-0.09454657686261174,0.1974921630094044,0.4169278996865204,,0.5,0.0,1.0,0.0
laplace_eb_k2|absolute1,M6_blend,-0.08613106175850874,-0.09185592351382055,0.2225705329153605,0.4231974921630094,,0.5,0.0,1.0,0.25
laplace_eb_k2|absolute1,M6_blend,-0.09282149074324417,-0.09414693617428357,0.22570532915360503,0.43260188087774293,,0.5,0.0,1.0,0.5
laplace_eb_k2|absolute1,M6_blend,-0.09669824375040142,-0.0952984012873569,0.2413793103448276,0.44200626959247646,,0.5,0.0,1.0,0.75
laplace_eb_k2|absolute1,M6_blend,-0.09899987067612512,-0.09816271463718534,0.23824451410658307,0.45768025078369906,,0.5,0.0,1.0,1.0
laplace_eb_k2|absolute1,M6_blend,-0.05357976446399181,-0.056024909685117696,0.1786833855799373,0.30094043887147337,,0.5,0.25,0.0,0.0
laplace_eb_k2|absolute1,M6_blend,-0.06199698913672722,-0.06282893770307209,0.18181818181818182,0.322884012539185,,0.5,0.25,0.0,0.25
laplace_eb_k2|absolute1,M6_blend,-0.06318239277496017,-0.06541548488328823,0.2006269592476489,0.3448275862068966,,0.5,0.25,0.0,0.5
laplace_eb_k2|absolute1,M6_blend,-0.071644175089132,-0.06917082078077576,0.21316614420062696,0.36363636363636365,,0.5,0.25,0.0,0.75
laplace_eb_k2|absolute1,M6_blend,-0.07484313322481506,-0.07198144541031515,0.22570532915360503,0.36990595611285265,,0.5,0.25,0.0,1.0
laplace_eb_k2|absolute1,M6_blend,-0.06462044671712473,-0.07196466604884141,0.1755485893416928,0.36363636363636365,,0.5,0.25,0.25,0.0
laplace_eb_k2|absolute1,M6_blend,-0.06756220995777357,-0.07101450062891158,0.19435736677115986,0.36363636363636365,,0.5,0.25,0.25,0.25
laplace_eb_k2|absolute1,M6_blend,-0.07176638445297176,-0.07645804232984875,0.20689655172413793,0.38557993730407525,,0.5,0.25,0.25,0.5
laplace_eb_k2|absolute1,M6_blend,-0.07882410501488453,-0.07909384123443809,0.23197492163009403,0.39184952978056425,,0.5,0.25,0.25,0.75
laplace_eb_k2|absolute1,M6_blend,-0.08275906467950289,-0.07918346655733159,0.23510971786833856,0.4012539184952978,,0.5,0.25,0.25,1.0
laplace_eb_k2|absolute1,M6_blend,-0.07115069654391515,-0.08184955110277128,0.19122257053291536,0.3824451410658307,,0.5,0.25,0.5,0.0
laplace_eb_k2|absolute1,M6_blend,-0.07162545958522215,-0.08730788867581975,0.1974921630094044,0.4043887147335423,,0.5,0.25,0.5,0.25
laplace_eb_k2|absolute1,M6_blend,-0.08216389922286195,-0.08039762166133121,0.22570532915360503,0.4012539184952978,,0.5,0.25,0.5,0.5
laplace_eb_k2|absolute1,M6_blend,-0.08684732057477702,-0.08052234224344496,0.23510971786833856,0.4012539184952978,,0.5,0.25,0.5,0.75
laplace_eb_k2|absolute1,M6_blend,-0.08817198542705132,-0.09091870046474716,0.22884012539184953,0.43573667711598746,,0.5,0.25,0.5,1.0
laplace_eb_k2|absolute1,M6_blend,-0.07860857125500043,-0.08975520830449639,0.1974921630094044,0.4169278996865204,,0.5,0.25,0.75,0.0
laplace_eb_k2|absolute1,M6_blend,-0.08436565742915993,-0.08586513825625088,0.2225705329153605,0.4169278996865204,,0.5,0.25,0.75,0.25
laplace_eb_k2|absolute1,M6_blend,-0.09032567288617313,-0.0862470256123797,0.22884012539184953,0.4263322884012539,,0.5,0.25,0.75,0.5
laplace_eb_k2|absolute1,M6_blend,-0.09350002703234629,-0.09322357434650948,0.23510971786833856,0.438871473354232,,0.5,0.25,0.75,0.75
laplace_eb_k2|absolute1,M6_blend,-0.09703530167767264,-0.09493965014441634,0.2445141065830721,0.45454545454545453,,0.5,0.25,0.75,1.0
laplace_eb_k2|absolute1,M6_blend,-0.08459900694889715,-0.0934005826010973,0.21630094043887146,0.42946708463949845,,0.5,0.25,1.0,0.0
laplace_eb_k2|absolute1,M6_blend,-0.09465518162096798,-0.09399989637368152,0.23824451410658307,0.42946708463949845,,0.5,0.25,1.0,0.25
laplace_eb_k2|absolute1,M6_blend,-0.09638178199428879,-0.09738044555190963,0.23197492163009403,0.4482758620689655,,0.5,0.25,1.0,0.5
laplace_eb_k2|absolute1,M6_blend,-0.10001108576708043,-0.09771970538042929,0.23824451410658307,0.4702194357366771,,0.5,0.25,1.0,0.75
laplace_eb_k2|absolute1,M6_blend,-0.10163240231693445,-0.09530442725388234,0.2413793103448276,0.4702194357366771,,0.5,0.25,1.0,1.0
laplace_eb_k2|absolute1,M6_blend,-0.06156969842223073,-0.06739488663297835,0.18495297805642633,0.3542319749216301,,0.5,0.5,0.0,0.0
laplace_eb_k2|absolute1,M6_blend,-0.06480073243388079,-0.06600638015376736,0.21003134796238246,0.3573667711598746,,0.5,0.5,0.0,0.25
laplace_eb_k2|absolute1,M6_blend,-0.06975817093562021,-0.0661316296453573,0.219435736677116,0.36363636363636365,,0.5,0.5,0.0,0.5
laplace_eb_k2|absolute1,M6_blend,-0.07637372104226185,-0.0728511670983884,0.22570532915360503,0.3824451410658307,,0.5,0.5,0.0,0.75
laplace_eb_k2|absolute1,M6_blend,-0.08010285774114327,-0.0744155845415069,0.23510971786833856,0.3824451410658307,,0.5,0.5,0.0,1.0
laplace_eb_k2|absolute1,M6_blend,-0.06756896517559852,-0.07576081961346644,0.1974921630094044,0.3824451410658307,,0.5,0.5,0.25,0.0
laplace_eb_k2|absolute1,M6_blend,-0.072873561848846,-0.07803749390016529,0.21003134796238246,0.3887147335423197,,0.5,0.5,0.25,0.25
laplace_eb_k2|absolute1,M6_blend,-0.07979938361140346,-0.08022607273209058,0.22570532915360503,0.3981191222570533,,0.5,0.5,0.25,0.5
laplace_eb_k2|absolute1,M6_blend,-0.08498883112026102,-0.08328097165331572,0.22884012539184953,0.40752351097178685,,0.5,0.5,0.25,0.75
laplace_eb_k2|absolute1,M6_blend,-0.08994501001352194,-0.08755618832468239,0.23197492163009403,0.4231974921630094,,0.5,0.5,0.25,1.0
laplace_eb_k2|absolute1,M6_blend,-0.07448344935895344,-0.08481453403503543,0.20689655172413793,0.40752351097178685,,0.5,0.5,0.5,0.0
laplace_eb_k2|absolute1,M6_blend,-0.08202461230516613,-0.08252223097605392,0.22570532915360503,0.41379310344827586,,0.5,0.5,0.5,0.25
laplace_eb_k2|absolute1,M6_blend,-0.08897420039303931,-0.08612651668699184,0.22570532915360503,0.4200626959247649,,0.5,0.5,0.5,0.5
laplace_eb_k2|absolute1,M6_blend,-0.09225419562565616,-0.09109991848422068,0.22884012539184953,0.42946708463949845,,0.5,0.5,0.5,0.75
laplace_eb_k2|absolute1,M6_blend,-0.09245030769515053,-0.0927464512985515,0.23824451410658307,0.45454545454545453,,0.5,0.5,0.5,1.0
laplace_eb_k2|absolute1,M6_blend,-0.08454154634021926,-0.08390835373659493,0.22884012539184953,0.4169278996865204,,0.5,0.5,0.75,0.0
laplace_eb_k2|absolute1,M6_blend,-0.09233513302440227,-0.0902605220021499,0.22884012539184953,0.4263322884012539,,0.5,0.5,0.75,0.25
laplace_eb_k2|absolute1,M6_blend,-0.09637915468875505,-0.09358027509667656,0.23197492163009403,0.438871473354232,,0.5,0.5,0.75,0.5
laplace_eb_k2|absolute1,M6_blend,-0.0956925337984076,-0.09879587166782083,0.23510971786833856,0.4702194357366771,,0.5,0.5,0.75,0.75
laplace_eb_k2|absolute1,M6_blend,-0.09849937855248002,-0.09412385129769768,0.2445141065830721,0.4608150470219436,,0.5,0.5,0.75,1.0
laplace_eb_k2|absolute1,M6_blend,-0.09522784613566113,-0.09773191200061278,0.22884012539184953,0.44200626959247646,,0.5,0.5,1.0,0.0
laplace_eb_k2|absolute1,M6_blend,-0.09681118857820893,-0.09452609860317834,0.23824451410658307,0.44200626959247646,,0.5,0.5,1.0,0.25
laplace_eb_k2|absolute1,M6_blend,-0.0990027310117201,-0.0991197386552174,0.2413793103448276,0.4670846394984326,,0.5,0.5,1.0,0.5
laplace_eb_k2|absolute1,M6_blend,-0.10002720991816745,-0.0967029410773497,0.2445141065830721,0.4702194357366771,,0.5,0.5,1.0,0.75
laplace_eb_k2|absolute1,M6_blend,-0.10263640087565666,-0.10114897328624531,0.2476489028213166,0.4702194357366771,,0.5,0.5,1.0,1.0
laplace_eb_k2|absolute1,M6_blend,-0.06298583933918107,-0.0692226127794357,0.21630094043887146,0.36990595611285265,,0.5,0.75,0.0,0.0
laplace_eb_k2|absolute1,M6_blend,-0.06936877431530412,-0.06855114083445184,0.219435736677116,0.3793103448275862,,0.5,0.75,0.0,0.25
laplace_eb_k2|absolute1,M6_blend,-0.07817130757746094,-0.07303118386939401,0.23197492163009403,0.3793103448275862,,0.5,0.75,0.0,0.5
laplace_eb_k2|absolute1,M6_blend,-0.08515820279293153,-0.07820534216806432,0.23197492163009403,0.3981191222570533,,0.5,0.75,0.0,0.75
laplace_eb_k2|absolute1,M6_blend,-0.08953658705640898,-0.08563840072777204,0.23197492163009403,0.4169278996865204,,0.5,0.75,0.0,1.0
laplace_eb_k2|absolute1,M6_blend,-0.07320568842944904,-0.07954018174153885,0.21316614420062696,0.4106583072100313,,0.5,0.75,0.25,0.0
laplace_eb_k2|absolute1,M6_blend,-0.08151769573144733,-0.07819148247658646,0.22884012539184953,0.4012539184952978,,0.5,0.75,0.25,0.25
laplace_eb_k2|absolute1,M6_blend,-0.08755923134268416,-0.08562155445120925,0.219435736677116,0.4169278996865204,,0.5,0.75,0.25,0.5
laplace_eb_k2|absolute1,M6_blend,-0.09146957853405921,-0.09114058914836672,0.2225705329153605,0.43573667711598746,,0.5,0.75,0.25,0.75
laplace_eb_k2|absolute1,M6_blend,-0.09280749128236179,-0.09307367374484068,0.23197492163009403,0.45454545454545453,,0.5,0.75,0.25,1.0
laplace_eb_k2|absolute1,M6_blend,-0.08406937279359805,-0.08010081173764501,0.22570532915360503,0.4169278996865204,,0.5,0.75,0.5,0.0
laplace_eb_k2|absolute1,M6_blend,-0.09014876572132018,-0.08921474653958901,0.22570532915360503,0.43573667711598746,,0.5,0.75,0.5,0.25
laplace_eb_k2|absolute1,M6_blend,-0.09413855882697783,-0.09650205721535653,0.219435736677116,0.45141065830721006,,0.5,0.75,0.5,0.5
laplace_eb_k2|absolute1,M6_blend,-0.09320065895957842,-0.09545788625517983,0.22884012539184953,0.4670846394984326,,0.5,0.75,0.5,0.75
laplace_eb_k2|absolute1,M6_blend,-0.09587360108997843,-0.09545295112138631,0.2413793103448276,0.4670846394984326,,0.5,0.75,0.5,1.0
laplace_eb_k2|absolute1,M6_blend,-0.09378984203304383,-0.08978785128335594,0.23197492163009403,0.43573667711598746,,0.5,0.75,0.75,0.0
laplace_eb_k2|absolute1,M6_blend,-0.09671859408634373,-0.09612313279630996,0.2225705329153605,0.45141065830721006,,0.5,0.75,0.75,0.25
laplace_eb_k2|absolute1,M6_blend,-0.09621121491923937,-0.10223679292398187,0.22884012539184953,0.47962382445141066,,0.5,0.75,0.75,0.5
laplace_eb_k2|absolute1,M6_blend,-0.09882284191957885,-0.09698664692455325,0.2413793103448276,0.47335423197492166,,0.5,0.75,0.75,0.75
laplace_eb_k2|absolute1,M6_blend,-0.09970066264714061,-0.10079603769515749,0.2476489028213166,0.47962382445141066,,0.5,0.75,0.75,1.0
laplace_eb_k2|absolute1,M6_blend,-0.09744355801502476,-0.09775062019828719,0.22884012539184953,0.45141065830721006,,0.5,0.75,1.0,0.0
laplace_eb_k2|absolute1,M6_blend,-0.0986855056220114,-0.09945768489265891,0.23824451410658307,0.4702194357366771,,0.5,0.75,1.0,0.25
laplace_eb_k2|absolute1,M6_blend,-0.1005170095676412,-0.09825499571836481,0.2413793103448276,0.47648902821316613,,0.5,0.75,1.0,0.5
laplace_eb_k2|absolute1,M6_blend,-0.10331625738557734,-0.10133525419711693,0.2445141065830721,0.4827586206896552,,0.5,0.75,1.0,0.75
laplace_eb_k2|absolute1,M6_blend,-0.10567434862121337,-0.10461464644552772,0.2476489028213166,0.4890282131661442,,0.5,0.75,1.0,1.0
laplace_eb_k2|absolute1,M6_blend,-0.07448083520410816,-0.07418330619841534,0.2225705329153605,0.3949843260188088,,0.5,1.0,0.0,0.0
laplace_eb_k2|absolute1,M6_blend,-0.08235717681289602,-0.0791309378620786,0.22884012539184953,0.40752351097178685,,0.5,1.0,0.0,0.25
laplace_eb_k2|absolute1,M6_blend,-0.08595053577087056,-0.07834401807301097,0.23510971786833856,0.40752351097178685,,0.5,1.0,0.0,0.5
laplace_eb_k2|absolute1,M6_blend,-0.08983870446766835,-0.0888644162226807,0.22570532915360503,0.438871473354232,,0.5,1.0,0.0,0.75
laplace_eb_k2|absolute1,M6_blend,-0.0929113191707327,-0.08998010719784749,0.23510971786833856,0.4482758620689655,,0.5,1.0,0.0,1.0
laplace_eb_k2|absolute1,M6_blend,-0.08333864426643403,-0.0808640439238481,0.23197492163009403,0.4231974921630094,,0.5,1.0,0.25,0.0
laplace_eb_k2|absolute1,M6_blend,-0.08849796885730601,-0.08550756245991653,0.23824451410658307,0.4231974921630094,,0.5,1.0,0.25,0.25
laplace_eb_k2|absolute1,M6_blend,-0.09005293730807604,-0.09156166964143421,0.22570532915360503,0.445141065830721,,0.5,1.0,0.25,0.5
laplace_eb_k2|absolute1,M6_blend,-0.0939274389245855,-0.09678010720771309,0.22570532915360503,0.46394984326018807,,0.5,1.0,0.25,0.75
laplace_eb_k2|absolute1,M6_blend,-0.09561044090175004,-0.09460357148025103,0.2445141065830721,0.4670846394984326,,0.5,1.0,0.25,1.0
laplace_eb_k2|absolute1,M6_blend,-0.09229357090883661,-0.08772186945458191,0.2225705329153605,0.44200626959247646,,0.5,1.0,0.5,0.0
laplace_eb_k2|absolute1,M6_blend,-0.09268852902055508,-0.09695655164720496,0.2225705329153605,0.4608150470219436,,0.5,1.0,0.5,0.25
laplace_eb_k2|absolute1,M6_blend,-0.09276819582164059,-0.09723218886596283,0.2225705329153605,0.4702194357366771,,0.5,1.0,0.5,0.5
laplace_eb_k2|absolute1,M6_blend,-0.0960866810251685,-0.09454195317009399,0.23510971786833856,0.47648902821316613,,0.5,1.0,0.5,0.75
laplace_eb_k2|absolute1,M6_blend,-0.09906884127562751,-0.09941089647270296,0.2413793103448276,0.47648902821316613,,0.5,1.0,0.5,1.0
laplace_eb_k2|absolute1,M6_blend,-0.09660426631876413,-0.09863823785396952,0.22570532915360503,0.4608150470219436,,0.5,1.0,0.75,0.0
laplace_eb_k2|absolute1,M6_blend,-0.09709967548321458,-0.10292897101339875,0.219435736677116,0.47962382445141066,,0.5,1.0,0.75,0.25
laplace_eb_k2|absolute1,M6_blend,-0.0990739404618982,-0.09713484046741339,0.23510971786833856,0.4827586206896552,,0.5,1.0,0.75,0.5
laplace_eb_k2|absolute1,M6_blend,-0.10264245544826497,-0.10429706350903152,0.2413793103448276,0.49216300940438873,,0.5,1.0,0.75,0.75
laplace_eb_k2|absolute1,M6_blend,-0.10486542533872042,-0.1077814629435726,0.2413793103448276,0.49843260188087773,,0.5,1.0,0.75,1.0
laplace_eb_k2|absolute1,M6_blend,-0.10154110114572777,-0.10099544016451671,0.23824451410658307,0.4702194357366771,,0.5,1.0,1.0,0.0
laplace_eb_k2|absolute1,M6_blend,-0.10075636319460768,-0.10079860814546343,0.23824451410658307,0.48589341692789967,,0.5,1.0,1.0,0.25
laplace_eb_k2|absolute1,M6_blend,-0.10456957301715758,-0.10350568862310772,0.2413793103448276,0.4952978056426332,,0.5,1.0,1.0,0.5
laplace_eb_k2|absolute1,M6_blend,-0.10845531620205102,-0.10927826309792674,0.2445141065830721,0.49843260188087773,,0.5,1.0,1.0,0.75
laplace_eb_k2|absolute1,M6_blend,-0.10856574294576316,-0.11055654188075036,0.2476489028213166,0.5047021943573667,,0.5,1.0,1.0,1.0
laplace_eb_k2|absolute1,M6_blend,-0.0570803706498142,-0.06448704640740137,0.1755485893416928,0.322884012539185,,0.75,0.0,0.0,0.0
laplace_eb_k2|absolute1,M6_blend,-0.06625724122445852,-0.07188371323679682,0.18808777429467086,0.34796238244514105,,0.75,0.0,0.0,0.25
laplace_eb_k2|absolute1,M6_blend,-0.07376624768332564,-0.07580696616240055,0.2006269592476489,0.34796238244514105,,0.75,0.0,0.0,0.5
laplace_eb_k2|absolute1,M6_blend,-0.07793235764170495,-0.08044922157981926,0.2006269592476489,0.3667711598746082,,0.75,0.0,0.0,0.75
laplace_eb_k2|absolute1,M6_blend,-0.08183413238852266,-0.08115390820142618,0.2225705329153605,0.3761755485893417,,0.75,0.0,0.0,1.0
laplace_eb_k2|absolute1,M6_blend,-0.06909174862655054,-0.07227285748178308,0.1755485893416928,0.3761755485893417,,0.75,0.0,0.25,0.0
laplace_eb_k2|absolute1,M6_blend,-0.07504847903941718,-0.07860628102079828,0.19435736677115986,0.36363636363636365,,0.75,0.0,0.25,0.25
laplace_eb_k2|absolute1,M6_blend,-0.07861242114708404,-0.08360198623614624,0.1974921630094044,0.3887147335423197,,0.75,0.0,0.25,0.5
laplace_eb_k2|absolute1,M6_blend,-0.08416717985521892,-0.08228359525573664,0.23197492163009403,0.3887147335423197,,0.75,0.0,0.25,0.75
laplace_eb_k2|absolute1,M6_blend,-0.08858935261497397,-0.08190119385625876,0.2413793103448276,0.3949843260188088,,0.75,0.0,0.25,1.0
laplace_eb_k2|absolute1,M6_blend,-0.07782471265032853,-0.08300895720346595,0.18808777429467086,0.3887147335423197,,0.75,0.0,0.5,0.0
laplace_eb_k2|absolute1,M6_blend,-0.08168480704604289,-0.08520151396810448,0.2006269592476489,0.3949843260188088,,0.75,0.0,0.5,0.25
laplace_eb_k2|absolute1,M6_blend,-0.08605530325764607,-0.08553753435891998,0.21316614420062696,0.3981191222570533,,0.75,0.0,0.5,0.5
laplace_eb_k2|absolute1,M6_blend,-0.09513176083013178,-0.08931469153554462,0.22570532915360503,0.4106583072100313,,0.75,0.0,0.5,0.75
laplace_eb_k2|absolute1,M6_blend,-0.09599332975389134,-0.09329730688030817,0.23197492163009403,0.4231974921630094,,0.75,0.0,0.5,1.0
laplace_eb_k2|absolute1,M6_blend,-0.08607636495458348,-0.08903138229746056,0.20376175548589343,0.4106583072100313,,0.75,0.0,0.75,0.0
laplace_eb_k2|absolute1,M6_blend,-0.08962106367213554,-0.08671723205748023,0.22570532915360503,0.40752351097178685,,0.75,0.0,0.75,0.25
laplace_eb_k2|absolute1,M6_blend,-0.09749578791728841,-0.09323976072117826,0.22884012539184953,0.4263322884012539,,0.75,0.0,0.75,0.5
laplace_eb_k2|absolute1,M6_blend,-0.09702576350888496,-0.09337716243670652,0.23510971786833856,0.43260188087774293,,0.75,0.0,0.75,0.75
laplace_eb_k2|absolute1,M6_blend,-0.10178553495701437,-0.09508803725055766,0.23824451410658307,0.445141065830721,,0.75,0.0,0.75,1.0
laplace_eb_k2|absolute1,M6_blend,-0.09643520523262569,-0.09370415886648023,0.2225705329153605,0.42946708463949845,,0.75,0.0,1.0,0.0
laplace_eb_k2|absolute1,M6_blend,-0.09985826605138558,-0.09698528165820998,0.22570532915360503,0.438871473354232,,0.75,0.0,1.0,0.25
laplace_eb_k2|absolute1,M6_blend,-0.1024285043127822,-0.10070551969227746,0.23197492163009403,0.4482758620689655,,0.75,0.0,1.0,0.5
laplace_eb_k2|absolute1,M6_blend,-0.10269087514228024,-0.10158152663408776,0.23510971786833856,0.45768025078369906,,0.75,0.0,1.0,0.75
laplace_eb_k2|absolute1,M6_blend,-0.10383249811031527,-0.10106115258038978,0.23824451410658307,0.47648902821316613,,0.75,0.0,1.0,1.0
laplace_eb_k2|absolute1,M6_blend,-0.07019746883354386,-0.0780481410484329,0.1755485893416928,0.3605015673981191,,0.75,0.25,0.0,0.0
laplace_eb_k2|absolute1,M6_blend,-0.07043938285932115,-0.08011777346317298,0.1974921630094044,0.3761755485893417,,0.75,0.25,0.0,0.25
laplace_eb_k2|absolute1,M6_blend,-0.07556898964055578,-0.07762416022418062,0.2006269592476489,0.3761755485893417,,0.75,0.25,0.0,0.5
laplace_eb_k2|absolute1,M6_blend,-0.08240776612149692,-0.08108298416281569,0.21316614420062696,0.3887147335423197,,0.75,0.25,0.0,0.75
laplace_eb_k2|absolute1,M6_blend,-0.08573883591571946,-0.07921948649432965,0.22570532915360503,0.3949843260188088,,0.75,0.25,0.0,1.0
laplace_eb_k2|absolute1,M6_blend,-0.07472921386870274,-0.08395752513950522,0.19435736677115986,0.3981191222570533,,0.75,0.25,0.25,0.0
laplace_eb_k2|absolute1,M6_blend,-0.07960838316420013,-0.08348404279790328,0.1974921630094044,0.3949843260188088,,0.75,0.25,0.25,0.25
laplace_eb_k2|absolute1,M6_blend,-0.08225752822078918,-0.08704703277835278,0.21316614420062696,0.4012539184952978,,0.75,0.25,0.25,0.5
laplace_eb_k2|absolute1,M6_blend,-0.08926218946237363,-0.08115734734505321,0.23824451410658307,0.4012539184952978,,0.75,0.25,0.25,0.75
laplace_eb_k2|absolute1,M6_blend,-0.09028953197995596,-0.09186812520587706,0.23510971786833856,0.4200626959247649,,0.75,0.25,0.25,1.0
laplace_eb_k2|absolute1,M6_blend,-0.08430407456162646,-0.08941006289100198,0.19122257053291536,0.41379310344827586,,0.75,0.25,0.5,0.0
laplace_eb_k2|absolute1,M6_blend,-0.08655874086395415,-0.08782476679565017,0.21003134796238246,0.41379310344827586,,0.75,0.25,0.5,0.25
laplace_eb_k2|absolute1,M6_blend,-0.0937869235308913,-0.09085839594419473,0.23824451410658307,0.4169278996865204,,0.75,0.25,0.5,0.5
laplace_eb_k2|absolute1,M6_blend,-0.09532971656191797,-0.0958512027902663,0.22570532915360503,0.42946708463949845,,0.75,0.25,0.5,0.75
laplace_eb_k2|absolute1,M6_blend,-0.09764666648916816,-0.09965426481816463,0.22570532915360503,0.445141065830721,,0.75,0.25,0.5,1.0
laplace_eb_k2|absolute1,M6_blend,-0.08878582181617965,-0.08921188636913568,0.21003134796238246,0.4231974921630094,,0.75,0.25,0.75,0.0
laplace_eb_k2|absolute1,M6_blend,-0.09552746044884484,-0.09285196260225063,0.23510971786833856,0.4263322884012539,,0.75,0.25,0.75,0.25
laplace_eb_k2|absolute1,M6_blend,-0.0988704023274417,-0.0953174366566081,0.23197492163009403,0.438871473354232,,0.75,0.25,0.75,0.5
laplace_eb_k2|absolute1,M6_blend,-0.10029617632746671,-0.0972714276055931,0.23510971786833856,0.45141065830721006,,0.75,0.25,0.75,0.75
laplace_eb_k2|absolute1,M6_blend,-0.10086412451432589,-0.10000173588718367,0.23824451410658307,0.47648902821316613,,0.75,0.25,0.75,1.0
laplace_eb_k2|absolute1,M6_blend,-0.10087332077529111,-0.09600690969479121,0.23197492163009403,0.44200626959247646,,0.75,0.25,1.0,0.0
laplace_eb_k2|absolute1,M6_blend,-0.10182223743350714,-0.10281278043518245,0.23197492163009403,0.45768025078369906,,0.75,0.25,1.0,0.25
laplace_eb_k2|absolute1,M6_blend,-0.10216033338449242,-0.10421889016060246,0.23510971786833856,0.46394984326018807,,0.75,0.25,1.0,0.5
laplace_eb_k2|absolute1,M6_blend,-0.10319093689730853,-0.10187266991243094,0.23824451410658307,0.47962382445141066,,0.75,0.25,1.0,0.75
laplace_eb_k2|absolute1,M6_blend,-0.10299488863295712,-0.09920183223523317,0.2445141065830721,0.4827586206896552,,0.75,0.25,1.0,1.0
laplace_eb_k2|absolute1,M6_blend,-0.07697944427948607,-0.08125692879238099,0.21003134796238246,0.3887147335423197,,0.75,0.5,0.0,0.0
laplace_eb_k2|absolute1,M6_blend,-0.07625935532806064,-0.08172667080238695,0.21003134796238246,0.3949843260188088,,0.75,0.5,0.0,0.25
laplace_eb_k2|absolute1,M6_blend,-0.08269617808791799,-0.07909319448200139,0.21630094043887146,0.3981191222570533,,0.75,0.5,0.0,0.5
laplace_eb_k2|absolute1,M6_blend,-0.0875744116545606,-0.08236195271992384,0.2225705329153605,0.4043887147335423,,0.75,0.5,0.0,0.75
laplace_eb_k2|absolute1,M6_blend,-0.09020019261111295,-0.08957035670226271,0.219435736677116,0.4231974921630094,,0.75,0.5,0.0,1.0
laplace_eb_k2|absolute1,M6_blend,-0.08099881876769194,-0.08401509080093857,0.20689655172413793,0.41379310344827586,,0.75,0.5,0.25,0.0
laplace_eb_k2|absolute1,M6_blend,-0.08461772543134206,-0.08471680747864763,0.21630094043887146,0.4169278996865204,,0.75,0.5,0.25,0.25
laplace_eb_k2|absolute1,M6_blend,-0.08932585487723486,-0.09009179085212815,0.2225705329153605,0.4200626959247649,,0.75,0.5,0.25,0.5
laplace_eb_k2|absolute1,M6_blend,-0.0935626003110531,-0.09747502609480137,0.22570532915360503,0.43260188087774293,,0.75,0.5,0.25,0.75
laplace_eb_k2|absolute1,M6_blend,-0.09572256266103382,-0.099899961096366,0.22884012539184953,0.445141065830721,,0.75,0.5,0.25,1.0
laplace_eb_k2|absolute1,M6_blend,-0.08925442431325725,-0.0868383212990148,0.21003134796238246,0.4169278996865204,,0.75,0.5,0.5,0.0
laplace_eb_k2|absolute1,M6_blend,-0.09252837512234824,-0.0912816822061718,0.2225705329153605,0.42946708463949845,,0.75,0.5,0.5,0.25
laplace_eb_k2|absolute1,M6_blend,-0.09521877702648045,-0.09879060010177589,0.2225705329153605,0.445141065830721,,0.75,0.5,0.5,0.5
laplace_eb_k2|absolute1,M6_blend,-0.09883646057507103,-0.1019721932265452,0.22884012539184953,0.45141065830721006,,0.75,0.5,0.5,0.75
laplace_eb_k2|absolute1,M6_blend,-0.09861935811554313,-0.10479718554169407,0.23197492163009403,0.4702194357366771,,0.75,0.5,0.5,1.0
laplace_eb_k2|absolute1,M6_blend,-0.09520625907971242,-0.09474563365072292,0.22884012539184953,0.43573667711598746,,0.75,0.5,0.75,0.0
laplace_eb_k2|absolute1,M6_blend,-0.09975826670070961,-0.09812905548321416,0.22570532915360503,0.45141065830721006,,0.75,0.5,0.75,0.25
laplace_eb_k2|absolute1,M6_blend,-0.10075918353636854,-0.10089724074149954,0.23197492163009403,0.45768025078369906,,0.75,0.5,0.75,0.5
laplace_eb_k2|absolute1,M6_blend,-0.10133349573253474,-0.10175678161991801,0.23510971786833856,0.47648902821316613,,0.75,0.5,0.75,0.75
laplace_eb_k2|absolute1,M6_blend,-0.10561589901160516,-0.10361813370804054,0.2413793103448276,0.47962382445141066,,0.75,0.5,0.75,1.0
laplace_eb_k2|absolute1,M6_blend,-0.10445975528627947,-0.10270644278268455,0.23197492163009403,0.4608150470219436,,0.75,0.5,1.0,0.0
laplace_eb_k2|absolute1,M6_blend,-0.1020303288061524,-0.10119148731511962,0.23824451410658307,0.4670846394984326,,0.75,0.5,1.0,0.25
laplace_eb_k2|absolute1,M6_blend,-0.10407083469908684,-0.10221497343158273,0.2413793103448276,0.4827586206896552,,0.75,0.5,1.0,0.5
laplace_eb_k2|absolute1,M6_blend,-0.10582493348519163,-0.10043222429143224,0.2445141065830721,0.4827586206896552,,0.75,0.5,1.0,0.75
laplace_eb_k2|absolute1,M6_blend,-0.11016574621031905,-0.10675777375791513,0.2445141065830721,0.49216300940438873,,0.75,0.5,1.0,1.0
laplace_eb_k2|absolute1,M6_blend,-0.0824006090878354,-0.08264732687824572,0.21630094043887146,0.40752351097178685,,0.75,0.75,0.0,0.0
laplace_eb_k2|absolute1,M6_blend,-0.08487666643740173,-0.08370676822376476,0.22570532915360503,0.4200626959247649,,0.75,0.75,0.0,0.25
laplace_eb_k2|absolute1,M6_blend,-0.09003163620846553,-0.08283836204196592,0.22884012539184953,0.41379310344827586,,0.75,0.75,0.0,0.5
laplace_eb_k2|absolute1,M6_blend,-0.0931137159661918,-0.09222449949682693,0.22570532915360503,0.42946708463949845,,0.75,0.75,0.0,0.75
laplace_eb_k2|absolute1,M6_blend,-0.0964016948098949,-0.09687345303291438,0.219435736677116,0.4482758620689655,,0.75,0.75,0.0,1.0
laplace_eb_k2|absolute1,M6_blend,-0.08871311412228947,-0.08534355270077816,0.219435736677116,0.42946708463949845,,0.75,0.75,0.25,0.0
laplace_eb_k2|absolute1,M6_blend,-0.0928516773324553,-0.09073143889164102,0.22884012539184953,0.43573667711598746,,0.75,0.75,0.25,0.25
laplace_eb_k2|absolute1,M6_blend,-0.09444487481409841,-0.09688305509127794,0.23197492163009403,0.445141065830721,,0.75,0.75,0.25,0.5
laplace_eb_k2|absolute1,M6_blend,-0.09754730363488877,-0.10266028475425086,0.2225705329153605,0.45768025078369906,,0.75,0.75,0.25,0.75
laplace_eb_k2|absolute1,M6_blend,-0.10052884831294791,-0.09827705903626908,0.22570532915360503,0.47648902821316613,,0.75,0.75,0.25,1.0
laplace_eb_k2|absolute1,M6_blend,-0.09676902561930087,-0.09501990250846061,0.2225705329153605,0.445141065830721,,0.75,0.75,0.5,0.0
laplace_eb_k2|absolute1,M6_blend,-0.0970204684072957,-0.09983590824476977,0.22570532915360503,0.45141065830721006,,0.75,0.75,0.5,0.25
laplace_eb_k2|absolute1,M6_blend,-0.09975081730362427,-0.10383303855840689,0.219435736677116,0.46394984326018807,,0.75,0.75,0.5,0.5
laplace_eb_k2|absolute1,M6_blend,-0.10191607900209945,-0.10734679561610506,0.219435736677116,0.48589341692789967,,0.75,0.75,0.5,0.75
laplace_eb_k2|absolute1,M6_blend,-0.10719663684377298,-0.10667962747915037,0.23197492163009403,0.47962382445141066,,0.75,0.75,0.5,1.0
laplace_eb_k2|absolute1,M6_blend,-0.10093168879313934,-0.09629959771905947,0.23824451410658307,0.45454545454545453,,0.75,0.75,0.75,0.0
laplace_eb_k2|absolute1,M6_blend,-0.10374735420302474,-0.09910533581874961,0.23197492163009403,0.4702194357366771,,0.75,0.75,0.75,0.25
laplace_eb_k2|absolute1,M6_blend,-0.10345526350819101,-0.10299351706306763,0.23197492163009403,0.4827586206896552,,0.75,0.75,0.75,0.5
laplace_eb_k2|absolute1,M6_blend,-0.10813152833135294,-0.10449691726402803,0.23197492163009403,0.4952978056426332,,0.75,0.75,0.75,0.75
laplace_eb_k2|absolute1,M6_blend,-0.10970311165322678,-0.10891665846436376,0.2445141065830721,0.5047021943573667,,0.75,0.75,0.75,1.0
laplace_eb_k2|absolute1,M6_blend,-0.10504114636562654,-0.10070934753900038,0.23197492163009403,0.47648902821316613,,0.75,0.75,1.0,0.0
laplace_eb_k2|absolute1,M6_blend,-0.10645682930098825,-0.1015355521375109,0.23510971786833856,0.48589341692789967,,0.75,0.75,1.0,0.25
laplace_eb_k2|absolute1,M6_blend,-0.11085022224144106,-0.10899681214908821,0.23197492163009403,0.5078369905956113,,0.75,0.75,1.0,0.5
laplace_eb_k2|absolute1,M6_blend,-0.11325423834672524,-0.10953597026091758,0.2507836990595611,0.5047021943573667,,0.75,0.75,1.0,0.75
laplace_eb_k2|absolute1,M6_blend,-0.11381511912327939,-0.10972509793586865,0.2507836990595611,0.5078369905956113,,0.75,0.75,1.0,1.0
laplace_eb_k2|absolute1,M6_blend,-0.08699427269280365,-0.08773094251004505,0.2225705329153605,0.43573667711598746,,0.75,1.0,0.0,0.0
laplace_eb_k2|absolute1,M6_blend,-0.09280874777228862,-0.08890884837900584,0.2225705329153605,0.445141065830721,,0.75,1.0,0.0,0.25
laplace_eb_k2|absolute1,M6_blend,-0.09444962639217361,-0.09346268065624103,0.22884012539184953,0.43573667711598746,,0.75,1.0,0.0,0.5
laplace_eb_k2|absolute1,M6_blend,-0.09843807978500402,-0.09646002615460408,0.2225705329153605,0.45768025078369906,,0.75,1.0,0.0,0.75
laplace_eb_k2|absolute1,M6_blend,-0.10147168138966066,-0.09464259026426133,0.23510971786833856,0.4702194357366771,,0.75,1.0,0.0,1.0
laplace_eb_k2|absolute1,M6_blend,-0.09700787444185287,-0.0958703890396136,0.22570532915360503,0.45141065830721006,,0.75,1.0,0.25,0.0
laplace_eb_k2|absolute1,M6_blend,-0.09691510582448817,-0.09590887649679633,0.22570532915360503,0.4482758620689655,,0.75,1.0,0.25,0.25
laplace_eb_k2|absolute1,M6_blend,-0.09811317844736413,-0.09720514026882132,0.22570532915360503,0.46394984326018807,,0.75,1.0,0.25,0.5
laplace_eb_k2|absolute1,M6_blend,-0.10265515537206975,-0.09760400014097415,0.22884012539184953,0.47648902821316613,,0.75,1.0,0.25,0.75
laplace_eb_k2|absolute1,M6_blend,-0.10684515850232375,-0.09739975167619397,0.2445141065830721,0.47962382445141066,,0.75,1.0,0.25,1.0
laplace_eb_k2|absolute1,M6_blend,-0.09938929815074442,-0.09940470304328446,0.2225705329153605,0.45768025078369906,,0.75,1.0,0.5,0.0
laplace_eb_k2|absolute1,M6_blend,-0.10115237368996295,-0.10217672677529643,0.2225705329153605,0.4670846394984326,,0.75,1.0,0.5,0.25
laplace_eb_k2|absolute1,M6_blend,-0.10451647481861989,-0.10343665886541893,0.2225705329153605,0.48589341692789967,,0.75,1.0,0.5,0.5
laplace_eb_k2|absolute1,M6_blend,-0.1088277049031711,-0.10366187738634203,0.23510971786833856,0.4952978056426332,,0.75,1.0,0.5,0.75
laplace_eb_k2|absolute1,M6_blend,-0.10985888071901298,-0.11049073858647884,0.23824451410658307,0.5078369905956113,,0.75,1.0,0.5,1.0
laplace_eb_k2|absolute1,M6_blend,-0.1046021755313785,-0.0989813685277039,0.23197492163009403,0.47335423197492166,,0.75,1.0,0.75,0.0
laplace_eb_k2|absolute1,M6_blend,-0.10786713643428066,-0.09795247758724099,0.23510971786833856,0.48589341692789967,,0.75,1.0,0.75,0.25
laplace_eb_k2|absolute1,M6_blend,-0.11123729883937127,-0.1065623896389172,0.2413793103448276,0.5078369905956113,,0.75,1.0,0.75,0.5
laplace_eb_k2|absolute1,M6_blend,-0.11219038769967668,-0.10969104233627035,0.2445141065830721,0.5109717868338558,,0.75,1.0,0.75,0.75
laplace_eb_k2|absolute1,M6_blend,-0.11085606400975809,-0.10938837305645584,0.2476489028213166,0.5109717868338558,,0.75,1.0,0.75,1.0
laplace_eb_k2|absolute1,M6_blend,-0.11246909145377194,-0.10010668796525106,0.23824451410658307,0.4952978056426332,,0.75,1.0,1.0,0.0
laplace_eb_k2|absolute1,M6_blend,-0.11316461448111106,-0.10896119996204645,0.23824451410658307,0.5141065830721003,,0.75,1.0,1.0,0.25
laplace_eb_k2|absolute1,M6_blend,-0.11499259528647769,-0.10855551664264972,0.2476489028213166,0.5109717868338558,,0.75,1.0,1.0,0.5
laplace_eb_k2|absolute1,M6_blend,-0.11655475233404648,-0.11097804997641839,0.2445141065830721,0.5141065830721003,,0.75,1.0,1.0,0.75
laplace_eb_k2|absolute1,M6_blend,-0.1165701372992854,-0.10998322713104161,0.2507836990595611,0.5141065830721003,,0.75,1.0,1.0,1.0
laplace_eb_k2|absolute1,M6_blend,-0.07928498596131191,-0.09259146766088973,0.18495297805642633,0.4012539184952978,,1.0,0.0,0.0,0.0
laplace_eb_k2|absolute1,M6_blend,-0.08042812967940248,-0.08723300633525774,0.18808777429467086,0.4012539184952978,,1.0,0.0,0.0,0.25
laplace_eb_k2|absolute1,M6_blend,-0.08349549485866939,-0.09280002037746406,0.19122257053291536,0.4169278996865204,,1.0,0.0,0.0,0.5
laplace_eb_k2|absolute1,M6_blend,-0.086169597438212,-0.08971856504118181,0.20689655172413793,0.4043887147335423,,1.0,0.0,0.0,0.75
laplace_eb_k2|absolute1,M6_blend,-0.0919707203220262,-0.09229896058763457,0.22884012539184953,0.4106583072100313,,1.0,0.0,0.0,1.0
laplace_eb_k2|absolute1,M6_blend,-0.08456473936727758,-0.09041644198393747,0.1786833855799373,0.438871473354232,,1.0,0.0,0.25,0.0
laplace_eb_k2|absolute1,M6_blend,-0.0874073794832907,-0.0917655967853286,0.18808777429467086,0.43260188087774293,,1.0,0.0,0.25,0.25
laplace_eb_k2|absolute1,M6_blend,-0.08793268482368397,-0.08877526506267745,0.20689655172413793,0.41379310344827586,,1.0,0.0,0.25,0.5
laplace_eb_k2|absolute1,M6_blend,-0.09446034807253603,-0.09812409631604312,0.2225705329153605,0.42946708463949845,,1.0,0.0,0.25,0.75
laplace_eb_k2|absolute1,M6_blend,-0.09624160640578132,-0.09459297816768335,0.23510971786833856,0.42946708463949845,,1.0,0.0,0.25,1.0
laplace_eb_k2|absolute1,M6_blend,-0.0903445059170518,-0.09039930982929786,0.18808777429467086,0.445141065830721,,1.0,0.0,0.5,0.0
laplace_eb_k2|absolute1,M6_blend,-0.09114528473483606,-0.09075104622725036,0.20689655172413793,0.4231974921630094,,1.0,0.0,0.5,0.25
laplace_eb_k2|absolute1,M6_blend,-0.09714648971686263,-0.0909388891908816,0.219435736677116,0.43260188087774293,,1.0,0.0,0.5,0.5
laplace_eb_k2|absolute1,M6_blend,-0.09966770743480237,-0.09496839372528758,0.23510971786833856,0.438871473354232,,1.0,0.0,0.5,0.75
laplace_eb_k2|absolute1,M6_blend,-0.10065963879813163,-0.09545019969671124,0.23824451410658307,0.445141065830721,,1.0,0.0,0.5,1.0
laplace_eb_k2|absolute1,M6_blend,-0.09673500721446814,-0.09317028576210375,0.21003134796238246,0.44200626959247646,,1.0,0.0,0.75,0.0
laplace_eb_k2|absolute1,M6_blend,-0.10209441355775388,-0.09537144287906844,0.22884012539184953,0.44200626959247646,,1.0,0.0,0.75,0.25
laplace_eb_k2|absolute1,M6_blend,-0.10216895045165253,-0.0970600400131698,0.23510971786833856,0.44200626959247646,,1.0,0.0,0.75,0.5
laplace_eb_k2|absolute1,M6_blend,-0.10335355367222991,-0.10067874809791302,0.23824451410658307,0.45454545454545453,,1.0,0.0,0.75,0.75
laplace_eb_k2|absolute1,M6_blend,-0.10613184177225503,-0.09865583101036407,0.23824451410658307,0.47962382445141066,,1.0,0.0,0.75,1.0
laplace_eb_k2|absolute1,M6_blend,-0.10878548397579717,-0.0958429883966999,0.22884012539184953,0.45141065830721006,,1.0,0.0,1.0,0.0
laplace_eb_k2|absolute1,M6_blend,-0.10655934895481066,-0.10582467871586732,0.22884012539184953,0.46394984326018807,,1.0,0.0,1.0,0.25
laplace_eb_k2|absolute1,M6_blend,-0.1076816426473935,-0.10757189372490192,0.23510971786833856,0.47648902821316613,,1.0,0.0,1.0,0.5
laplace_eb_k2|absolute1,M6_blend,-0.10794635543282566,-0.10395711109182304,0.2445141065830721,0.47648902821316613,,1.0,0.0,1.0,0.75
laplace_eb_k2|absolute1,M6_blend,-0.10744207600849746,-0.10521208315060057,0.2476489028213166,0.49216300940438873,,1.0,0.0,1.0,1.0
laplace_eb_k2|absolute1,M6_blend,-0.08431199501249473,-0.09106414537398046,0.18808777429467086,0.4169278996865204,,1.0,0.25,0.0,0.0
laplace_eb_k2|absolute1,M6_blend,-0.08552593298909808,-0.09254425551543789,0.19122257053291536,0.4231974921630094,,1.0,0.25,0.0,0.25
laplace_eb_k2|absolute1,M6_blend,-0.08689472904526427,-0.08858861942369736,0.20689655172413793,0.41379310344827586,,1.0,0.25,0.0,0.5
laplace_eb_k2|absolute1,M6_blend,-0.09024232217367391,-0.09506369258355944,0.21630094043887146,0.4200626959247649,,1.0,0.25,0.0,0.75
laplace_eb_k2|absolute1,M6_blend,-0.09380200035988877,-0.09296401186049172,0.22570532915360503,0.4200626959247649,,1.0,0.25,0.0,1.0
laplace_eb_k2|absolute1,M6_blend,-0.09024234765245323,-0.0969439682588682,0.19435736677115986,0.44200626959247646,,1.0,0.25,0.25,0.0
laplace_eb_k2|absolute1,M6_blend,-0.09039620035762871,-0.093941475460335,0.20376175548589343,0.445141065830721,,1.0,0.25,0.25,0.25
laplace_eb_k2|absolute1,M6_blend,-0.09244134182275902,-0.09981909207415805,0.219435736677116,0.438871473354232,,1.0,0.25,0.25,0.5
laplace_eb_k2|absolute1,M6_blend,-0.09705728800980064,-0.0959136730824892,0.2225705329153605,0.445141065830721,,1.0,0.25,0.25,0.75
laplace_eb_k2|absolute1,M6_blend,-0.09959284052600689,-0.09971935621997031,0.23510971786833856,0.4482758620689655,,1.0,0.25,0.25,1.0
laplace_eb_k2|absolute1,M6_blend,-0.09461443142112608,-0.1000325815010594,0.20689655172413793,0.4482758620689655,,1.0,0.25,0.5,0.0
laplace_eb_k2|absolute1,M6_blend,-0.09587037106997127,-0.09296318113243318,0.2225705329153605,0.44200626959247646,,1.0,0.25,0.5,0.25
laplace_eb_k2|absolute1,M6_blend,-0.0987452430234785,-0.09894921427423303,0.22570532915360503,0.45141065830721006,,1.0,0.25,0.5,0.5
laplace_eb_k2|absolute1,M6_blend,-0.10072932980216377,-0.10136789452506458,0.23510971786833856,0.4608150470219436,,1.0,0.25,0.5,0.75
laplace_eb_k2|absolute1,M6_blend,-0.10293402302382272,-0.10041468550792682,0.23510971786833856,0.4702194357366771,,1.0,0.25,0.5,1.0
laplace_eb_k2|absolute1,M6_blend,-0.10149159839754428,-0.09934429413285749,0.2225705329153605,0.45768025078369906,,1.0,0.25,0.75,0.0
laplace_eb_k2|absolute1,M6_blend,-0.10317352550541282,-0.09983809189549808,0.22884012539184953,0.46394984326018807,,1.0,0.25,0.75,0.25
laplace_eb_k2|absolute1,M6_blend,-0.10410682119403654,-0.10134457733750717,0.23510971786833856,0.4670846394984326,,1.0,0.25,0.75,0.5
laplace_eb_k2|absolute1,M6_blend,-0.10541521019359588,-0.10225492669123468,0.23824451410658307,0.47962382445141066,,1.0,0.25,0.75,0.75
laplace_eb_k2|absolute1,M6_blend,-0.10672077027643799,-0.10202959525547804,0.2476489028213166,0.4952978056426332,,1.0,0.25,0.75,1.0
laplace_eb_k2|absolute1,M6_blend,-0.10827525434612481,-0.1042317101574243,0.22884012539184953,0.47648902821316613,,1.0,0.25,1.0,0.0
laplace_eb_k2|absolute1,M6_blend,-0.10724799366612708,-0.10687490592369092,0.23824451410658307,0.47648902821316613,,1.0,0.25,1.0,0.25
laplace_eb_k2|absolute1,M6_blend,-0.1080829277613406,-0.10581760617632852,0.2445141065830721,0.47962382445141066,,1.0,0.25,1.0,0.5
laplace_eb_k2|absolute1,M6_blend,-0.11093352441219846,-0.10303408355922161,0.2476489028213166,0.4952978056426332,,1.0,0.25,1.0,0.75
laplace_eb_k2|absolute1,M6_blend,-0.11226791782190086,-0.10946118953085993,0.2507836990595611,0.5015673981191222,,1.0,0.25,1.0,1.0
laplace_eb_k2|absolute1,M6_blend,-0.08778959673941815,-0.091053011672437,0.20689655172413793,0.4263322884012539,,1.0,0.5,0.0,0.0
laplace_eb_k2|absolute1,M6_blend,-0.0928034495036192,-0.08997369573968331,0.21630094043887146,0.43260188087774293,,1.0,0.5,0.0,0.25
laplace_eb_k2|absolute1,M6_blend,-0.09258751623366444,-0.09552175750179351,0.21316614420062696,0.445141065830721,,1.0,0.5,0.0,0.5
laplace_eb_k2|absolute1,M6_blend,-0.09454782423828484,-0.09410372212949591,0.219435736677116,0.44200626959247646,,1.0,0.5,0.0,0.75
laplace_eb_k2|absolute1,M6_blend,-0.09926598081216725,-0.09966904027708645,0.219435736677116,0.45454545454545453,,1.0,0.5,0.0,1.0
laplace_eb_k2|absolute1,M6_blend,-0.09335596431768022,-0.09391196571921107,0.21630094043887146,0.4482758620689655,,1.0,0.5,0.25,0.0
laplace_eb_k2|absolute1,M6_blend,-0.09375583536388322,-0.09840425839618455,0.2225705329153605,0.45454545454545453,,1.0,0.5,0.25,0.25
laplace_eb_k2|absolute1,M6_blend,-0.09879123797355928,-0.09968215558783014,0.2225705329153605,0.45768025078369906,,1.0,0.5,0.25,0.5
laplace_eb_k2|absolute1,M6_blend,-0.09983238535625584,-0.10091029215008487,0.2225705329153605,0.4608150470219436,,1.0,0.5,0.25,0.75
laplace_eb_k2|absolute1,M6_blend,-0.1021186048037676,-0.10689948728092039,0.21316614420062696,0.48589341692789967,,1.0,0.5,0.25,1.0
laplace_eb_k2|absolute1,M6_blend,-0.09570783432488221,-0.09990478253289824,0.2225705329153605,0.46394984326018807,,1.0,0.5,0.5,0.0
laplace_eb_k2|absolute1,M6_blend,-0.09958081625631092,-0.10214506846423434,0.2225705329153605,0.46394984326018807,,1.0,0.5,0.5,0.25
laplace_eb_k2|absolute1,M6_blend,-0.1016725416110663,-0.10117017475415173,0.23197492163009403,0.47335423197492166,,1.0,0.5,0.5,0.5
laplace_eb_k2|absolute1,M6_blend,-0.1047512967635905,-0.10099251937343036,0.23197492163009403,0.47648902821316613,,1.0,0.5,0.5,0.75
laplace_eb_k2|absolute1,M6_blend,-0.10763621648692935,-0.10181273580718564,0.23510971786833856,0.49216300940438873,,1.0,0.5,0.5,1.0
laplace_eb_k2|absolute1,M6_blend,-0.1055787137448618,-0.10297120883360178,0.22570532915360503,0.4702194357366771,,1.0,0.5,0.75,0.0
laplace_eb_k2|absolute1,M6_blend,-0.1060487816008423,-0.10164946752095297,0.22884012539184953,0.47962382445141066,,1.0,0.5,0.75,0.25
laplace_eb_k2|absolute1,M6_blend,-0.10881113778409424,-0.10078996658138346,0.23510971786833856,0.47962382445141066,,1.0,0.5,0.75,0.5
laplace_eb_k2|absolute1,M6_blend,-0.11019271823252999,-0.10631946607443232,0.23510971786833856,0.5047021943573667,,1.0,0.5,0.75,0.75
laplace_eb_k2|absolute1,M6_blend,-0.11081130810480794,-0.10830578637721022,0.2476489028213166,0.5047021943573667,,1.0,0.5,0.75,1.0
laplace_eb_k2|absolute1,M6_blend,-0.11029263716275912,-0.10631591609466039,0.23510971786833856,0.47962382445141066,,1.0,0.5,1.0,0.0
laplace_eb_k2|absolute1,M6_blend,-0.11149875676908566,-0.10426981130550647,0.23824451410658307,0.4827586206896552,,1.0,0.5,1.0,0.25
laplace_eb_k2|absolute1,M6_blend,-0.11275307335816578,-0.11031537865022881,0.23510971786833856,0.5109717868338558,,1.0,0.5,1.0,0.5
laplace_eb_k2|absolute1,M6_blend,-0.11332116634765288,-0.10608647135451296,0.2507836990595611,0.5015673981191222,,1.0,0.5,1.0,0.75
laplace_eb_k2|absolute1,M6_blend,-0.1159739418269256,-0.10831814810493523,0.25391849529780564,0.5078369905956113,,1.0,0.5,1.0,1.0
laplace_eb_k2|absolute1,M6_blend,-0.0945524004010106,-0.10018535724441086,0.21003134796238246,0.45141065830721006,,1.0,0.75,0.0,0.0
laplace_eb_k2|absolute1,M6_blend,-0.09880380190331871,-0.09826958838114544,0.21316614420062696,0.4608150470219436,,1.0,0.75,0.0,0.25
laplace_eb_k2|absolute1,M6_blend,-0.101500305353509,-0.09627177101504467,0.2225705329153605,0.45768025078369906,,1.0,0.75,0.0,0.5
laplace_eb_k2|absolute1,M6_blend,-0.09992183082586405,-0.09836573796025638,0.22570532915360503,0.45141065830721006,,1.0,0.75,0.0,0.75
laplace_eb_k2|absolute1,M6_blend,-0.1009419669390811,-0.10066077276643914,0.219435736677116,0.4670846394984326,,1.0,0.75,0.0,1.0
laplace_eb_k2|absolute1,M6_blend,-0.10082521920510332,-0.09942600341239319,0.21630094043887146,0.4608150470219436,,1.0,0.75,0.25,0.0
laplace_eb_k2|absolute1,M6_blend,-0.10384076495139365,-0.1028501580594849,0.22570532915360503,0.4670846394984326,,1.0,0.75,0.25,0.25
laplace_eb_k2|absolute1,M6_blend,-0.10172128528017117,-0.10141435433704651,0.22570532915360503,0.46394984326018807,,1.0,0.75,0.25,0.5
laplace_eb_k2|absolute1,M6_blend,-0.10506080048994622,-0.10182813295750034,0.22884012539184953,0.47962382445141066,,1.0,0.75,0.25,0.75
laplace_eb_k2|absolute1,M6_blend,-0.10913336199786777,-0.11052719702167571,0.219435736677116,0.5078369905956113,,1.0,0.75,0.25,1.0
laplace_eb_k2|absolute1,M6_blend,-0.10557592922613737,-0.10195737348454872,0.2225705329153605,0.47962382445141066,,1.0,0.75,0.5,0.0
laplace_eb_k2|absolute1,M6_blend,-0.10624527882207567,-0.1000536477023905,0.23197492163009403,0.4702194357366771,,1.0,0.75,0.5,0.25
laplace_eb_k2|absolute1,M6_blend,-0.10795754320486735,-0.10033753621727695,0.23197492163009403,0.48589341692789967,,1.0,0.75,0.5,0.5
laplace_eb_k2|absolute1,M6_blend,-0.10975950142338974,-0.10314530816197769,0.23510971786833856,0.5015673981191222,,1.0,0.75,0.5,0.75
laplace_eb_k2|absolute1,M6_blend,-0.1113396962205105,-0.11337924965870418,0.23510971786833856,0.5235109717868338,,1.0,0.75,0.5,1.0
laplace_eb_k2|absolute1,M6_blend,-0.10975701783005157,-0.1017333572280818,0.22884012539184953,0.47648902821316613,,1.0,0.75,0.75,0.0
laplace_eb_k2|absolute1,M6_blend,-0.11054129041688929,-0.10114348574678726,0.23510971786833856,0.4890282131661442,,1.0,0.75,0.75,0.25
laplace_eb_k2|absolute1,M6_blend,-0.11078930933639441,-0.1042453299588918,0.2413793103448276,0.5047021943573667,,1.0,0.75,0.75,0.5
laplace_eb_k2|absolute1,M6_blend,-0.11385632931532716,-0.10913002652154073,0.2445141065830721,0.5141065830721003,,1.0,0.75,0.75,0.75
laplace_eb_k2|absolute1,M6_blend,-0.11358388840244205,-0.11133803859306353,0.2445141065830721,0.5203761755485894,,1.0,0.75,0.75,1.0
laplace_eb_k2|absolute1,M6_blend,-0.11578284653544359,-0.10761818147284857,0.2413793103448276,0.49216300940438873,,1.0,0.75,1.0,0.0
laplace_eb_k2|absolute1,M6_blend,-0.11361168305217745,-0.10849438058825496,0.2413793103448276,0.5141065830721003,,1.0,0.75,1.0,0.25
laplace_eb_k2|absolute1,M6_blend,-0.11480341801432582,-0.11235632971629828,0.2445141065830721,0.5203761755485894,,1.0,0.75,1.0,0.5
laplace_eb_k2|absolute1,M6_blend,-0.11723616212428227,-0.11480291278851817,0.2476489028213166,0.5235109717868338,,1.0,0.75,1.0,0.75
laplace_eb_k2|absolute1,M6_blend,-0.11931251391454478,-0.11469225321537276,0.2476489028213166,0.5203761755485894,,1.0,0.75,1.0,1.0
laplace_eb_k2|absolute1,M6_blend,-0.10028350980345643,-0.10629551346212346,0.21316614420062696,0.4702194357366771,,1.0,1.0,0.0,0.0
laplace_eb_k2|absolute1,M6_blend,-0.10550784800362886,-0.10150407861953245,0.219435736677116,0.47962382445141066,,1.0,1.0,0.0,0.25
laplace_eb_k2|absolute1,M6_blend,-0.10576017184823684,-0.09771307349952411,0.23197492163009403,0.4670846394984326,,1.0,1.0,0.0,0.5
laplace_eb_k2|absolute1,M6_blend,-0.10502601075908996,-0.10382864706008038,0.2225705329153605,0.48589341692789967,,1.0,1.0,0.0,0.75
laplace_eb_k2|absolute1,M6_blend,-0.10891996125493343,-0.10914390172143715,0.22884012539184953,0.49843260188087773,,1.0,1.0,0.0,1.0
laplace_eb_k2|absolute1,M6_blend,-0.10955764261203774,-0.1018287047603661,0.22884012539184953,0.48589341692789967,,1.0,1.0,0.25,0.0
laplace_eb_k2|absolute1,M6_blend,-0.10977101444790738,-0.10368912174223359,0.22570532915360503,0.4890282131661442,,1.0,1.0,0.25,0.25
laplace_eb_k2|absolute1,M6_blend,-0.11065467070270509,-0.10791688428777138,0.23197492163009403,0.4952978056426332,,1.0,1.0,0.25,0.5
laplace_eb_k2|absolute1,M6_blend,-0.11245578318274238,-0.10998209815787671,0.23510971786833856,0.5047021943573667,,1.0,1.0,0.25,0.75
laplace_eb_k2|absolute1,M6_blend,-0.11323466863067384,-0.11740428428851699,0.22884012539184953,0.5266457680250783,,1.0,1.0,0.25,1.0
laplace_eb_k2|absolute1,M6_blend,-0.11254342796667087,-0.10241344641181742,0.2225705329153605,0.4952978056426332,,1.0,1.0,0.5,0.0
laplace_eb_k2|absolute1,M6_blend,-0.11340085224615482,-0.10356933938859025,0.23510971786833856,0.4952978056426332,,1.0,1.0,0.5,0.25
laplace_eb_k2|absolute1,M6_blend,-0.11072604121653053,-0.10730632527681727,0.23197492163009403,0.5109717868338558,,1.0,1.0,0.5,0.5
laplace_eb_k2|absolute1,M6_blend,-0.11466880364806004,-0.11102518899407132,0.2476489028213166,0.5172413793103449,,1.0,1.0,0.5,0.75
laplace_eb_k2|absolute1,M6_blend,-0.11511724586715255,-0.11752517673195716,0.23824451410658307,0.5266457680250783,,1.0,1.0,0.5,1.0
laplace_eb_k2|absolute1,M6_blend,-0.11599821662890952,-0.1024619594776892,0.23824451410658307,0.49843260188087773,,1.0,1.0,0.75,0.0
laplace_eb_k2|absolute1,M6_blend,-0.11270198327168857,-0.1082067594025576,0.23197492163009403,0.5172413793103449,,1.0,1.0,0.75,0.25
laplace_eb_k2|absolute1,M6_blend,-0.11573700796693971,-0.10956646896735255,0.2476489028213166,0.5172413793103449,,1.0,1.0,0.75,0.5
laplace_eb_k2|absolute1,M6_blend,-0.11531346584702068,-0.11359795995733955,0.2445141065830721,0.5235109717868338,,1.0,1.0,0.75,0.75
laplace_eb_k2|absolute1,M6_blend,-0.11823803831553745,-0.115850347406625,0.2413793103448276,0.5360501567398119,,1.0,1.0,0.75,1.0
laplace_eb_k2|absolute1,M6_blend,-0.11665713584479072,-0.10966716512897545,0.23510971786833856,0.5172413793103449,,1.0,1.0,1.0,0.0
laplace_eb_k2|absolute1,M6_blend,-0.11711715484050723,-0.11490288963045073,0.2507836990595611,0.5172413793103449,,1.0,1.0,1.0,0.25
laplace_eb_k2|absolute1,M6_blend,-0.11774848231617234,-0.117137724492804,0.2507836990595611,0.5203761755485894,,1.0,1.0,1.0,0.5
laplace_eb_k2|absolute1,M6_blend,-0.11953967376686378,-0.11724138061361253,0.2476489028213166,0.5266457680250783,,1.0,1.0,1.0,0.75
laplace_eb_k2|absolute1,M6_blend,-0.12116467028406527,-0.1185335195783911,0.2413793103448276,0.542319749216301,,1.0,1.0,1.0,1.0
laplace_eb_k5|absolute1,M1_global,-0.0768345451949839,-0.08793066798192581,0.18181818181818182,0.3887147335423197,,,,,
laplace_eb_k5|absolute1,M2_team,-0.05956470799830727,-0.060580613179173216,0.1974921630094044,0.3103448275862069,,,,,
laplace_eb_k5|absolute1,M3_class,-0.05002115566308922,-0.05889672140202552,0.1755485893416928,0.2852664576802508,,,,,
laplace_eb_k5|absolute1,M4_intersection,-0.040089696488748376,-0.036202521404969656,0.1786833855799373,0.2225705329153605,,,,,
laplace_eb_k5|absolute1,M5_backoff,-0.04041411118408992,-0.03643072196822555,0.18808777429467086,0.22570532915360503,1.0,,,,
laplace_eb_k5|absolute1,M5_backoff,-0.04563331098061327,-0.042317224462110795,0.19435736677115986,0.25391849529780564,2.0,,,,
laplace_eb_k5|absolute1,M5_backoff,-0.048684662838300995,-0.04805833277610776,0.18495297805642633,0.26959247648902823,3.0,,,,
laplace_eb_k5|absolute1,M5_backoff,-0.057413413626638266,-0.05255948858434877,0.1974921630094044,0.27586206896551724,5.0,,,,
laplace_eb_k5|absolute1,M5_backoff,-0.05218885348741695,-0.060640153407957115,0.2006269592476489,0.30094043887147337,8.0,,,,
laplace_eb_k5|absolute1,M6_blend,-0.014787524238500346,-0.023387132813937984,0.10658307210031348,0.13793103448275862,,0.0,0.0,0.0,0.25
laplace_eb_k5|absolute1,M6_blend,-0.029920129680365393,-0.02551033096767518,0.13166144200626959,0.1786833855799373,,0.0,0.0,0.0,0.5
laplace_eb_k5|absolute1,M6_blend,-0.036834362864596154,-0.030987255146791196,0.1536050156739812,0.19435736677115986,,0.0,0.0,0.0,0.75
laplace_eb_k5|absolute1,M6_blend,-0.040089696488748376,-0.036202521404969656,0.1786833855799373,0.2225705329153605,,0.0,0.0,0.0,1.0
laplace_eb_k5|absolute1,M6_blend,-0.022092167792973322,-0.020476906907782658,0.109717868338558,0.14420062695924765,,0.0,0.0,0.25,0.0
laplace_eb_k5|absolute1,M6_blend,-0.029384552819361583,-0.02574514947995123,0.13166144200626959,0.18181818181818182,,0.0,0.0,0.25,0.25
laplace_eb_k5|absolute1,M6_blend,-0.03732303606774785,-0.025885574204327546,0.16300940438871472,0.219435736677116,,0.0,0.0,0.25,0.5
laplace_eb_k5|absolute1,M6_blend,-0.0420118383002512,-0.03890199262099954,0.18181818181818182,0.23824451410658307,,0.0,0.0,0.25,0.75
laplace_eb_k5|absolute1,M6_blend,-0.047540003813565594,-0.043192887439342874,0.2006269592476489,0.26959247648902823,,0.0,0.0,0.25,1.0
laplace_eb_k5|absolute1,M6_blend,-0.04084747594623171,-0.030503104309490107,0.14733542319749215,0.20376175548589343,,0.0,0.0,0.5,0.0
laplace_eb_k5|absolute1,M6_blend,-0.04374268028809814,-0.03467416463180396,0.1724137931034483,0.23824451410658307,,0.0,0.0,0.5,0.25
laplace_eb_k5|absolute1,M6_blend,-0.045921023424072,-0.034624347667615615,0.1974921630094044,0.2507836990595611,,0.0,0.0,0.5,0.5
laplace_eb_k5|absolute1,M6_blend,-0.05119945113796418,-0.04553213424770436,0.21003134796238246,0.27899686520376177,,0.0,0.0,0.5,0.75
laplace_eb_k5|absolute1,M6_blend,-0.05443844240575664,-0.053438805382360115,0.21316614420062696,0.31974921630094044,,0.0,0.0,0.5,1.0
laplace_eb_k5|absolute1,M6_blend,-0.05620734014941893,-0.043662053290579386,0.1755485893416928,0.2664576802507837,,0.0,0.0,0.75,0.0
laplace_eb_k5|absolute1,M6_blend,-0.04911137489174495,-0.05377178486191367,0.18495297805642633,0.28213166144200624,,0.0,0.0,0.75,0.25
laplace_eb_k5|absolute1,M6_blend,-0.05443427200691142,-0.049198897082510414,0.21316614420062696,0.2852664576802508,,0.0,0.0,0.75,0.5
laplace_eb_k5|absolute1,M6_blend,-0.05729642358331693,-0.059270928821126494,0.21630094043887146,0.31974921630094044,,0.0,0.0,0.75,0.75
laplace_eb_k5|absolute1,M6_blend,-0.05891590348868111,-0.06137600624028792,0.22570532915360503,0.3385579937304075,,0.0,0.0,0.75,1.0
laplace_eb_k5|absolute1,M6_blend,-0.05956470799830727,-0.060580613179173216,0.1974921630094044,0.3103448275862069,,0.0,0.0,1.0,0.0
laplace_eb_k5|absolute1,M6_blend,-0.05556254523168774,-0.06487786086702421,0.21630094043887146,0.322884012539185,,0.0,0.0,1.0,0.25
laplace_eb_k5|absolute1,M6_blend,-0.06300413612608324,-0.06577236141110289,0.22570532915360503,0.34169278996865204,,0.0,0.0,1.0,0.5
laplace_eb_k5|absolute1,M6_blend,-0.0656104289859232,-0.06751190325636475,0.22570532915360503,0.3667711598746082,,0.0,0.0,1.0,0.75
laplace_eb_k5|absolute1,M6_blend,-0.06919857528901835,-0.07328944047183078,0.23510971786833856,0.38557993730407525,,0.0,0.0,1.0,1.0
laplace_eb_k5|absolute1,M6_blend,-0.01715359931009777,-0.026393143757944198,0.11598746081504702,0.14420062695924765,,0.0,0.25,0.0,0.0
laplace_eb_k5|absolute1,M6_blend,-0.03287197222640411,-0.04066619479030277,0.13793103448275862,0.18181818181818182,,0.0,0.25,0.0,0.25
laplace_eb_k5|absolute1,M6_blend,-0.03906844330395748,-0.04489361379167129,0.1536050156739812,0.219435736677116,,0.0,0.25,0.0,0.5
laplace_eb_k5|absolute1,M6_blend,-0.04463429500800738,-0.04719746111655684,0.16927899686520376,0.23824451410658307,,0.0,0.25,0.0,0.75
laplace_eb_k5|absolute1,M6_blend,-0.04611543767527594,-0.04742990339577759,0.18495297805642633,0.27899686520376177,,0.0,0.25,0.0,1.0
laplace_eb_k5|absolute1,M6_blend,-0.037788800453949625,-0.042634549722962996,0.13479623824451412,0.1974921630094044,,0.0,0.25,0.25,0.0
laplace_eb_k5|absolute1,M6_blend,-0.04128102033880618,-0.04616513307612144,0.1536050156739812,0.2413793103448276,,0.0,0.25,0.25,0.25
laplace_eb_k5|absolute1,M6_blend,-0.047468727454543114,-0.05038534904768848,0.1755485893416928,0.2507836990595611,,0.0,0.25,0.25,0.5
laplace_eb_k5|absolute1,M6_blend,-0.052565762635261026,-0.04939523891642176,0.19435736677115986,0.2884012539184953,,0.0,0.25,0.25,0.75
laplace_eb_k5|absolute1,M6_blend,-0.05604616601172843,-0.056920502077916574,0.1974921630094044,0.31347962382445144,,0.0,0.25,0.25,1.0
laplace_eb_k5|absolute1,M6_blend,-0.04593567761718794,-0.055401906266014406,0.15673981191222572,0.2664576802507837,,0.0,0.25,0.5,0.0
laplace_eb_k5|absolute1,M6_blend,-0.05186168776304251,-0.05288681195213877,0.1755485893416928,0.27586206896551724,,0.0,0.25,0.5,0.25
laplace_eb_k5|absolute1,M6_blend,-0.05601411073331791,-0.05555557152460735,0.2006269592476489,0.2946708463949843,,0.0,0.25,0.5,0.5
laplace_eb_k5|absolute1,M6_blend,-0.05810164658332579,-0.05796526231128594,0.20689655172413793,0.31974921630094044,,0.0,0.25,0.5,0.75
laplace_eb_k5|absolute1,M6_blend,-0.062259021075389394,-0.06596826865895415,0.21316614420062696,0.3510971786833856,,0.0,0.25,0.5,1.0
laplace_eb_k5|absolute1,M6_blend,-0.055784955551022565,-0.06406017739711137,0.1786833855799373,0.30094043887147337,,0.0,0.25,0.75,0.0
laplace_eb_k5|absolute1,M6_blend,-0.057591630971421975,-0.06153411620229389,0.18808777429467086,0.31347962382445144,,0.0,0.25,0.75,0.25
laplace_eb_k5|absolute1,M6_blend,-0.06212270924113988,-0.06301383154472587,0.20689655172413793,0.3385579937304075,,0.0,0.25,0.75,0.5
laplace_eb_k5|absolute1,M6_blend,-0.06480043139420068,-0.06940464520108737,0.21630094043887146,0.3542319749216301,,0.0,0.25,0.75,0.75
laplace_eb_k5|absolute1,M6_blend,-0.06775294061233597,-0.07284431475970812,0.22884012539184953,0.3761755485893417,,0.0,0.25,0.75,1.0
laplace_eb_k5|absolute1,M6_blend,-0.06094690631032372,-0.06996241126641585,0.2006269592476489,0.3322884012539185,,0.0,0.25,1.0,0.0
laplace_eb_k5|absolute1,M6_blend,-0.0675060877765811,-0.07108862000900003,0.20689655172413793,0.3542319749216301,,0.0,0.25,1.0,0.25
laplace_eb_k5|absolute1,M6_blend,-0.06873119916742484,-0.07177028712761066,0.21316614420062696,0.3730407523510972,,0.0,0.25,1.0,0.5
laplace_eb_k5|absolute1,M6_blend,-0.07327451328041588,-0.07743790833320363,0.22884012539184953,0.3949843260188088,,0.0,0.25,1.0,0.75
laplace_eb_k5|absolute1,M6_blend,-0.07524541386372383,-0.0823763298647344,0.23510971786833856,0.4106583072100313,,0.0,0.25,1.0,1.0
laplace_eb_k5|absolute1,M6_blend,-0.04153438665159471,-0.06177995976375936,0.12225705329153605,0.2413793103448276,,0.0,0.5,0.0,0.0
laplace_eb_k5|absolute1,M6_blend,-0.03981404801605774,-0.052728237625106374,0.15047021943573669,0.23824451410658307,,0.0,0.5,0.0,0.25
laplace_eb_k5|absolute1,M6_blend,-0.04506746948758195,-0.049922684645484605,0.15987460815047022,0.26332288401253917,,0.0,0.5,0.0,0.5
laplace_eb_k5|absolute1,M6_blend,-0.04762208165605139,-0.04998136142438108,0.1755485893416928,0.29153605015673983,,0.0,0.5,0.0,0.75
laplace_eb_k5|absolute1,M6_blend,-0.05282126827025468,-0.053977166095217195,0.1974921630094044,0.322884012539185,,0.0,0.5,0.0,1.0
laplace_eb_k5|absolute1,M6_blend,-0.04583307022996807,-0.05287845408234477,0.1536050156739812,0.2445141065830721,,0.0,0.5,0.25,0.0
laplace_eb_k5|absolute1,M6_blend,-0.050289686045827925,-0.04933242419249959,0.16927899686520376,0.25705329153605017,,0.0,0.5,0.25,0.25
laplace_eb_k5|absolute1,M6_blend,-0.05253836064088182,-0.05073710613910307,0.18808777429467086,0.29153605015673983,,0.0,0.5,0.25,0.5
laplace_eb_k5|absolute1,M6_blend,-0.05764767894381339,-0.055662280351484086,0.20376175548589343,0.3166144200626959,,0.0,0.5,0.25,0.75
laplace_eb_k5|absolute1,M6_blend,-0.060153432981724216,-0.062014166545998714,0.21630094043887146,0.329153605015674,,0.0,0.5,0.25,1.0
laplace_eb_k5|absolute1,M6_blend,-0.054757100235350464,-0.057766051490011634,0.1724137931034483,0.2852664576802508,,0.0,0.5,0.5,0.0
laplace_eb_k5|absolute1,M6_blend,-0.05804180458918901,-0.05700048845156233,0.19435736677115986,0.31347962382445144,,0.0,0.5,0.5,0.25
laplace_eb_k5|absolute1,M6_blend,-0.061785461476808815,-0.05773926317271394,0.21003134796238246,0.329153605015674,,0.0,0.5,0.5,0.5
laplace_eb_k5|absolute1,M6_blend,-0.06353197286487822,-0.06607023015805173,0.22570532915360503,0.3448275862068966,,0.0,0.5,0.5,0.75
laplace_eb_k5|absolute1,M6_blend,-0.06926290050455515,-0.07459052307618823,0.219435736677116,0.36990595611285265,,0.0,0.5,0.5,1.0
laplace_eb_k5|absolute1,M6_blend,-0.06032623805276464,-0.060785108634203576,0.2006269592476489,0.329153605015674,,0.0,0.5,0.75,0.0
laplace_eb_k5|absolute1,M6_blend,-0.06272037392445036,-0.06677414279512851,0.20689655172413793,0.3510971786833856,,0.0,0.5,0.75,0.25
laplace_eb_k5|absolute1,M6_blend,-0.06638992278054909,-0.07098657587619037,0.21003134796238246,0.3730407523510972,,0.0,0.5,0.75,0.5
laplace_eb_k5|absolute1,M6_blend,-0.0716123696788403,-0.07697629053904718,0.2225705329153605,0.3793103448275862,,0.0,0.5,0.75,0.75
laplace_eb_k5|absolute1,M6_blend,-0.07593143437135166,-0.08356579165426915,0.21630094043887146,0.4106583072100313,,0.0,0.5,0.75,1.0
laplace_eb_k5|absolute1,M6_blend,-0.06636429596549125,-0.07197490973298826,0.20689655172413793,0.3730407523510972,,0.0,0.5,1.0,0.0
laplace_eb_k5|absolute1,M6_blend,-0.07084802644044068,-0.07720030217101581,0.20689655172413793,0.38557993730407525,,0.0,0.5,1.0,0.25
laplace_eb_k5|absolute1,M6_blend,-0.07404771685024303,-0.08083162612068616,0.22570532915360503,0.3949843260188088,,0.0,0.5,1.0,0.5
laplace_eb_k5|absolute1,M6_blend,-0.07967780648644776,-0.08462835468795606,0.22884012539184953,0.4169278996865204,,0.0,0.5,1.0,0.75
laplace_eb_k5|absolute1,M6_blend,-0.08254241105195576,-0.0882894205379075,0.23510971786833856,0.4231974921630094,,0.0,0.5,1.0,1.0
laplace_eb_k5|absolute1,M6_blend,-0.04443178945358902,-0.06021135423017146,0.15987460815047022,0.2664576802507837,,0.0,0.75,0.0,0.0
laplace_eb_k5|absolute1,M6_blend,-0.04485335910018186,-0.05120600324392693,0.16614420062695925,0.26332288401253917,,0.0,0.75,0.0,0.25
laplace_eb_k5|absolute1,M6_blend,-0.049020364042583656,-0.05157703589823179,0.18808777429467086,0.29780564263322884,,0.0,0.75,0.0,0.5
laplace_eb_k5|absolute1,M6_blend,-0.05481082138845141,-0.05683286510244432,0.1974921630094044,0.3322884012539185,,0.0,0.75,0.0,0.75
laplace_eb_k5|absolute1,M6_blend,-0.06024245511961078,-0.06516512778812442,0.21316614420062696,0.3385579937304075,,0.0,0.75,0.0,1.0
laplace_eb_k5|absolute1,M6_blend,-0.04863723114574146,-0.05502547873738791,0.1755485893416928,0.26959247648902823,,0.0,0.75,0.25,0.0
laplace_eb_k5|absolute1,M6_blend,-0.05391889021165482,-0.051514020195481916,0.1974921630094044,0.29780564263322884,,0.0,0.75,0.25,0.25
laplace_eb_k5|absolute1,M6_blend,-0.05827848468154058,-0.05886486423753646,0.21003134796238246,0.322884012539185,,0.0,0.75,0.25,0.5
laplace_eb_k5|absolute1,M6_blend,-0.06370922558196314,-0.06803509909484454,0.2225705329153605,0.34169278996865204,,0.0,0.75,0.25,0.75
laplace_eb_k5|absolute1,M6_blend,-0.06839756051965211,-0.07203480249802147,0.219435736677116,0.3510971786833856,,0.0,0.75,0.25,1.0
laplace_eb_k5|absolute1,M6_blend,-0.06020005145783754,-0.0585291667674963,0.20376175548589343,0.3103448275862069,,0.0,0.75,0.5,0.0
laplace_eb_k5|absolute1,M6_blend,-0.06220382816717241,-0.0635371430423753,0.21630094043887146,0.3448275862068966,,0.0,0.75,0.5,0.25
laplace_eb_k5|absolute1,M6_blend,-0.0673797306647643,-0.07216832376899764,0.2225705329153605,0.3667711598746082,,0.0,0.75,0.5,0.5
laplace_eb_k5|absolute1,M6_blend,-0.07281597728330795,-0.07965824058203488,0.219435736677116,0.3824451410658307,,0.0,0.75,0.5,0.75
laplace_eb_k5|absolute1,M6_blend,-0.07666161414559354,-0.08104839179442967,0.21630094043887146,0.4043887147335423,,0.0,0.75,0.5,1.0
laplace_eb_k5|absolute1,M6_blend,-0.06471993741743767,-0.07320762926648403,0.21316614420062696,0.3667711598746082,,0.0,0.75,0.75,0.0
laplace_eb_k5|absolute1,M6_blend,-0.06984823224095496,-0.07722160298388954,0.21316614420062696,0.3761755485893417,,0.0,0.75,0.75,0.25
laplace_eb_k5|absolute1,M6_blend,-0.07424208882730454,-0.08049071644400728,0.22570532915360503,0.3824451410658307,,0.0,0.75,0.75,0.5
laplace_eb_k5|absolute1,M6_blend,-0.07844736280502085,-0.08209905164976106,0.2225705329153605,0.4012539184952978,,0.0,0.75,0.75,0.75
laplace_eb_k5|absolute1,M6_blend,-0.08126949714120171,-0.09044799765682893,0.2225705329153605,0.4200626959247649,,0.0,0.75,0.75,1.0
laplace_eb_k5|absolute1,M6_blend,-0.07345316930571126,-0.08319314944099483,0.219435736677116,0.3949843260188088,,0.0,0.75,1.0,0.0
laplace_eb_k5|absolute1,M6_blend,-0.07675915471344957,-0.08655892984013198,0.2225705329153605,0.4012539184952978,,0.0,0.75,1.0,0.25
laplace_eb_k5|absolute1,M6_blend,-0.08169048440145171,-0.08607505781570199,0.22884012539184953,0.4169278996865204,,0.0,0.75,1.0,0.5
laplace_eb_k5|absolute1,M6_blend,-0.08523223475539306,-0.09470265946091155,0.22884012539184953,0.42946708463949845,,0.0,0.75,1.0,0.75
laplace_eb_k5|absolute1,M6_blend,-0.08728755589024055,-0.09834059831163726,0.23510971786833856,0.43260188087774293,,0.0,0.75,1.0,1.0
laplace_eb_k5|absolute1,M6_blend,-0.05002115566308922,-0.05889672140202552,0.1755485893416928,0.2852664576802508,,0.0,1.0,0.0,0.0
laplace_eb_k5|absolute1,M6_blend,-0.051367336169207696,-0.05585221762894463,0.2006269592476489,0.30094043887147337,,0.0,1.0,0.0,0.25
laplace_eb_k5|absolute1,M6_blend,-0.05750692288703147,-0.058405187494795896,0.21003134796238246,0.32601880877742945,,0.0,1.0,0.0,0.5
laplace_eb_k5|absolute1,M6_blend,-0.06581145178967904,-0.06526372244225401,0.219435736677116,0.335423197492163,,0.0,1.0,0.0,0.75
laplace_eb_k5|absolute1,M6_blend,-0.07219112114365592,-0.07326525978767386,0.21630094043887146,0.36363636363636365,,0.0,1.0,0.0,1.0
laplace_eb_k5|absolute1,M6_blend,-0.05651571550501981,-0.06031588421766661,0.20376175548589343,0.3166144200626959,,0.0,1.0,0.25,0.0
laplace_eb_k5|absolute1,M6_blend,-0.060912236185205554,-0.06342596874855529,0.21630094043887146,0.329153605015674,,0.0,1.0,0.25,0.25
laplace_eb_k5|absolute1,M6_blend,-0.06943527381688967,-0.06659016287579059,0.22570532915360503,0.34796238244514105,,0.0,1.0,0.25,0.5
laplace_eb_k5|absolute1,M6_blend,-0.07293532540542254,-0.07464846682539181,0.219435736677116,0.3667711598746082,,0.0,1.0,0.25,0.75
laplace_eb_k5|absolute1,M6_blend,-0.0792895124542075,-0.0815063935812551,0.219435736677116,0.38557993730407525,,0.0,1.0,0.25,1.0
laplace_eb_k5|absolute1,M6_blend,-0.06709410192297478,-0.0680126486503779,0.21630094043887146,0.3542319749216301,,0.0,1.0,0.5,0.0
laplace_eb_k5|absolute1,M6_blend,-0.07413906205667221,-0.07332944238213909,0.21316614420062696,0.36990595611285265,,0.0,1.0,0.5,0.25
laplace_eb_k5|absolute1,M6_blend,-0.0764030701141902,-0.07829744953860683,0.2225705329153605,0.38557993730407525,,0.0,1.0,0.5,0.5
laplace_eb_k5|absolute1,M6_blend,-0.08054313611834266,-0.08093649815756325,0.219435736677116,0.4012539184952978,,0.0,1.0,0.5,0.75
laplace_eb_k5|absolute1,M6_blend,-0.08273877468249699,-0.09251381432328104,0.219435736677116,0.42946708463949845,,0.0,1.0,0.5,1.0
laplace_eb_k5|absolute1,M6_blend,-0.07644194228376276,-0.08201268244079288,0.21630094043887146,0.3824451410658307,,0.0,1.0,0.75,0.0
laplace_eb_k5|absolute1,M6_blend,-0.07867736141977022,-0.0825238089926751,0.2225705329153605,0.39184952978056425,,0.0,1.0,0.75,0.25
laplace_eb_k5|absolute1,M6_blend,-0.08231775406647288,-0.08428683586208424,0.219435736677116,0.4106583072100313,,0.0,1.0,0.75,0.5
laplace_eb_k5|absolute1,M6_blend,-0.08579337033459064,-0.09543740864971588,0.219435736677116,0.43260188087774293,,0.0,1.0,0.75,0.75
laplace_eb_k5|absolute1,M6_blend,-0.08842247875607817,-0.09525815267874903,0.2225705329153605,0.43573667711598746,,0.0,1.0,0.75,1.0
laplace_eb_k5|absolute1,M6_blend,-0.08037228448712108,-0.08518954531105709,0.23510971786833856,0.3949843260188088,,0.0,1.0,1.0,0.0
laplace_eb_k5|absolute1,M6_blend,-0.08411249795059858,-0.0874531105931463,0.22570532915360503,0.4231974921630094,,0.0,1.0,1.0,0.25
laplace_eb_k5|absolute1,M6_blend,-0.09023177473575666,-0.09514279232643615,0.23197492163009403,0.438871473354232,,0.0,1.0,1.0,0.5
laplace_eb_k5|absolute1,M6_blend,-0.09047386774942831,-0.09773110202440648,0.23197492163009403,0.44200626959247646,,0.0,1.0,1.0,0.75
laplace_eb_k5|absolute1,M6_blend,-0.09136453206446192,-0.09967393676829188,0.23824451410658307,0.445141065830721,,0.0,1.0,1.0,1.0
laplace_eb_k5|absolute1,M6_blend,-0.020636082836904122,-0.019292965496315106,0.12225705329153605,0.14733542319749215,,0.25,0.0,0.0,0.0
laplace_eb_k5|absolute1,M6_blend,-0.027517795327261667,-0.025720266981464943,0.14106583072100312,0.1724137931034483,,0.25,0.0,0.0,0.25
laplace_eb_k5|absolute1,M6_blend,-0.037998773923444994,-0.032411110660405744,0.1755485893416928,0.21630094043887146,,0.25,0.0,0.0,0.5
laplace_eb_k5|absolute1,M6_blend,-0.045121494311508394,-0.03994556118188233,0.18808777429467086,0.23824451410658307,,0.25,0.0,0.0,0.75
laplace_eb_k5|absolute1,M6_blend,-0.04865687700722511,-0.04310179439878389,0.20689655172413793,0.25705329153605017,,0.25,0.0,0.0,1.0
laplace_eb_k5|absolute1,M6_blend,-0.03321548661000704,-0.025098236575489135,0.15673981191222572,0.21316614420062696,,0.25,0.0,0.25,0.0
laplace_eb_k5|absolute1,M6_blend,-0.04553653047566465,-0.03770201397493342,0.1786833855799373,0.2476489028213166,,0.25,0.0,0.25,0.25
laplace_eb_k5|absolute1,M6_blend,-0.0492036231074287,-0.042196859118052786,0.1974921630094044,0.2664576802507837,,0.25,0.0,0.25,0.5
laplace_eb_k5|absolute1,M6_blend,-0.05351787228731265,-0.04541892328279146,0.219435736677116,0.27899686520376177,,0.25,0.0,0.25,0.75
laplace_eb_k5|absolute1,M6_blend,-0.0574534003705567,-0.05240828229762544,0.23510971786833856,0.322884012539185,,0.25,0.0,0.25,1.0
laplace_eb_k5|absolute1,M6_blend,-0.05240536106942362,-0.041153564687152644,0.1786833855799373,0.2601880877742947,,0.25,0.0,0.5,0.0
laplace_eb_k5|absolute1,M6_blend,-0.05283577009374679,-0.05238388556998725,0.18808777429467086,0.29153605015673983,,0.25,0.0,0.5,0.25
laplace_eb_k5|absolute1,M6_blend,-0.0573592717679226,-0.052544127425710234,0.21316614420062696,0.29780564263322884,,0.25,0.0,0.5,0.5
laplace_eb_k5|absolute1,M6_blend,-0.05867444647286206,-0.059234649585238816,0.22884012539184953,0.31974921630094044,,0.25,0.0,0.5,0.75
laplace_eb_k5|absolute1,M6_blend,-0.06586441449245017,-0.05906076975703987,0.22884012539184953,0.34796238244514105,,0.25,0.0,0.5,1.0
laplace_eb_k5|absolute1,M6_blend,-0.06464687818666635,-0.062368966697432034,0.18495297805642633,0.3166144200626959,,0.25,0.0,0.75,0.0
laplace_eb_k5|absolute1,M6_blend,-0.05903188076219256,-0.06009814055595652,0.21630094043887146,0.322884012539185,,0.25,0.0,0.75,0.25
laplace_eb_k5|absolute1,M6_blend,-0.06273076208737935,-0.06555751385313216,0.22570532915360503,0.34169278996865204,,0.25,0.0,0.75,0.5
laplace_eb_k5|absolute1,M6_blend,-0.07016568292162523,-0.06785159152830282,0.22570532915360503,0.3667711598746082,,0.25,0.0,0.75,0.75
laplace_eb_k5|absolute1,M6_blend,-0.07501343797477586,-0.07168797287961533,0.23824451410658307,0.3793103448275862,,0.25,0.0,0.75,1.0
laplace_eb_k5|absolute1,M6_blend,-0.07211855606993783,-0.07133661398553176,0.21316614420062696,0.3448275862068966,,0.25,0.0,1.0,0.0
laplace_eb_k5|absolute1,M6_blend,-0.06793663272944943,-0.07525810532762339,0.21630094043887146,0.36990595611285265,,0.25,0.0,1.0,0.25
laplace_eb_k5|absolute1,M6_blend,-0.07529063092397233,-0.07484137524958688,0.219435736677116,0.3887147335423197,,0.25,0.0,1.0,0.5
laplace_eb_k5|absolute1,M6_blend,-0.07995517837262345,-0.07691174907884255,0.22570532915360503,0.4012539184952978,,0.25,0.0,1.0,0.75
laplace_eb_k5|absolute1,M6_blend,-0.08091894786933262,-0.0790325832380957,0.2413793103448276,0.4106583072100313,,0.25,0.0,1.0,1.0
laplace_eb_k5|absolute1,M6_blend,-0.033736745167124785,-0.04438001093772885,0.13793103448275862,0.20376175548589343,,0.25,0.25,0.0,0.0
laplace_eb_k5|absolute1,M6_blend,-0.04649018392535372,-0.0481109569742575,0.15987460815047022,0.23824451410658307,,0.25,0.25,0.0,0.25
laplace_eb_k5|absolute1,M6_blend,-0.05202125900070732,-0.05143556833781045,0.18495297805642633,0.2601880877742947,,0.25,0.25,0.0,0.5
laplace_eb_k5|absolute1,M6_blend,-0.053504584442001,-0.05234879852041929,0.20689655172413793,0.2852664576802508,,0.25,0.25,0.0,0.75
laplace_eb_k5|absolute1,M6_blend,-0.05743281418937078,-0.059468940869674414,0.21003134796238246,0.31974921630094044,,0.25,0.25,0.0,1.0
laplace_eb_k5|absolute1,M6_blend,-0.05396785209239683,-0.05359271954639952,0.16614420062695925,0.27899686520376177,,0.25,0.25,0.25,0.0
laplace_eb_k5|absolute1,M6_blend,-0.056390140220471965,-0.054395738124940834,0.18808777429467086,0.29780564263322884,,0.25,0.25,0.25,0.25
laplace_eb_k5|absolute1,M6_blend,-0.057619233238075884,-0.05981517866907822,0.21003134796238246,0.3103448275862069,,0.25,0.25,0.25,0.5
laplace_eb_k5|absolute1,M6_blend,-0.061231424707435665,-0.06395175531039417,0.2225705329153605,0.335423197492163,,0.25,0.25,0.25,0.75
laplace_eb_k5|absolute1,M6_blend,-0.06562411144655834,-0.06806771500403978,0.22570532915360503,0.3573667711598746,,0.25,0.25,0.25,1.0
laplace_eb_k5|absolute1,M6_blend,-0.05934520532532992,-0.06156429551471737,0.1724137931034483,0.31974921630094044,,0.25,0.25,0.5,0.0
laplace_eb_k5|absolute1,M6_blend,-0.06271888475026087,-0.06255632231368166,0.20376175548589343,0.32601880877742945,,0.25,0.25,0.5,0.25
laplace_eb_k5|absolute1,M6_blend,-0.06472821871231359,-0.06932433807877911,0.219435736677116,0.3448275862068966,,0.25,0.25,0.5,0.5
laplace_eb_k5|absolute1,M6_blend,-0.06703336085251199,-0.0714324497293716,0.2225705329153605,0.36363636363636365,,0.25,0.25,0.5,0.75
laplace_eb_k5|absolute1,M6_blend,-0.07273309818094549,-0.07730500258762261,0.23197492163009403,0.3824451410658307,,0.25,0.25,0.5,1.0
laplace_eb_k5|absolute1,M6_blend,-0.06650787933728529,-0.07223948024703791,0.19435736677115986,0.3542319749216301,,0.25,0.25,0.75,0.0
laplace_eb_k5|absolute1,M6_blend,-0.06609983499356013,-0.07419065784277587,0.21630094043887146,0.3667711598746082,,0.25,0.25,0.75,0.25
laplace_eb_k5|absolute1,M6_blend,-0.07134169412077805,-0.07593914047817825,0.22884012539184953,0.3761755485893417,,0.25,0.25,0.75,0.5
laplace_eb_k5|absolute1,M6_blend,-0.0769242757026017,-0.0773425857451829,0.23824451410658307,0.3887147335423197,,0.25,0.25,0.75,0.75
laplace_eb_k5|absolute1,M6_blend,-0.0800851521133668,-0.08545913375610469,0.22884012539184953,0.4106583072100313,,0.25,0.25,0.75,1.0
laplace_eb_k5|absolute1,M6_blend,-0.06919987227980913,-0.08293701342794589,0.20689655172413793,0.3887147335423197,,0.25,0.25,1.0,0.0
laplace_eb_k5|absolute1,M6_blend,-0.07503593676370317,-0.08148068828408994,0.2225705329153605,0.3981191222570533,,0.25,0.25,1.0,0.25
laplace_eb_k5|absolute1,M6_blend,-0.08285612355231399,-0.08021642345946785,0.23510971786833856,0.40752351097178685,,0.25,0.25,1.0,0.5
laplace_eb_k5|absolute1,M6_blend,-0.08390960542210388,-0.08345469209981562,0.23824451410658307,0.4169278996865204,,0.25,0.25,1.0,0.75
laplace_eb_k5|absolute1,M6_blend,-0.0874228745739767,-0.09084148260072855,0.2413793103448276,0.438871473354232,,0.25,0.25,1.0,1.0
laplace_eb_k5|absolute1,M6_blend,-0.05246124834942383,-0.06007417308919856,0.16614420062695925,0.2664576802507837,,0.25,0.5,0.0,0.0
laplace_eb_k5|absolute1,M6_blend,-0.05273035207470552,-0.05886349157900272,0.18181818181818182,0.2852664576802508,,0.25,0.5,0.0,0.25
laplace_eb_k5|absolute1,M6_blend,-0.05921063335837291,-0.05960448496160462,0.1974921630094044,0.3103448275862069,,0.25,0.5,0.0,0.5
laplace_eb_k5|absolute1,M6_blend,-0.06070627476213869,-0.06140475303261631,0.20376175548589343,0.335423197492163,,0.25,0.5,0.0,0.75
laplace_eb_k5|absolute1,M6_blend,-0.06691461047348576,-0.06503214531791247,0.21630094043887146,0.3448275862068966,,0.25,0.5,0.0,1.0
laplace_eb_k5|absolute1,M6_blend,-0.05755258603382151,-0.06577320552217923,0.19122257053291536,0.31347962382445144,,0.25,0.5,0.25,0.0
laplace_eb_k5|absolute1,M6_blend,-0.062363725915075975,-0.06442358198817995,0.2006269592476489,0.335423197492163,,0.25,0.5,0.25,0.25
laplace_eb_k5|absolute1,M6_blend,-0.06530221980404542,-0.06680271934519368,0.219435736677116,0.34796238244514105,,0.25,0.5,0.25,0.5
laplace_eb_k5|absolute1,M6_blend,-0.06985169717223132,-0.06892510387918045,0.22570532915360503,0.36363636363636365,,0.25,0.5,0.25,0.75
laplace_eb_k5|absolute1,M6_blend,-0.07473997391361514,-0.07558882078827361,0.23197492163009403,0.36990595611285265,,0.25,0.5,0.25,1.0
laplace_eb_k5|absolute1,M6_blend,-0.06440220535642643,-0.07021661253418295,0.2006269592476489,0.3510971786833856,,0.25,0.5,0.5,0.0
laplace_eb_k5|absolute1,M6_blend,-0.06638764158757891,-0.07669447552774768,0.2225705329153605,0.36363636363636365,,0.25,0.5,0.5,0.25
laplace_eb_k5|absolute1,M6_blend,-0.07084737261380694,-0.07503008135947688,0.22570532915360503,0.3761755485893417,,0.25,0.5,0.5,0.5
laplace_eb_k5|absolute1,M6_blend,-0.07642876444483104,-0.08026221398042287,0.22884012539184953,0.39184952978056425,,0.25,0.5,0.5,0.75
laplace_eb_k5|absolute1,M6_blend,-0.07937787835786421,-0.08476322521470184,0.23197492163009403,0.4043887147335423,,0.25,0.5,0.5,1.0
laplace_eb_k5|absolute1,M6_blend,-0.06817950036589922,-0.07523522373043631,0.219435736677116,0.38557993730407525,,0.25,0.5,0.75,0.0
laplace_eb_k5|absolute1,M6_blend,-0.0749406556332068,-0.07926503163660208,0.22884012539184953,0.3887147335423197,,0.25,0.5,0.75,0.25
laplace_eb_k5|absolute1,M6_blend,-0.0791577484677726,-0.08080498630116725,0.23197492163009403,0.3949843260188088,,0.25,0.5,0.75,0.5
laplace_eb_k5|absolute1,M6_blend,-0.0830768861986616,-0.0855871378604708,0.22570532915360503,0.4169278996865204,,0.25,0.5,0.75,0.75
laplace_eb_k5|absolute1,M6_blend,-0.08633670432557795,-0.09329287998588481,0.22884012539184953,0.43573667711598746,,0.25,0.5,0.75,1.0
laplace_eb_k5|absolute1,M6_blend,-0.0806552403352429,-0.08500307848601132,0.219435736677116,0.4106583072100313,,0.25,0.5,1.0,0.0
laplace_eb_k5|absolute1,M6_blend,-0.08327566448982024,-0.08323169085065774,0.22884012539184953,0.4169278996865204,,0.25,0.5,1.0,0.25
laplace_eb_k5|absolute1,M6_blend,-0.088597296482824,-0.08648891979390551,0.23510971786833856,0.4231974921630094,,0.25,0.5,1.0,0.5
laplace_eb_k5|absolute1,M6_blend,-0.09160253427024286,-0.09331654200219436,0.23824451410658307,0.445141065830721,,0.25,0.5,1.0,0.75
laplace_eb_k5|absolute1,M6_blend,-0.09330797267803001,-0.09315177827466244,0.23824451410658307,0.4482758620689655,,0.25,0.5,1.0,1.0
laplace_eb_k5|absolute1,M6_blend,-0.05362601581629968,-0.06066056795208058,0.19435736677115986,0.3072100313479624,,0.25,0.75,0.0,0.0
laplace_eb_k5|absolute1,M6_blend,-0.05941857889311596,-0.05868711356412281,0.20689655172413793,0.31974921630094044,,0.25,0.75,0.0,0.25
laplace_eb_k5|absolute1,M6_blend,-0.06411215155714262,-0.06080337834535721,0.2225705329153605,0.335423197492163,,0.25,0.75,0.0,0.5
laplace_eb_k5|absolute1,M6_blend,-0.06810320616998881,-0.06601302126031311,0.2225705329153605,0.3448275862068966,,0.25,0.75,0.0,0.75
laplace_eb_k5|absolute1,M6_blend,-0.07326568065291793,-0.07490082688886544,0.22884012539184953,0.3667711598746082,,0.25,0.75,0.0,1.0
laplace_eb_k5|absolute1,M6_blend,-0.06161212807856415,-0.0652598302262517,0.19435736677115986,0.34169278996865204,,0.25,0.75,0.25,0.0
laplace_eb_k5|absolute1,M6_blend,-0.06740794533647275,-0.06847506389021873,0.219435736677116,0.3542319749216301,,0.25,0.75,0.25,0.25
laplace_eb_k5|absolute1,M6_blend,-0.0702416488056438,-0.06980233874207006,0.23197492163009403,0.3605015673981191,,0.25,0.75,0.25,0.5
laplace_eb_k5|absolute1,M6_blend,-0.07546064375150856,-0.07383678786947062,0.23824451410658307,0.3730407523510972,,0.25,0.75,0.25,0.75
laplace_eb_k5|absolute1,M6_blend,-0.08090083651108866,-0.0824768129724507,0.22570532915360503,0.4012539184952978,,0.25,0.75,0.25,1.0
laplace_eb_k5|absolute1,M6_blend,-0.06911461827093798,-0.07737408238565287,0.22570532915360503,0.3730407523510972,,0.25,0.75,0.5,0.0
laplace_eb_k5|absolute1,M6_blend,-0.0750862194571521,-0.07938742554720293,0.22570532915360503,0.39184952978056425,,0.25,0.75,0.5,0.25
laplace_eb_k5|absolute1,M6_blend,-0.07857756316688352,-0.08268351478029194,0.22884012539184953,0.3981191222570533,,0.25,0.75,0.5,0.5
laplace_eb_k5|absolute1,M6_blend,-0.0835436455449853,-0.08549773089330771,0.22884012539184953,0.4169278996865204,,0.25,0.75,0.5,0.75
laplace_eb_k5|absolute1,M6_blend,-0.08702587388940622,-0.09378764041492184,0.22570532915360503,0.438871473354232,,0.25,0.75,0.5,1.0
laplace_eb_k5|absolute1,M6_blend,-0.0792707071741958,-0.08250976404099256,0.2225705329153605,0.4043887147335423,,0.25,0.75,0.75,0.0
laplace_eb_k5|absolute1,M6_blend,-0.08236620481871705,-0.08274081343533851,0.23510971786833856,0.4012539184952978,,0.25,0.75,0.75,0.25
laplace_eb_k5|absolute1,M6_blend,-0.08795724661542413,-0.08434354239449979,0.23197492163009403,0.41379310344827586,,0.25,0.75,0.75,0.5
laplace_eb_k5|absolute1,M6_blend,-0.0879401161862062,-0.09498019258383673,0.22570532915360503,0.445141065830721,,0.25,0.75,0.75,0.75
laplace_eb_k5|absolute1,M6_blend,-0.09182574641588516,-0.09754038776116311,0.23197492163009403,0.45141065830721006,,0.25,0.75,0.75,1.0
laplace_eb_k5|absolute1,M6_blend,-0.08505355684083499,-0.08288667384873737,0.23197492163009403,0.4106583072100313,,0.25,0.75,1.0,0.0
laplace_eb_k5|absolute1,M6_blend,-0.09048635476339897,-0.08489872481335294,0.2413793103448276,0.4200626959247649,,0.25,0.75,1.0,0.25
laplace_eb_k5|absolute1,M6_blend,-0.09343099714854015,-0.09631761589721079,0.23510971786833856,0.45141065830721006,,0.25,0.75,1.0,0.5
laplace_eb_k5|absolute1,M6_blend,-0.0950847242840572,-0.09724225518425056,0.23824451410658307,0.4608150470219436,,0.25,0.75,1.0,0.75
laplace_eb_k5|absolute1,M6_blend,-0.09438176791937831,-0.10216243886228266,0.2413793103448276,0.4702194357366771,,0.25,0.75,1.0,1.0
laplace_eb_k5|absolute1,M6_blend,-0.06027095021302377,-0.06090069030846548,0.21630094043887146,0.322884012539185,,0.25,1.0,0.0,0.0
laplace_eb_k5|absolute1,M6_blend,-0.06519129704726448,-0.06523776155981151,0.22570532915360503,0.3510971786833856,,0.25,1.0,0.0,0.25
laplace_eb_k5|absolute1,M6_blend,-0.06952924395281321,-0.07188038720652976,0.23197492163009403,0.3542319749216301,,0.25,1.0,0.0,0.5
laplace_eb_k5|absolute1,M6_blend,-0.07592076932319815,-0.07714331992040607,0.2225705329153605,0.3730407523510972,,0.25,1.0,0.0,0.75
laplace_eb_k5|absolute1,M6_blend,-0.08053075691901469,-0.08904770111262238,0.2225705329153605,0.4012539184952978,,0.25,1.0,0.0,1.0
laplace_eb_k5|absolute1,M6_blend,-0.06772499001565854,-0.07085006545096356,0.22884012539184953,0.3667711598746082,,0.25,1.0,0.25,0.0
laplace_eb_k5|absolute1,M6_blend,-0.07360712120602234,-0.07440359141899501,0.23510971786833856,0.36990595611285265,,0.25,1.0,0.25,0.25
laplace_eb_k5|absolute1,M6_blend,-0.07938348554957293,-0.07714330751834245,0.2413793103448276,0.3793103448275862,,0.25,1.0,0.25,0.5
laplace_eb_k5|absolute1,M6_blend,-0.08178779574913017,-0.08798661635353647,0.22884012539184953,0.41379310344827586,,0.25,1.0,0.25,0.75
laplace_eb_k5|absolute1,M6_blend,-0.08551259907832313,-0.09036179511664803,0.22884012539184953,0.42946708463949845,,0.25,1.0,0.25,1.0
laplace_eb_k5|absolute1,M6_blend,-0.07849560179487762,-0.08189943515721906,0.2225705329153605,0.4043887147335423,,0.25,1.0,0.5,0.0
laplace_eb_k5|absolute1,M6_blend,-0.08295482984327145,-0.08317206000039196,0.22884012539184953,0.40752351097178685,,0.25,1.0,0.5,0.25
laplace_eb_k5|absolute1,M6_blend,-0.08456413753374198,-0.08620939816006673,0.23197492163009403,0.4231974921630094,,0.25,1.0,0.5,0.5
laplace_eb_k5|absolute1,M6_blend,-0.08905716413543995,-0.09371720043048963,0.22570532915360503,0.44200626959247646,,0.25,1.0,0.5,0.75
laplace_eb_k5|absolute1,M6_blend,-0.08984020634120488,-0.09820203995770048,0.22884012539184953,0.45454545454545453,,0.25,1.0,0.5,1.0
laplace_eb_k5|absolute1,M6_blend,-0.0850808064632037,-0.08522016691703782,0.22570532915360503,0.41379310344827586,,0.25,1.0,0.75,0.0
laplace_eb_k5|absolute1,M6_blend,-0.08643318339360237,-0.0868514520597869,0.22884012539184953,0.4263322884012539,,0.25,1.0,0.75,0.25
laplace_eb_k5|absolute1,M6_blend,-0.08992361469148681,-0.09689359113480604,0.22570532915360503,0.4482758620689655,,0.25,1.0,0.75,0.5
laplace_eb_k5|absolute1,M6_blend,-0.09287333919572302,-0.10542239882869407,0.22884012539184953,0.46394984326018807,,0.25,1.0,0.75,0.75
laplace_eb_k5|absolute1,M6_blend,-0.09442707792731693,-0.1043414229579667,0.23197492163009403,0.47648902821316613,,0.25,1.0,0.75,1.0
laplace_eb_k5|absolute1,M6_blend,-0.09104178841878154,-0.08839263464543139,0.23197492163009403,0.43573667711598746,,0.25,1.0,1.0,0.0
laplace_eb_k5|absolute1,M6_blend,-0.0933967434776234,-0.09599380875969755,0.23510971786833856,0.45141065830721006,,0.25,1.0,1.0,0.25
laplace_eb_k5|absolute1,M6_blend,-0.09591553968898231,-0.10259968980119147,0.23824451410658307,0.4670846394984326,,0.25,1.0,1.0,0.5
laplace_eb_k5|absolute1,M6_blend,-0.0978383205702172,-0.10585214621547995,0.23510971786833856,0.48589341692789967,,0.25,1.0,1.0,0.75
laplace_eb_k5|absolute1,M6_blend,-0.09854555884636047,-0.10389547156269274,0.2413793103448276,0.4827586206896552,,0.25,1.0,1.0,1.0
laplace_eb_k5|absolute1,M6_blend,-0.030613387606036692,-0.037993312757870996,0.1536050156739812,0.2507836990595611,,0.5,0.0,0.0,0.0
laplace_eb_k5|absolute1,M6_blend,-0.04552457155129429,-0.04471959261264547,0.1786833855799373,0.2727272727272727,,0.5,0.0,0.0,0.25
laplace_eb_k5|absolute1,M6_blend,-0.050361623230192956,-0.04683379493770554,0.19122257053291536,0.2852664576802508,,0.5,0.0,0.0,0.5
laplace_eb_k5|absolute1,M6_blend,-0.06083622796287026,-0.05665380618648843,0.20689655172413793,0.29153605015673983,,0.5,0.0,0.0,0.75
laplace_eb_k5|absolute1,M6_blend,-0.06369884335488964,-0.05960240821152645,0.22570532915360503,0.32601880877742945,,0.5,0.0,0.0,1.0
laplace_eb_k5|absolute1,M6_blend,-0.05019669454748443,-0.05461411926673498,0.16927899686520376,0.31347962382445144,,0.5,0.0,0.25,0.0
laplace_eb_k5|absolute1,M6_blend,-0.05496527453362602,-0.05559188021247664,0.18808777429467086,0.31347962382445144,,0.5,0.0,0.25,0.25
laplace_eb_k5|absolute1,M6_blend,-0.06745405739771546,-0.05812700647498747,0.20689655172413793,0.31347962382445144,,0.5,0.0,0.25,0.5
laplace_eb_k5|absolute1,M6_blend,-0.06635852886368107,-0.06518326128678262,0.21003134796238246,0.3510971786833856,,0.5,0.0,0.25,0.75
laplace_eb_k5|absolute1,M6_blend,-0.07082058496747785,-0.07066844054570766,0.23197492163009403,0.36363636363636365,,0.5,0.0,0.25,1.0
laplace_eb_k5|absolute1,M6_blend,-0.06106359666082923,-0.06431388414718887,0.18181818181818182,0.34169278996865204,,0.5,0.0,0.5,0.0
laplace_eb_k5|absolute1,M6_blend,-0.07071109770999792,-0.06817864546067662,0.19435736677115986,0.3448275862068966,,0.5,0.0,0.5,0.25
laplace_eb_k5|absolute1,M6_blend,-0.06773553958193426,-0.07585377950326402,0.2006269592476489,0.3730407523510972,,0.5,0.0,0.5,0.5
laplace_eb_k5|absolute1,M6_blend,-0.07329421757973925,-0.07421590487084419,0.21630094043887146,0.38557993730407525,,0.5,0.0,0.5,0.75
laplace_eb_k5|absolute1,M6_blend,-0.07916388993553504,-0.0773728711875068,0.219435736677116,0.3981191222570533,,0.5,0.0,0.5,1.0
laplace_eb_k5|absolute1,M6_blend,-0.07620748247689269,-0.07942060856469746,0.18808777429467086,0.36990595611285265,,0.5,0.0,0.75,0.0
laplace_eb_k5|absolute1,M6_blend,-0.07093507428054224,-0.08830468718628151,0.19435736677115986,0.39184952978056425,,0.5,0.0,0.75,0.25
laplace_eb_k5|absolute1,M6_blend,-0.07915019441066111,-0.08198685151142386,0.219435736677116,0.3981191222570533,,0.5,0.0,0.75,0.5
laplace_eb_k5|absolute1,M6_blend,-0.08343630588951824,-0.08235614185095955,0.2225705329153605,0.40752351097178685,,0.5,0.0,0.75,0.75
laplace_eb_k5|absolute1,M6_blend,-0.08508310050587965,-0.08324032910985633,0.23197492163009403,0.41379310344827586,,0.5,0.0,0.75,1.0
laplace_eb_k5|absolute1,M6_blend,-0.0820260273617775,-0.09228572362689388,0.19435736677115986,0.4106583072100313,,0.5,0.0,1.0,0.0
laplace_eb_k5|absolute1,M6_blend,-0.0825533425302302,-0.08942610393263703,0.21630094043887146,0.41379310344827586,,0.5,0.0,1.0,0.25
laplace_eb_k5|absolute1,M6_blend,-0.08974541690872011,-0.08464796772244208,0.2225705329153605,0.4200626959247649,,0.5,0.0,1.0,0.5
laplace_eb_k5|absolute1,M6_blend,-0.09136204652574151,-0.08580512323396333,0.23197492163009403,0.4263322884012539,,0.5,0.0,1.0,0.75
laplace_eb_k5|absolute1,M6_blend,-0.09416550723119832,-0.09298528363011474,0.23197492163009403,0.44200626959247646,,0.5,0.0,1.0,1.0
laplace_eb_k5|absolute1,M6_blend,-0.051688797105791086,-0.05449949355568258,0.1724137931034483,0.2884012539184953,,0.5,0.25,0.0,0.0
laplace_eb_k5|absolute1,M6_blend,-0.060049038564951786,-0.06287891949091959,0.1755485893416928,0.31347962382445144,,0.5,0.25,0.0,0.25
laplace_eb_k5|absolute1,M6_blend,-0.06314853261859243,-0.06256121409864261,0.1974921630094044,0.32601880877742945,,0.5,0.25,0.0,0.5
laplace_eb_k5|absolute1,M6_blend,-0.06719684427294345,-0.06988319781459985,0.21003134796238246,0.34796238244514105,,0.5,0.25,0.0,0.75
laplace_eb_k5|absolute1,M6_blend,-0.07185216426026238,-0.069026834176719,0.22570532915360503,0.3573667711598746,,0.5,0.25,0.0,1.0
laplace_eb_k5|absolute1,M6_blend,-0.062261977877917624,-0.07169849123093401,0.1724137931034483,0.3448275862068966,,0.5,0.25,0.25,0.0
laplace_eb_k5|absolute1,M6_blend,-0.0684093509255516,-0.06741983299858892,0.2006269592476489,0.34169278996865204,,0.5,0.25,0.25,0.25
laplace_eb_k5|absolute1,M6_blend,-0.06991298909347869,-0.07254621749714624,0.20689655172413793,0.3667711598746082,,0.5,0.25,0.25,0.5
laplace_eb_k5|absolute1,M6_blend,-0.0732133229048859,-0.07570856493141584,0.22570532915360503,0.3761755485893417,,0.5,0.25,0.25,0.75
laplace_eb_k5|absolute1,M6_blend,-0.07870648396339328,-0.0784512479033403,0.22570532915360503,0.3887147335423197,,0.5,0.25,0.25,1.0
laplace_eb_k5|absolute1,M6_blend,-0.07046796776940897,-0.07560531529933681,0.18181818181818182,0.3730407523510972,,0.5,0.25,0.5,0.0
laplace_eb_k5|absolute1,M6_blend,-0.07114262130256777,-0.08504325928032211,0.19122257053291536,0.3981191222570533,,0.5,0.25,0.5,0.25
laplace_eb_k5|absolute1,M6_blend,-0.07662256019840183,-0.07664039064210411,0.22570532915360503,0.3824451410658307,,0.5,0.25,0.5,0.5
laplace_eb_k5|absolute1,M6_blend,-0.08087676234255865,-0.07802650772712448,0.2225705329153605,0.3949843260188088,,0.5,0.25,0.5,0.75
laplace_eb_k5|absolute1,M6_blend,-0.08479735101886085,-0.08797145759844481,0.22884012539184953,0.41379310344827586,,0.5,0.25,0.5,1.0
laplace_eb_k5|absolute1,M6_blend,-0.07611943952604526,-0.08783574255189178,0.18808777429467086,0.40752351097178685,,0.5,0.25,0.75,0.0
laplace_eb_k5|absolute1,M6_blend,-0.08062050713290904,-0.08037437920146227,0.2225705329153605,0.3949843260188088,,0.5,0.25,0.75,0.25
laplace_eb_k5|absolute1,M6_blend,-0.08528308328776779,-0.08294464775060412,0.219435736677116,0.41379310344827586,,0.5,0.25,0.75,0.5
laplace_eb_k5|absolute1,M6_blend,-0.08750755436838327,-0.0877867856859974,0.219435736677116,0.4231974921630094,,0.5,0.25,0.75,0.75
laplace_eb_k5|absolute1,M6_blend,-0.09078368558394585,-0.09566865970021506,0.2225705329153605,0.44200626959247646,,0.5,0.25,0.75,1.0
laplace_eb_k5|absolute1,M6_blend,-0.0834470676676665,-0.089073917930683,0.219435736677116,0.41379310344827586,,0.5,0.25,1.0,0.0
laplace_eb_k5|absolute1,M6_blend,-0.09099944715111268,-0.08485611358826811,0.22570532915360503,0.4231974921630094,,0.5,0.25,1.0,0.25
laplace_eb_k5|absolute1,M6_blend,-0.09396696738407635,-0.09106976505030286,0.2225705329153605,0.43573667711598746,,0.5,0.25,1.0,0.5
laplace_eb_k5|absolute1,M6_blend,-0.09682577568639901,-0.09496787051468808,0.22570532915360503,0.4482758620689655,,0.5,0.25,1.0,0.75
laplace_eb_k5|absolute1,M6_blend,-0.09543752559362051,-0.0972976406049392,0.2413793103448276,0.45454545454545453,,0.5,0.25,1.0,1.0
laplace_eb_k5|absolute1,M6_blend,-0.06064165506410096,-0.06818837304614181,0.1755485893416928,0.3510971786833856,,0.5,0.5,0.0,0.0
laplace_eb_k5|absolute1,M6_blend,-0.06446373484315931,-0.06785037126800857,0.19122257053291536,0.3542319749216301,,0.5,0.5,0.0,0.25
laplace_eb_k5|absolute1,M6_blend,-0.07052706468188477,-0.06974876981497184,0.20689655172413793,0.36363636363636365,,0.5,0.5,0.0,0.5
laplace_eb_k5|absolute1,M6_blend,-0.07091249862647614,-0.0708496921978961,0.21630094043887146,0.3761755485893417,,0.5,0.5,0.0,0.75
laplace_eb_k5|absolute1,M6_blend,-0.0776826438445233,-0.07391029310217098,0.2225705329153605,0.3761755485893417,,0.5,0.5,0.0,1.0
laplace_eb_k5|absolute1,M6_blend,-0.06706613579506143,-0.07008010656996207,0.1974921630094044,0.36363636363636365,,0.5,0.5,0.25,0.0
laplace_eb_k5|absolute1,M6_blend,-0.07287596303816876,-0.0752297001175559,0.20376175548589343,0.38557993730407525,,0.5,0.5,0.25,0.25
laplace_eb_k5|absolute1,M6_blend,-0.07594979296656906,-0.07571199574861033,0.2225705329153605,0.38557993730407525,,0.5,0.5,0.25,0.5
laplace_eb_k5|absolute1,M6_blend,-0.08062707759643606,-0.07775676335707353,0.22570532915360503,0.3887147335423197,,0.5,0.5,0.25,0.75
laplace_eb_k5|absolute1,M6_blend,-0.08428219264979922,-0.08797784704352994,0.22884012539184953,0.4200626959247649,,0.5,0.5,0.25,1.0
laplace_eb_k5|absolute1,M6_blend,-0.07439431939130874,-0.08520914900312229,0.19435736677115986,0.41379310344827586,,0.5,0.5,0.5,0.0
laplace_eb_k5|absolute1,M6_blend,-0.07912493895358515,-0.07999388496376877,0.219435736677116,0.4043887147335423,,0.5,0.5,0.5,0.25
laplace_eb_k5|absolute1,M6_blend,-0.08472327654889587,-0.08224658739277188,0.22570532915360503,0.4043887147335423,,0.5,0.5,0.5,0.5
laplace_eb_k5|absolute1,M6_blend,-0.08735671686353311,-0.09059873082000634,0.219435736677116,0.4263322884012539,,0.5,0.5,0.5,0.75
laplace_eb_k5|absolute1,M6_blend,-0.09014600835308849,-0.09538940140586288,0.219435736677116,0.445141065830721,,0.5,0.5,0.5,1.0
laplace_eb_k5|absolute1,M6_blend,-0.0842947590025354,-0.0807954834476347,0.22570532915360503,0.4043887147335423,,0.5,0.5,0.75,0.0
laplace_eb_k5|absolute1,M6_blend,-0.0886246997522029,-0.08710380656452014,0.219435736677116,0.4200626959247649,,0.5,0.5,0.75,0.25
laplace_eb_k5|absolute1,M6_blend,-0.089746052304077,-0.08784795932027988,0.2225705329153605,0.43260188087774293,,0.5,0.5,0.75,0.5
laplace_eb_k5|absolute1,M6_blend,-0.09419716688659008,-0.09619397759951394,0.2225705329153605,0.45454545454545453,,0.5,0.5,0.75,0.75
laplace_eb_k5|absolute1,M6_blend,-0.09407793723098755,-0.09969036910554459,0.22570532915360503,0.45454545454545453,,0.5,0.5,0.75,1.0
laplace_eb_k5|absolute1,M6_blend,-0.09154932840132199,-0.08566815610449516,0.2225705329153605,0.4263322884012539,,0.5,0.5,1.0,0.0
laplace_eb_k5|absolute1,M6_blend,-0.09401976000883559,-0.08678359945879835,0.22570532915360503,0.438871473354232,,0.5,0.5,1.0,0.25
laplace_eb_k5|absolute1,M6_blend,-0.0970213799453648,-0.09635200983257877,0.22884012539184953,0.45454545454545453,,0.5,0.5,1.0,0.5
laplace_eb_k5|absolute1,M6_blend,-0.09783416637086897,-0.09888073483184213,0.23510971786833856,0.4608150470219436,,0.5,0.5,1.0,0.75
laplace_eb_k5|absolute1,M6_blend,-0.09934536195630611,-0.10049280275511892,0.23510971786833856,0.4702194357366771,,0.5,0.5,1.0,1.0
laplace_eb_k5|absolute1,M6_blend,-0.06337529991526403,-0.06707280569455841,0.21316614420062696,0.3605015673981191,,0.5,0.75,0.0,0.0
laplace_eb_k5|absolute1,M6_blend,-0.06856162122669279,-0.07157407256082682,0.21630094043887146,0.3793103448275862,,0.5,0.75,0.0,0.25
laplace_eb_k5|absolute1,M6_blend,-0.0719203806009169,-0.07112885895988037,0.22570532915360503,0.3793103448275862,,0.5,0.75,0.0,0.5
laplace_eb_k5|absolute1,M6_blend,-0.0780848002693444,-0.07626186571664945,0.22570532915360503,0.3887147335423197,,0.5,0.75,0.0,0.75
laplace_eb_k5|absolute1,M6_blend,-0.0831816364249431,-0.08510888373730324,0.23510971786833856,0.4043887147335423,,0.5,0.75,0.0,1.0
laplace_eb_k5|absolute1,M6_blend,-0.07115439464951227,-0.07767506918890349,0.21630094043887146,0.3981191222570533,,0.5,0.75,0.25,0.0
laplace_eb_k5|absolute1,M6_blend,-0.0762841773637335,-0.07897412409089202,0.2225705329153605,0.3981191222570533,,0.5,0.75,0.25,0.25
laplace_eb_k5|absolute1,M6_blend,-0.08267243888339448,-0.07901541966956611,0.22570532915360503,0.4012539184952978,,0.5,0.75,0.25,0.5
laplace_eb_k5|absolute1,M6_blend,-0.08580423391303196,-0.08792939183059904,0.22884012539184953,0.4169278996865204,,0.5,0.75,0.25,0.75
laplace_eb_k5|absolute1,M6_blend,-0.08723483786648797,-0.09267640472345966,0.22570532915360503,0.438871473354232,,0.5,0.75,0.25,1.0
laplace_eb_k5|absolute1,M6_blend,-0.07997929273891329,-0.08554072048643539,0.20689655172413793,0.4263322884012539,,0.5,0.75,0.5,0.0
laplace_eb_k5|absolute1,M6_blend,-0.0875851098272487,-0.08218624462668425,0.22570532915360503,0.4169278996865204,,0.5,0.75,0.5,0.25
laplace_eb_k5|absolute1,M6_blend,-0.0899688384428319,-0.09115155002680318,0.219435736677116,0.42946708463949845,,0.5,0.75,0.5,0.5
laplace_eb_k5|absolute1,M6_blend,-0.08964433902922322,-0.09500908785058787,0.219435736677116,0.445141065830721,,0.5,0.75,0.5,0.75
laplace_eb_k5|absolute1,M6_blend,-0.09361524430208612,-0.10250508022672704,0.219435736677116,0.46394984326018807,,0.5,0.75,0.5,1.0
laplace_eb_k5|absolute1,M6_blend,-0.09004693502344929,-0.0871224445305461,0.2225705329153605,0.4263322884012539,,0.5,0.75,0.75,0.0
laplace_eb_k5|absolute1,M6_blend,-0.09106064770516042,-0.09070652367132584,0.219435736677116,0.438871473354232,,0.5,0.75,0.75,0.25
laplace_eb_k5|absolute1,M6_blend,-0.09572773937009708,-0.10118011886189723,0.2225705329153605,0.45768025078369906,,0.5,0.75,0.75,0.5
laplace_eb_k5|absolute1,M6_blend,-0.09660862667347116,-0.10295383458180488,0.2225705329153605,0.47335423197492166,,0.5,0.75,0.75,0.75
laplace_eb_k5|absolute1,M6_blend,-0.0986871408038202,-0.10492334030218259,0.22570532915360503,0.47648902821316613,,0.5,0.75,0.75,1.0
laplace_eb_k5|absolute1,M6_blend,-0.094804406244836,-0.08779281409323028,0.23197492163009403,0.43260188087774293,,0.5,0.75,1.0,0.0
laplace_eb_k5|absolute1,M6_blend,-0.0972565256150923,-0.0954962557175877,0.22884012539184953,0.45454545454545453,,0.5,0.75,1.0,0.25
laplace_eb_k5|absolute1,M6_blend,-0.09954238577150784,-0.10055832722484132,0.23197492163009403,0.47335423197492166,,0.5,0.75,1.0,0.5
laplace_eb_k5|absolute1,M6_blend,-0.10106355725158565,-0.10211477598006075,0.23197492163009403,0.47962382445141066,,0.5,0.75,1.0,0.75
laplace_eb_k5|absolute1,M6_blend,-0.10237988928287313,-0.10451739133105009,0.23510971786833856,0.48589341692789967,,0.5,0.75,1.0,1.0
laplace_eb_k5|absolute1,M6_blend,-0.06832140196615444,-0.07187584590248554,0.2225705329153605,0.38557993730407525,,0.5,1.0,0.0,0.0
laplace_eb_k5|absolute1,M6_blend,-0.07237988295657284,-0.07530980294447708,0.22884012539184953,0.40752351097178685,,0.5,1.0,0.0,0.25
laplace_eb_k5|absolute1,M6_blend,-0.0808314482547801,-0.07976886979231267,0.22884012539184953,0.4106583072100313,,0.5,1.0,0.0,0.5
laplace_eb_k5|absolute1,M6_blend,-0.0845836742329231,-0.0830381841378339,0.2413793103448276,0.4043887147335423,,0.5,1.0,0.0,0.75
laplace_eb_k5|absolute1,M6_blend,-0.08586026289010237,-0.09228966110692502,0.23197492163009403,0.438871473354232,,0.5,1.0,0.0,1.0
laplace_eb_k5|absolute1,M6_blend,-0.07543733471830573,-0.08118103847468161,0.23197492163009403,0.4169278996865204,,0.5,1.0,0.25,0.0
laplace_eb_k5|absolute1,M6_blend,-0.08378483537915492,-0.08005749402702042,0.23510971786833856,0.41379310344827586,,0.5,1.0,0.25,0.25
laplace_eb_k5|absolute1,M6_blend,-0.08823236764953864,-0.08887284254906319,0.23197492163009403,0.4231974921630094,,0.5,1.0,0.25,0.5
laplace_eb_k5|absolute1,M6_blend,-0.08846785110720605,-0.09597308087078008,0.22570532915360503,0.45454545454545453,,0.5,1.0,0.25,0.75
laplace_eb_k5|absolute1,M6_blend,-0.09144023196148031,-0.10014874129599911,0.2225705329153605,0.4608150470219436,,0.5,1.0,0.25,1.0
laplace_eb_k5|absolute1,M6_blend,-0.08747776990659865,-0.08293897314084735,0.22884012539184953,0.4263322884012539,,0.5,1.0,0.5,0.0
laplace_eb_k5|absolute1,M6_blend,-0.09040118951657002,-0.0877359205722622,0.22884012539184953,0.42946708463949845,,0.5,1.0,0.5,0.25
laplace_eb_k5|absolute1,M6_blend,-0.09352770227973894,-0.0983964058929663,0.219435736677116,0.4670846394984326,,0.5,1.0,0.5,0.5
laplace_eb_k5|absolute1,M6_blend,-0.09539807936657169,-0.10315277391233041,0.219435736677116,0.47648902821316613,,0.5,1.0,0.5,0.75
laplace_eb_k5|absolute1,M6_blend,-0.09750529450808858,-0.10440985063166827,0.21630094043887146,0.48589341692789967,,0.5,1.0,0.5,1.0
laplace_eb_k5|absolute1,M6_blend,-0.09360711512464504,-0.09314278995495605,0.219435736677116,0.445141065830721,,0.5,1.0,0.75,0.0
laplace_eb_k5|absolute1,M6_blend,-0.09902292038584531,-0.10074606503952634,0.219435736677116,0.4670846394984326,,0.5,1.0,0.75,0.25
laplace_eb_k5|absolute1,M6_blend,-0.09812884081970764,-0.10785016262185611,0.21003134796238246,0.4890282131661442,,0.5,1.0,0.75,0.5
laplace_eb_k5|absolute1,M6_blend,-0.10076834573723367,-0.10823310083683382,0.21316614420062696,0.5015673981191222,,0.5,1.0,0.75,0.75
laplace_eb_k5|absolute1,M6_blend,-0.10064742208436207,-0.10794005427381088,0.22570532915360503,0.4952978056426332,,0.5,1.0,0.75,1.0
laplace_eb_k5|absolute1,M6_blend,-0.0996909643078418,-0.0959138945328965,0.22884012539184953,0.46394984326018807,,0.5,1.0,1.0,0.0
laplace_eb_k5|absolute1,M6_blend,-0.09996278054724768,-0.10341950451085186,0.21630094043887146,0.4827586206896552,,0.5,1.0,1.0,0.25
laplace_eb_k5|absolute1,M6_blend,-0.10310695700772778,-0.1036999711772678,0.2225705329153605,0.49216300940438873,,0.5,1.0,1.0,0.5
laplace_eb_k5|absolute1,M6_blend,-0.10349957726642295,-0.10660823650634775,0.23197492163009403,0.4952978056426332,,0.5,1.0,1.0,0.75
laplace_eb_k5|absolute1,M6_blend,-0.10402209180431624,-0.10983953509351303,0.23197492163009403,0.5078369905956113,,0.5,1.0,1.0,1.0
laplace_eb_k5|absolute1,M6_blend,-0.05300495489489856,-0.0629522950975312,0.16927899686520376,0.31974921630094044,,0.75,0.0,0.0,0.0
laplace_eb_k5|absolute1,M6_blend,-0.06221804252967816,-0.06741525437157356,0.1755485893416928,0.3510971786833856,,0.75,0.0,0.0,0.25
laplace_eb_k5|absolute1,M6_blend,-0.0679485100684242,-0.06194274976475859,0.2006269592476489,0.322884012539185,,0.75,0.0,0.0,0.5
laplace_eb_k5|absolute1,M6_blend,-0.07255561808484834,-0.06813425714366114,0.2006269592476489,0.3448275862068966,,0.75,0.0,0.0,0.75
laplace_eb_k5|absolute1,M6_blend,-0.07437026017644614,-0.0710131170864576,0.219435736677116,0.3510971786833856,,0.75,0.0,0.0,1.0
laplace_eb_k5|absolute1,M6_blend,-0.06595861439323711,-0.07009556286947854,0.1755485893416928,0.36990595611285265,,0.75,0.0,0.25,0.0
laplace_eb_k5|absolute1,M6_blend,-0.07073139124348386,-0.07301280093977817,0.2006269592476489,0.3542319749216301,,0.75,0.0,0.25,0.25
laplace_eb_k5|absolute1,M6_blend,-0.07431017951339755,-0.08179193952333964,0.19122257053291536,0.38557993730407525,,0.75,0.0,0.25,0.5
laplace_eb_k5|absolute1,M6_blend,-0.0766672444230705,-0.0790925536152898,0.20689655172413793,0.3824451410658307,,0.75,0.0,0.25,0.75
laplace_eb_k5|absolute1,M6_blend,-0.08437581627432401,-0.07655618394663716,0.23197492163009403,0.3824451410658307,,0.75,0.0,0.25,1.0
laplace_eb_k5|absolute1,M6_blend,-0.07273539745064286,-0.08406019292561612,0.19435736677115986,0.38557993730407525,,0.75,0.0,0.5,0.0
laplace_eb_k5|absolute1,M6_blend,-0.07939614698604802,-0.0847100900211678,0.18808777429467086,0.3887147335423197,,0.75,0.0,0.5,0.25
laplace_eb_k5|absolute1,M6_blend,-0.08019928642440426,-0.08495427221994041,0.20376175548589343,0.3981191222570533,,0.75,0.0,0.5,0.5
laplace_eb_k5|absolute1,M6_blend,-0.08528378623450739,-0.07902443928638223,0.2225705329153605,0.3981191222570533,,0.75,0.0,0.5,0.75
laplace_eb_k5|absolute1,M6_blend,-0.08797657641461268,-0.0812128066759685,0.23197492163009403,0.4012539184952978,,0.75,0.0,0.5,1.0
laplace_eb_k5|absolute1,M6_blend,-0.0812976620309076,-0.0891016140393329,0.2006269592476489,0.3981191222570533,,0.75,0.0,0.75,0.0
laplace_eb_k5|absolute1,M6_blend,-0.08576705151715937,-0.08337523166942747,0.2225705329153605,0.3949843260188088,,0.75,0.0,0.75,0.25
laplace_eb_k5|absolute1,M6_blend,-0.09213354026369437,-0.08290986754116968,0.22570532915360503,0.4012539184952978,,0.75,0.0,0.75,0.5
laplace_eb_k5|absolute1,M6_blend,-0.09695154261549378,-0.08417327455639091,0.23824451410658307,0.41379310344827586,,0.75,0.0,0.75,0.75
laplace_eb_k5|absolute1,M6_blend,-0.09745121987643683,-0.09073799359247228,0.23510971786833856,0.43573667711598746,,0.75,0.0,0.75,1.0
laplace_eb_k5|absolute1,M6_blend,-0.09196952429408067,-0.09211801899871483,0.21003134796238246,0.4231974921630094,,0.75,0.0,1.0,0.0
laplace_eb_k5|absolute1,M6_blend,-0.09294426501680861,-0.09158691142606885,0.22570532915360503,0.4263322884012539,,0.75,0.0,1.0,0.25
laplace_eb_k5|absolute1,M6_blend,-0.09894424400494936,-0.09509276568329073,0.22570532915360503,0.43573667711598746,,0.75,0.0,1.0,0.5
laplace_eb_k5|absolute1,M6_blend,-0.0983415156338207,-0.09445742974320549,0.23197492163009403,0.44200626959247646,,0.75,0.0,1.0,0.75
laplace_eb_k5|absolute1,M6_blend,-0.09945608083405882,-0.09716976180579222,0.23197492163009403,0.45141065830721006,,0.75,0.0,1.0,1.0
laplace_eb_k5|absolute1,M6_blend,-0.06803032855348394,-0.07885294602629159,0.16927899686520376,0.3605015673981191,,0.75,0.25,0.0,0.0
laplace_eb_k5|absolute1,M6_blend,-0.06995428761505523,-0.07124268390868899,0.19122257053291536,0.3573667711598746,,0.75,0.25,0.0,0.25
laplace_eb_k5|absolute1,M6_blend,-0.07178107998280835,-0.07635682126431256,0.1974921630094044,0.3761755485893417,,0.75,0.25,0.0,0.5
laplace_eb_k5|absolute1,M6_blend,-0.07655303364148648,-0.07210145702696519,0.21003134796238246,0.36990595611285265,,0.75,0.25,0.0,0.75
laplace_eb_k5|absolute1,M6_blend,-0.08285224899980569,-0.08069941624531925,0.21630094043887146,0.3824451410658307,,0.75,0.25,0.0,1.0
laplace_eb_k5|absolute1,M6_blend,-0.07299745755359224,-0.08487917756118744,0.18495297805642633,0.3981191222570533,,0.75,0.25,0.25,0.0
laplace_eb_k5|absolute1,M6_blend,-0.07608007472687335,-0.08758699391796297,0.19122257053291536,0.4043887147335423,,0.75,0.25,0.25,0.25
laplace_eb_k5|absolute1,M6_blend,-0.07821695132134376,-0.0838658642549313,0.20376175548589343,0.4012539184952978,,0.75,0.25,0.25,0.5
laplace_eb_k5|absolute1,M6_blend,-0.08471443659174076,-0.0860521064539875,0.219435736677116,0.4012539184952978,,0.75,0.25,0.25,0.75
laplace_eb_k5|absolute1,M6_blend,-0.08735683113803284,-0.08345850378415054,0.22570532915360503,0.4106583072100313,,0.75,0.25,0.25,1.0
laplace_eb_k5|absolute1,M6_blend,-0.0833143662016389,-0.09084789181671173,0.18808777429467086,0.41379310344827586,,0.75,0.25,0.5,0.0
laplace_eb_k5|absolute1,M6_blend,-0.08393530125659732,-0.08693163159966096,0.21003134796238246,0.4106583072100313,,0.75,0.25,0.5,0.25
laplace_eb_k5|absolute1,M6_blend,-0.08595876119699931,-0.08337458060779915,0.2225705329153605,0.41379310344827586,,0.75,0.25,0.5,0.5
laplace_eb_k5|absolute1,M6_blend,-0.08998898104265977,-0.08857159663377137,0.2225705329153605,0.4231974921630094,,0.75,0.25,0.5,0.75
laplace_eb_k5|absolute1,M6_blend,-0.09401357854273094,-0.09757942833636996,0.22884012539184953,0.43260188087774293,,0.75,0.25,0.5,1.0
laplace_eb_k5|absolute1,M6_blend,-0.08866644728581945,-0.08553899172985442,0.21003134796238246,0.40752351097178685,,0.75,0.25,0.75,0.0
laplace_eb_k5|absolute1,M6_blend,-0.09147105603834194,-0.0822404659700618,0.219435736677116,0.4169278996865204,,0.75,0.25,0.75,0.25
laplace_eb_k5|absolute1,M6_blend,-0.09605228470915246,-0.08698654544998112,0.22570532915360503,0.43260188087774293,,0.75,0.25,0.75,0.5
laplace_eb_k5|absolute1,M6_blend,-0.09748814035454184,-0.09209820659696868,0.23824451410658307,0.43260188087774293,,0.75,0.25,0.75,0.75
laplace_eb_k5|absolute1,M6_blend,-0.09971050118124812,-0.09611157735453504,0.23510971786833856,0.4482758620689655,,0.75,0.25,0.75,1.0
laplace_eb_k5|absolute1,M6_blend,-0.09523601255751935,-0.09683225663571522,0.21003134796238246,0.445141065830721,,0.75,0.25,1.0,0.0
laplace_eb_k5|absolute1,M6_blend,-0.10051665535957206,-0.09901551888280528,0.219435736677116,0.445141065830721,,0.75,0.25,1.0,0.25
laplace_eb_k5|absolute1,M6_blend,-0.10026950133961238,-0.09812552588159762,0.22570532915360503,0.45141065830721006,,0.75,0.25,1.0,0.5
laplace_eb_k5|absolute1,M6_blend,-0.10059916694168053,-0.09893253850852808,0.23197492163009403,0.45768025078369906,,0.75,0.25,1.0,0.75
laplace_eb_k5|absolute1,M6_blend,-0.100690579880082,-0.10013901663004045,0.23510971786833856,0.4702194357366771,,0.75,0.25,1.0,1.0
laplace_eb_k5|absolute1,M6_blend,-0.07349515536583638,-0.07236066917220253,0.1974921630094044,0.3761755485893417,,0.75,0.5,0.0,0.0
laplace_eb_k5|absolute1,M6_blend,-0.07384835245991486,-0.0808564070553802,0.2006269592476489,0.39184952978056425,,0.75,0.5,0.0,0.25
laplace_eb_k5|absolute1,M6_blend,-0.07762601361705461,-0.07831609766451543,0.20376175548589343,0.3949843260188088,,0.75,0.5,0.0,0.5
laplace_eb_k5|absolute1,M6_blend,-0.08434001005473196,-0.0807823175009702,0.219435736677116,0.3949843260188088,,0.75,0.5,0.0,0.75
laplace_eb_k5|absolute1,M6_blend,-0.08577659234387593,-0.08565603424342448,0.2225705329153605,0.4043887147335423,,0.75,0.5,0.0,1.0
laplace_eb_k5|absolute1,M6_blend,-0.07979780606339963,-0.08675406184222631,0.2006269592476489,0.4106583072100313,,0.75,0.5,0.25,0.0
laplace_eb_k5|absolute1,M6_blend,-0.08201045963005216,-0.08581568199125203,0.20376175548589343,0.4231974921630094,,0.75,0.5,0.25,0.25
laplace_eb_k5|absolute1,M6_blend,-0.08792178526707418,-0.0843704006631733,0.2225705329153605,0.4106583072100313,,0.75,0.5,0.25,0.5
laplace_eb_k5|absolute1,M6_blend,-0.09074287751693796,-0.0865932722053371,0.2225705329153605,0.4200626959247649,,0.75,0.5,0.25,0.75
laplace_eb_k5|absolute1,M6_blend,-0.0928585814155112,-0.09786616708370958,0.22570532915360503,0.43573667711598746,,0.75,0.5,0.25,1.0
laplace_eb_k5|absolute1,M6_blend,-0.08557039345052424,-0.08941655484579947,0.20376175548589343,0.4231974921630094,,0.75,0.5,0.5,0.0
laplace_eb_k5|absolute1,M6_blend,-0.08970351780049825,-0.08582249882873323,0.2225705329153605,0.4169278996865204,,0.75,0.5,0.5,0.25
laplace_eb_k5|absolute1,M6_blend,-0.09229960132831524,-0.08821642626555735,0.21630094043887146,0.438871473354232,,0.75,0.5,0.5,0.5
laplace_eb_k5|absolute1,M6_blend,-0.09350786463130512,-0.10124789490174724,0.22570532915360503,0.4482758620689655,,0.75,0.5,0.5,0.75
laplace_eb_k5|absolute1,M6_blend,-0.09760794291115771,-0.10160021468716729,0.22570532915360503,0.4608150470219436,,0.75,0.5,0.5,1.0
laplace_eb_k5|absolute1,M6_blend,-0.09267154914101029,-0.09140365463345776,0.21630094043887146,0.42946708463949845,,0.75,0.5,0.75,0.0
laplace_eb_k5|absolute1,M6_blend,-0.09594804565565436,-0.08993150998012026,0.23197492163009403,0.438871473354232,,0.75,0.5,0.75,0.25
laplace_eb_k5|absolute1,M6_blend,-0.0974178216560661,-0.096973683988693,0.23197492163009403,0.4482758620689655,,0.75,0.5,0.75,0.5
laplace_eb_k5|absolute1,M6_blend,-0.10014923206495507,-0.09832218769342174,0.23197492163009403,0.4608150470219436,,0.75,0.5,0.75,0.75
laplace_eb_k5|absolute1,M6_blend,-0.10148214507484193,-0.10202176213778298,0.23197492163009403,0.47648902821316613,,0.75,0.5,0.75,1.0
laplace_eb_k5|absolute1,M6_blend,-0.10064579982014589,-0.09802358773855206,0.2225705329153605,0.45454545454545453,,0.75,0.5,1.0,0.0
laplace_eb_k5|absolute1,M6_blend,-0.09865754572298072,-0.09788952719969062,0.22570532915360503,0.4608150470219436,,0.75,0.5,1.0,0.25
laplace_eb_k5|absolute1,M6_blend,-0.09994567293649356,-0.09902294511471796,0.23510971786833856,0.4608150470219436,,0.75,0.5,1.0,0.5
laplace_eb_k5|absolute1,M6_blend,-0.10231717870489043,-0.098944383950723,0.23510971786833856,0.47335423197492166,,0.75,0.5,1.0,0.75
laplace_eb_k5|absolute1,M6_blend,-0.10413874998282438,-0.10278320292647355,0.23197492163009403,0.48589341692789967,,0.75,0.5,1.0,1.0
laplace_eb_k5|absolute1,M6_blend,-0.08012365720368464,-0.08322938799063988,0.21003134796238246,0.40752351097178685,,0.75,0.75,0.0,0.0
laplace_eb_k5|absolute1,M6_blend,-0.08138389944402259,-0.0823058814020553,0.21316614420062696,0.41379310344827586,,0.75,0.75,0.0,0.25
laplace_eb_k5|absolute1,M6_blend,-0.08588572875395044,-0.08355361392552202,0.22570532915360503,0.4169278996865204,,0.75,0.75,0.0,0.5
laplace_eb_k5|absolute1,M6_blend,-0.08751968846386957,-0.08396941529686175,0.23824451410658307,0.4106583072100313,,0.75,0.75,0.0,0.75
laplace_eb_k5|absolute1,M6_blend,-0.09190443776344248,-0.09558430999564153,0.2225705329153605,0.43260188087774293,,0.75,0.75,0.0,1.0
laplace_eb_k5|absolute1,M6_blend,-0.0836621466493722,-0.08651453148001413,0.21003134796238246,0.42946708463949845,,0.75,0.75,0.25,0.0
laplace_eb_k5|absolute1,M6_blend,-0.08986757816598329,-0.08644869812650367,0.22884012539184953,0.42946708463949845,,0.75,0.75,0.25,0.25
laplace_eb_k5|absolute1,M6_blend,-0.09148564960612388,-0.08645271525067222,0.23510971786833856,0.4231974921630094,,0.75,0.75,0.25,0.5
laplace_eb_k5|absolute1,M6_blend,-0.09351371354709861,-0.09741931606002362,0.22884012539184953,0.44200626959247646,,0.75,0.75,0.25,0.75
laplace_eb_k5|absolute1,M6_blend,-0.09740534482909906,-0.1006896951145326,0.22570532915360503,0.46394984326018807,,0.75,0.75,0.25,1.0
laplace_eb_k5|absolute1,M6_blend,-0.09189108012197433,-0.08938189361209406,0.2225705329153605,0.43573667711598746,,0.75,0.75,0.5,0.0
laplace_eb_k5|absolute1,M6_blend,-0.09566746487288581,-0.09138797283125895,0.219435736677116,0.438871473354232,,0.75,0.75,0.5,0.25
laplace_eb_k5|absolute1,M6_blend,-0.09626985301851276,-0.09971296996298629,0.2225705329153605,0.4608150470219436,,0.75,0.75,0.5,0.5
laplace_eb_k5|absolute1,M6_blend,-0.09984282055839998,-0.10528954829682004,0.21630094043887146,0.47962382445141066,,0.75,0.75,0.5,0.75
laplace_eb_k5|absolute1,M6_blend,-0.10161901711314442,-0.10486275619800936,0.219435736677116,0.48589341692789967,,0.75,0.75,0.5,1.0
laplace_eb_k5|absolute1,M6_blend,-0.09665206242124667,-0.09519667128176898,0.22570532915360503,0.45141065830721006,,0.75,0.75,0.75,0.0
laplace_eb_k5|absolute1,M6_blend,-0.09963151146652462,-0.09500351327480193,0.22884012539184953,0.4608150470219436,,0.75,0.75,0.75,0.25
laplace_eb_k5|absolute1,M6_blend,-0.10078538795811143,-0.0996983458979937,0.22884012539184953,0.4702194357366771,,0.75,0.75,0.75,0.5
laplace_eb_k5|absolute1,M6_blend,-0.10463309669278452,-0.10249471471741281,0.22884012539184953,0.47962382445141066,,0.75,0.75,0.75,0.75
laplace_eb_k5|absolute1,M6_blend,-0.1062596911982928,-0.1040705422692725,0.22884012539184953,0.4827586206896552,,0.75,0.75,0.75,1.0
laplace_eb_k5|absolute1,M6_blend,-0.09975132075693152,-0.09843906259228444,0.2225705329153605,0.4702194357366771,,0.75,0.75,1.0,0.0
laplace_eb_k5|absolute1,M6_blend,-0.1017608566314156,-0.1021045000645621,0.22570532915360503,0.47648902821316613,,0.75,0.75,1.0,0.25
laplace_eb_k5|absolute1,M6_blend,-0.10371024060834216,-0.10167143289525307,0.22570532915360503,0.47962382445141066,,0.75,0.75,1.0,0.5
laplace_eb_k5|absolute1,M6_blend,-0.1073412973126651,-0.10398630245492377,0.22884012539184953,0.48589341692789967,,0.75,0.75,1.0,0.75
laplace_eb_k5|absolute1,M6_blend,-0.10687712258590355,-0.10582510228954886,0.23197492163009403,0.4952978056426332,,0.75,0.75,1.0,1.0
laplace_eb_k5|absolute1,M6_blend,-0.08669121856196595,-0.08589231240385005,0.219435736677116,0.4231974921630094,,0.75,1.0,0.0,0.0
laplace_eb_k5|absolute1,M6_blend,-0.08804383570782348,-0.08748003542656808,0.2225705329153605,0.43260188087774293,,0.75,1.0,0.0,0.25
laplace_eb_k5|absolute1,M6_blend,-0.0893287676893565,-0.08937886923691696,0.22884012539184953,0.43573667711598746,,0.75,1.0,0.0,0.5
laplace_eb_k5|absolute1,M6_blend,-0.0958375706038266,-0.09625730459172524,0.22884012539184953,0.438871473354232,,0.75,1.0,0.0,0.75
laplace_eb_k5|absolute1,M6_blend,-0.09847102718584766,-0.09928367502964029,0.22884012539184953,0.45768025078369906,,0.75,1.0,0.0,1.0
laplace_eb_k5|absolute1,M6_blend,-0.09258757956572097,-0.09004923674426855,0.2225705329153605,0.445141065830721,,0.75,1.0,0.25,0.0
laplace_eb_k5|absolute1,M6_blend,-0.09498915896413673,-0.09178422294487026,0.22570532915360503,0.45141065830721006,,0.75,1.0,0.25,0.25
laplace_eb_k5|absolute1,M6_blend,-0.0982642226506678,-0.09542351885228695,0.2225705329153605,0.45768025078369906,,0.75,1.0,0.25,0.5
laplace_eb_k5|absolute1,M6_blend,-0.09947836834827017,-0.10123965418591022,0.22570532915360503,0.47962382445141066,,0.75,1.0,0.25,0.75
laplace_eb_k5|absolute1,M6_blend,-0.10031992047261404,-0.1019128421233926,0.23197492163009403,0.47648902821316613,,0.75,1.0,0.25,1.0
laplace_eb_k5|absolute1,M6_blend,-0.09739334654309076,-0.09629310257616087,0.2225705329153605,0.4608150470219436,,0.75,1.0,0.5,0.0
laplace_eb_k5|absolute1,M6_blend,-0.10119690401118953,-0.10077580238537728,0.219435736677116,0.47648902821316613,,0.75,1.0,0.5,0.25
laplace_eb_k5|absolute1,M6_blend,-0.10279056534663283,-0.10362494364380836,0.22570532915360503,0.4827586206896552,,0.75,1.0,0.5,0.5
laplace_eb_k5|absolute1,M6_blend,-0.10298503734646598,-0.10498657587880625,0.22570532915360503,0.4890282131661442,,0.75,1.0,0.5,0.75
laplace_eb_k5|absolute1,M6_blend,-0.10361026789662099,-0.1072142939652582,0.22884012539184953,0.49216300940438873,,0.75,1.0,0.5,1.0
laplace_eb_k5|absolute1,M6_blend,-0.10245982751649102,-0.09658414026179284,0.22884012539184953,0.4702194357366771,,0.75,1.0,0.75,0.0
laplace_eb_k5|absolute1,M6_blend,-0.10503208724429708,-0.10248925491326655,0.22570532915360503,0.47962382445141066,,0.75,1.0,0.75,0.25
laplace_eb_k5|absolute1,M6_blend,-0.10582768668236045,-0.10266791731352716,0.22884012539184953,0.48589341692789967,,0.75,1.0,0.75,0.5
laplace_eb_k5|absolute1,M6_blend,-0.10627408135376853,-0.10507520242684687,0.22884012539184953,0.49216300940438873,,0.75,1.0,0.75,0.75
laplace_eb_k5|absolute1,M6_blend,-0.10800713975118274,-0.11221505868537672,0.22570532915360503,0.5078369905956113,,0.75,1.0,0.75,1.0
laplace_eb_k5|absolute1,M6_blend,-0.10623340687374022,-0.10381283761705724,0.219435736677116,0.49216300940438873,,0.75,1.0,1.0,0.0
laplace_eb_k5|absolute1,M6_blend,-0.10698294650009092,-0.10443414288768574,0.2225705329153605,0.4890282131661442,,0.75,1.0,1.0,0.25
laplace_eb_k5|absolute1,M6_blend,-0.11000130077158918,-0.10695299304157589,0.22884012539184953,0.49843260188087773,,0.75,1.0,1.0,0.5
laplace_eb_k5|absolute1,M6_blend,-0.11007051560460274,-0.11251094324228159,0.23197492163009403,0.5047021943573667,,0.75,1.0,1.0,0.75
laplace_eb_k5|absolute1,M6_blend,-0.10867995808059074,-0.11498220006827277,0.23197492163009403,0.5203761755485894,,0.75,1.0,1.0,1.0
laplace_eb_k5|absolute1,M6_blend,-0.0768345451949839,-0.08793066798192581,0.18181818181818182,0.3887147335423197,,1.0,0.0,0.0,0.0
laplace_eb_k5|absolute1,M6_blend,-0.07838866250602218,-0.08523769439621405,0.1786833855799373,0.3981191222570533,,1.0,0.0,0.0,0.25
laplace_eb_k5|absolute1,M6_blend,-0.08279511453859627,-0.08830577928024026,0.18808777429467086,0.40752351097178685,,1.0,0.0,0.0,0.5
laplace_eb_k5|absolute1,M6_blend,-0.08278691535073084,-0.08727939802931393,0.19122257053291536,0.4043887147335423,,1.0,0.0,0.0,0.75
laplace_eb_k5|absolute1,M6_blend,-0.08790702417552268,-0.08849497785248726,0.2006269592476489,0.4231974921630094,,1.0,0.0,0.0,1.0
laplace_eb_k5|absolute1,M6_blend,-0.08394842347075021,-0.08938011960316228,0.16927899686520376,0.43260188087774293,,1.0,0.0,0.25,0.0
laplace_eb_k5|absolute1,M6_blend,-0.08507041316606732,-0.09065516549965431,0.18495297805642633,0.4231974921630094,,1.0,0.0,0.25,0.25
laplace_eb_k5|absolute1,M6_blend,-0.08536984529431087,-0.08954431529983084,0.19122257053291536,0.4200626959247649,,1.0,0.0,0.25,0.5
laplace_eb_k5|absolute1,M6_blend,-0.08882080981452739,-0.0901438105022272,0.21003134796238246,0.4263322884012539,,1.0,0.0,0.25,0.75
laplace_eb_k5|absolute1,M6_blend,-0.09378378694677611,-0.08781897693545467,0.21630094043887146,0.4231974921630094,,1.0,0.0,0.25,1.0
laplace_eb_k5|absolute1,M6_blend,-0.0874597022908152,-0.09332140665910087,0.18808777429467086,0.43573667711598746,,1.0,0.0,0.5,0.0
laplace_eb_k5|absolute1,M6_blend,-0.08841969891491606,-0.09117015567973116,0.1974921630094044,0.4263322884012539,,1.0,0.0,0.5,0.25
laplace_eb_k5|absolute1,M6_blend,-0.09074042245940833,-0.0881134205991198,0.21316614420062696,0.42946708463949845,,1.0,0.0,0.5,0.5
laplace_eb_k5|absolute1,M6_blend,-0.09614973588886931,-0.09473037829500007,0.21630094043887146,0.438871473354232,,1.0,0.0,0.5,0.75
laplace_eb_k5|absolute1,M6_blend,-0.09998882667783113,-0.09658039990684082,0.22570532915360503,0.44200626959247646,,1.0,0.0,0.5,1.0
laplace_eb_k5|absolute1,M6_blend,-0.09199635764469387,-0.09413962059166738,0.2006269592476489,0.438871473354232,,1.0,0.0,0.75,0.0
laplace_eb_k5|absolute1,M6_blend,-0.09328796665962777,-0.09109675162544818,0.21630094043887146,0.43573667711598746,,1.0,0.0,0.75,0.25
laplace_eb_k5|absolute1,M6_blend,-0.09928193887598083,-0.09758754076909122,0.21630094043887146,0.44200626959247646,,1.0,0.0,0.75,0.5
laplace_eb_k5|absolute1,M6_blend,-0.10358315197738198,-0.10109657852627267,0.2225705329153605,0.45141065830721006,,1.0,0.0,0.75,0.75
laplace_eb_k5|absolute1,M6_blend,-0.10381192959004966,-0.09701877945689572,0.23197492163009403,0.45454545454545453,,1.0,0.0,0.75,1.0
laplace_eb_k5|absolute1,M6_blend,-0.10051776358464219,-0.09812161888121437,0.21003134796238246,0.45768025078369906,,1.0,0.0,1.0,0.0
laplace_eb_k5|absolute1,M6_blend,-0.10483930203750738,-0.10235190959092591,0.21003134796238246,0.46394984326018807,,1.0,0.0,1.0,0.25
laplace_eb_k5|absolute1,M6_blend,-0.10732344872554751,-0.10429806946587039,0.2225705329153605,0.4608150470219436,,1.0,0.0,1.0,0.5
laplace_eb_k5|absolute1,M6_blend,-0.10681783735719223,-0.10390942074288395,0.22570532915360503,0.46394984326018807,,1.0,0.0,1.0,0.75
laplace_eb_k5|absolute1,M6_blend,-0.1031644100809665,-0.0997129079293121,0.23510971786833856,0.4608150470219436,,1.0,0.0,1.0,1.0
laplace_eb_k5|absolute1,M6_blend,-0.08319493587041837,-0.08986062293749618,0.18495297805642633,0.4169278996865204,,1.0,0.25,0.0,0.0
laplace_eb_k5|absolute1,M6_blend,-0.08460210514273961,-0.09146341241218826,0.18495297805642633,0.4200626959247649,,1.0,0.25,0.0,0.25
laplace_eb_k5|absolute1,M6_blend,-0.08461526284685915,-0.08695698529481888,0.19435736677115986,0.41379310344827586,,1.0,0.25,0.0,0.5
laplace_eb_k5|absolute1,M6_blend,-0.08880180871042005,-0.08985174987990655,0.2006269592476489,0.4231974921630094,,1.0,0.25,0.0,0.75
laplace_eb_k5|absolute1,M6_blend,-0.09296101136960445,-0.0860953520294454,0.21316614420062696,0.4231974921630094,,1.0,0.25,0.0,1.0
laplace_eb_k5|absolute1,M6_blend,-0.08789208199582774,-0.09501670798444449,0.18808777429467086,0.42946708463949845,,1.0,0.25,0.25,0.0
laplace_eb_k5|absolute1,M6_blend,-0.08816027813347095,-0.08889826513289657,0.19122257053291536,0.42946708463949845,,1.0,0.25,0.25,0.25
laplace_eb_k5|absolute1,M6_blend,-0.09131290959427664,-0.09302590341310142,0.20376175548589343,0.438871473354232,,1.0,0.25,0.25,0.5
laplace_eb_k5|absolute1,M6_blend,-0.09426897966381426,-0.08840636358973,0.21316614420062696,0.43573667711598746,,1.0,0.25,0.25,0.75
laplace_eb_k5|absolute1,M6_blend,-0.09709557628891259,-0.09859670515297722,0.23197492163009403,0.44200626959247646,,1.0,0.25,0.25,1.0
laplace_eb_k5|absolute1,M6_blend,-0.09275444872583982,-0.09576422282053759,0.18808777429467086,0.438871473354232,,1.0,0.25,0.5,0.0
laplace_eb_k5|absolute1,M6_blend,-0.09089151300396558,-0.09185770665496867,0.21003134796238246,0.44200626959247646,,1.0,0.25,0.5,0.25
laplace_eb_k5|absolute1,M6_blend,-0.09449626519164422,-0.09736949254446269,0.219435736677116,0.445141065830721,,1.0,0.25,0.5,0.5
laplace_eb_k5|absolute1,M6_blend,-0.1012234450774034,-0.09622552569336652,0.23510971786833856,0.445141065830721,,1.0,0.25,0.5,0.75
laplace_eb_k5|absolute1,M6_blend,-0.09971204494467696,-0.09736740517905887,0.23510971786833856,0.45454545454545453,,1.0,0.25,0.5,1.0
laplace_eb_k5|absolute1,M6_blend,-0.09590611924843731,-0.0967424449081705,0.21003134796238246,0.45454545454545453,,1.0,0.25,0.75,0.0
laplace_eb_k5|absolute1,M6_blend,-0.1004524272898369,-0.09709056663008693,0.2225705329153605,0.45454545454545453,,1.0,0.25,0.75,0.25
laplace_eb_k5|absolute1,M6_blend,-0.10251235409272763,-0.10004616271832893,0.22570532915360503,0.45768025078369906,,1.0,0.25,0.75,0.5
laplace_eb_k5|absolute1,M6_blend,-0.10266062434643915,-0.09698615518623385,0.23510971786833856,0.45768025078369906,,1.0,0.25,0.75,0.75
laplace_eb_k5|absolute1,M6_blend,-0.10363563531394496,-0.09717832766122952,0.22570532915360503,0.4702194357366771,,1.0,0.25,0.75,1.0
laplace_eb_k5|absolute1,M6_blend,-0.10537404227807719,-0.10208723072815092,0.21630094043887146,0.46394984326018807,,1.0,0.25,1.0,0.0
laplace_eb_k5|absolute1,M6_blend,-0.10692139929038491,-0.10154063773099158,0.22570532915360503,0.46394984326018807,,1.0,0.25,1.0,0.25
laplace_eb_k5|absolute1,M6_blend,-0.10773445499752243,-0.10324175840354638,0.22570532915360503,0.4702194357366771,,1.0,0.25,1.0,0.5
laplace_eb_k5|absolute1,M6_blend,-0.10434542304665435,-0.10019036467686342,0.22884012539184953,0.4702194357366771,,1.0,0.25,1.0,0.75
laplace_eb_k5|absolute1,M6_blend,-0.10680391983811134,-0.10000977521546209,0.23824451410658307,0.47962382445141066,,1.0,0.25,1.0,1.0
laplace_eb_k5|absolute1,M6_blend,-0.08774495639908286,-0.09527571911582006,0.1974921630094044,0.438871473354232,,1.0,0.5,0.0,0.0
laplace_eb_k5|absolute1,M6_blend,-0.08778964840978859,-0.09448181109088341,0.20689655172413793,0.43573667711598746,,1.0,0.5,0.0,0.25
laplace_eb_k5|absolute1,M6_blend,-0.09148989681044173,-0.09074124482498273,0.21003134796238246,0.44200626959247646,,1.0,0.5,0.0,0.5
laplace_eb_k5|absolute1,M6_blend,-0.09476031273484638,-0.08864013973308207,0.21630094043887146,0.438871473354232,,1.0,0.5,0.0,0.75
laplace_eb_k5|absolute1,M6_blend,-0.09546257396374992,-0.09814058320135532,0.219435736677116,0.4482758620689655,,1.0,0.5,0.0,1.0
laplace_eb_k5|absolute1,M6_blend,-0.09064290561375965,-0.09426175723535514,0.20376175548589343,0.44200626959247646,,1.0,0.5,0.25,0.0
laplace_eb_k5|absolute1,M6_blend,-0.0937773432977209,-0.09226039070694424,0.21003134796238246,0.445141065830721,,1.0,0.5,0.25,0.25
laplace_eb_k5|absolute1,M6_blend,-0.09590876052168819,-0.09235909203984147,0.219435736677116,0.44200626959247646,,1.0,0.5,0.25,0.5
laplace_eb_k5|absolute1,M6_blend,-0.09955309983130739,-0.09872909241755928,0.2225705329153605,0.45768025078369906,,1.0,0.5,0.25,0.75
laplace_eb_k5|absolute1,M6_blend,-0.09982562865340629,-0.10121417829188807,0.2225705329153605,0.4702194357366771,,1.0,0.5,0.25,1.0
laplace_eb_k5|absolute1,M6_blend,-0.0947880771134159,-0.09503411527337699,0.20376175548589343,0.45768025078369906,,1.0,0.5,0.5,0.0
laplace_eb_k5|absolute1,M6_blend,-0.09726239049039222,-0.10390803867186124,0.20689655172413793,0.47648902821316613,,1.0,0.5,0.5,0.25
laplace_eb_k5|absolute1,M6_blend,-0.10307503361170071,-0.09695582032250387,0.2225705329153605,0.46394984326018807,,1.0,0.5,0.5,0.5
laplace_eb_k5|absolute1,M6_blend,-0.10103769093573704,-0.09901346129636779,0.2225705329153605,0.47335423197492166,,1.0,0.5,0.5,0.75
laplace_eb_k5|absolute1,M6_blend,-0.10207679383414278,-0.1021024649116126,0.22570532915360503,0.4827586206896552,,1.0,0.5,0.5,1.0
laplace_eb_k5|absolute1,M6_blend,-0.10249085421196624,-0.10687856880661836,0.21003134796238246,0.48589341692789967,,1.0,0.5,0.75,0.0
laplace_eb_k5|absolute1,M6_blend,-0.10536364218377103,-0.10391514031304087,0.21316614420062696,0.47648902821316613,,1.0,0.5,0.75,0.25
laplace_eb_k5|absolute1,M6_blend,-0.10296412237234634,-0.09769948344198888,0.22884012539184953,0.47335423197492166,,1.0,0.5,0.75,0.5
laplace_eb_k5|absolute1,M6_blend,-0.10477377890751342,-0.09771657675551397,0.23197492163009403,0.47962382445141066,,1.0,0.5,0.75,0.75
laplace_eb_k5|absolute1,M6_blend,-0.10720156572954326,-0.10009229915409253,0.23510971786833856,0.48589341692789967,,1.0,0.5,0.75,1.0
laplace_eb_k5|absolute1,M6_blend,-0.11057213179826533,-0.10525032457513121,0.2225705329153605,0.47335423197492166,,1.0,0.5,1.0,0.0
laplace_eb_k5|absolute1,M6_blend,-0.10888655701597011,-0.1043159005270109,0.22570532915360503,0.4827586206896552,,1.0,0.5,1.0,0.25
laplace_eb_k5|absolute1,M6_blend,-0.10711407001874916,-0.09823597583417608,0.23824451410658307,0.47648902821316613,,1.0,0.5,1.0,0.5
laplace_eb_k5|absolute1,M6_blend,-0.10810529146818677,-0.10076454808485918,0.2413793103448276,0.4827586206896552,,1.0,0.5,1.0,0.75
laplace_eb_k5|absolute1,M6_blend,-0.10980179629464695,-0.10452993063483866,0.23510971786833856,0.4952978056426332,,1.0,0.5,1.0,1.0
laplace_eb_k5|absolute1,M6_blend,-0.09204836056518935,-0.09796402194656922,0.20689655172413793,0.445141065830721,,1.0,0.75,0.0,0.0
laplace_eb_k5|absolute1,M6_blend,-0.09694113932626326,-0.09193347197107761,0.21003134796238246,0.4482758620689655,,1.0,0.75,0.0,0.25
laplace_eb_k5|absolute1,M6_blend,-0.09990852898525622,-0.09842305143471795,0.21316614420062696,0.4608150470219436,,1.0,0.75,0.0,0.5
laplace_eb_k5|absolute1,M6_blend,-0.09908047797909358,-0.09762967283309067,0.2225705329153605,0.4482758620689655,,1.0,0.75,0.0,0.75
laplace_eb_k5|absolute1,M6_blend,-0.09873581035720325,-0.1021151140355578,0.21316614420062696,0.47648902821316613,,1.0,0.75,0.0,1.0
laplace_eb_k5|absolute1,M6_blend,-0.09830446343376792,-0.09483965605403936,0.21316614420062696,0.45141065830721006,,1.0,0.75,0.25,0.0
laplace_eb_k5|absolute1,M6_blend,-0.10038278810679913,-0.09795185298801963,0.21630094043887146,0.4670846394984326,,1.0,0.75,0.25,0.25
laplace_eb_k5|absolute1,M6_blend,-0.10129352024245099,-0.10293295443478423,0.21630094043887146,0.47648902821316613,,1.0,0.75,0.25,0.5
laplace_eb_k5|absolute1,M6_blend,-0.10241008879179835,-0.10410718165548244,0.21630094043887146,0.4827586206896552,,1.0,0.75,0.25,0.75
laplace_eb_k5|absolute1,M6_blend,-0.10307465352813855,-0.10582469734231881,0.2225705329153605,0.4952978056426332,,1.0,0.75,0.25,1.0
laplace_eb_k5|absolute1,M6_blend,-0.10113548931871501,-0.10393873940814626,0.21316614420062696,0.47962382445141066,,1.0,0.75,0.5,0.0
laplace_eb_k5|absolute1,M6_blend,-0.10489810736115877,-0.10097417362664934,0.219435736677116,0.47962382445141066,,1.0,0.75,0.5,0.25
laplace_eb_k5|absolute1,M6_blend,-0.1033603274846844,-0.09949124857876741,0.22884012539184953,0.47962382445141066,,1.0,0.75,0.5,0.5
laplace_eb_k5|absolute1,M6_blend,-0.10380226684891214,-0.10748356803784549,0.2225705329153605,0.49843260188087773,,1.0,0.75,0.5,0.75
laplace_eb_k5|absolute1,M6_blend,-0.1049241364227103,-0.10755706467551872,0.22570532915360503,0.5047021943573667,,1.0,0.75,0.5,1.0
laplace_eb_k5|absolute1,M6_blend,-0.10618416146334932,-0.10757741411464715,0.21630094043887146,0.49216300940438873,,1.0,0.75,0.75,0.0
laplace_eb_k5|absolute1,M6_blend,-0.10588329174430672,-0.10066347771257068,0.22884012539184953,0.4890282131661442,,1.0,0.75,0.75,0.25
laplace_eb_k5|absolute1,M6_blend,-0.1044417258780577,-0.1023838524604479,0.23197492163009403,0.4952978056426332,,1.0,0.75,0.75,0.5
laplace_eb_k5|absolute1,M6_blend,-0.11005615471631017,-0.10672960786563476,0.23824451410658307,0.49843260188087773,,1.0,0.75,0.75,0.75
laplace_eb_k5|absolute1,M6_blend,-0.10964166628650829,-0.11114086027382683,0.23510971786833856,0.5047021943573667,,1.0,0.75,0.75,1.0
laplace_eb_k5|absolute1,M6_blend,-0.11250764982889412,-0.10696719206145565,0.2225705329153605,0.49843260188087773,,1.0,0.75,1.0,0.0
laplace_eb_k5|absolute1,M6_blend,-0.10805078630456552,-0.10759486681942282,0.22884012539184953,0.5015673981191222,,1.0,0.75,1.0,0.25
laplace_eb_k5|absolute1,M6_blend,-0.11137473650896128,-0.10808213465032533,0.2445141065830721,0.49843260188087773,,1.0,0.75,1.0,0.5
laplace_eb_k5|absolute1,M6_blend,-0.11254433784124723,-0.1100309311666272,0.2413793103448276,0.5047021943573667,,1.0,0.75,1.0,0.75
laplace_eb_k5|absolute1,M6_blend,-0.11140374029118881,-0.11176268998124757,0.2445141065830721,0.5141065830721003,,1.0,0.75,1.0,1.0
laplace_eb_k5|absolute1,M6_blend,-0.09795651557708927,-0.10215445048523174,0.21003134796238246,0.46394984326018807,,1.0,1.0,0.0,0.0
laplace_eb_k5|absolute1,M6_blend,-0.1035791021455631,-0.1015788399523889,0.21630094043887146,0.47648902821316613,,1.0,1.0,0.0,0.25
laplace_eb_k5|absolute1,M6_blend,-0.10594729023533693,-0.10174056636549089,0.2225705329153605,0.47648902821316613,,1.0,1.0,0.0,0.5
laplace_eb_k5|absolute1,M6_blend,-0.10427233600534991,-0.10531492224167507,0.21630094043887146,0.49216300940438873,,1.0,1.0,0.0,0.75
laplace_eb_k5|absolute1,M6_blend,-0.10143951525601955,-0.10644312977183575,0.2225705329153605,0.49843260188087773,,1.0,1.0,0.0,1.0
laplace_eb_k5|absolute1,M6_blend,-0.10528475574402305,-0.10166981088750789,0.219435736677116,0.47962382445141066,,1.0,1.0,0.25,0.0
laplace_eb_k5|absolute1,M6_blend,-0.10953852152430658,-0.10621909167746017,0.21630094043887146,0.48589341692789967,,1.0,1.0,0.25,0.25
laplace_eb_k5|absolute1,M6_blend,-0.10841056287017119,-0.10959598619409115,0.21630094043887146,0.49843260188087773,,1.0,1.0,0.25,0.5
laplace_eb_k5|absolute1,M6_blend,-0.10693480361227566,-0.10788567690032777,0.2225705329153605,0.5078369905956113,,1.0,1.0,0.25,0.75
laplace_eb_k5|absolute1,M6_blend,-0.10760834298875174,-0.10986530915089536,0.22570532915360503,0.5109717868338558,,1.0,1.0,0.25,1.0
laplace_eb_k5|absolute1,M6_blend,-0.11112087458193913,-0.10302292091952969,0.2225705329153605,0.4890282131661442,,1.0,1.0,0.5,0.0
laplace_eb_k5|absolute1,M6_blend,-0.10945072498783504,-0.10752300083123405,0.219435736677116,0.5078369905956113,,1.0,1.0,0.5,0.25
laplace_eb_k5|absolute1,M6_blend,-0.10730232512429866,-0.10974557425674973,0.22884012539184953,0.5078369905956113,,1.0,1.0,0.5,0.5
laplace_eb_k5|absolute1,M6_blend,-0.10853678031118082,-0.11083920551084425,0.22884012539184953,0.5141065830721003,,1.0,1.0,0.5,0.75
laplace_eb_k5|absolute1,M6_blend,-0.10921171550471379,-0.11230033069708878,0.22884012539184953,0.5172413793103449,,1.0,1.0,0.5,1.0
laplace_eb_k5|absolute1,M6_blend,-0.11112054868692485,-0.10512581683671961,0.22884012539184953,0.5047021943573667,,1.0,1.0,0.75,0.0
laplace_eb_k5|absolute1,M6_blend,-0.11081916200960212,-0.10851796147731778,0.22884012539184953,0.5109717868338558,,1.0,1.0,0.75,0.25
laplace_eb_k5|absolute1,M6_blend,-0.11201884819657154,-0.10841846133240712,0.23510971786833856,0.5141065830721003,,1.0,1.0,0.75,0.5
laplace_eb_k5|absolute1,M6_blend,-0.11171291879503426,-0.11334968485568758,0.23510971786833856,0.5203761755485894,,1.0,1.0,0.75,0.75
laplace_eb_k5|absolute1,M6_blend,-0.11128743307066738,-0.11603231656840976,0.23197492163009403,0.5329153605015674,,1.0,1.0,0.75,1.0
laplace_eb_k5|absolute1,M6_blend,-0.11354575523627171,-0.10842646096707512,0.23197492163009403,0.5109717868338558,,1.0,1.0,1.0,0.0
laplace_eb_k5|absolute1,M6_blend,-0.11358839375070871,-0.10993636358634432,0.23510971786833856,0.5141065830721003,,1.0,1.0,1.0,0.25
laplace_eb_k5|absolute1,M6_blend,-0.11372243004356743,-0.11445962162367229,0.23197492163009403,0.5266457680250783,,1.0,1.0,1.0,0.5
laplace_eb_k5|absolute1,M6_blend,-0.1139351541838335,-0.11600143127260164,0.23197492163009403,0.5329153605015674,,1.0,1.0,1.0,0.75
laplace_eb_k5|absolute1,M6_blend,-0.11230114115304515,-0.11526085196944613,0.2445141065830721,0.5329153605015674,,1.0,1.0,1.0,1.0
laplace_eb_k10|absolute1,M1_global,-0.07374060815221424,-0.08001643630638018,0.1786833855799373,0.3667711598746082,,,,,
laplace_eb_k10|absolute1,M2_team,-0.056189053278503376,-0.05797873133775956,0.19435736677115986,0.3103448275862069,,,,,
laplace_eb_k10|absolute1,M3_class,-0.04726686302767663,-0.060358638451858,0.16927899686520376,0.27899686520376177,,,,,
laplace_eb_k10|absolute1,M4_intersection,-0.0333977673088194,-0.031142599004843393,0.16927899686520376,0.19122257053291536,,,,,
laplace_eb_k10|absolute1,M5_backoff,-0.035184611884849504,-0.034663523591143955,0.1755485893416928,0.2006269592476489,1.0,,,,
laplace_eb_k10|absolute1,M5_backoff,-0.03752687285152521,-0.03807976922504954,0.1786833855799373,0.21630094043887146,2.0,,,,
laplace_eb_k10|absolute1,M5_backoff,-0.04182403224943617,-0.04238861767709442,0.1755485893416928,0.23824451410658307,3.0,,,,
laplace_eb_k10|absolute1,M5_backoff,-0.05086683460743568,-0.047453714271884724,0.18495297805642633,0.2507836990595611,5.0,,,,
laplace_eb_k10|absolute1,M5_backoff,-0.05057022251546222,-0.04857039121110985,0.19435736677115986,0.26959247648902823,8.0,,,,
laplace_eb_k10|absolute1,M6_blend,-0.016117202198654753,-0.019025644258271936,0.10031347962382445,0.12225705329153605,,0.0,0.0,0.0,0.25
laplace_eb_k10|absolute1,M6_blend,-0.019352438131979496,-0.02350928057510651,0.12225705329153605,0.16614420062695925,,0.0,0.0,0.0,0.5
laplace_eb_k10|absolute1,M6_blend,-0.0296338642788266,-0.025118256005280445,0.1536050156739812,0.18495297805642633,,0.0,0.0,0.0,0.75
laplace_eb_k10|absolute1,M6_blend,-0.0333977673088194,-0.031142599004843393,0.16927899686520376,0.19122257053291536,,0.0,0.0,0.0,1.0
laplace_eb_k10|absolute1,M6_blend,-0.0190227725383972,-0.022371171013128046,0.10344827586206896,0.13793103448275862,,0.0,0.0,0.25,0.0
laplace_eb_k10|absolute1,M6_blend,-0.022888109813484624,-0.02451426433078174,0.12539184952978055,0.16927899686520376,,0.0,0.0,0.25,0.25
laplace_eb_k10|absolute1,M6_blend,-0.0313890912381249,-0.024346670316865077,0.15987460815047022,0.1974921630094044,,0.0,0.0,0.25,0.5
laplace_eb_k10|absolute1,M6_blend,-0.03754151017449643,-0.02665606216997562,0.18181818181818182,0.21630094043887146,,0.0,0.0,0.25,0.75
laplace_eb_k10|absolute1,M6_blend,-0.04176178466367423,-0.030143432377554406,0.20689655172413793,0.23824451410658307,,0.0,0.0,0.25,1.0
laplace_eb_k10|absolute1,M6_blend,-0.03615941786592304,-0.030000846517683945,0.14733542319749215,0.20689655172413793,,0.0,0.0,0.5,0.0
laplace_eb_k10|absolute1,M6_blend,-0.036665253139924095,-0.02834047449513289,0.16614420062695925,0.22884012539184953,,0.0,0.0,0.5,0.25
laplace_eb_k10|absolute1,M6_blend,-0.040738982152976604,-0.03323176353702725,0.19122257053291536,0.2445141065830721,,0.0,0.0,0.5,0.5
laplace_eb_k10|absolute1,M6_blend,-0.04690241955187817,-0.03706590479771171,0.20376175548589343,0.2727272727272727,,0.0,0.0,0.5,0.75
laplace_eb_k10|absolute1,M6_blend,-0.05033096325544509,-0.045005538889139794,0.21316614420062696,0.30094043887147337,,0.0,0.0,0.5,1.0
laplace_eb_k10|absolute1,M6_blend,-0.052377232089734174,-0.04141227085855687,0.1724137931034483,0.2664576802507837,,0.0,0.0,0.75,0.0
laplace_eb_k10|absolute1,M6_blend,-0.046157596162138485,-0.043684489954975335,0.18495297805642633,0.26332288401253917,,0.0,0.0,0.75,0.25
laplace_eb_k10|absolute1,M6_blend,-0.04695147156088501,-0.042915930650357544,0.19435736677115986,0.2852664576802508,,0.0,0.0,0.75,0.5
laplace_eb_k10|absolute1,M6_blend,-0.052000309523366865,-0.05184835951109665,0.20689655172413793,0.31347962382445144,,0.0,0.0,0.75,0.75
laplace_eb_k10|absolute1,M6_blend,-0.05346779772032748,-0.06360941003062134,0.20689655172413793,0.34169278996865204,,0.0,0.0,0.75,1.0
laplace_eb_k10|absolute1,M6_blend,-0.056189053278503376,-0.05797873133775956,0.19435736677115986,0.3103448275862069,,0.0,0.0,1.0,0.0
laplace_eb_k10|absolute1,M6_blend,-0.05102776207166654,-0.04901969806527643,0.21316614420062696,0.30094043887147337,,0.0,0.0,1.0,0.25
laplace_eb_k10|absolute1,M6_blend,-0.0538723531557281,-0.06038202498353387,0.219435736677116,0.329153605015674,,0.0,0.0,1.0,0.5
laplace_eb_k10|absolute1,M6_blend,-0.05629625765247173,-0.06468307503665502,0.219435736677116,0.34796238244514105,,0.0,0.0,1.0,0.75
laplace_eb_k10|absolute1,M6_blend,-0.05938782200778374,-0.0681476491068411,0.22884012539184953,0.3605015673981191,,0.0,0.0,1.0,1.0
laplace_eb_k10|absolute1,M6_blend,-0.020433127298815374,-0.03240240267171381,0.10344827586206896,0.15047021943573669,,0.0,0.25,0.0,0.0
laplace_eb_k10|absolute1,M6_blend,-0.03185778174014732,-0.037329290692802504,0.13793103448275862,0.16927899686520376,,0.0,0.25,0.0,0.25
laplace_eb_k10|absolute1,M6_blend,-0.03542432387556736,-0.041966542940248146,0.1536050156739812,0.20376175548589343,,0.0,0.25,0.0,0.5
laplace_eb_k10|absolute1,M6_blend,-0.0391044505513305,-0.04442012533078373,0.15987460815047022,0.219435736677116,,0.0,0.25,0.0,0.75
laplace_eb_k10|absolute1,M6_blend,-0.042773828703850714,-0.04327773327317357,0.1786833855799373,0.2413793103448276,,0.0,0.25,0.0,1.0
laplace_eb_k10|absolute1,M6_blend,-0.03555627817241369,-0.04044280467455664,0.13166144200626959,0.18808777429467086,,0.0,0.25,0.25,0.0
laplace_eb_k10|absolute1,M6_blend,-0.035759008809890185,-0.03858489616771103,0.16300940438871472,0.21630094043887146,,0.0,0.25,0.25,0.25
laplace_eb_k10|absolute1,M6_blend,-0.0420506266359418,-0.041435965841933854,0.16614420062695925,0.2413793103448276,,0.0,0.25,0.25,0.5
laplace_eb_k10|absolute1,M6_blend,-0.04438730746354899,-0.04407129991437574,0.2006269592476489,0.2601880877742947,,0.0,0.25,0.25,0.75
laplace_eb_k10|absolute1,M6_blend,-0.05018669710089378,-0.052487044533872304,0.2006269592476489,0.3072100313479624,,0.0,0.25,0.25,1.0
laplace_eb_k10|absolute1,M6_blend,-0.041360176281084925,-0.04916050880680264,0.16300940438871472,0.2476489028213166,,0.0,0.25,0.5,0.0
laplace_eb_k10|absolute1,M6_blend,-0.044998273442516314,-0.05168726221661209,0.16614420062695925,0.26959247648902823,,0.0,0.25,0.5,0.25
laplace_eb_k10|absolute1,M6_blend,-0.051673807397088066,-0.04877251278036814,0.2006269592476489,0.2852664576802508,,0.0,0.25,0.5,0.5
laplace_eb_k10|absolute1,M6_blend,-0.05674522632975895,-0.05486919162181851,0.21630094043887146,0.3103448275862069,,0.0,0.25,0.5,0.75
laplace_eb_k10|absolute1,M6_blend,-0.0587729641423584,-0.0621117989074287,0.21630094043887146,0.335423197492163,,0.0,0.25,0.5,1.0
laplace_eb_k10|absolute1,M6_blend,-0.0509803856307734,-0.05653535147258854,0.1724137931034483,0.28213166144200624,,0.0,0.25,0.75,0.0
laplace_eb_k10|absolute1,M6_blend,-0.05414335711213181,-0.05560873204777981,0.18808777429467086,0.3072100313479624,,0.0,0.25,0.75,0.25
laplace_eb_k10|absolute1,M6_blend,-0.0585439056139503,-0.06377928139974705,0.2006269592476489,0.3322884012539185,,0.0,0.25,0.75,0.5
laplace_eb_k10|absolute1,M6_blend,-0.061728503154367974,-0.07211793766453348,0.20376175548589343,0.3542319749216301,,0.0,0.25,0.75,0.75
laplace_eb_k10|absolute1,M6_blend,-0.06397605780538612,-0.0711092799318061,0.21316614420062696,0.3667711598746082,,0.0,0.25,0.75,1.0
laplace_eb_k10|absolute1,M6_blend,-0.058936292851070084,-0.0654892627044718,0.19435736677115986,0.322884012539185,,0.0,0.25,1.0,0.0
laplace_eb_k10|absolute1,M6_blend,-0.0610438758204532,-0.06907716392302962,0.21003134796238246,0.34796238244514105,,0.0,0.25,1.0,0.25
laplace_eb_k10|absolute1,M6_blend,-0.06493914519210721,-0.07052562947510552,0.21003134796238246,0.3605015673981191,,0.0,0.25,1.0,0.5
laplace_eb_k10|absolute1,M6_blend,-0.06550962034775186,-0.07578334827735132,0.21316614420062696,0.3793103448275862,,0.0,0.25,1.0,0.75
laplace_eb_k10|absolute1,M6_blend,-0.06851457306136141,-0.07596470876874221,0.2225705329153605,0.3887147335423197,,0.0,0.25,1.0,1.0
laplace_eb_k10|absolute1,M6_blend,-0.04471161868211077,-0.057652466221008926,0.12539184952978055,0.219435736677116,,0.0,0.5,0.0,0.0
laplace_eb_k10|absolute1,M6_blend,-0.04259119691976382,-0.05326285055578689,0.15047021943573669,0.23510971786833856,,0.0,0.5,0.0,0.25
laplace_eb_k10|absolute1,M6_blend,-0.040235222438201816,-0.04808307762570142,0.16300940438871472,0.23824451410658307,,0.0,0.5,0.0,0.5
laplace_eb_k10|absolute1,M6_blend,-0.047349223321842576,-0.04882190279592541,0.1724137931034483,0.26332288401253917,,0.0,0.5,0.0,0.75
laplace_eb_k10|absolute1,M6_blend,-0.05105238019198111,-0.05332764949310909,0.18181818181818182,0.29780564263322884,,0.0,0.5,0.0,1.0
laplace_eb_k10|absolute1,M6_blend,-0.04501267906134112,-0.05546956753422474,0.14733542319749215,0.26332288401253917,,0.0,0.5,0.25,0.0
laplace_eb_k10|absolute1,M6_blend,-0.043117957940677305,-0.049908264058417286,0.16614420062695925,0.2601880877742947,,0.0,0.5,0.25,0.25
laplace_eb_k10|absolute1,M6_blend,-0.04851713594778999,-0.05028692725169995,0.18181818181818182,0.28213166144200624,,0.0,0.5,0.25,0.5
laplace_eb_k10|absolute1,M6_blend,-0.054293556266160926,-0.05607787284965052,0.1974921630094044,0.31347962382445144,,0.0,0.5,0.25,0.75
laplace_eb_k10|absolute1,M6_blend,-0.05810210017534079,-0.06111660049673532,0.20376175548589343,0.335423197492163,,0.0,0.5,0.25,1.0
laplace_eb_k10|absolute1,M6_blend,-0.04781599737017507,-0.0541895333105307,0.16300940438871472,0.2884012539184953,,0.0,0.5,0.5,0.0
laplace_eb_k10|absolute1,M6_blend,-0.056010347243943645,-0.057664001541545024,0.18181818181818182,0.31347962382445144,,0.0,0.5,0.5,0.25
laplace_eb_k10|absolute1,M6_blend,-0.059245918173362035,-0.06429200674345875,0.20376175548589343,0.34169278996865204,,0.0,0.5,0.5,0.5
laplace_eb_k10|absolute1,M6_blend,-0.06216617029373468,-0.06586350403656033,0.21003134796238246,0.3542319749216301,,0.0,0.5,0.5,0.75
laplace_eb_k10|absolute1,M6_blend,-0.06521880800452864,-0.07324147237272098,0.21316614420062696,0.3667711598746082,,0.0,0.5,0.5,1.0
laplace_eb_k10|absolute1,M6_blend,-0.059908541076676605,-0.0618271187158027,0.18808777429467086,0.32601880877742945,,0.0,0.5,0.75,0.0
laplace_eb_k10|absolute1,M6_blend,-0.0618254987500154,-0.06815474986049075,0.2006269592476489,0.3573667711598746,,0.0,0.5,0.75,0.25
laplace_eb_k10|absolute1,M6_blend,-0.06547227731650242,-0.07291346689143151,0.20376175548589343,0.36990595611285265,,0.0,0.5,0.75,0.5
laplace_eb_k10|absolute1,M6_blend,-0.0685884476385285,-0.0767729419128835,0.21316614420062696,0.3824451410658307,,0.0,0.5,0.75,0.75
laplace_eb_k10|absolute1,M6_blend,-0.06956552536569426,-0.08169898160712846,0.20689655172413793,0.4043887147335423,,0.0,0.5,0.75,1.0
laplace_eb_k10|absolute1,M6_blend,-0.06396665806634932,-0.07219423941076736,0.2006269592476489,0.3793103448275862,,0.0,0.5,1.0,0.0
laplace_eb_k10|absolute1,M6_blend,-0.06802345134963861,-0.07268500350252215,0.21003134796238246,0.3793103448275862,,0.0,0.5,1.0,0.25
laplace_eb_k10|absolute1,M6_blend,-0.06980741023831706,-0.07813903515381873,0.219435736677116,0.3793103448275862,,0.0,0.5,1.0,0.5
laplace_eb_k10|absolute1,M6_blend,-0.0709915565550094,-0.08104089251646428,0.21003134796238246,0.40752351097178685,,0.0,0.5,1.0,0.75
laplace_eb_k10|absolute1,M6_blend,-0.07434374097218113,-0.08361929934179894,0.21630094043887146,0.4200626959247649,,0.0,0.5,1.0,1.0
laplace_eb_k10|absolute1,M6_blend,-0.04433105241906127,-0.06198520135122781,0.14733542319749215,0.25705329153605017,,0.0,0.75,0.0,0.0
laplace_eb_k10|absolute1,M6_blend,-0.045328286075476634,-0.05936477899691528,0.15987460815047022,0.26332288401253917,,0.0,0.75,0.0,0.25
laplace_eb_k10|absolute1,M6_blend,-0.04639678757748055,-0.057095780676715426,0.1724137931034483,0.2884012539184953,,0.0,0.75,0.0,0.5
laplace_eb_k10|absolute1,M6_blend,-0.05260929443442808,-0.0619170497927733,0.1755485893416928,0.32601880877742945,,0.0,0.75,0.0,0.75
laplace_eb_k10|absolute1,M6_blend,-0.05694177531232052,-0.06513392928765858,0.1974921630094044,0.335423197492163,,0.0,0.75,0.0,1.0
laplace_eb_k10|absolute1,M6_blend,-0.05048836561467219,-0.05813635557562954,0.1724137931034483,0.28213166144200624,,0.0,0.75,0.25,0.0
laplace_eb_k10|absolute1,M6_blend,-0.05045174963874127,-0.05703212908209304,0.18495297805642633,0.29780564263322884,,0.0,0.75,0.25,0.25
laplace_eb_k10|absolute1,M6_blend,-0.05790668659989885,-0.06400131958545562,0.19435736677115986,0.3322884012539185,,0.0,0.75,0.25,0.5
laplace_eb_k10|absolute1,M6_blend,-0.06267811972350901,-0.06827866380631363,0.20689655172413793,0.34796238244514105,,0.0,0.75,0.25,0.75
laplace_eb_k10|absolute1,M6_blend,-0.06506431462552933,-0.07350318391915399,0.20376175548589343,0.3605015673981191,,0.0,0.75,0.25,1.0
laplace_eb_k10|absolute1,M6_blend,-0.05558053323079393,-0.06515072023373412,0.19122257053291536,0.329153605015674,,0.0,0.75,0.5,0.0
laplace_eb_k10|absolute1,M6_blend,-0.061858711437776194,-0.07227941360733352,0.20376175548589343,0.3542319749216301,,0.0,0.75,0.5,0.25
laplace_eb_k10|absolute1,M6_blend,-0.06771937596313612,-0.07346116771285063,0.21316614420062696,0.3667711598746082,,0.0,0.75,0.5,0.5
laplace_eb_k10|absolute1,M6_blend,-0.06995729735287666,-0.07882275461543316,0.21630094043887146,0.3793103448275862,,0.0,0.75,0.5,0.75
laplace_eb_k10|absolute1,M6_blend,-0.07317323244260603,-0.07905409100894643,0.21003134796238246,0.3949843260188088,,0.0,0.75,0.5,1.0
laplace_eb_k10|absolute1,M6_blend,-0.0645000431731721,-0.07638344620602631,0.21316614420062696,0.36363636363636365,,0.0,0.75,0.75,0.0
laplace_eb_k10|absolute1,M6_blend,-0.07106818029458649,-0.08109707283702763,0.20689655172413793,0.38557993730407525,,0.0,0.75,0.75,0.25
laplace_eb_k10|absolute1,M6_blend,-0.07229919967338112,-0.08221373647498113,0.21630094043887146,0.3949843260188088,,0.0,0.75,0.75,0.5
laplace_eb_k10|absolute1,M6_blend,-0.07528214090252358,-0.08376311362490385,0.20689655172413793,0.41379310344827586,,0.0,0.75,0.75,0.75
laplace_eb_k10|absolute1,M6_blend,-0.0776587851700354,-0.08645469420896054,0.21003134796238246,0.4231974921630094,,0.0,0.75,0.75,1.0
laplace_eb_k10|absolute1,M6_blend,-0.07328577933473415,-0.08191957783689693,0.21003134796238246,0.39184952978056425,,0.0,0.75,1.0,0.0
laplace_eb_k10|absolute1,M6_blend,-0.07380111557765649,-0.08488012316598788,0.219435736677116,0.3981191222570533,,0.0,0.75,1.0,0.25
laplace_eb_k10|absolute1,M6_blend,-0.07747312757194016,-0.08794180150829886,0.21316614420062696,0.4169278996865204,,0.0,0.75,1.0,0.5
laplace_eb_k10|absolute1,M6_blend,-0.079542481815941,-0.08666967405560996,0.219435736677116,0.4231974921630094,,0.0,0.75,1.0,0.75
laplace_eb_k10|absolute1,M6_blend,-0.08185041012960552,-0.08775184040766525,0.22884012539184953,0.4263322884012539,,0.0,0.75,1.0,1.0
laplace_eb_k10|absolute1,M6_blend,-0.04726686302767663,-0.060358638451858,0.16927899686520376,0.27899686520376177,,0.0,1.0,0.0,0.0
laplace_eb_k10|absolute1,M6_blend,-0.04955515892145167,-0.057855788548258034,0.18808777429467086,0.29780564263322884,,0.0,1.0,0.0,0.25
laplace_eb_k10|absolute1,M6_blend,-0.055053217404422296,-0.060996414760717405,0.19435736677115986,0.32601880877742945,,0.0,1.0,0.0,0.5
laplace_eb_k10|absolute1,M6_blend,-0.06161509274562358,-0.06766033848765128,0.2006269592476489,0.3510971786833856,,0.0,1.0,0.0,0.75
laplace_eb_k10|absolute1,M6_blend,-0.06553512073179245,-0.07141105306326036,0.20376175548589343,0.3605015673981191,,0.0,1.0,0.0,1.0
laplace_eb_k10|absolute1,M6_blend,-0.05201519708571306,-0.054944852361204485,0.19122257053291536,0.30094043887147337,,0.0,1.0,0.25,0.0
laplace_eb_k10|absolute1,M6_blend,-0.05843045155396834,-0.0638052043753171,0.20376175548589343,0.335423197492163,,0.0,1.0,0.25,0.25
laplace_eb_k10|absolute1,M6_blend,-0.06415996062388996,-0.06806332432317509,0.21630094043887146,0.3605015673981191,,0.0,1.0,0.25,0.5
laplace_eb_k10|absolute1,M6_blend,-0.06969206917453939,-0.0727552322081077,0.20689655172413793,0.36990595611285265,,0.0,1.0,0.25,0.75
laplace_eb_k10|absolute1,M6_blend,-0.07563918612150641,-0.07673076361557907,0.20689655172413793,0.3824451410658307,,0.0,1.0,0.25,1.0
laplace_eb_k10|absolute1,M6_blend,-0.06388030393003509,-0.07292692878263124,0.20689655172413793,0.3605015673981191,,0.0,1.0,0.5,0.0
laplace_eb_k10|absolute1,M6_blend,-0.07100904155718821,-0.07451211246530465,0.2225705329153605,0.3730407523510972,,0.0,1.0,0.5,0.25
laplace_eb_k10|absolute1,M6_blend,-0.07417316882046902,-0.077379204998476,0.219435736677116,0.38557993730407525,,0.0,1.0,0.5,0.5
laplace_eb_k10|absolute1,M6_blend,-0.07680082574496279,-0.07809271734663312,0.21630094043887146,0.3981191222570533,,0.0,1.0,0.5,0.75
laplace_eb_k10|absolute1,M6_blend,-0.07990695770797034,-0.08260347989612613,0.219435736677116,0.4200626959247649,,0.0,1.0,0.5,1.0
laplace_eb_k10|absolute1,M6_blend,-0.07270167231722045,-0.08423773471417846,0.21003134796238246,0.3981191222570533,,0.0,1.0,0.75,0.0
laplace_eb_k10|absolute1,M6_blend,-0.07659729848300788,-0.08201032576843115,0.21316614420062696,0.40752351097178685,,0.0,1.0,0.75,0.25
laplace_eb_k10|absolute1,M6_blend,-0.07736132198500241,-0.08385888413529037,0.21316614420062696,0.41379310344827586,,0.0,1.0,0.75,0.5
laplace_eb_k10|absolute1,M6_blend,-0.08074079131933486,-0.08491417110480111,0.219435736677116,0.4231974921630094,,0.0,1.0,0.75,0.75
laplace_eb_k10|absolute1,M6_blend,-0.08459954595130684,-0.08685909967203873,0.219435736677116,0.43260188087774293,,0.0,1.0,0.75,1.0
laplace_eb_k10|absolute1,M6_blend,-0.07678493363321345,-0.08643613558344333,0.22570532915360503,0.4043887147335423,,0.0,1.0,1.0,0.0
laplace_eb_k10|absolute1,M6_blend,-0.07900528757220902,-0.08679862085694803,0.219435736677116,0.4169278996865204,,0.0,1.0,1.0,0.25
laplace_eb_k10|absolute1,M6_blend,-0.08175067871555491,-0.08799200721061716,0.22570532915360503,0.4231974921630094,,0.0,1.0,1.0,0.5
laplace_eb_k10|absolute1,M6_blend,-0.08461593538931102,-0.0893850272235265,0.22884012539184953,0.43573667711598746,,0.0,1.0,1.0,0.75
laplace_eb_k10|absolute1,M6_blend,-0.08609866982263328,-0.09064490564144144,0.22884012539184953,0.45141065830721006,,0.0,1.0,1.0,1.0
laplace_eb_k10|absolute1,M6_blend,-0.020816225588219855,-0.018330024806403066,0.11912225705329153,0.14106583072100312,,0.25,0.0,0.0,0.0
laplace_eb_k10|absolute1,M6_blend,-0.021993526824005374,-0.02417163900026707,0.13166144200626959,0.1755485893416928,,0.25,0.0,0.0,0.25
laplace_eb_k10|absolute1,M6_blend,-0.030121180152516296,-0.025775351576203462,0.1724137931034483,0.2006269592476489,,0.25,0.0,0.0,0.5
laplace_eb_k10|absolute1,M6_blend,-0.03836411056331526,-0.030992454717805765,0.18181818181818182,0.21630094043887146,,0.25,0.0,0.0,0.75
laplace_eb_k10|absolute1,M6_blend,-0.043974322336885,-0.03554099465378773,0.2006269592476489,0.23824451410658307,,0.25,0.0,0.0,1.0
laplace_eb_k10|absolute1,M6_blend,-0.02984719526166932,-0.02041723405165732,0.15673981191222572,0.18808777429467086,,0.25,0.0,0.25,0.0
laplace_eb_k10|absolute1,M6_blend,-0.0388771546155995,-0.029986247525413207,0.1786833855799373,0.22570532915360503,,0.25,0.0,0.25,0.25
laplace_eb_k10|absolute1,M6_blend,-0.04318136378384465,-0.036425236425709946,0.19122257053291536,0.2445141065830721,,0.25,0.0,0.25,0.5
laplace_eb_k10|absolute1,M6_blend,-0.04898573059783845,-0.04203363530174318,0.21316614420062696,0.2664576802507837,,0.25,0.0,0.25,0.75
laplace_eb_k10|absolute1,M6_blend,-0.05288154794357225,-0.048625977587270136,0.20689655172413793,0.30407523510971785,,0.25,0.0,0.25,1.0
laplace_eb_k10|absolute1,M6_blend,-0.043427685659923984,-0.04081618660903276,0.16300940438871472,0.26959247648902823,,0.25,0.0,0.5,0.0
laplace_eb_k10|absolute1,M6_blend,-0.048920115316233644,-0.04280643035485453,0.18181818181818182,0.28213166144200624,,0.25,0.0,0.5,0.25
laplace_eb_k10|absolute1,M6_blend,-0.05022152496108272,-0.04860870366139472,0.2006269592476489,0.29780564263322884,,0.25,0.0,0.5,0.5
laplace_eb_k10|absolute1,M6_blend,-0.05597476073798505,-0.05666496928162336,0.1974921630094044,0.3322884012539185,,0.25,0.0,0.5,0.75
laplace_eb_k10|absolute1,M6_blend,-0.060126156240949885,-0.06122960293881572,0.21316614420062696,0.34796238244514105,,0.25,0.0,0.5,1.0
laplace_eb_k10|absolute1,M6_blend,-0.05511822589701742,-0.05013463913600273,0.1755485893416928,0.2946708463949843,,0.25,0.0,0.75,0.0
laplace_eb_k10|absolute1,M6_blend,-0.05251680097965935,-0.05730997141579102,0.19122257053291536,0.3166144200626959,,0.25,0.0,0.75,0.25
laplace_eb_k10|absolute1,M6_blend,-0.05707687125748113,-0.060615896793275045,0.2006269592476489,0.3385579937304075,,0.25,0.0,0.75,0.5
laplace_eb_k10|absolute1,M6_blend,-0.060295585023423824,-0.06257633728246703,0.20689655172413793,0.3605015673981191,,0.25,0.0,0.75,0.75
laplace_eb_k10|absolute1,M6_blend,-0.0626330034182023,-0.06526614327369065,0.21630094043887146,0.36363636363636365,,0.25,0.0,0.75,1.0
laplace_eb_k10|absolute1,M6_blend,-0.06512646359292862,-0.0696478658779101,0.19122257053291536,0.3542319749216301,,0.25,0.0,1.0,0.0
laplace_eb_k10|absolute1,M6_blend,-0.05947644538262006,-0.06639941638119543,0.2006269592476489,0.3605015673981191,,0.25,0.0,1.0,0.25
laplace_eb_k10|absolute1,M6_blend,-0.06570561632226542,-0.06610896378802282,0.21630094043887146,0.36990595611285265,,0.25,0.0,1.0,0.5
laplace_eb_k10|absolute1,M6_blend,-0.06715437992033602,-0.06394308682846425,0.219435736677116,0.3824451410658307,,0.25,0.0,1.0,0.75
laplace_eb_k10|absolute1,M6_blend,-0.07011517774391121,-0.06948948120202017,0.22570532915360503,0.4012539184952978,,0.25,0.0,1.0,1.0
laplace_eb_k10|absolute1,M6_blend,-0.037350187756986716,-0.0474674274858823,0.12852664576802508,0.1974921630094044,,0.25,0.25,0.0,0.0
laplace_eb_k10|absolute1,M6_blend,-0.04105326781104529,-0.04472881045227514,0.16300940438871472,0.22570532915360503,,0.25,0.25,0.0,0.25
laplace_eb_k10|absolute1,M6_blend,-0.04560694038859465,-0.046296077590657625,0.16927899686520376,0.2413793103448276,,0.25,0.25,0.0,0.5
laplace_eb_k10|absolute1,M6_blend,-0.05275502015575597,-0.04846436547868678,0.18808777429467086,0.26959247648902823,,0.25,0.25,0.0,0.75
laplace_eb_k10|absolute1,M6_blend,-0.05511535435558587,-0.05769606561729901,0.1974921630094044,0.29780564263322884,,0.25,0.25,0.0,1.0
laplace_eb_k10|absolute1,M6_blend,-0.04898186317371345,-0.04739716075664404,0.16300940438871472,0.25705329153605017,,0.25,0.25,0.25,0.0
laplace_eb_k10|absolute1,M6_blend,-0.053965170706509864,-0.04587122240924162,0.18495297805642633,0.26332288401253917,,0.25,0.25,0.25,0.25
laplace_eb_k10|absolute1,M6_blend,-0.055728244964364314,-0.04828660529935995,0.20689655172413793,0.28213166144200624,,0.25,0.25,0.25,0.5
laplace_eb_k10|absolute1,M6_blend,-0.057024263511655814,-0.06333140137847688,0.2006269592476489,0.3322884012539185,,0.25,0.25,0.25,0.75
laplace_eb_k10|absolute1,M6_blend,-0.060396057441151764,-0.06543482472203369,0.21630094043887146,0.34796238244514105,,0.25,0.25,0.25,1.0
laplace_eb_k10|absolute1,M6_blend,-0.05371647065315514,-0.05647591920715515,0.16614420062695925,0.3103448275862069,,0.25,0.25,0.5,0.0
laplace_eb_k10|absolute1,M6_blend,-0.058910117639761186,-0.06034486057663039,0.19435736677115986,0.329153605015674,,0.25,0.25,0.5,0.25
laplace_eb_k10|absolute1,M6_blend,-0.06244570037041386,-0.06546469496382068,0.1974921630094044,0.3573667711598746,,0.25,0.25,0.5,0.5
laplace_eb_k10|absolute1,M6_blend,-0.06556153474593056,-0.06889506505340992,0.21003134796238246,0.3667711598746082,,0.25,0.25,0.5,0.75
laplace_eb_k10|absolute1,M6_blend,-0.06938771229552355,-0.07344246941814228,0.21316614420062696,0.3730407523510972,,0.25,0.25,0.5,1.0
laplace_eb_k10|absolute1,M6_blend,-0.06106431345250627,-0.06241306607672787,0.18808777429467086,0.335423197492163,,0.25,0.25,0.75,0.0
laplace_eb_k10|absolute1,M6_blend,-0.06525422857383771,-0.07035333507907428,0.1974921630094044,0.3730407523510972,,0.25,0.25,0.75,0.25
laplace_eb_k10|absolute1,M6_blend,-0.0671317534405072,-0.06926746637236363,0.21630094043887146,0.36990595611285265,,0.25,0.25,0.75,0.5
laplace_eb_k10|absolute1,M6_blend,-0.07093350553449142,-0.07395319209717284,0.21003134796238246,0.3824451410658307,,0.25,0.25,0.75,0.75
laplace_eb_k10|absolute1,M6_blend,-0.07263184620352814,-0.08336166130104408,0.219435736677116,0.4012539184952978,,0.25,0.25,0.75,1.0
laplace_eb_k10|absolute1,M6_blend,-0.06773264104302056,-0.07890615811962692,0.18495297805642633,0.39184952978056425,,0.25,0.25,1.0,0.0
laplace_eb_k10|absolute1,M6_blend,-0.07077074700734177,-0.0761979668281482,0.1974921630094044,0.3887147335423197,,0.25,0.25,1.0,0.25
laplace_eb_k10|absolute1,M6_blend,-0.07457043992377742,-0.079899967452482,0.2006269592476489,0.4106583072100313,,0.25,0.25,1.0,0.5
laplace_eb_k10|absolute1,M6_blend,-0.07365302060776367,-0.08344962593857023,0.21316614420062696,0.4200626959247649,,0.25,0.25,1.0,0.75
laplace_eb_k10|absolute1,M6_blend,-0.07726073465156232,-0.08940321289960493,0.21003134796238246,0.438871473354232,,0.25,0.25,1.0,1.0
laplace_eb_k10|absolute1,M6_blend,-0.05191616765764417,-0.05956867079142493,0.15987460815047022,0.2601880877742947,,0.25,0.5,0.0,0.0
laplace_eb_k10|absolute1,M6_blend,-0.052993567416482604,-0.061031639003734976,0.1724137931034483,0.28213166144200624,,0.25,0.5,0.0,0.25
laplace_eb_k10|absolute1,M6_blend,-0.05647889246150071,-0.06097367119779781,0.18181818181818182,0.30094043887147337,,0.25,0.5,0.0,0.5
laplace_eb_k10|absolute1,M6_blend,-0.06106454919353297,-0.06419337266431333,0.19435736677115986,0.32601880877742945,,0.25,0.5,0.0,0.75
laplace_eb_k10|absolute1,M6_blend,-0.06524008018195901,-0.06917174955754071,0.20376175548589343,0.3448275862068966,,0.25,0.5,0.0,1.0
laplace_eb_k10|absolute1,M6_blend,-0.056697657919469756,-0.06331141887460383,0.16927899686520376,0.2946708463949843,,0.25,0.5,0.25,0.0
laplace_eb_k10|absolute1,M6_blend,-0.06174007221708469,-0.061279839354342426,0.19435736677115986,0.322884012539185,,0.25,0.5,0.25,0.25
laplace_eb_k10|absolute1,M6_blend,-0.06348153365381351,-0.06717098970258124,0.2006269592476489,0.34796238244514105,,0.25,0.5,0.25,0.5
laplace_eb_k10|absolute1,M6_blend,-0.0677413160622052,-0.07328210232726833,0.21003134796238246,0.3667711598746082,,0.25,0.5,0.25,0.75
laplace_eb_k10|absolute1,M6_blend,-0.07052631095976723,-0.07618436402988658,0.2225705329153605,0.3761755485893417,,0.25,0.5,0.25,1.0
laplace_eb_k10|absolute1,M6_blend,-0.0641301003094351,-0.0684888123835329,0.18808777429467086,0.3542319749216301,,0.25,0.5,0.5,0.0
laplace_eb_k10|absolute1,M6_blend,-0.06760784112800608,-0.07655753756998848,0.19435736677115986,0.38557993730407525,,0.25,0.5,0.5,0.25
laplace_eb_k10|absolute1,M6_blend,-0.07251715515650053,-0.07477260148590635,0.21003134796238246,0.38557993730407525,,0.25,0.5,0.5,0.5
laplace_eb_k10|absolute1,M6_blend,-0.07301948012297248,-0.07946098157931644,0.21316614420062696,0.3981191222570533,,0.25,0.5,0.5,0.75
laplace_eb_k10|absolute1,M6_blend,-0.07519270110358792,-0.08413826142872763,0.21003134796238246,0.4106583072100313,,0.25,0.5,0.5,1.0
laplace_eb_k10|absolute1,M6_blend,-0.06803882415676893,-0.07793939479139157,0.2006269592476489,0.39184952978056425,,0.25,0.5,0.75,0.0
laplace_eb_k10|absolute1,M6_blend,-0.0732526040547432,-0.07698630785633778,0.21630094043887146,0.3949843260188088,,0.25,0.5,0.75,0.25
laplace_eb_k10|absolute1,M6_blend,-0.07393502974209157,-0.08281783235250596,0.21316614420062696,0.4043887147335423,,0.25,0.5,0.75,0.5
laplace_eb_k10|absolute1,M6_blend,-0.07832481355511356,-0.08614820301486033,0.21630094043887146,0.41379310344827586,,0.25,0.5,0.75,0.75
laplace_eb_k10|absolute1,M6_blend,-0.08084251795516717,-0.08555407736882521,0.21316614420062696,0.42946708463949845,,0.25,0.5,0.75,1.0
laplace_eb_k10|absolute1,M6_blend,-0.07579169119257428,-0.07881038674506648,0.20689655172413793,0.4106583072100313,,0.25,0.5,1.0,0.0
laplace_eb_k10|absolute1,M6_blend,-0.07744739033893845,-0.0847093249352935,0.20376175548589343,0.42946708463949845,,0.25,0.5,1.0,0.25
laplace_eb_k10|absolute1,M6_blend,-0.0782236145082161,-0.08782989546936881,0.21316614420062696,0.42946708463949845,,0.25,0.5,1.0,0.5
laplace_eb_k10|absolute1,M6_blend,-0.08404199566277368,-0.08920578442537298,0.21003134796238246,0.45141065830721006,,0.25,0.5,1.0,0.75
laplace_eb_k10|absolute1,M6_blend,-0.08462804882837023,-0.09147154587703439,0.21003134796238246,0.45768025078369906,,0.25,0.5,1.0,1.0
laplace_eb_k10|absolute1,M6_blend,-0.051684994861517515,-0.060102620106599176,0.1786833855799373,0.2946708463949843,,0.25,0.75,0.0,0.0
laplace_eb_k10|absolute1,M6_blend,-0.055464861152910015,-0.0598591414154697,0.19122257053291536,0.30094043887147337,,0.25,0.75,0.0,0.25
laplace_eb_k10|absolute1,M6_blend,-0.06220603640698287,-0.06647705591537735,0.19435736677115986,0.3448275862068966,,0.25,0.75,0.0,0.5
laplace_eb_k10|absolute1,M6_blend,-0.06740063134631766,-0.06892638474842971,0.1974921630094044,0.3573667711598746,,0.25,0.75,0.0,0.75
laplace_eb_k10|absolute1,M6_blend,-0.07126562138022283,-0.0712259696638883,0.21316614420062696,0.3667711598746082,,0.25,0.75,0.0,1.0
laplace_eb_k10|absolute1,M6_blend,-0.06117572707329837,-0.06354536266769735,0.19435736677115986,0.31974921630094044,,0.25,0.75,0.25,0.0
laplace_eb_k10|absolute1,M6_blend,-0.0660470649663673,-0.07064602130492653,0.2006269592476489,0.36363636363636365,,0.25,0.75,0.25,0.25
laplace_eb_k10|absolute1,M6_blend,-0.07184508881173128,-0.07516571401755638,0.20376175548589343,0.3793103448275862,,0.25,0.75,0.25,0.5
laplace_eb_k10|absolute1,M6_blend,-0.07512796370859909,-0.07749557054855606,0.21630094043887146,0.3730407523510972,,0.25,0.75,0.25,0.75
laplace_eb_k10|absolute1,M6_blend,-0.07742727956053608,-0.07790665035384202,0.21316614420062696,0.3981191222570533,,0.25,0.75,0.25,1.0
laplace_eb_k10|absolute1,M6_blend,-0.06907550610441732,-0.07868690631092529,0.19122257053291536,0.3949843260188088,,0.25,0.75,0.5,0.0
laplace_eb_k10|absolute1,M6_blend,-0.07338531975340573,-0.07931999041228832,0.20376175548589343,0.4043887147335423,,0.25,0.75,0.5,0.25
laplace_eb_k10|absolute1,M6_blend,-0.07729164994473448,-0.08315733531752724,0.21003134796238246,0.4012539184952978,,0.25,0.75,0.5,0.5
laplace_eb_k10|absolute1,M6_blend,-0.07894989769032823,-0.08364929843892498,0.21003134796238246,0.4169278996865204,,0.25,0.75,0.5,0.75
laplace_eb_k10|absolute1,M6_blend,-0.08260916165210909,-0.08598987997559171,0.20689655172413793,0.43260188087774293,,0.25,0.75,0.5,1.0
laplace_eb_k10|absolute1,M6_blend,-0.07497409841280159,-0.08266943829793916,0.20689655172413793,0.4043887147335423,,0.25,0.75,0.75,0.0
laplace_eb_k10|absolute1,M6_blend,-0.07754318415932994,-0.08765692928321309,0.20376175548589343,0.4231974921630094,,0.25,0.75,0.75,0.25
laplace_eb_k10|absolute1,M6_blend,-0.07789104078670407,-0.08767590684623554,0.21316614420062696,0.4169278996865204,,0.25,0.75,0.75,0.5
laplace_eb_k10|absolute1,M6_blend,-0.08323139312294162,-0.08801672214110817,0.20689655172413793,0.44200626959247646,,0.25,0.75,0.75,0.75
laplace_eb_k10|absolute1,M6_blend,-0.08350707134279658,-0.08901522886650316,0.21316614420062696,0.44200626959247646,,0.25,0.75,0.75,1.0
laplace_eb_k10|absolute1,M6_blend,-0.07912135352290411,-0.08802434656080034,0.20376175548589343,0.445141065830721,,0.25,0.75,1.0,0.0
laplace_eb_k10|absolute1,M6_blend,-0.07953793221818398,-0.08868326479131151,0.21630094043887146,0.43260188087774293,,0.25,0.75,1.0,0.25
laplace_eb_k10|absolute1,M6_blend,-0.08444259923555017,-0.09112806077521049,0.21316614420062696,0.4608150470219436,,0.25,0.75,1.0,0.5
laplace_eb_k10|absolute1,M6_blend,-0.08562745427387153,-0.09004881199110638,0.21316614420062696,0.4608150470219436,,0.25,0.75,1.0,0.75
laplace_eb_k10|absolute1,M6_blend,-0.08893187708356089,-0.08862463654629116,0.21630094043887146,0.45768025078369906,,0.25,0.75,1.0,1.0
laplace_eb_k10|absolute1,M6_blend,-0.056702986724488015,-0.05726655351938125,0.20376175548589343,0.31347962382445144,,0.25,1.0,0.0,0.0
laplace_eb_k10|absolute1,M6_blend,-0.061854611933740505,-0.06599467734698218,0.21316614420062696,0.34796238244514105,,0.25,1.0,0.0,0.25
laplace_eb_k10|absolute1,M6_blend,-0.06820673834540986,-0.07251190722315663,0.21316614420062696,0.3605015673981191,,0.25,1.0,0.0,0.5
laplace_eb_k10|absolute1,M6_blend,-0.07324757586723377,-0.07154685320758894,0.21316614420062696,0.3793103448275862,,0.25,1.0,0.0,0.75
laplace_eb_k10|absolute1,M6_blend,-0.0759650070860914,-0.07883056938694936,0.20689655172413793,0.3981191222570533,,0.25,1.0,0.0,1.0
laplace_eb_k10|absolute1,M6_blend,-0.06548141333824002,-0.06989161531239468,0.21630094043887146,0.36363636363636365,,0.25,1.0,0.25,0.0
laplace_eb_k10|absolute1,M6_blend,-0.07135681276356033,-0.07515976460049145,0.21316614420062696,0.3793103448275862,,0.25,1.0,0.25,0.25
laplace_eb_k10|absolute1,M6_blend,-0.07665771754471275,-0.07877047031790858,0.2225705329153605,0.3793103448275862,,0.25,1.0,0.25,0.5
laplace_eb_k10|absolute1,M6_blend,-0.07967839350155927,-0.08320616333976061,0.21316614420062696,0.41379310344827586,,0.25,1.0,0.25,0.75
laplace_eb_k10|absolute1,M6_blend,-0.08277073029454178,-0.0823738735087426,0.21630094043887146,0.4231974921630094,,0.25,1.0,0.25,1.0
laplace_eb_k10|absolute1,M6_blend,-0.07407821494060227,-0.08160751045544319,0.2006269592476489,0.40752351097178685,,0.25,1.0,0.5,0.0
laplace_eb_k10|absolute1,M6_blend,-0.08130213810509634,-0.0855750808591566,0.20376175548589343,0.41379310344827586,,0.25,1.0,0.5,0.25
laplace_eb_k10|absolute1,M6_blend,-0.08197485791770678,-0.09000779827326816,0.2006269592476489,0.438871473354232,,0.25,1.0,0.5,0.5
laplace_eb_k10|absolute1,M6_blend,-0.08470393836117458,-0.08820211909547869,0.20376175548589343,0.445141065830721,,0.25,1.0,0.5,0.75
laplace_eb_k10|absolute1,M6_blend,-0.08666653274362249,-0.0887140942194432,0.21003134796238246,0.44200626959247646,,0.25,1.0,0.5,1.0
laplace_eb_k10|absolute1,M6_blend,-0.08205509692847364,-0.08790785077737416,0.21003134796238246,0.4200626959247649,,0.25,1.0,0.75,0.0
laplace_eb_k10|absolute1,M6_blend,-0.08054466416199049,-0.08950337892555892,0.21630094043887146,0.42946708463949845,,0.25,1.0,0.75,0.25
laplace_eb_k10|absolute1,M6_blend,-0.08343917004162645,-0.08915852849900162,0.21316614420062696,0.445141065830721,,0.25,1.0,0.75,0.5
laplace_eb_k10|absolute1,M6_blend,-0.08671130082153149,-0.0885767502634316,0.21630094043887146,0.445141065830721,,0.25,1.0,0.75,0.75
laplace_eb_k10|absolute1,M6_blend,-0.0880853272383133,-0.09142763407019239,0.21630094043887146,0.4608150470219436,,0.25,1.0,0.75,1.0
laplace_eb_k10|absolute1,M6_blend,-0.08440430132074998,-0.09196986013959194,0.21630094043887146,0.45141065830721006,,0.25,1.0,1.0,0.0
laplace_eb_k10|absolute1,M6_blend,-0.08610581357381042,-0.09471695011826145,0.21316614420062696,0.4670846394984326,,0.25,1.0,1.0,0.25
laplace_eb_k10|absolute1,M6_blend,-0.08801077813114801,-0.0887912013757752,0.219435736677116,0.4608150470219436,,0.25,1.0,1.0,0.5
laplace_eb_k10|absolute1,M6_blend,-0.09058876219603333,-0.09039666201206957,0.219435736677116,0.4702194357366771,,0.25,1.0,1.0,0.75
laplace_eb_k10|absolute1,M6_blend,-0.09212473553583102,-0.09336287015611101,0.219435736677116,0.4827586206896552,,0.25,1.0,1.0,1.0
laplace_eb_k10|absolute1,M6_blend,-0.029739546167382076,-0.03601727967492092,0.1536050156739812,0.23824451410658307,,0.5,0.0,0.0,0.0
laplace_eb_k10|absolute1,M6_blend,-0.041941276157448804,-0.03922944893143768,0.16927899686520376,0.2601880877742947,,0.5,0.0,0.0,0.25
laplace_eb_k10|absolute1,M6_blend,-0.04564883696776656,-0.04590379160633282,0.1786833855799373,0.28213166144200624,,0.5,0.0,0.0,0.5
laplace_eb_k10|absolute1,M6_blend,-0.04965725986834336,-0.04707032130289601,0.1974921630094044,0.28213166144200624,,0.5,0.0,0.0,0.75
laplace_eb_k10|absolute1,M6_blend,-0.059502653964288145,-0.056058571501678804,0.20689655172413793,0.3072100313479624,,0.5,0.0,0.0,1.0
laplace_eb_k10|absolute1,M6_blend,-0.04539640998183527,-0.05224516461121625,0.15987460815047022,0.2946708463949843,,0.5,0.0,0.25,0.0
laplace_eb_k10|absolute1,M6_blend,-0.0511915765146901,-0.049411763369943656,0.18495297805642633,0.30094043887147337,,0.5,0.0,0.25,0.25
laplace_eb_k10|absolute1,M6_blend,-0.05826487076725463,-0.054109257742248736,0.19435736677115986,0.3103448275862069,,0.5,0.0,0.25,0.5
laplace_eb_k10|absolute1,M6_blend,-0.06143911095051804,-0.06034040505936527,0.1974921630094044,0.335423197492163,,0.5,0.0,0.25,0.75
laplace_eb_k10|absolute1,M6_blend,-0.06486889124468206,-0.06419635915597405,0.219435736677116,0.3510971786833856,,0.5,0.0,0.25,1.0
laplace_eb_k10|absolute1,M6_blend,-0.05686461693444979,-0.055629641856986524,0.1755485893416928,0.3166144200626959,,0.5,0.0,0.5,0.0
laplace_eb_k10|absolute1,M6_blend,-0.06131984525999788,-0.057274466409672015,0.19435736677115986,0.3322884012539185,,0.5,0.0,0.5,0.25
laplace_eb_k10|absolute1,M6_blend,-0.06349721715381425,-0.06411260692256746,0.2006269592476489,0.3542319749216301,,0.5,0.0,0.5,0.5
laplace_eb_k10|absolute1,M6_blend,-0.0656817082916588,-0.06672109204540058,0.21630094043887146,0.3667711598746082,,0.5,0.0,0.5,0.75
laplace_eb_k10|absolute1,M6_blend,-0.07031679928863892,-0.06712973469336952,0.2225705329153605,0.3730407523510972,,0.5,0.0,0.5,1.0
laplace_eb_k10|absolute1,M6_blend,-0.06603208785067294,-0.06890917075418379,0.18495297805642633,0.3605015673981191,,0.5,0.0,0.75,0.0
laplace_eb_k10|absolute1,M6_blend,-0.06647949417812245,-0.0700597023025015,0.2006269592476489,0.36990595611285265,,0.5,0.0,0.75,0.25
laplace_eb_k10|absolute1,M6_blend,-0.06807179108992906,-0.07150678924025039,0.21003134796238246,0.38557993730407525,,0.5,0.0,0.75,0.5
laplace_eb_k10|absolute1,M6_blend,-0.07395060032692044,-0.07221668282506234,0.21630094043887146,0.39184952978056425,,0.5,0.0,0.75,0.75
laplace_eb_k10|absolute1,M6_blend,-0.07564835766132004,-0.07452056200760285,0.22884012539184953,0.3949843260188088,,0.5,0.0,0.75,1.0
laplace_eb_k10|absolute1,M6_blend,-0.07690619040680477,-0.07752074897989958,0.20689655172413793,0.3887147335423197,,0.5,0.0,1.0,0.0
laplace_eb_k10|absolute1,M6_blend,-0.06971783430081133,-0.07839723387995857,0.21003134796238246,0.4012539184952978,,0.5,0.0,1.0,0.25
laplace_eb_k10|absolute1,M6_blend,-0.07994416101325456,-0.07387385291972878,0.22884012539184953,0.3981191222570533,,0.5,0.0,1.0,0.5
laplace_eb_k10|absolute1,M6_blend,-0.08030369015466761,-0.07581681411327987,0.2413793103448276,0.4043887147335423,,0.5,0.0,1.0,0.75
laplace_eb_k10|absolute1,M6_blend,-0.0834735018948458,-0.08393401586009791,0.22884012539184953,0.4263322884012539,,0.5,0.0,1.0,1.0
laplace_eb_k10|absolute1,M6_blend,-0.05195904605022731,-0.05572897407188311,0.16300940438871472,0.27586206896551724,,0.5,0.25,0.0,0.0
laplace_eb_k10|absolute1,M6_blend,-0.05586851781323247,-0.05981900368971885,0.16927899686520376,0.30407523510971785,,0.5,0.25,0.0,0.25
laplace_eb_k10|absolute1,M6_blend,-0.05892983905266724,-0.06211708027133747,0.18808777429467086,0.322884012539185,,0.5,0.25,0.0,0.5
laplace_eb_k10|absolute1,M6_blend,-0.06301372184721511,-0.06435737904850218,0.2006269592476489,0.3385579937304075,,0.5,0.25,0.0,0.75
laplace_eb_k10|absolute1,M6_blend,-0.07025030588387493,-0.06697158752517267,0.21316614420062696,0.3510971786833856,,0.5,0.25,0.0,1.0
laplace_eb_k10|absolute1,M6_blend,-0.05941941428522246,-0.06702519384531018,0.16614420062695925,0.3322884012539185,,0.5,0.25,0.25,0.0
laplace_eb_k10|absolute1,M6_blend,-0.06363981213539431,-0.06674428068124762,0.18495297805642633,0.34796238244514105,,0.5,0.25,0.25,0.25
laplace_eb_k10|absolute1,M6_blend,-0.06551686078225154,-0.07237202250238123,0.19122257053291536,0.36363636363636365,,0.5,0.25,0.25,0.5
laplace_eb_k10|absolute1,M6_blend,-0.07250815549555631,-0.07267119395648798,0.20689655172413793,0.3761755485893417,,0.5,0.25,0.25,0.75
laplace_eb_k10|absolute1,M6_blend,-0.07437381590663504,-0.07295372279880563,0.21630094043887146,0.38557993730407525,,0.5,0.25,0.25,1.0
laplace_eb_k10|absolute1,M6_blend,-0.06794744361736144,-0.07517618121912113,0.1755485893416928,0.3761755485893417,,0.5,0.25,0.5,0.0
laplace_eb_k10|absolute1,M6_blend,-0.06847290530114526,-0.07858979658787153,0.18808777429467086,0.3887147335423197,,0.5,0.25,0.5,0.25
laplace_eb_k10|absolute1,M6_blend,-0.07397425875459121,-0.07441786579717663,0.21003134796238246,0.38557993730407525,,0.5,0.25,0.5,0.5
laplace_eb_k10|absolute1,M6_blend,-0.0742743868438595,-0.07458993518100263,0.219435736677116,0.3887147335423197,,0.5,0.25,0.5,0.75
laplace_eb_k10|absolute1,M6_blend,-0.07521336798737534,-0.08022669748312627,0.219435736677116,0.3981191222570533,,0.5,0.25,0.5,1.0
laplace_eb_k10|absolute1,M6_blend,-0.07193147511606514,-0.07932091869857617,0.18495297805642633,0.4012539184952978,,0.5,0.25,0.75,0.0
laplace_eb_k10|absolute1,M6_blend,-0.0758735168206024,-0.08183108614670072,0.19122257053291536,0.4106583072100313,,0.5,0.25,0.75,0.25
laplace_eb_k10|absolute1,M6_blend,-0.07735004929262415,-0.0804161346608008,0.21003134796238246,0.4106583072100313,,0.5,0.25,0.75,0.5
laplace_eb_k10|absolute1,M6_blend,-0.08060332326401992,-0.08472473640286811,0.21316614420062696,0.4169278996865204,,0.5,0.25,0.75,0.75
laplace_eb_k10|absolute1,M6_blend,-0.08413745302750447,-0.08701103501792612,0.2225705329153605,0.4231974921630094,,0.5,0.25,0.75,1.0
laplace_eb_k10|absolute1,M6_blend,-0.07920267147617732,-0.08215492360036948,0.19435736677115986,0.4169278996865204,,0.5,0.25,1.0,0.0
laplace_eb_k10|absolute1,M6_blend,-0.08212538100678288,-0.07772578251165656,0.21630094043887146,0.4169278996865204,,0.5,0.25,1.0,0.25
laplace_eb_k10|absolute1,M6_blend,-0.08449112493062184,-0.08624746915548573,0.21630094043887146,0.4263322884012539,,0.5,0.25,1.0,0.5
laplace_eb_k10|absolute1,M6_blend,-0.0872261193869975,-0.08869077696181764,0.22570532915360503,0.42946708463949845,,0.5,0.25,1.0,0.75
laplace_eb_k10|absolute1,M6_blend,-0.08930722263653323,-0.0953369736788228,0.2225705329153605,0.45768025078369906,,0.5,0.25,1.0,1.0
laplace_eb_k10|absolute1,M6_blend,-0.05760203338183616,-0.06641309485306561,0.16614420062695925,0.3322884012539185,,0.5,0.5,0.0,0.0
laplace_eb_k10|absolute1,M6_blend,-0.06211474316156467,-0.06706429596371412,0.18495297805642633,0.3448275862068966,,0.5,0.5,0.0,0.25
laplace_eb_k10|absolute1,M6_blend,-0.06554756778375095,-0.07190541716345052,0.19122257053291536,0.3730407523510972,,0.5,0.5,0.0,0.5
laplace_eb_k10|absolute1,M6_blend,-0.0724711990819773,-0.07256385355860835,0.20376175548589343,0.38557993730407525,,0.5,0.5,0.0,0.75
laplace_eb_k10|absolute1,M6_blend,-0.07228584969013183,-0.0743022375976591,0.20376175548589343,0.39184952978056425,,0.5,0.5,0.0,1.0
laplace_eb_k10|absolute1,M6_blend,-0.06593878734177976,-0.06874406359926287,0.19122257053291536,0.3510971786833856,,0.5,0.5,0.25,0.0
laplace_eb_k10|absolute1,M6_blend,-0.06933577033502299,-0.07383572647704226,0.18808777429467086,0.3887147335423197,,0.5,0.5,0.25,0.25
laplace_eb_k10|absolute1,M6_blend,-0.0738480473064514,-0.07535212931915136,0.2006269592476489,0.3949843260188088,,0.5,0.5,0.25,0.5
laplace_eb_k10|absolute1,M6_blend,-0.07818076362650934,-0.07781962960444648,0.21003134796238246,0.4012539184952978,,0.5,0.5,0.25,0.75
laplace_eb_k10|absolute1,M6_blend,-0.07910829674079166,-0.08225946386452752,0.21316614420062696,0.40752351097178685,,0.5,0.5,0.25,1.0
laplace_eb_k10|absolute1,M6_blend,-0.07220109236497721,-0.08040577503721169,0.19122257053291536,0.4106583072100313,,0.5,0.5,0.5,0.0
laplace_eb_k10|absolute1,M6_blend,-0.075852652504915,-0.07922616898779959,0.20689655172413793,0.4043887147335423,,0.5,0.5,0.5,0.25
laplace_eb_k10|absolute1,M6_blend,-0.07758540922170187,-0.0819405049996503,0.21003134796238246,0.4106583072100313,,0.5,0.5,0.5,0.5
laplace_eb_k10|absolute1,M6_blend,-0.07972303170160282,-0.08588882497158544,0.21003134796238246,0.4169278996865204,,0.5,0.5,0.5,0.75
laplace_eb_k10|absolute1,M6_blend,-0.08506756709758108,-0.08763291311908665,0.21003134796238246,0.43573667711598746,,0.5,0.5,0.5,1.0
laplace_eb_k10|absolute1,M6_blend,-0.07652365404434697,-0.08341058900690751,0.1974921630094044,0.43260188087774293,,0.5,0.5,0.75,0.0
laplace_eb_k10|absolute1,M6_blend,-0.08059783846565262,-0.08494924871852405,0.21003134796238246,0.43260188087774293,,0.5,0.5,0.75,0.25
laplace_eb_k10|absolute1,M6_blend,-0.08228067653004402,-0.0869158404210705,0.21630094043887146,0.43260188087774293,,0.5,0.5,0.75,0.5
laplace_eb_k10|absolute1,M6_blend,-0.08578843666067673,-0.08842540690003892,0.2225705329153605,0.438871473354232,,0.5,0.5,0.75,0.75
laplace_eb_k10|absolute1,M6_blend,-0.08732464662005229,-0.09015838055634948,0.2225705329153605,0.45454545454545453,,0.5,0.5,0.75,1.0
laplace_eb_k10|absolute1,M6_blend,-0.08569380135041002,-0.0866443972952874,0.21003134796238246,0.445141065830721,,0.5,0.5,1.0,0.0
laplace_eb_k10|absolute1,M6_blend,-0.08659453275756686,-0.08633623158903705,0.21630094043887146,0.44200626959247646,,0.5,0.5,1.0,0.25
laplace_eb_k10|absolute1,M6_blend,-0.08791572050109786,-0.09104225007951447,0.2225705329153605,0.45141065830721006,,0.5,0.5,1.0,0.5
laplace_eb_k10|absolute1,M6_blend,-0.09044260101669717,-0.0934524963665345,0.2225705329153605,0.46394984326018807,,0.5,0.5,1.0,0.75
laplace_eb_k10|absolute1,M6_blend,-0.09211383716087652,-0.09183570549919687,0.2225705329153605,0.4608150470219436,,0.5,0.5,1.0,1.0
laplace_eb_k10|absolute1,M6_blend,-0.0638241934248486,-0.06793310984875715,0.18808777429467086,0.3542319749216301,,0.5,0.75,0.0,0.0
laplace_eb_k10|absolute1,M6_blend,-0.06785910453961352,-0.07151738704885809,0.20689655172413793,0.3793103448275862,,0.5,0.75,0.0,0.25
laplace_eb_k10|absolute1,M6_blend,-0.07183671586962251,-0.07211412672759224,0.20689655172413793,0.3887147335423197,,0.5,0.75,0.0,0.5
laplace_eb_k10|absolute1,M6_blend,-0.07702136146867805,-0.07677138847850706,0.21003134796238246,0.3981191222570533,,0.5,0.75,0.0,0.75
laplace_eb_k10|absolute1,M6_blend,-0.0792102485127187,-0.07885693306786513,0.21630094043887146,0.40752351097178685,,0.5,0.75,0.0,1.0
laplace_eb_k10|absolute1,M6_blend,-0.07044837510548448,-0.07480475375411279,0.19435736677115986,0.39184952978056425,,0.5,0.75,0.25,0.0
laplace_eb_k10|absolute1,M6_blend,-0.07381860482037611,-0.07616013144858205,0.2006269592476489,0.3981191222570533,,0.5,0.75,0.25,0.25
laplace_eb_k10|absolute1,M6_blend,-0.0816725633936618,-0.08021547980489775,0.20689655172413793,0.4043887147335423,,0.5,0.75,0.25,0.5
laplace_eb_k10|absolute1,M6_blend,-0.08311377537430419,-0.081824199941745,0.21630094043887146,0.41379310344827586,,0.5,0.75,0.25,0.75
laplace_eb_k10|absolute1,M6_blend,-0.08536593193837477,-0.08261395840202006,0.21316614420062696,0.4263322884012539,,0.5,0.75,0.25,1.0
laplace_eb_k10|absolute1,M6_blend,-0.07687307515575133,-0.08041323430625996,0.20376175548589343,0.4169278996865204,,0.5,0.75,0.5,0.0
laplace_eb_k10|absolute1,M6_blend,-0.08188465653875193,-0.08543914847286144,0.20689655172413793,0.4231974921630094,,0.5,0.75,0.5,0.25
laplace_eb_k10|absolute1,M6_blend,-0.0842945899536986,-0.08729055237760738,0.21003134796238246,0.4231974921630094,,0.5,0.75,0.5,0.5
laplace_eb_k10|absolute1,M6_blend,-0.08675735686552459,-0.0861574462191625,0.219435736677116,0.43260188087774293,,0.5,0.75,0.5,0.75
laplace_eb_k10|absolute1,M6_blend,-0.08918070113461397,-0.08732405168275847,0.21630094043887146,0.4482758620689655,,0.5,0.75,0.5,1.0
laplace_eb_k10|absolute1,M6_blend,-0.08406508052726923,-0.08456548722606841,0.21316614420062696,0.43573667711598746,,0.5,0.75,0.75,0.0
laplace_eb_k10|absolute1,M6_blend,-0.08762738680820233,-0.08982545811227496,0.21003134796238246,0.445141065830721,,0.5,0.75,0.75,0.25
laplace_eb_k10|absolute1,M6_blend,-0.08904639882081165,-0.09241703427090167,0.21630094043887146,0.45454545454545453,,0.5,0.75,0.75,0.5
laplace_eb_k10|absolute1,M6_blend,-0.0897865568169399,-0.0887270509425936,0.2225705329153605,0.45768025078369906,,0.5,0.75,0.75,0.75
laplace_eb_k10|absolute1,M6_blend,-0.0930107239666151,-0.09228446513274247,0.21630094043887146,0.4670846394984326,,0.5,0.75,0.75,1.0
laplace_eb_k10|absolute1,M6_blend,-0.09133453650430803,-0.08852003184278556,0.21630094043887146,0.4482758620689655,,0.5,0.75,1.0,0.0
laplace_eb_k10|absolute1,M6_blend,-0.09021952902979868,-0.0903981318551358,0.2225705329153605,0.45141065830721006,,0.5,0.75,1.0,0.25
laplace_eb_k10|absolute1,M6_blend,-0.09257277281417094,-0.09110161987918672,0.22570532915360503,0.45768025078369906,,0.5,0.75,1.0,0.5
laplace_eb_k10|absolute1,M6_blend,-0.09610066775276044,-0.09377316372661755,0.2225705329153605,0.47335423197492166,,0.5,0.75,1.0,0.75
laplace_eb_k10|absolute1,M6_blend,-0.09675052339674646,-0.09536154903354689,0.2225705329153605,0.47648902821316613,,0.5,0.75,1.0,1.0
laplace_eb_k10|absolute1,M6_blend,-0.06805446417684029,-0.07231516506651352,0.21003134796238246,0.3824451410658307,,0.5,1.0,0.0,0.0
laplace_eb_k10|absolute1,M6_blend,-0.07342839283881399,-0.07209717658666608,0.219435736677116,0.4012539184952978,,0.5,1.0,0.0,0.25
laplace_eb_k10|absolute1,M6_blend,-0.07714045433229968,-0.07648211942991492,0.21630094043887146,0.4043887147335423,,0.5,1.0,0.0,0.5
laplace_eb_k10|absolute1,M6_blend,-0.08062700369524725,-0.08310712982541342,0.21630094043887146,0.4200626959247649,,0.5,1.0,0.0,0.75
laplace_eb_k10|absolute1,M6_blend,-0.08326577141261522,-0.08640226099324824,0.21316614420062696,0.438871473354232,,0.5,1.0,0.0,1.0
laplace_eb_k10|absolute1,M6_blend,-0.07500523608390047,-0.07715780244772337,0.20689655172413793,0.40752351097178685,,0.5,1.0,0.25,0.0
laplace_eb_k10|absolute1,M6_blend,-0.08113292320408691,-0.08220754770509502,0.20689655172413793,0.4169278996865204,,0.5,1.0,0.25,0.25
laplace_eb_k10|absolute1,M6_blend,-0.08464032954245738,-0.08711193643253425,0.20689655172413793,0.42946708463949845,,0.5,1.0,0.25,0.5
laplace_eb_k10|absolute1,M6_blend,-0.08621692825066338,-0.08657258224664811,0.21316614420062696,0.44200626959247646,,0.5,1.0,0.25,0.75
laplace_eb_k10|absolute1,M6_blend,-0.08901121163134015,-0.09075019967546658,0.21003134796238246,0.45768025078369906,,0.5,1.0,0.25,1.0
laplace_eb_k10|absolute1,M6_blend,-0.08307399065101176,-0.08358707800974667,0.21003134796238246,0.43260188087774293,,0.5,1.0,0.5,0.0
laplace_eb_k10|absolute1,M6_blend,-0.08862717751788023,-0.08994177125137427,0.20376175548589343,0.445141065830721,,0.5,1.0,0.5,0.25
laplace_eb_k10|absolute1,M6_blend,-0.08913967594666648,-0.08931759068724877,0.21003134796238246,0.4482758620689655,,0.5,1.0,0.5,0.5
laplace_eb_k10|absolute1,M6_blend,-0.09254160230679136,-0.09120205851697996,0.21003134796238246,0.4702194357366771,,0.5,1.0,0.5,0.75
laplace_eb_k10|absolute1,M6_blend,-0.09382070673142766,-0.09217534341548678,0.219435736677116,0.4608150470219436,,0.5,1.0,0.5,1.0
laplace_eb_k10|absolute1,M6_blend,-0.09078717898765201,-0.09142534146348137,0.20376175548589343,0.45454545454545453,,0.5,1.0,0.75,0.0
laplace_eb_k10|absolute1,M6_blend,-0.09036381876203263,-0.09503750128198567,0.21003134796238246,0.4608150470219436,,0.5,1.0,0.75,0.25
laplace_eb_k10|absolute1,M6_blend,-0.09243986099679448,-0.0971816258160485,0.21003134796238246,0.4827586206896552,,0.5,1.0,0.75,0.5
laplace_eb_k10|absolute1,M6_blend,-0.09393466154568465,-0.09464936536447756,0.21316614420062696,0.48589341692789967,,0.5,1.0,0.75,0.75
laplace_eb_k10|absolute1,M6_blend,-0.09557163213875043,-0.09746830327710762,0.21003134796238246,0.4890282131661442,,0.5,1.0,0.75,1.0
laplace_eb_k10|absolute1,M6_blend,-0.0930970985899045,-0.09041727718467997,0.2225705329153605,0.45454545454545453,,0.5,1.0,1.0,0.0
laplace_eb_k10|absolute1,M6_blend,-0.09557888862450982,-0.09620138852153452,0.2225705329153605,0.47648902821316613,,0.5,1.0,1.0,0.25
laplace_eb_k10|absolute1,M6_blend,-0.09759450157608938,-0.09492334040308073,0.2225705329153605,0.4827586206896552,,0.5,1.0,1.0,0.5
laplace_eb_k10|absolute1,M6_blend,-0.09899146266197807,-0.09613120493984148,0.219435736677116,0.48589341692789967,,0.5,1.0,1.0,0.75
laplace_eb_k10|absolute1,M6_blend,-0.09887672276188383,-0.10320084491820544,0.22884012539184953,0.49843260188087773,,0.5,1.0,1.0,1.0
laplace_eb_k10|absolute1,M6_blend,-0.05043307088680379,-0.05977297699236571,0.16927899686520376,0.31347962382445144,,0.75,0.0,0.0,0.0
laplace_eb_k10|absolute1,M6_blend,-0.05624031840032285,-0.05716455247848759,0.1755485893416928,0.32601880877742945,,0.75,0.0,0.0,0.25
laplace_eb_k10|absolute1,M6_blend,-0.06095484212456708,-0.0605683111962293,0.1786833855799373,0.335423197492163,,0.75,0.0,0.0,0.5
laplace_eb_k10|absolute1,M6_blend,-0.06724673156586215,-0.06350129871953243,0.19435736677115986,0.3448275862068966,,0.75,0.0,0.0,0.75
laplace_eb_k10|absolute1,M6_blend,-0.06729755294350122,-0.06366418571821575,0.19435736677115986,0.3573667711598746,,0.75,0.0,0.0,1.0
laplace_eb_k10|absolute1,M6_blend,-0.06110172499191856,-0.06689968624598927,0.1724137931034483,0.3605015673981191,,0.75,0.0,0.25,0.0
laplace_eb_k10|absolute1,M6_blend,-0.064687733118399,-0.06669799849204135,0.18808777429467086,0.3573667711598746,,0.75,0.0,0.25,0.25
laplace_eb_k10|absolute1,M6_blend,-0.06893348334047408,-0.07013760414850376,0.19122257053291536,0.3667711598746082,,0.75,0.0,0.25,0.5
laplace_eb_k10|absolute1,M6_blend,-0.07013559302183585,-0.07091887929362937,0.1974921630094044,0.3793103448275862,,0.75,0.0,0.25,0.75
laplace_eb_k10|absolute1,M6_blend,-0.075336480663839,-0.07281601764144942,0.2225705329153605,0.38557993730407525,,0.75,0.0,0.25,1.0
laplace_eb_k10|absolute1,M6_blend,-0.06931729660558265,-0.06923747984079358,0.18181818181818182,0.36990595611285265,,0.75,0.0,0.5,0.0
laplace_eb_k10|absolute1,M6_blend,-0.07145631415154233,-0.07598604300412638,0.18495297805642633,0.38557993730407525,,0.75,0.0,0.5,0.25
laplace_eb_k10|absolute1,M6_blend,-0.07548016118169985,-0.07495980949190717,0.19435736677115986,0.39184952978056425,,0.75,0.0,0.5,0.5
laplace_eb_k10|absolute1,M6_blend,-0.07723861332168136,-0.07467371247545306,0.21003134796238246,0.3949843260188088,,0.75,0.0,0.5,0.75
laplace_eb_k10|absolute1,M6_blend,-0.08211982891532106,-0.0738940878324561,0.2225705329153605,0.3949843260188088,,0.75,0.0,0.5,1.0
laplace_eb_k10|absolute1,M6_blend,-0.07492935263784072,-0.0790672763411341,0.19435736677115986,0.3981191222570533,,0.75,0.0,0.75,0.0
laplace_eb_k10|absolute1,M6_blend,-0.07898055424129884,-0.07427806576544588,0.2006269592476489,0.4043887147335423,,0.75,0.0,0.75,0.25
laplace_eb_k10|absolute1,M6_blend,-0.08252264961312845,-0.0751911712267369,0.219435736677116,0.40752351097178685,,0.75,0.0,0.75,0.5
laplace_eb_k10|absolute1,M6_blend,-0.0863500361127677,-0.07707347226880934,0.2225705329153605,0.41379310344827586,,0.75,0.0,0.75,0.75
laplace_eb_k10|absolute1,M6_blend,-0.08876240300359353,-0.07943812962095939,0.23510971786833856,0.4169278996865204,,0.75,0.0,0.75,1.0
laplace_eb_k10|absolute1,M6_blend,-0.08584570823420806,-0.08929223865037055,0.1974921630094044,0.4263322884012539,,0.75,0.0,1.0,0.0
laplace_eb_k10|absolute1,M6_blend,-0.08442785415892831,-0.08329174878969088,0.21630094043887146,0.4200626959247649,,0.75,0.0,1.0,0.25
laplace_eb_k10|absolute1,M6_blend,-0.08959289637881125,-0.08413468533688952,0.219435736677116,0.4169278996865204,,0.75,0.0,1.0,0.5
laplace_eb_k10|absolute1,M6_blend,-0.09264203452304692,-0.08331643074143642,0.23510971786833856,0.4169278996865204,,0.75,0.0,1.0,0.75
laplace_eb_k10|absolute1,M6_blend,-0.09439360006083362,-0.08647448942065239,0.23510971786833856,0.438871473354232,,0.75,0.0,1.0,1.0
laplace_eb_k10|absolute1,M6_blend,-0.0653997002390122,-0.07469010130038083,0.16927899686520376,0.3542319749216301,,0.75,0.25,0.0,0.0
laplace_eb_k10|absolute1,M6_blend,-0.06699532104320909,-0.07151862924048519,0.1786833855799373,0.3605015673981191,,0.75,0.25,0.0,0.25
laplace_eb_k10|absolute1,M6_blend,-0.06861838979905382,-0.07405117059529388,0.18495297805642633,0.3793103448275862,,0.75,0.25,0.0,0.5
laplace_eb_k10|absolute1,M6_blend,-0.07216086013323218,-0.07226759054023645,0.19435736677115986,0.38557993730407525,,0.75,0.25,0.0,0.75
laplace_eb_k10|absolute1,M6_blend,-0.07681454350251136,-0.07180765368114445,0.20376175548589343,0.3824451410658307,,0.75,0.25,0.0,1.0
laplace_eb_k10|absolute1,M6_blend,-0.06981069672479377,-0.08091637269129574,0.1755485893416928,0.3887147335423197,,0.75,0.25,0.25,0.0
laplace_eb_k10|absolute1,M6_blend,-0.07218212696059621,-0.08432133527338317,0.18495297805642633,0.4043887147335423,,0.75,0.25,0.25,0.25
laplace_eb_k10|absolute1,M6_blend,-0.07575375793166543,-0.08389266380649002,0.1974921630094044,0.4169278996865204,,0.75,0.25,0.25,0.5
laplace_eb_k10|absolute1,M6_blend,-0.07982150264347401,-0.08362981773982975,0.20376175548589343,0.4169278996865204,,0.75,0.25,0.25,0.75
laplace_eb_k10|absolute1,M6_blend,-0.08370954535502712,-0.08343803731952341,0.21003134796238246,0.4169278996865204,,0.75,0.25,0.25,1.0
laplace_eb_k10|absolute1,M6_blend,-0.07772957323573038,-0.08789829726456475,0.1786833855799373,0.4231974921630094,,0.75,0.25,0.5,0.0
laplace_eb_k10|absolute1,M6_blend,-0.07794698093782321,-0.08448592532531221,0.19122257053291536,0.42946708463949845,,0.75,0.25,0.5,0.25
laplace_eb_k10|absolute1,M6_blend,-0.08282339209924051,-0.08222545140355732,0.20376175548589343,0.4231974921630094,,0.75,0.25,0.5,0.5
laplace_eb_k10|absolute1,M6_blend,-0.08577370540724732,-0.08414873264753332,0.21630094043887146,0.4169278996865204,,0.75,0.25,0.5,0.75
laplace_eb_k10|absolute1,M6_blend,-0.08825397303705539,-0.0883949006262431,0.21630094043887146,0.43260188087774293,,0.75,0.25,0.5,1.0
laplace_eb_k10|absolute1,M6_blend,-0.08359502113380751,-0.08337714206602506,0.20689655172413793,0.42946708463949845,,0.75,0.25,0.75,0.0
laplace_eb_k10|absolute1,M6_blend,-0.0854930624279357,-0.0818521227559139,0.21003134796238246,0.43260188087774293,,0.75,0.25,0.75,0.25
laplace_eb_k10|absolute1,M6_blend,-0.08982482938873444,-0.08591798876286674,0.219435736677116,0.43260188087774293,,0.75,0.25,0.75,0.5
laplace_eb_k10|absolute1,M6_blend,-0.09264792396940486,-0.08798087630012193,0.2225705329153605,0.44200626959247646,,0.75,0.25,0.75,0.75
laplace_eb_k10|absolute1,M6_blend,-0.09356711009132267,-0.09062660157353526,0.2225705329153605,0.45141065830721006,,0.75,0.25,0.75,1.0
laplace_eb_k10|absolute1,M6_blend,-0.08942224382150256,-0.0880708687334412,0.20689655172413793,0.43260188087774293,,0.75,0.25,1.0,0.0
laplace_eb_k10|absolute1,M6_blend,-0.09558986260843143,-0.08768464548974575,0.219435736677116,0.43573667711598746,,0.75,0.25,1.0,0.25
laplace_eb_k10|absolute1,M6_blend,-0.09466876906999397,-0.09074461697177454,0.219435736677116,0.4482758620689655,,0.75,0.25,1.0,0.5
laplace_eb_k10|absolute1,M6_blend,-0.09559882619998424,-0.0919118114049345,0.2225705329153605,0.4608150470219436,,0.75,0.25,1.0,0.75
laplace_eb_k10|absolute1,M6_blend,-0.09606238177331516,-0.0926443496864978,0.22884012539184953,0.47335423197492166,,0.75,0.25,1.0,1.0
laplace_eb_k10|absolute1,M6_blend,-0.06937787110507827,-0.0776572825276179,0.1724137931034483,0.3793103448275862,,0.75,0.5,0.0,0.0
laplace_eb_k10|absolute1,M6_blend,-0.07096323250222247,-0.07565727342959482,0.18808777429467086,0.39184952978056425,,0.75,0.5,0.0,0.25
laplace_eb_k10|absolute1,M6_blend,-0.07406661729487445,-0.07324502057743297,0.19435736677115986,0.3949843260188088,,0.75,0.5,0.0,0.5
laplace_eb_k10|absolute1,M6_blend,-0.07783012953639913,-0.07817232084451799,0.20376175548589343,0.4043887147335423,,0.75,0.5,0.0,0.75
laplace_eb_k10|absolute1,M6_blend,-0.08040300204051587,-0.08044173310402793,0.20689655172413793,0.41379310344827586,,0.75,0.5,0.0,1.0
laplace_eb_k10|absolute1,M6_blend,-0.07458764679331104,-0.08364725653607644,0.19122257053291536,0.4200626959247649,,0.75,0.5,0.25,0.0
laplace_eb_k10|absolute1,M6_blend,-0.07592021523293846,-0.08203462661947576,0.1974921630094044,0.4200626959247649,,0.75,0.5,0.25,0.25
laplace_eb_k10|absolute1,M6_blend,-0.08067588563499323,-0.08585963025689125,0.1974921630094044,0.42946708463949845,,0.75,0.5,0.25,0.5
laplace_eb_k10|absolute1,M6_blend,-0.08422422881507588,-0.08641333657325621,0.20376175548589343,0.43573667711598746,,0.75,0.5,0.25,0.75
laplace_eb_k10|absolute1,M6_blend,-0.08868956545915174,-0.08564353747100666,0.21316614420062696,0.43260188087774293,,0.75,0.5,0.25,1.0
laplace_eb_k10|absolute1,M6_blend,-0.07895033002527672,-0.0847495316781781,0.19435736677115986,0.43573667711598746,,0.75,0.5,0.5,0.0
laplace_eb_k10|absolute1,M6_blend,-0.08273920615613121,-0.08745679393597532,0.19435736677115986,0.44200626959247646,,0.75,0.5,0.5,0.25
laplace_eb_k10|absolute1,M6_blend,-0.08588038848029929,-0.09084650966394284,0.20689655172413793,0.4482758620689655,,0.75,0.5,0.5,0.5
laplace_eb_k10|absolute1,M6_blend,-0.09001575820869288,-0.08963173302036467,0.21316614420062696,0.4482758620689655,,0.75,0.5,0.5,0.75
laplace_eb_k10|absolute1,M6_blend,-0.09051014211215504,-0.09616252250946054,0.21630094043887146,0.4608150470219436,,0.75,0.5,0.5,1.0
laplace_eb_k10|absolute1,M6_blend,-0.08645890859154039,-0.08458416919489639,0.21316614420062696,0.43573667711598746,,0.75,0.5,0.75,0.0
laplace_eb_k10|absolute1,M6_blend,-0.09132653359638777,-0.0886123409161934,0.21630094043887146,0.45141065830721006,,0.75,0.5,0.75,0.25
laplace_eb_k10|absolute1,M6_blend,-0.09310838311368595,-0.08759316560289702,0.2225705329153605,0.4482758620689655,,0.75,0.5,0.75,0.5
laplace_eb_k10|absolute1,M6_blend,-0.09427237357325843,-0.09087720203876122,0.22570532915360503,0.45768025078369906,,0.75,0.5,0.75,0.75
laplace_eb_k10|absolute1,M6_blend,-0.09503866074705425,-0.09214301401498176,0.22570532915360503,0.47335423197492166,,0.75,0.5,0.75,1.0
laplace_eb_k10|absolute1,M6_blend,-0.0964997434388774,-0.09157478859572202,0.20689655172413793,0.45768025078369906,,0.75,0.5,1.0,0.0
laplace_eb_k10|absolute1,M6_blend,-0.09454523678895527,-0.09113383436791575,0.21003134796238246,0.46394984326018807,,0.75,0.5,1.0,0.25
laplace_eb_k10|absolute1,M6_blend,-0.09496790557014619,-0.09226979206675272,0.22570532915360503,0.4670846394984326,,0.75,0.5,1.0,0.5
laplace_eb_k10|absolute1,M6_blend,-0.09684617031001802,-0.09178171831191893,0.22884012539184953,0.47335423197492166,,0.75,0.5,1.0,0.75
laplace_eb_k10|absolute1,M6_blend,-0.09876486016909437,-0.09658800185801093,0.22884012539184953,0.47962382445141066,,0.75,0.5,1.0,1.0
laplace_eb_k10|absolute1,M6_blend,-0.07511626900617109,-0.07664687834610012,0.20376175548589343,0.3949843260188088,,0.75,0.75,0.0,0.0
laplace_eb_k10|absolute1,M6_blend,-0.07455687044540543,-0.07523424812478706,0.2006269592476489,0.40752351097178685,,0.75,0.75,0.0,0.25
laplace_eb_k10|absolute1,M6_blend,-0.08005671051451788,-0.08010078463294663,0.20689655172413793,0.41379310344827586,,0.75,0.75,0.0,0.5
laplace_eb_k10|absolute1,M6_blend,-0.08318762227273409,-0.08394623504583738,0.21003134796238246,0.4263322884012539,,0.75,0.75,0.0,0.75
laplace_eb_k10|absolute1,M6_blend,-0.08564443440348385,-0.08860628854565113,0.20376175548589343,0.445141065830721,,0.75,0.75,0.0,1.0
laplace_eb_k10|absolute1,M6_blend,-0.07878464907789624,-0.08290438920399612,0.20376175548589343,0.42946708463949845,,0.75,0.75,0.25,0.0
laplace_eb_k10|absolute1,M6_blend,-0.08294546915799515,-0.08442097894123356,0.20689655172413793,0.438871473354232,,0.75,0.75,0.25,0.25
laplace_eb_k10|absolute1,M6_blend,-0.0885839422948336,-0.08682455347856757,0.21316614420062696,0.438871473354232,,0.75,0.75,0.25,0.5
laplace_eb_k10|absolute1,M6_blend,-0.09153991316897044,-0.09195005240905621,0.20689655172413793,0.45768025078369906,,0.75,0.75,0.25,0.75
laplace_eb_k10|absolute1,M6_blend,-0.09184711851213544,-0.08981589794299072,0.21630094043887146,0.46394984326018807,,0.75,0.75,0.25,1.0
laplace_eb_k10|absolute1,M6_blend,-0.08402550216670868,-0.08579123063380815,0.21003134796238246,0.438871473354232,,0.75,0.75,0.5,0.0
laplace_eb_k10|absolute1,M6_blend,-0.08951165028773503,-0.08871999944685768,0.21003134796238246,0.4482758620689655,,0.75,0.75,0.5,0.25
laplace_eb_k10|absolute1,M6_blend,-0.09189236902786686,-0.09488708706905476,0.20689655172413793,0.4670846394984326,,0.75,0.75,0.5,0.5
laplace_eb_k10|absolute1,M6_blend,-0.09359055248795582,-0.0985065548561023,0.21316614420062696,0.47962382445141066,,0.75,0.75,0.5,0.75
laplace_eb_k10|absolute1,M6_blend,-0.09682526083446717,-0.09792184048451974,0.21630094043887146,0.4827586206896552,,0.75,0.75,0.5,1.0
laplace_eb_k10|absolute1,M6_blend,-0.09438845859166947,-0.0899792141324861,0.21003134796238246,0.45768025078369906,,0.75,0.75,0.75,0.0
laplace_eb_k10|absolute1,M6_blend,-0.09504023078295502,-0.0936113702582902,0.21316614420062696,0.47648902821316613,,0.75,0.75,0.75,0.25
laplace_eb_k10|absolute1,M6_blend,-0.09664045142965574,-0.09480438555436074,0.2225705329153605,0.47962382445141066,,0.75,0.75,0.75,0.5
laplace_eb_k10|absolute1,M6_blend,-0.09843462022739528,-0.09461948353808876,0.2225705329153605,0.47648902821316613,,0.75,0.75,0.75,0.75
laplace_eb_k10|absolute1,M6_blend,-0.100996676902711,-0.1008120876938385,0.22570532915360503,0.4890282131661442,,0.75,0.75,0.75,1.0
laplace_eb_k10|absolute1,M6_blend,-0.09670049273955227,-0.0941644746424823,0.21630094043887146,0.4702194357366771,,0.75,0.75,1.0,0.0
laplace_eb_k10|absolute1,M6_blend,-0.09742151446251203,-0.09566157730442229,0.219435736677116,0.48589341692789967,,0.75,0.75,1.0,0.25
laplace_eb_k10|absolute1,M6_blend,-0.1005688020919719,-0.09389644098646215,0.22570532915360503,0.47962382445141066,,0.75,0.75,1.0,0.5
laplace_eb_k10|absolute1,M6_blend,-0.1018897635050241,-0.09865401898945761,0.22884012539184953,0.4890282131661442,,0.75,0.75,1.0,0.75
laplace_eb_k10|absolute1,M6_blend,-0.10132033833814891,-0.10212516414474544,0.23510971786833856,0.4827586206896552,,0.75,0.75,1.0,1.0
laplace_eb_k10|absolute1,M6_blend,-0.08108320976087743,-0.08089615251623725,0.21316614420062696,0.41379310344827586,,0.75,1.0,0.0,0.0
laplace_eb_k10|absolute1,M6_blend,-0.08142855335323984,-0.08235123679976104,0.21316614420062696,0.4263322884012539,,0.75,1.0,0.0,0.25
laplace_eb_k10|absolute1,M6_blend,-0.08617054535911879,-0.08476217503317846,0.21316614420062696,0.43260188087774293,,0.75,1.0,0.0,0.5
laplace_eb_k10|absolute1,M6_blend,-0.08892405833115542,-0.09027449316038608,0.20376175548589343,0.4608150470219436,,0.75,1.0,0.0,0.75
laplace_eb_k10|absolute1,M6_blend,-0.09227647773649943,-0.09089316788558675,0.21003134796238246,0.47335423197492166,,0.75,1.0,0.0,1.0
laplace_eb_k10|absolute1,M6_blend,-0.08512564235343545,-0.08696132946210595,0.21316614420062696,0.44200626959247646,,0.75,1.0,0.25,0.0
laplace_eb_k10|absolute1,M6_blend,-0.09044192187012871,-0.08656590047721578,0.21630094043887146,0.4482758620689655,,0.75,1.0,0.25,0.25
laplace_eb_k10|absolute1,M6_blend,-0.09363458311113111,-0.09426953376133614,0.20689655172413793,0.47335423197492166,,0.75,1.0,0.25,0.5
laplace_eb_k10|absolute1,M6_blend,-0.09430166717898737,-0.09391699769887431,0.21003134796238246,0.48589341692789967,,0.75,1.0,0.25,0.75
laplace_eb_k10|absolute1,M6_blend,-0.09479940241809451,-0.09741051554633158,0.21630094043887146,0.49216300940438873,,0.75,1.0,0.25,1.0
laplace_eb_k10|absolute1,M6_blend,-0.09281454357935925,-0.08805257947327201,0.21630094043887146,0.45141065830721006,,0.75,1.0,0.5,0.0
laplace_eb_k10|absolute1,M6_blend,-0.09584962156153622,-0.09720885773484236,0.20689655172413793,0.47648902821316613,,0.75,1.0,0.5,0.25
laplace_eb_k10|absolute1,M6_blend,-0.09775473900852144,-0.09997900237904447,0.21630094043887146,0.4890282131661442,,0.75,1.0,0.5,0.5
laplace_eb_k10|absolute1,M6_blend,-0.09761521568551558,-0.09997708393628695,0.21003134796238246,0.5015673981191222,,0.75,1.0,0.5,0.75
laplace_eb_k10|absolute1,M6_blend,-0.09863440891418071,-0.10157930214530249,0.219435736677116,0.5047021943573667,,0.75,1.0,0.5,1.0
laplace_eb_k10|absolute1,M6_blend,-0.09556586512392026,-0.09285558275528089,0.219435736677116,0.4702194357366771,,0.75,1.0,0.75,0.0
laplace_eb_k10|absolute1,M6_blend,-0.09860610406727006,-0.09777606230778006,0.21316614420062696,0.4952978056426332,,0.75,1.0,0.75,0.25
laplace_eb_k10|absolute1,M6_blend,-0.09895388177619369,-0.10000146658022575,0.21630094043887146,0.49843260188087773,,0.75,1.0,0.75,0.5
laplace_eb_k10|absolute1,M6_blend,-0.10095460419086973,-0.10350863176593586,0.2225705329153605,0.5047021943573667,,0.75,1.0,0.75,0.75
laplace_eb_k10|absolute1,M6_blend,-0.10047484832287581,-0.1053722624471382,0.22884012539184953,0.49843260188087773,,0.75,1.0,0.75,1.0
laplace_eb_k10|absolute1,M6_blend,-0.10027915535729107,-0.09666261008026832,0.219435736677116,0.4890282131661442,,0.75,1.0,1.0,0.0
laplace_eb_k10|absolute1,M6_blend,-0.1020463148160076,-0.10143476158240372,0.22570532915360503,0.49843260188087773,,0.75,1.0,1.0,0.25
laplace_eb_k10|absolute1,M6_blend,-0.10223187427519097,-0.10279034721580418,0.22884012539184953,0.5047021943573667,,0.75,1.0,1.0,0.5
laplace_eb_k10|absolute1,M6_blend,-0.10402162854452586,-0.10603525032957893,0.23197492163009403,0.5047021943573667,,0.75,1.0,1.0,0.75
laplace_eb_k10|absolute1,M6_blend,-0.10526454756975148,-0.10508444147377179,0.23510971786833856,0.5109717868338558,,0.75,1.0,1.0,1.0
laplace_eb_k10|absolute1,M6_blend,-0.07374060815221424,-0.08001643630638018,0.1786833855799373,0.3667711598746082,,1.0,0.0,0.0,0.0
laplace_eb_k10|absolute1,M6_blend,-0.07696460796083092,-0.08058114425749241,0.1786833855799373,0.38557993730407525,,1.0,0.0,0.0,0.25
laplace_eb_k10|absolute1,M6_blend,-0.07583331613078001,-0.08183700407980751,0.18495297805642633,0.38557993730407525,,1.0,0.0,0.0,0.5
laplace_eb_k10|absolute1,M6_blend,-0.07972733388763083,-0.07877051971595862,0.1974921630094044,0.3887147335423197,,1.0,0.0,0.0,0.75
laplace_eb_k10|absolute1,M6_blend,-0.08172291804928171,-0.07950822629478284,0.2006269592476489,0.4043887147335423,,1.0,0.0,0.0,1.0
laplace_eb_k10|absolute1,M6_blend,-0.07675348688341287,-0.07817265032834393,0.1755485893416928,0.4169278996865204,,1.0,0.0,0.25,0.0
laplace_eb_k10|absolute1,M6_blend,-0.08205829065182757,-0.0833874150153051,0.18181818181818182,0.4106583072100313,,1.0,0.0,0.25,0.25
laplace_eb_k10|absolute1,M6_blend,-0.08335712829345926,-0.08431783138677992,0.19435736677115986,0.41379310344827586,,1.0,0.0,0.25,0.5
laplace_eb_k10|absolute1,M6_blend,-0.083998093884311,-0.08152412021748698,0.2006269592476489,0.4169278996865204,,1.0,0.0,0.25,0.75
laplace_eb_k10|absolute1,M6_blend,-0.08733122901681276,-0.08346481241729566,0.20376175548589343,0.4263322884012539,,1.0,0.0,0.25,1.0
laplace_eb_k10|absolute1,M6_blend,-0.08304052533484266,-0.08743161106698191,0.18495297805642633,0.4231974921630094,,1.0,0.0,0.5,0.0
laplace_eb_k10|absolute1,M6_blend,-0.08435469763968692,-0.08882489806292199,0.19122257053291536,0.43260188087774293,,1.0,0.0,0.5,0.25
laplace_eb_k10|absolute1,M6_blend,-0.08782617918985783,-0.08291752553518664,0.2006269592476489,0.42946708463949845,,1.0,0.0,0.5,0.5
laplace_eb_k10|absolute1,M6_blend,-0.0905495303532359,-0.08463540938347111,0.20376175548589343,0.438871473354232,,1.0,0.0,0.5,0.75
laplace_eb_k10|absolute1,M6_blend,-0.09149112937025777,-0.08596037948346437,0.21630094043887146,0.438871473354232,,1.0,0.0,0.5,1.0
laplace_eb_k10|absolute1,M6_blend,-0.08675910958464433,-0.08833224796996594,0.19435736677115986,0.438871473354232,,1.0,0.0,0.75,0.0
laplace_eb_k10|absolute1,M6_blend,-0.08999381377096533,-0.08738432372672057,0.21003134796238246,0.43573667711598746,,1.0,0.0,0.75,0.25
laplace_eb_k10|absolute1,M6_blend,-0.09376224262559264,-0.08440495157456697,0.21316614420062696,0.44200626959247646,,1.0,0.0,0.75,0.5
laplace_eb_k10|absolute1,M6_blend,-0.09681771576175453,-0.08868986904200715,0.219435736677116,0.445141065830721,,1.0,0.0,0.75,0.75
laplace_eb_k10|absolute1,M6_blend,-0.09759163361568861,-0.09137845715525382,0.22570532915360503,0.45454545454545453,,1.0,0.0,0.75,1.0
laplace_eb_k10|absolute1,M6_blend,-0.09265459145197606,-0.09282400794210478,0.20689655172413793,0.445141065830721,,1.0,0.0,1.0,0.0
laplace_eb_k10|absolute1,M6_blend,-0.09510644543560642,-0.09181695958149844,0.21003134796238246,0.45141065830721006,,1.0,0.0,1.0,0.25
laplace_eb_k10|absolute1,M6_blend,-0.09815966190079732,-0.09434121523671389,0.219435736677116,0.45454545454545453,,1.0,0.0,1.0,0.5
laplace_eb_k10|absolute1,M6_blend,-0.10236459056786336,-0.09463655755951486,0.2225705329153605,0.45454545454545453,,1.0,0.0,1.0,0.75
laplace_eb_k10|absolute1,M6_blend,-0.09961226623497929,-0.09771637334765686,0.22570532915360503,0.4670846394984326,,1.0,0.0,1.0,1.0
laplace_eb_k10|absolute1,M6_blend,-0.07813984336615763,-0.08479115354089901,0.18181818181818182,0.3981191222570533,,1.0,0.25,0.0,0.0
laplace_eb_k10|absolute1,M6_blend,-0.07895573785481869,-0.0907508801073303,0.18181818181818182,0.4169278996865204,,1.0,0.25,0.0,0.25
laplace_eb_k10|absolute1,M6_blend,-0.0790072545209785,-0.08342004960934196,0.19435736677115986,0.40752351097178685,,1.0,0.25,0.0,0.5
laplace_eb_k10|absolute1,M6_blend,-0.08176699483550763,-0.08401032225418614,0.1974921630094044,0.4231974921630094,,1.0,0.25,0.0,0.75
laplace_eb_k10|absolute1,M6_blend,-0.08637475370639482,-0.08535462140242882,0.1974921630094044,0.4231974921630094,,1.0,0.25,0.0,1.0
laplace_eb_k10|absolute1,M6_blend,-0.08731528593901892,-0.09139980552104947,0.18495297805642633,0.4263322884012539,,1.0,0.25,0.25,0.0
laplace_eb_k10|absolute1,M6_blend,-0.08426925420319845,-0.08681121606344713,0.19122257053291536,0.4200626959247649,,1.0,0.25,0.25,0.25
laplace_eb_k10|absolute1,M6_blend,-0.08581891293363786,-0.0831808363639262,0.2006269592476489,0.43573667711598746,,1.0,0.25,0.25,0.5
laplace_eb_k10|absolute1,M6_blend,-0.08939517025277867,-0.08609110489487648,0.2006269592476489,0.43573667711598746,,1.0,0.25,0.25,0.75
laplace_eb_k10|absolute1,M6_blend,-0.09164672357439656,-0.09005641361529176,0.20689655172413793,0.445141065830721,,1.0,0.25,0.25,1.0
laplace_eb_k10|absolute1,M6_blend,-0.08882918709502947,-0.09484808951569575,0.18495297805642633,0.445141065830721,,1.0,0.25,0.5,0.0
laplace_eb_k10|absolute1,M6_blend,-0.08886398891610749,-0.09181495722044598,0.19122257053291536,0.445141065830721,,1.0,0.25,0.5,0.25
laplace_eb_k10|absolute1,M6_blend,-0.09217245812933035,-0.09208177528738228,0.1974921630094044,0.45454545454545453,,1.0,0.25,0.5,0.5
laplace_eb_k10|absolute1,M6_blend,-0.09410959973311846,-0.09605069924437888,0.20376175548589343,0.45768025078369906,,1.0,0.25,0.5,0.75
laplace_eb_k10|absolute1,M6_blend,-0.09859023829349285,-0.09566850585390034,0.21630094043887146,0.4702194357366771,,1.0,0.25,0.5,1.0
laplace_eb_k10|absolute1,M6_blend,-0.09103079576359252,-0.09375124484253901,0.20376175548589343,0.4482758620689655,,1.0,0.25,0.75,0.0
laplace_eb_k10|absolute1,M6_blend,-0.09587218153135584,-0.08857488546952559,0.21316614420062696,0.4482758620689655,,1.0,0.25,0.75,0.25
laplace_eb_k10|absolute1,M6_blend,-0.09651874378111408,-0.09257634221152826,0.21316614420062696,0.45768025078369906,,1.0,0.25,0.75,0.5
laplace_eb_k10|absolute1,M6_blend,-0.10052342200969984,-0.09259470441264793,0.2225705329153605,0.45768025078369906,,1.0,0.25,0.75,0.75
laplace_eb_k10|absolute1,M6_blend,-0.10080319175237878,-0.09558705066485465,0.22884012539184953,0.46394984326018807,,1.0,0.25,0.75,1.0
laplace_eb_k10|absolute1,M6_blend,-0.09800096431132915,-0.09334440301624959,0.21316614420062696,0.46394984326018807,,1.0,0.25,1.0,0.0
laplace_eb_k10|absolute1,M6_blend,-0.10202075336749002,-0.09543474087474114,0.219435736677116,0.4608150470219436,,1.0,0.25,1.0,0.25
laplace_eb_k10|absolute1,M6_blend,-0.10232899414618332,-0.09510072975836951,0.2225705329153605,0.46394984326018807,,1.0,0.25,1.0,0.5
laplace_eb_k10|absolute1,M6_blend,-0.10188553494412944,-0.09450566648362572,0.23197492163009403,0.4670846394984326,,1.0,0.25,1.0,0.75
laplace_eb_k10|absolute1,M6_blend,-0.10140666464298055,-0.09624717773455063,0.23824451410658307,0.4702194357366771,,1.0,0.25,1.0,1.0
laplace_eb_k10|absolute1,M6_blend,-0.0831177822973978,-0.09117785889106485,0.19435736677115986,0.4263322884012539,,1.0,0.5,0.0,0.0
laplace_eb_k10|absolute1,M6_blend,-0.08219052783313265,-0.08742076503025327,0.19122257053291536,0.4263322884012539,,1.0,0.5,0.0,0.25
laplace_eb_k10|absolute1,M6_blend,-0.08247268658156819,-0.08119105172801915,0.20376175548589343,0.42946708463949845,,1.0,0.5,0.0,0.5
laplace_eb_k10|absolute1,M6_blend,-0.08813560364984298,-0.08827079810365614,0.21003134796238246,0.44200626959247646,,1.0,0.5,0.0,0.75
laplace_eb_k10|absolute1,M6_blend,-0.0897477397266648,-0.08977588666690554,0.20376175548589343,0.4482758620689655,,1.0,0.5,0.0,1.0
laplace_eb_k10|absolute1,M6_blend,-0.08865730351596596,-0.09111034232527485,0.19435736677115986,0.438871473354232,,1.0,0.5,0.25,0.0
laplace_eb_k10|absolute1,M6_blend,-0.08643605311428768,-0.08277299048431615,0.20689655172413793,0.43573667711598746,,1.0,0.5,0.25,0.25
laplace_eb_k10|absolute1,M6_blend,-0.0909241985482989,-0.08835883575220094,0.21003134796238246,0.45141065830721006,,1.0,0.5,0.25,0.5
laplace_eb_k10|absolute1,M6_blend,-0.09190385692576816,-0.08993289146724166,0.21003134796238246,0.45454545454545453,,1.0,0.5,0.25,0.75
laplace_eb_k10|absolute1,M6_blend,-0.09601798340050262,-0.0976845319017908,0.21316614420062696,0.47962382445141066,,1.0,0.5,0.25,1.0
laplace_eb_k10|absolute1,M6_blend,-0.0894135065410702,-0.09064685771691389,0.1974921630094044,0.45454545454545453,,1.0,0.5,0.5,0.0
laplace_eb_k10|absolute1,M6_blend,-0.09469205562602347,-0.09469997463601884,0.20689655172413793,0.4608150470219436,,1.0,0.5,0.5,0.25
laplace_eb_k10|absolute1,M6_blend,-0.09393706809780253,-0.09513701214732422,0.20376175548589343,0.47648902821316613,,1.0,0.5,0.5,0.5
laplace_eb_k10|absolute1,M6_blend,-0.09873382788117559,-0.09750149808940843,0.21316614420062696,0.48589341692789967,,1.0,0.5,0.5,0.75
laplace_eb_k10|absolute1,M6_blend,-0.09985900258513884,-0.10159142676238729,0.21630094043887146,0.4890282131661442,,1.0,0.5,0.5,1.0
laplace_eb_k10|absolute1,M6_blend,-0.09682174984806965,-0.09430220350623131,0.219435736677116,0.46394984326018807,,1.0,0.5,0.75,0.0
laplace_eb_k10|absolute1,M6_blend,-0.09809809194024915,-0.09463548694144595,0.21630094043887146,0.47335423197492166,,1.0,0.5,0.75,0.25
laplace_eb_k10|absolute1,M6_blend,-0.10100691326191662,-0.09648952865535189,0.21316614420062696,0.48589341692789967,,1.0,0.5,0.75,0.5
laplace_eb_k10|absolute1,M6_blend,-0.10076034393857375,-0.09820752701835946,0.22570532915360503,0.4827586206896552,,1.0,0.5,0.75,0.75
laplace_eb_k10|absolute1,M6_blend,-0.10269221993362646,-0.09762644617114695,0.23197492163009403,0.47962382445141066,,1.0,0.5,0.75,1.0
laplace_eb_k10|absolute1,M6_blend,-0.10439079584753255,-0.09934338746259579,0.21630094043887146,0.47962382445141066,,1.0,0.5,1.0,0.0
laplace_eb_k10|absolute1,M6_blend,-0.10308288051990754,-0.1016001473983814,0.21630094043887146,0.49216300940438873,,1.0,0.5,1.0,0.25
laplace_eb_k10|absolute1,M6_blend,-0.1023947602384013,-0.09759057615664686,0.22570532915360503,0.4890282131661442,,1.0,0.5,1.0,0.5
laplace_eb_k10|absolute1,M6_blend,-0.10480148026800305,-0.09715203921015733,0.23824451410658307,0.4827586206896552,,1.0,0.5,1.0,0.75
laplace_eb_k10|absolute1,M6_blend,-0.1048732613847678,-0.10108117234884385,0.2413793103448276,0.4890282131661442,,1.0,0.5,1.0,1.0
laplace_eb_k10|absolute1,M6_blend,-0.08804457772158272,-0.08913954822667713,0.20689655172413793,0.438871473354232,,1.0,0.75,0.0,0.0
laplace_eb_k10|absolute1,M6_blend,-0.08656734379182372,-0.0852652585081359,0.21003134796238246,0.43573667711598746,,1.0,0.75,0.0,0.25
laplace_eb_k10|absolute1,M6_blend,-0.09074564907564049,-0.09170691249746141,0.20376175548589343,0.45141065830721006,,1.0,0.75,0.0,0.5
laplace_eb_k10|absolute1,M6_blend,-0.09323258130707203,-0.09190734376587838,0.20689655172413793,0.45454545454545453,,1.0,0.75,0.0,0.75
laplace_eb_k10|absolute1,M6_blend,-0.09649465710841171,-0.10140153813558313,0.2006269592476489,0.4827586206896552,,1.0,0.75,0.0,1.0
laplace_eb_k10|absolute1,M6_blend,-0.09011653152025031,-0.08673580347043594,0.20689655172413793,0.445141065830721,,1.0,0.75,0.25,0.0
laplace_eb_k10|absolute1,M6_blend,-0.09280497437780023,-0.09090245817568983,0.21003134796238246,0.45141065830721006,,1.0,0.75,0.25,0.25
laplace_eb_k10|absolute1,M6_blend,-0.09495519944689404,-0.09084397130485239,0.21316614420062696,0.45768025078369906,,1.0,0.75,0.25,0.5
laplace_eb_k10|absolute1,M6_blend,-0.09916714785073233,-0.10120904979333982,0.21316614420062696,0.4890282131661442,,1.0,0.75,0.25,0.75
laplace_eb_k10|absolute1,M6_blend,-0.1008293211146137,-0.10584440515566396,0.21316614420062696,0.5078369905956113,,1.0,0.75,0.25,1.0
laplace_eb_k10|absolute1,M6_blend,-0.09502705640598691,-0.09575001943307611,0.20376175548589343,0.4702194357366771,,1.0,0.75,0.5,0.0
laplace_eb_k10|absolute1,M6_blend,-0.09706766931191596,-0.10054796206586787,0.2006269592476489,0.47962382445141066,,1.0,0.75,0.5,0.25
laplace_eb_k10|absolute1,M6_blend,-0.09806868137583849,-0.0996707565381796,0.21316614420062696,0.4952978056426332,,1.0,0.75,0.5,0.5
laplace_eb_k10|absolute1,M6_blend,-0.10168625567753317,-0.10507839190595576,0.21630094043887146,0.5015673981191222,,1.0,0.75,0.5,0.75
laplace_eb_k10|absolute1,M6_blend,-0.10089983993712685,-0.10475342899420792,0.219435736677116,0.5078369905956113,,1.0,0.75,0.5,1.0
laplace_eb_k10|absolute1,M6_blend,-0.09993071335416652,-0.09915953324552987,0.21316614420062696,0.4827586206896552,,1.0,0.75,0.75,0.0
laplace_eb_k10|absolute1,M6_blend,-0.0989907558791017,-0.10408535825094459,0.21630094043887146,0.5015673981191222,,1.0,0.75,0.75,0.25
laplace_eb_k10|absolute1,M6_blend,-0.10199262438329247,-0.10153451880737906,0.2225705329153605,0.5047021943573667,,1.0,0.75,0.75,0.5
laplace_eb_k10|absolute1,M6_blend,-0.10352561954442828,-0.10341056614974076,0.23197492163009403,0.49843260188087773,,1.0,0.75,0.75,0.75
laplace_eb_k10|absolute1,M6_blend,-0.10487672303652641,-0.10280833011463891,0.23824451410658307,0.4952978056426332,,1.0,0.75,0.75,1.0
laplace_eb_k10|absolute1,M6_blend,-0.10349501607248003,-0.10309171490955128,0.2225705329153605,0.4952978056426332,,1.0,0.75,1.0,0.0
laplace_eb_k10|absolute1,M6_blend,-0.10420039083367397,-0.10200799867323947,0.2225705329153605,0.5047021943573667,,1.0,0.75,1.0,0.25
laplace_eb_k10|absolute1,M6_blend,-0.10527940835073964,-0.1017693190902565,0.23510971786833856,0.49843260188087773,,1.0,0.75,1.0,0.5
laplace_eb_k10|absolute1,M6_blend,-0.10636158142204911,-0.10340977050247237,0.23824451410658307,0.4952978056426332,,1.0,0.75,1.0,0.75
laplace_eb_k10|absolute1,M6_blend,-0.10698936343965267,-0.10437062143298526,0.23824451410658307,0.49843260188087773,,1.0,0.75,1.0,1.0
laplace_eb_k10|absolute1,M6_blend,-0.0924113215051235,-0.09222510500247576,0.21003134796238246,0.45454545454545453,,1.0,1.0,0.0,0.0
laplace_eb_k10|absolute1,M6_blend,-0.09420052085046345,-0.09369821992460463,0.21003134796238246,0.4608150470219436,,1.0,1.0,0.0,0.25
laplace_eb_k10|absolute1,M6_blend,-0.09605256955782142,-0.09544525308341816,0.21003134796238246,0.4702194357366771,,1.0,1.0,0.0,0.5
laplace_eb_k10|absolute1,M6_blend,-0.09908895354913144,-0.10197132420623937,0.20689655172413793,0.49843260188087773,,1.0,1.0,0.0,0.75
laplace_eb_k10|absolute1,M6_blend,-0.10069100138707965,-0.10324924526777013,0.21003134796238246,0.5047021943573667,,1.0,1.0,0.0,1.0
laplace_eb_k10|absolute1,M6_blend,-0.09926003469514888,-0.09302211271417926,0.21316614420062696,0.4670846394984326,,1.0,1.0,0.25,0.0
laplace_eb_k10|absolute1,M6_blend,-0.10097143931870173,-0.09640044563663043,0.21316614420062696,0.47648902821316613,,1.0,1.0,0.25,0.25
laplace_eb_k10|absolute1,M6_blend,-0.10481116503629842,-0.10075881354347292,0.21316614420062696,0.4952978056426332,,1.0,1.0,0.25,0.5
laplace_eb_k10|absolute1,M6_blend,-0.10222977727380049,-0.10698408795795097,0.21630094043887146,0.5172413793103449,,1.0,1.0,0.25,0.75
laplace_eb_k10|absolute1,M6_blend,-0.10170037613795531,-0.10614056797657268,0.219435736677116,0.5172413793103449,,1.0,1.0,0.25,1.0
laplace_eb_k10|absolute1,M6_blend,-0.10109673094021364,-0.10096532313100597,0.21003134796238246,0.49216300940438873,,1.0,1.0,0.5,0.0
laplace_eb_k10|absolute1,M6_blend,-0.10341147747281132,-0.10476690737478038,0.21316614420062696,0.49843260188087773,,1.0,1.0,0.5,0.25
laplace_eb_k10|absolute1,M6_blend,-0.10205349490122874,-0.10535363008656472,0.2225705329153605,0.5141065830721003,,1.0,1.0,0.5,0.5
laplace_eb_k10|absolute1,M6_blend,-0.10285929562248171,-0.10691197876319243,0.219435736677116,0.5203761755485894,,1.0,1.0,0.5,0.75
laplace_eb_k10|absolute1,M6_blend,-0.10199862106539868,-0.10906739204795009,0.22570532915360503,0.5172413793103449,,1.0,1.0,0.5,1.0
laplace_eb_k10|absolute1,M6_blend,-0.10466922244061302,-0.10431716384418706,0.21630094043887146,0.49843260188087773,,1.0,1.0,0.75,0.0
laplace_eb_k10|absolute1,M6_blend,-0.10257680199675448,-0.10342273299456764,0.22884012539184953,0.5109717868338558,,1.0,1.0,0.75,0.25
laplace_eb_k10|absolute1,M6_blend,-0.10660608963731141,-0.10328771987912423,0.23197492163009403,0.5109717868338558,,1.0,1.0,0.75,0.5
laplace_eb_k10|absolute1,M6_blend,-0.10589875656568312,-0.10607469715995475,0.23197492163009403,0.5141065830721003,,1.0,1.0,0.75,0.75
laplace_eb_k10|absolute1,M6_blend,-0.10609324283872419,-0.10675799387702747,0.23197492163009403,0.5141065830721003,,1.0,1.0,0.75,1.0
laplace_eb_k10|absolute1,M6_blend,-0.10546507008993204,-0.10527139954665986,0.2225705329153605,0.5172413793103449,,1.0,1.0,1.0,0.0
laplace_eb_k10|absolute1,M6_blend,-0.10716363454369111,-0.10685432364807981,0.2225705329153605,0.5203761755485894,,1.0,1.0,1.0,0.25
laplace_eb_k10|absolute1,M6_blend,-0.10813918403203436,-0.10552088826380927,0.23510971786833856,0.5109717868338558,,1.0,1.0,1.0,0.5
laplace_eb_k10|absolute1,M6_blend,-0.1095685491525061,-0.10853673035401536,0.23197492163009403,0.5203761755485894,,1.0,1.0,1.0,0.75
laplace_eb_k10|absolute1,M6_blend,-0.10799416484934933,-0.10925658288934388,0.23510971786833856,0.5203761755485894,,1.0,1.0,1.0,1.0
laplace_eb_k20|absolute1,M1_global,-0.06303099701753849,-0.07163789042718358,0.16614420062695925,0.3573667711598746,,,,,
laplace_eb_k20|absolute1,M2_team,-0.05321207423646699,-0.04436265126010841,0.16300940438871472,0.30094043887147337,,,,,
laplace_eb_k20|absolute1,M3_class,-0.04577900502822258,-0.0630420057167267,0.15987460815047022,0.27899686520376177,,,,,
laplace_eb_k20|absolute1,M4_intersection,-0.023504711621799474,-0.022859042469517192,0.15987460815047022,0.20689655172413793,,,,,
laplace_eb_k20|absolute1,M5_backoff,-0.024988769846628917,-0.022929986944673204,0.16927899686520376,0.21630094043887146,1.0,,,,
laplace_eb_k20|absolute1,M5_backoff,-0.025257354944038517,-0.02706732123296089,0.16300940438871472,0.23197492163009403,2.0,,,,
laplace_eb_k20|absolute1,M5_backoff,-0.0257917857839745,-0.029718658942320505,0.16614420062695925,0.2476489028213166,3.0,,,,
laplace_eb_k20|absolute1,M5_backoff,-0.032284791346115393,-0.029722456414497757,0.1755485893416928,0.25705329153605017,5.0,,,,
laplace_eb_k20|absolute1,M5_backoff,-0.03751837324954629,-0.033516788849356036,0.18808777429467086,0.27586206896551724,8.0,,,,
laplace_eb_k20|absolute1,M6_blend,-0.014281606034360877,-0.017959745419810186,0.09404388714733543,0.11285266457680251,,0.0,0.0,0.0,0.25
laplace_eb_k20|absolute1,M6_blend,-0.01674984745969805,-0.023625109823519907,0.12852664576802508,0.16927899686520376,,0.0,0.0,0.0,0.5
laplace_eb_k20|absolute1,M6_blend,-0.019006292711188148,-0.019397245352171057,0.14106583072100312,0.18808777429467086,,0.0,0.0,0.0,0.75
laplace_eb_k20|absolute1,M6_blend,-0.023504711621799474,-0.022859042469517192,0.15987460815047022,0.20689655172413793,,0.0,0.0,0.0,1.0
laplace_eb_k20|absolute1,M6_blend,-0.016480373553846853,-0.021085192720904995,0.10031347962382445,0.12539184952978055,,0.0,0.0,0.25,0.0
laplace_eb_k20|absolute1,M6_blend,-0.020063058394675645,-0.022519812057945048,0.11912225705329153,0.1724137931034483,,0.0,0.0,0.25,0.25
laplace_eb_k20|absolute1,M6_blend,-0.018861149189514287,-0.020156787036915185,0.13793103448275862,0.19435736677115986,,0.0,0.0,0.25,0.5
laplace_eb_k20|absolute1,M6_blend,-0.030109249736375444,-0.024913085221683718,0.15673981191222572,0.21316614420062696,,0.0,0.0,0.25,0.75
laplace_eb_k20|absolute1,M6_blend,-0.03496923289369953,-0.024969410197955313,0.18181818181818182,0.2413793103448276,,0.0,0.0,0.25,1.0
laplace_eb_k20|absolute1,M6_blend,-0.028143956247719263,-0.024704437948132756,0.13793103448275862,0.19122257053291536,,0.0,0.0,0.5,0.0
laplace_eb_k20|absolute1,M6_blend,-0.027251023663672488,-0.022371772057770935,0.13479623824451412,0.21316614420062696,,0.0,0.0,0.5,0.25
laplace_eb_k20|absolute1,M6_blend,-0.028880074007409055,-0.01949933435195666,0.16614420062695925,0.22570532915360503,,0.0,0.0,0.5,0.5
laplace_eb_k20|absolute1,M6_blend,-0.040170139395780353,-0.031243467896149076,0.1786833855799373,0.2601880877742947,,0.0,0.0,0.5,0.75
laplace_eb_k20|absolute1,M6_blend,-0.04336530062054965,-0.03456978001237663,0.19122257053291536,0.27899686520376177,,0.0,0.0,0.5,1.0
laplace_eb_k20|absolute1,M6_blend,-0.043436683400678355,-0.03685727951388374,0.1536050156739812,0.25391849529780564,,0.0,0.0,0.75,0.0
laplace_eb_k20|absolute1,M6_blend,-0.03748087033630478,-0.027731252244460547,0.1724137931034483,0.2601880877742947,,0.0,0.0,0.75,0.25
laplace_eb_k20|absolute1,M6_blend,-0.043587118695099715,-0.036987811163488225,0.18808777429467086,0.27586206896551724,,0.0,0.0,0.75,0.5
laplace_eb_k20|absolute1,M6_blend,-0.04785464805044904,-0.04065496142848532,0.19122257053291536,0.2946708463949843,,0.0,0.0,0.75,0.75
laplace_eb_k20|absolute1,M6_blend,-0.051870959043207925,-0.04439997850540663,0.2006269592476489,0.335423197492163,,0.0,0.0,0.75,1.0
laplace_eb_k20|absolute1,M6_blend,-0.05321207423646699,-0.04436265126010841,0.16300940438871472,0.30094043887147337,,0.0,0.0,1.0,0.0
laplace_eb_k20|absolute1,M6_blend,-0.04719639868249561,-0.038991387478049644,0.1786833855799373,0.2852664576802508,,0.0,0.0,1.0,0.25
laplace_eb_k20|absolute1,M6_blend,-0.051670671892797906,-0.04534505359057722,0.19435736677115986,0.29780564263322884,,0.0,0.0,1.0,0.5
laplace_eb_k20|absolute1,M6_blend,-0.054682911059963424,-0.04859763552028931,0.20376175548589343,0.3385579937304075,,0.0,0.0,1.0,0.75
laplace_eb_k20|absolute1,M6_blend,-0.05402414565868803,-0.05851659924959688,0.21316614420062696,0.3542319749216301,,0.0,0.0,1.0,1.0
laplace_eb_k20|absolute1,M6_blend,-0.020252418473091376,-0.02644790463780161,0.10344827586206896,0.15047021943573669,,0.0,0.25,0.0,0.0
laplace_eb_k20|absolute1,M6_blend,-0.027448957981138673,-0.03531143501354236,0.13479623824451412,0.1724137931034483,,0.0,0.25,0.0,0.25
laplace_eb_k20|absolute1,M6_blend,-0.03047654568588951,-0.032957721583335,0.1536050156739812,0.18495297805642633,,0.0,0.25,0.0,0.5
laplace_eb_k20|absolute1,M6_blend,-0.032731880707526265,-0.04040409751867052,0.15047021943573669,0.22570532915360503,,0.0,0.25,0.0,0.75
laplace_eb_k20|absolute1,M6_blend,-0.03678614432989261,-0.039409286701660544,0.1786833855799373,0.23510971786833856,,0.0,0.25,0.0,1.0
laplace_eb_k20|absolute1,M6_blend,-0.028739285873830456,-0.0364698320393652,0.12852664576802508,0.18181818181818182,,0.0,0.25,0.25,0.0
laplace_eb_k20|absolute1,M6_blend,-0.03384837087303196,-0.035987598979174154,0.14733542319749215,0.1974921630094044,,0.0,0.25,0.25,0.25
laplace_eb_k20|absolute1,M6_blend,-0.034934864143983106,-0.03743196390919551,0.15673981191222572,0.219435736677116,,0.0,0.25,0.25,0.5
laplace_eb_k20|absolute1,M6_blend,-0.0365919046473089,-0.03717156942221438,0.1755485893416928,0.2413793103448276,,0.0,0.25,0.25,0.75
laplace_eb_k20|absolute1,M6_blend,-0.040707052006451985,-0.03928980811682988,0.18495297805642633,0.26959247648902823,,0.0,0.25,0.25,1.0
laplace_eb_k20|absolute1,M6_blend,-0.03650884677794951,-0.036389898100056245,0.14420062695924765,0.22570532915360503,,0.0,0.25,0.5,0.0
laplace_eb_k20|absolute1,M6_blend,-0.03922218728862525,-0.03984801310076609,0.15673981191222572,0.2507836990595611,,0.0,0.25,0.5,0.25
laplace_eb_k20|absolute1,M6_blend,-0.04078144085639133,-0.04173643735228661,0.1755485893416928,0.2664576802507837,,0.0,0.25,0.5,0.5
laplace_eb_k20|absolute1,M6_blend,-0.047069123683333956,-0.04074645562091591,0.19122257053291536,0.29153605015673983,,0.0,0.25,0.5,0.75
laplace_eb_k20|absolute1,M6_blend,-0.05136865575385231,-0.046399527734443315,0.20689655172413793,0.31974921630094044,,0.0,0.25,0.5,1.0
laplace_eb_k20|absolute1,M6_blend,-0.04365781695950047,-0.04860980516784243,0.16300940438871472,0.26959247648902823,,0.0,0.25,0.75,0.0
laplace_eb_k20|absolute1,M6_blend,-0.042671592870317736,-0.04972032179653084,0.1755485893416928,0.2946708463949843,,0.0,0.25,0.75,0.25
laplace_eb_k20|absolute1,M6_blend,-0.04888184881182536,-0.05230776157498734,0.1786833855799373,0.3103448275862069,,0.0,0.25,0.75,0.5
laplace_eb_k20|absolute1,M6_blend,-0.05456992949052567,-0.05208274552767927,0.2006269592476489,0.3385579937304075,,0.0,0.25,0.75,0.75
laplace_eb_k20|absolute1,M6_blend,-0.05882346669794326,-0.060222245484216834,0.21003134796238246,0.3542319749216301,,0.0,0.25,0.75,1.0
laplace_eb_k20|absolute1,M6_blend,-0.047745229129293396,-0.050205996604548726,0.1755485893416928,0.30094043887147337,,0.0,0.25,1.0,0.0
laplace_eb_k20|absolute1,M6_blend,-0.05268739547462739,-0.049197609428328036,0.18181818181818182,0.3166144200626959,,0.0,0.25,1.0,0.25
laplace_eb_k20|absolute1,M6_blend,-0.05613349625073874,-0.05471499138117584,0.19435736677115986,0.34796238244514105,,0.0,0.25,1.0,0.5
laplace_eb_k20|absolute1,M6_blend,-0.060206319574862804,-0.060856903129517095,0.21316614420062696,0.3510971786833856,,0.0,0.25,1.0,0.75
laplace_eb_k20|absolute1,M6_blend,-0.06097594000943268,-0.06583554046608064,0.20689655172413793,0.36990595611285265,,0.0,0.25,1.0,1.0
laplace_eb_k20|absolute1,M6_blend,-0.04222363247143652,-0.06052184616416973,0.11598746081504702,0.20689655172413793,,0.0,0.5,0.0,0.0
laplace_eb_k20|absolute1,M6_blend,-0.04638668132737992,-0.05766057914420729,0.14420062695924765,0.23824451410658307,,0.0,0.5,0.0,0.25
laplace_eb_k20|absolute1,M6_blend,-0.04387508659434753,-0.05468643264010035,0.15987460815047022,0.2507836990595611,,0.0,0.5,0.0,0.5
laplace_eb_k20|absolute1,M6_blend,-0.04346743973655147,-0.05357836475333076,0.16300940438871472,0.2664576802507837,,0.0,0.5,0.0,0.75
laplace_eb_k20|absolute1,M6_blend,-0.04432955076005776,-0.048064870228494594,0.18495297805642633,0.2852664576802508,,0.0,0.5,0.0,1.0
laplace_eb_k20|absolute1,M6_blend,-0.04760032074190761,-0.054485192423143355,0.13479623824451412,0.2476489028213166,,0.0,0.5,0.25,0.0
laplace_eb_k20|absolute1,M6_blend,-0.04390906153038857,-0.05420763412239409,0.14733542319749215,0.2601880877742947,,0.0,0.5,0.25,0.25
laplace_eb_k20|absolute1,M6_blend,-0.04434032453932632,-0.05313515120118763,0.16300940438871472,0.27899686520376177,,0.0,0.5,0.25,0.5
laplace_eb_k20|absolute1,M6_blend,-0.04819802164921117,-0.0457619851729526,0.19122257053291536,0.2884012539184953,,0.0,0.5,0.25,0.75
laplace_eb_k20|absolute1,M6_blend,-0.05161845587949207,-0.05414094893863208,0.19122257053291536,0.31347962382445144,,0.0,0.5,0.25,1.0
laplace_eb_k20|absolute1,M6_blend,-0.04857607762030154,-0.05863025910615174,0.14733542319749215,0.28213166144200624,,0.0,0.5,0.5,0.0
laplace_eb_k20|absolute1,M6_blend,-0.04865077746382879,-0.054638992773141236,0.15673981191222572,0.29153605015673983,,0.0,0.5,0.5,0.25
laplace_eb_k20|absolute1,M6_blend,-0.05192077408304994,-0.054182208548986054,0.18808777429467086,0.3103448275862069,,0.0,0.5,0.5,0.5
laplace_eb_k20|absolute1,M6_blend,-0.05714903688503765,-0.06087244838055772,0.19435736677115986,0.34169278996865204,,0.0,0.5,0.5,0.75
laplace_eb_k20|absolute1,M6_blend,-0.058464929442386016,-0.06614816731840466,0.1974921630094044,0.3667711598746082,,0.0,0.5,0.5,1.0
laplace_eb_k20|absolute1,M6_blend,-0.05001735120851564,-0.06734842907485543,0.15047021943573669,0.32601880877742945,,0.0,0.5,0.75,0.0
laplace_eb_k20|absolute1,M6_blend,-0.057270748350092535,-0.06150477718223225,0.1786833855799373,0.32601880877742945,,0.0,0.5,0.75,0.25
laplace_eb_k20|absolute1,M6_blend,-0.06061060556952029,-0.06568713232781447,0.19435736677115986,0.3573667711598746,,0.0,0.5,0.75,0.5
laplace_eb_k20|absolute1,M6_blend,-0.06155845200444587,-0.06941145213560251,0.20376175548589343,0.36990595611285265,,0.0,0.5,0.75,0.75
laplace_eb_k20|absolute1,M6_blend,-0.06696222004441413,-0.07527593846745252,0.21316614420062696,0.3793103448275862,,0.0,0.5,0.75,1.0
laplace_eb_k20|absolute1,M6_blend,-0.056073778353743935,-0.0681749094149162,0.16927899686520376,0.3448275862068966,,0.0,0.5,1.0,0.0
laplace_eb_k20|absolute1,M6_blend,-0.06208499963156633,-0.07047255261331142,0.1974921630094044,0.3730407523510972,,0.0,0.5,1.0,0.25
laplace_eb_k20|absolute1,M6_blend,-0.06258687118183957,-0.07372086122632027,0.2006269592476489,0.3793103448275862,,0.0,0.5,1.0,0.5
laplace_eb_k20|absolute1,M6_blend,-0.06682913138394314,-0.08398531142587198,0.2006269592476489,0.3981191222570533,,0.0,0.5,1.0,0.75
laplace_eb_k20|absolute1,M6_blend,-0.07142914408857134,-0.08553353945803492,0.20376175548589343,0.41379310344827586,,0.0,0.5,1.0,1.0
laplace_eb_k20|absolute1,M6_blend,-0.04917429979882099,-0.0619493905443196,0.14106583072100312,0.26332288401253917,,0.0,0.75,0.0,0.0
laplace_eb_k20|absolute1,M6_blend,-0.046887705853561064,-0.05864431383234207,0.1724137931034483,0.2664576802507837,,0.0,0.75,0.0,0.25
laplace_eb_k20|absolute1,M6_blend,-0.04570882564626957,-0.05752051291187355,0.16927899686520376,0.27899686520376177,,0.0,0.75,0.0,0.5
laplace_eb_k20|absolute1,M6_blend,-0.04937645585481969,-0.05551592556053195,0.1786833855799373,0.29780564263322884,,0.0,0.75,0.0,0.75
laplace_eb_k20|absolute1,M6_blend,-0.05203889121337537,-0.06160751511824542,0.18181818181818182,0.3448275862068966,,0.0,0.75,0.0,1.0
laplace_eb_k20|absolute1,M6_blend,-0.04865550892194203,-0.05795800232775159,0.16614420062695925,0.27899686520376177,,0.0,0.75,0.25,0.0
laplace_eb_k20|absolute1,M6_blend,-0.04728283281682021,-0.05537997895040109,0.1755485893416928,0.29153605015673983,,0.0,0.75,0.25,0.25
laplace_eb_k20|absolute1,M6_blend,-0.050284432964335816,-0.05433187994603827,0.18808777429467086,0.3103448275862069,,0.0,0.75,0.25,0.5
laplace_eb_k20|absolute1,M6_blend,-0.055048657608789166,-0.06334361605649831,0.18495297805642633,0.3510971786833856,,0.0,0.75,0.25,0.75
laplace_eb_k20|absolute1,M6_blend,-0.060110452584922314,-0.0698957409254249,0.18181818181818182,0.36990595611285265,,0.0,0.75,0.25,1.0
laplace_eb_k20|absolute1,M6_blend,-0.053125511897316284,-0.06237145551833613,0.16927899686520376,0.31347962382445144,,0.0,0.75,0.5,0.0
laplace_eb_k20|absolute1,M6_blend,-0.054328276179646036,-0.062652130894433,0.1786833855799373,0.3322884012539185,,0.0,0.75,0.5,0.25
laplace_eb_k20|absolute1,M6_blend,-0.06104418235472435,-0.06984878052317985,0.18495297805642633,0.3730407523510972,,0.0,0.75,0.5,0.5
laplace_eb_k20|absolute1,M6_blend,-0.065678932322168,-0.07215846527286084,0.18808777429467086,0.3824451410658307,,0.0,0.75,0.5,0.75
laplace_eb_k20|absolute1,M6_blend,-0.06743474809372275,-0.07409546705295673,0.2006269592476489,0.3887147335423197,,0.0,0.75,0.5,1.0
laplace_eb_k20|absolute1,M6_blend,-0.05898679426530745,-0.06878280049908124,0.19122257053291536,0.34796238244514105,,0.0,0.75,0.75,0.0
laplace_eb_k20|absolute1,M6_blend,-0.06406855965080907,-0.07358131063722517,0.19435736677115986,0.3887147335423197,,0.0,0.75,0.75,0.25
laplace_eb_k20|absolute1,M6_blend,-0.06828897901262307,-0.07525664029590388,0.1974921630094044,0.39184952978056425,,0.0,0.75,0.75,0.5
laplace_eb_k20|absolute1,M6_blend,-0.07006655777735606,-0.0823106626895341,0.2006269592476489,0.40752351097178685,,0.0,0.75,0.75,0.75
laplace_eb_k20|absolute1,M6_blend,-0.07366896610614761,-0.08400241777207411,0.1974921630094044,0.4169278996865204,,0.0,0.75,0.75,1.0
laplace_eb_k20|absolute1,M6_blend,-0.0649604044840321,-0.07755837193617253,0.2006269592476489,0.3981191222570533,,0.0,0.75,1.0,0.0
laplace_eb_k20|absolute1,M6_blend,-0.07107119301279927,-0.07827648271727712,0.20376175548589343,0.4012539184952978,,0.0,0.75,1.0,0.25
laplace_eb_k20|absolute1,M6_blend,-0.07145307701879769,-0.08650834464868035,0.20689655172413793,0.41379310344827586,,0.0,0.75,1.0,0.5
laplace_eb_k20|absolute1,M6_blend,-0.07481158417644264,-0.08832237015837412,0.20376175548589343,0.4200626959247649,,0.0,0.75,1.0,0.75
laplace_eb_k20|absolute1,M6_blend,-0.07719890730681454,-0.09065574289629452,0.20689655172413793,0.43573667711598746,,0.0,0.75,1.0,1.0
laplace_eb_k20|absolute1,M6_blend,-0.04577900502822258,-0.0630420057167267,0.15987460815047022,0.27899686520376177,,0.0,1.0,0.0,0.0
laplace_eb_k20|absolute1,M6_blend,-0.04640324052703272,-0.06077043141083657,0.1724137931034483,0.2946708463949843,,0.0,1.0,0.0,0.25
laplace_eb_k20|absolute1,M6_blend,-0.04947968925814015,-0.05954695330658303,0.18495297805642633,0.31347962382445144,,0.0,1.0,0.0,0.5
laplace_eb_k20|absolute1,M6_blend,-0.04980455687299269,-0.06616120788978185,0.1786833855799373,0.3605015673981191,,0.0,1.0,0.0,0.75
laplace_eb_k20|absolute1,M6_blend,-0.05688953725090738,-0.0670054702199178,0.18808777429467086,0.3761755485893417,,0.0,1.0,0.0,1.0
laplace_eb_k20|absolute1,M6_blend,-0.05038286656022479,-0.060686588882932845,0.16927899686520376,0.30407523510971785,,0.0,1.0,0.25,0.0
laplace_eb_k20|absolute1,M6_blend,-0.05294855455348187,-0.05639363824153395,0.18808777429467086,0.32601880877742945,,0.0,1.0,0.25,0.25
laplace_eb_k20|absolute1,M6_blend,-0.05457888995477578,-0.06422644569815887,0.18495297805642633,0.3667711598746082,,0.0,1.0,0.25,0.5
laplace_eb_k20|absolute1,M6_blend,-0.062218074251925215,-0.07288204833024348,0.18495297805642633,0.38557993730407525,,0.0,1.0,0.25,0.75
laplace_eb_k20|absolute1,M6_blend,-0.06569428758267186,-0.07573647936076205,0.18808777429467086,0.3949843260188088,,0.0,1.0,0.25,1.0
laplace_eb_k20|absolute1,M6_blend,-0.056835234559783905,-0.061448562890291214,0.18808777429467086,0.34169278996865204,,0.0,1.0,0.5,0.0
laplace_eb_k20|absolute1,M6_blend,-0.061273042235633776,-0.07159850415905067,0.18495297805642633,0.38557993730407525,,0.0,1.0,0.5,0.25
laplace_eb_k20|absolute1,M6_blend,-0.06619701695316609,-0.07234145879605347,0.18808777429467086,0.39184952978056425,,0.0,1.0,0.5,0.5
laplace_eb_k20|absolute1,M6_blend,-0.06845141084470144,-0.07928421977778961,0.19122257053291536,0.41379310344827586,,0.0,1.0,0.5,0.75
laplace_eb_k20|absolute1,M6_blend,-0.0726858748691602,-0.08261487589781187,0.19122257053291536,0.42946708463949845,,0.0,1.0,0.5,1.0
laplace_eb_k20|absolute1,M6_blend,-0.062435519690879945,-0.07463209638167698,0.2006269592476489,0.39184952978056425,,0.0,1.0,0.75,0.0
laplace_eb_k20|absolute1,M6_blend,-0.06862094698199081,-0.07785792341660183,0.2006269592476489,0.4106583072100313,,0.0,1.0,0.75,0.25
laplace_eb_k20|absolute1,M6_blend,-0.0714671694101333,-0.07942116205641842,0.20689655172413793,0.4200626959247649,,0.0,1.0,0.75,0.5
laplace_eb_k20|absolute1,M6_blend,-0.075501788076881,-0.08507009370246651,0.20376175548589343,0.43573667711598746,,0.0,1.0,0.75,0.75
laplace_eb_k20|absolute1,M6_blend,-0.07911270632645102,-0.08737383489745164,0.21003134796238246,0.44200626959247646,,0.0,1.0,0.75,1.0
laplace_eb_k20|absolute1,M6_blend,-0.07078641111902036,-0.08321003628701999,0.2006269592476489,0.4169278996865204,,0.0,1.0,1.0,0.0
laplace_eb_k20|absolute1,M6_blend,-0.07341168893862872,-0.08334295060427212,0.21316614420062696,0.4231974921630094,,0.0,1.0,1.0,0.25
laplace_eb_k20|absolute1,M6_blend,-0.07687344171286078,-0.08864069093590994,0.20689655172413793,0.44200626959247646,,0.0,1.0,1.0,0.5
laplace_eb_k20|absolute1,M6_blend,-0.07964030524067674,-0.09165179753985525,0.21003134796238246,0.45141065830721006,,0.0,1.0,1.0,0.75
laplace_eb_k20|absolute1,M6_blend,-0.08262926207538185,-0.08888345084453825,0.21316614420062696,0.4482758620689655,,0.0,1.0,1.0,1.0
laplace_eb_k20|absolute1,M6_blend,-0.020820974612052727,-0.01953368615300678,0.11912225705329153,0.13166144200626959,,0.25,0.0,0.0,0.0
laplace_eb_k20|absolute1,M6_blend,-0.021184487319243796,-0.023160978813063015,0.12225705329153605,0.1724137931034483,,0.25,0.0,0.0,0.25
laplace_eb_k20|absolute1,M6_blend,-0.023402684926138107,-0.021169460480769973,0.15047021943573669,0.1974921630094044,,0.25,0.0,0.0,0.5
laplace_eb_k20|absolute1,M6_blend,-0.027416610867548777,-0.025057815447402973,0.15987460815047022,0.2225705329153605,,0.25,0.0,0.0,0.75
laplace_eb_k20|absolute1,M6_blend,-0.03205685289725152,-0.03133053987704475,0.16927899686520376,0.22570532915360503,,0.25,0.0,0.0,1.0
laplace_eb_k20|absolute1,M6_blend,-0.027533896882638572,-0.020992050642223568,0.13166144200626959,0.18495297805642633,,0.25,0.0,0.25,0.0
laplace_eb_k20|absolute1,M6_blend,-0.027283810787666632,-0.025375701101689505,0.15047021943573669,0.21003134796238246,,0.25,0.0,0.25,0.25
laplace_eb_k20|absolute1,M6_blend,-0.03378384454485563,-0.025641003804614176,0.15987460815047022,0.2413793103448276,,0.25,0.0,0.25,0.5
laplace_eb_k20|absolute1,M6_blend,-0.04085946610252583,-0.027632618457265782,0.16927899686520376,0.25391849529780564,,0.25,0.0,0.25,0.75
laplace_eb_k20|absolute1,M6_blend,-0.045487664599641986,-0.03756635957236948,0.18808777429467086,0.27899686520376177,,0.25,0.0,0.25,1.0
laplace_eb_k20|absolute1,M6_blend,-0.04229803099100752,-0.0328244259668555,0.16300940438871472,0.23510971786833856,,0.25,0.0,0.5,0.0
laplace_eb_k20|absolute1,M6_blend,-0.04042213363281254,-0.034303353416228366,0.16300940438871472,0.27586206896551724,,0.25,0.0,0.5,0.25
laplace_eb_k20|absolute1,M6_blend,-0.04423895701240952,-0.0374608611728891,0.1724137931034483,0.2852664576802508,,0.25,0.0,0.5,0.5
laplace_eb_k20|absolute1,M6_blend,-0.0489373084283402,-0.04274179140648872,0.19435736677115986,0.29780564263322884,,0.25,0.0,0.5,0.75
laplace_eb_k20|absolute1,M6_blend,-0.051726837619419944,-0.05044508943783826,0.1974921630094044,0.3385579937304075,,0.25,0.0,0.5,1.0
laplace_eb_k20|absolute1,M6_blend,-0.050515823698695964,-0.04335062786189366,0.1755485893416928,0.2946708463949843,,0.25,0.0,0.75,0.0
laplace_eb_k20|absolute1,M6_blend,-0.04864955719391728,-0.04461257072124735,0.18181818181818182,0.29780564263322884,,0.25,0.0,0.75,0.25
laplace_eb_k20|absolute1,M6_blend,-0.05225802291898536,-0.0521359835228763,0.19435736677115986,0.3166144200626959,,0.25,0.0,0.75,0.5
laplace_eb_k20|absolute1,M6_blend,-0.051764110447191855,-0.05476918423016991,0.2006269592476489,0.3448275862068966,,0.25,0.0,0.75,0.75
laplace_eb_k20|absolute1,M6_blend,-0.059139483328537426,-0.06082621654699962,0.20689655172413793,0.36363636363636365,,0.25,0.0,0.75,1.0
laplace_eb_k20|absolute1,M6_blend,-0.05850964592019805,-0.0598305385431339,0.18495297805642633,0.3322884012539185,,0.25,0.0,1.0,0.0
laplace_eb_k20|absolute1,M6_blend,-0.05220988447165885,-0.057603166686797214,0.19435736677115986,0.329153605015674,,0.25,0.0,1.0,0.25
laplace_eb_k20|absolute1,M6_blend,-0.05476719556839878,-0.06069766446294082,0.2006269592476489,0.3573667711598746,,0.25,0.0,1.0,0.5
laplace_eb_k20|absolute1,M6_blend,-0.05892963879524278,-0.06374603004244428,0.21316614420062696,0.36990595611285265,,0.25,0.0,1.0,0.75
laplace_eb_k20|absolute1,M6_blend,-0.06215226207939369,-0.06435583815632569,0.21316614420062696,0.3761755485893417,,0.25,0.0,1.0,1.0
laplace_eb_k20|absolute1,M6_blend,-0.03665163053585755,-0.045288554284733294,0.12225705329153605,0.19435736677115986,,0.25,0.25,0.0,0.0
laplace_eb_k20|absolute1,M6_blend,-0.03649812208272194,-0.0411253885298874,0.15047021943573669,0.21630094043887146,,0.25,0.25,0.0,0.25
laplace_eb_k20|absolute1,M6_blend,-0.04011844519890658,-0.04094871639224429,0.16300940438871472,0.2445141065830721,,0.25,0.25,0.0,0.5
laplace_eb_k20|absolute1,M6_blend,-0.04250533117409923,-0.04158739875243002,0.1724137931034483,0.2476489028213166,,0.25,0.25,0.0,0.75
laplace_eb_k20|absolute1,M6_blend,-0.0492412483973051,-0.043478428791963196,0.1755485893416928,0.26959247648902823,,0.25,0.25,0.0,1.0
laplace_eb_k20|absolute1,M6_blend,-0.04407067985988831,-0.044961199643189634,0.14106583072100312,0.2507836990595611,,0.25,0.25,0.25,0.0
laplace_eb_k20|absolute1,M6_blend,-0.044475920184394495,-0.0450813313099471,0.16614420062695925,0.27586206896551724,,0.25,0.25,0.25,0.25
laplace_eb_k20|absolute1,M6_blend,-0.0486293681929045,-0.04328221845262477,0.1755485893416928,0.27586206896551724,,0.25,0.25,0.25,0.5
laplace_eb_k20|absolute1,M6_blend,-0.05271445084702656,-0.04438512712763768,0.18495297805642633,0.29780564263322884,,0.25,0.25,0.25,0.75
laplace_eb_k20|absolute1,M6_blend,-0.05420725109322943,-0.05441775615546023,0.20376175548589343,0.3322884012539185,,0.25,0.25,0.25,1.0
laplace_eb_k20|absolute1,M6_blend,-0.050449283053442956,-0.05138351117789185,0.1536050156739812,0.30407523510971785,,0.25,0.25,0.5,0.0
laplace_eb_k20|absolute1,M6_blend,-0.048208760070309026,-0.05056518415532142,0.16614420062695925,0.30407523510971785,,0.25,0.25,0.5,0.25
laplace_eb_k20|absolute1,M6_blend,-0.05361768844561834,-0.050526861755358386,0.18808777429467086,0.3103448275862069,,0.25,0.25,0.5,0.5
laplace_eb_k20|absolute1,M6_blend,-0.054822075707097545,-0.05691457251349587,0.2006269592476489,0.335423197492163,,0.25,0.25,0.5,0.75
laplace_eb_k20|absolute1,M6_blend,-0.06042352260237852,-0.06584594068248817,0.20376175548589343,0.3730407523510972,,0.25,0.25,0.5,1.0
laplace_eb_k20|absolute1,M6_blend,-0.0523798866009187,-0.05315775177835671,0.18181818181818182,0.3103448275862069,,0.25,0.25,0.75,0.0
laplace_eb_k20|absolute1,M6_blend,-0.055228766571817356,-0.054199239385071964,0.19122257053291536,0.32601880877742945,,0.25,0.25,0.75,0.25
laplace_eb_k20|absolute1,M6_blend,-0.0573108650169575,-0.06437663592655084,0.20376175548589343,0.3542319749216301,,0.25,0.25,0.75,0.5
laplace_eb_k20|absolute1,M6_blend,-0.06257058083316298,-0.06858755908556119,0.20689655172413793,0.3793103448275862,,0.25,0.25,0.75,0.75
laplace_eb_k20|absolute1,M6_blend,-0.06503756382319109,-0.07113698025622338,0.20689655172413793,0.39184952978056425,,0.25,0.25,0.75,1.0
laplace_eb_k20|absolute1,M6_blend,-0.058039341444639674,-0.05954105912658114,0.19122257053291536,0.34796238244514105,,0.25,0.25,1.0,0.0
laplace_eb_k20|absolute1,M6_blend,-0.05984056804669652,-0.0679521699287114,0.20376175548589343,0.36990595611285265,,0.25,0.25,1.0,0.25
laplace_eb_k20|absolute1,M6_blend,-0.063931385116972,-0.07140485147090167,0.21003134796238246,0.38557993730407525,,0.25,0.25,1.0,0.5
laplace_eb_k20|absolute1,M6_blend,-0.06724625762052418,-0.07108960764301608,0.21003134796238246,0.39184952978056425,,0.25,0.25,1.0,0.75
laplace_eb_k20|absolute1,M6_blend,-0.06903340689363785,-0.077093639098645,0.21003134796238246,0.4043887147335423,,0.25,0.25,1.0,1.0
laplace_eb_k20|absolute1,M6_blend,-0.05099721344565476,-0.06224260457023558,0.14733542319749215,0.2476489028213166,,0.25,0.5,0.0,0.0
laplace_eb_k20|absolute1,M6_blend,-0.05165037671464722,-0.06113004678609229,0.15987460815047022,0.26959247648902823,,0.25,0.5,0.0,0.25
laplace_eb_k20|absolute1,M6_blend,-0.05297858922069803,-0.06086697241402345,0.16927899686520376,0.2946708463949843,,0.25,0.5,0.0,0.5
laplace_eb_k20|absolute1,M6_blend,-0.05499304816389885,-0.06001221672354447,0.1724137931034483,0.3166144200626959,,0.25,0.5,0.0,0.75
laplace_eb_k20|absolute1,M6_blend,-0.05660288897820309,-0.0652810543144945,0.1755485893416928,0.34796238244514105,,0.25,0.5,0.0,1.0
laplace_eb_k20|absolute1,M6_blend,-0.054099507867475305,-0.06386996925951545,0.1536050156739812,0.29780564263322884,,0.25,0.5,0.25,0.0
laplace_eb_k20|absolute1,M6_blend,-0.05733957852540296,-0.06398424743251367,0.16300940438871472,0.31347962382445144,,0.25,0.5,0.25,0.25
laplace_eb_k20|absolute1,M6_blend,-0.057768216367242414,-0.06202892738403198,0.1755485893416928,0.3322884012539185,,0.25,0.5,0.25,0.5
laplace_eb_k20|absolute1,M6_blend,-0.06022636974039477,-0.06775967051569945,0.18181818181818182,0.36363636363636365,,0.25,0.5,0.25,0.75
laplace_eb_k20|absolute1,M6_blend,-0.06365527031658925,-0.06862024134930025,0.19435736677115986,0.3730407523510972,,0.25,0.5,0.25,1.0
laplace_eb_k20|absolute1,M6_blend,-0.05805675140003926,-0.0675359495497983,0.16614420062695925,0.3385579937304075,,0.25,0.5,0.5,0.0
laplace_eb_k20|absolute1,M6_blend,-0.06037823274834527,-0.06781135612754238,0.1786833855799373,0.3448275862068966,,0.25,0.5,0.5,0.25
laplace_eb_k20|absolute1,M6_blend,-0.06300558219637281,-0.07098399451860814,0.19122257053291536,0.3761755485893417,,0.25,0.5,0.5,0.5
laplace_eb_k20|absolute1,M6_blend,-0.06539347250431411,-0.0734275470963653,0.19435736677115986,0.3887147335423197,,0.25,0.5,0.5,0.75
laplace_eb_k20|absolute1,M6_blend,-0.07061226433275611,-0.0756250628179704,0.19435736677115986,0.4106583072100313,,0.25,0.5,0.5,1.0
laplace_eb_k20|absolute1,M6_blend,-0.061916350173034145,-0.07327090279669224,0.1786833855799373,0.3667711598746082,,0.25,0.5,0.75,0.0
laplace_eb_k20|absolute1,M6_blend,-0.06713539604675704,-0.07696173231476526,0.1974921630094044,0.39184952978056425,,0.25,0.5,0.75,0.25
laplace_eb_k20|absolute1,M6_blend,-0.06883065451752259,-0.0786031432636666,0.20376175548589343,0.3949843260188088,,0.25,0.5,0.75,0.5
laplace_eb_k20|absolute1,M6_blend,-0.07289889188200142,-0.08004709334349183,0.1974921630094044,0.4106583072100313,,0.25,0.5,0.75,0.75
laplace_eb_k20|absolute1,M6_blend,-0.07288675712647473,-0.08409029174140628,0.20376175548589343,0.4231974921630094,,0.25,0.5,0.75,1.0
laplace_eb_k20|absolute1,M6_blend,-0.06790787070710637,-0.08309126714226968,0.19122257053291536,0.4043887147335423,,0.25,0.5,1.0,0.0
laplace_eb_k20|absolute1,M6_blend,-0.06981265851257237,-0.08024071069393413,0.20689655172413793,0.4012539184952978,,0.25,0.5,1.0,0.25
laplace_eb_k20|absolute1,M6_blend,-0.07452717043935685,-0.07898204819208776,0.21003134796238246,0.41379310344827586,,0.25,0.5,1.0,0.5
laplace_eb_k20|absolute1,M6_blend,-0.07561861422227946,-0.08599139888972324,0.2006269592476489,0.42946708463949845,,0.25,0.5,1.0,0.75
laplace_eb_k20|absolute1,M6_blend,-0.07808335562282219,-0.08705739171293836,0.20689655172413793,0.438871473354232,,0.25,0.5,1.0,1.0
laplace_eb_k20|absolute1,M6_blend,-0.052430860299387934,-0.06265664594627474,0.15987460815047022,0.2884012539184953,,0.25,0.75,0.0,0.0
laplace_eb_k20|absolute1,M6_blend,-0.05246133221512775,-0.06113984703223534,0.1755485893416928,0.29780564263322884,,0.25,0.75,0.0,0.25
laplace_eb_k20|absolute1,M6_blend,-0.05557010232647011,-0.060506463786557926,0.18181818181818182,0.322884012539185,,0.25,0.75,0.0,0.5
laplace_eb_k20|absolute1,M6_blend,-0.060708885564806116,-0.06768732920849585,0.1724137931034483,0.3730407523510972,,0.25,0.75,0.0,0.75
laplace_eb_k20|absolute1,M6_blend,-0.06487749681377397,-0.07073408620998403,0.1786833855799373,0.3887147335423197,,0.25,0.75,0.0,1.0
laplace_eb_k20|absolute1,M6_blend,-0.05579809491482302,-0.06417930641191133,0.16614420062695925,0.322884012539185,,0.25,0.75,0.25,0.0
laplace_eb_k20|absolute1,M6_blend,-0.05861369454023982,-0.06362009927817273,0.18181818181818182,0.3448275862068966,,0.25,0.75,0.25,0.25
laplace_eb_k20|absolute1,M6_blend,-0.06438063563469262,-0.06923523709925365,0.18495297805642633,0.3793103448275862,,0.25,0.75,0.25,0.5
laplace_eb_k20|absolute1,M6_blend,-0.06842074664373264,-0.07500120022313722,0.18181818181818182,0.4043887147335423,,0.25,0.75,0.25,0.75
laplace_eb_k20|absolute1,M6_blend,-0.0728050114667565,-0.07790433338676875,0.18495297805642633,0.41379310344827586,,0.25,0.75,0.25,1.0
laplace_eb_k20|absolute1,M6_blend,-0.06152520187285035,-0.06744779138402505,0.18181818181818182,0.3542319749216301,,0.25,0.75,0.5,0.0
laplace_eb_k20|absolute1,M6_blend,-0.0673338951978404,-0.07230009690954767,0.19122257053291536,0.38557993730407525,,0.25,0.75,0.5,0.25
laplace_eb_k20|absolute1,M6_blend,-0.07056187748604567,-0.08012380781452111,0.19435736677115986,0.41379310344827586,,0.25,0.75,0.5,0.5
laplace_eb_k20|absolute1,M6_blend,-0.07588743630415869,-0.08113287007406961,0.19122257053291536,0.4231974921630094,,0.25,0.75,0.5,0.75
laplace_eb_k20|absolute1,M6_blend,-0.07761792680550926,-0.08355872345895603,0.19122257053291536,0.43573667711598746,,0.25,0.75,0.5,1.0
laplace_eb_k20|absolute1,M6_blend,-0.06977453422260625,-0.07996504832070823,0.19435736677115986,0.4043887147335423,,0.25,0.75,0.75,0.0
laplace_eb_k20|absolute1,M6_blend,-0.07196263206941299,-0.08530319107223454,0.1974921630094044,0.4200626959247649,,0.25,0.75,0.75,0.25
laplace_eb_k20|absolute1,M6_blend,-0.07767890529322029,-0.08533370098957448,0.1974921630094044,0.42946708463949845,,0.25,0.75,0.75,0.5
laplace_eb_k20|absolute1,M6_blend,-0.07867507636361461,-0.0862409704975013,0.2006269592476489,0.438871473354232,,0.25,0.75,0.75,0.75
laplace_eb_k20|absolute1,M6_blend,-0.08094621403699694,-0.08541148325259035,0.20376175548589343,0.445141065830721,,0.25,0.75,0.75,1.0
laplace_eb_k20|absolute1,M6_blend,-0.07272254980295463,-0.08503044727127007,0.20689655172413793,0.4200626959247649,,0.25,0.75,1.0,0.0
laplace_eb_k20|absolute1,M6_blend,-0.07890891398123948,-0.08806265859067627,0.2006269592476489,0.43573667711598746,,0.25,0.75,1.0,0.25
laplace_eb_k20|absolute1,M6_blend,-0.07981524347292646,-0.0894581130983127,0.19435736677115986,0.44200626959247646,,0.25,0.75,1.0,0.5
laplace_eb_k20|absolute1,M6_blend,-0.08049437166737915,-0.08902262645221803,0.20376175548589343,0.4482758620689655,,0.25,0.75,1.0,0.75
laplace_eb_k20|absolute1,M6_blend,-0.08285594453896207,-0.09301437819405783,0.20689655172413793,0.45454545454545453,,0.25,0.75,1.0,1.0
laplace_eb_k20|absolute1,M6_blend,-0.05300632366965735,-0.05939726551358229,0.1786833855799373,0.3103448275862069,,0.25,1.0,0.0,0.0
laplace_eb_k20|absolute1,M6_blend,-0.05711847017593427,-0.061029370360333346,0.18808777429467086,0.329153605015674,,0.25,1.0,0.0,0.25
laplace_eb_k20|absolute1,M6_blend,-0.060572091717026905,-0.067716553538664,0.18181818181818182,0.36363636363636365,,0.25,1.0,0.0,0.5
laplace_eb_k20|absolute1,M6_blend,-0.06637239861588476,-0.07179414372318964,0.18495297805642633,0.3824451410658307,,0.25,1.0,0.0,0.75
laplace_eb_k20|absolute1,M6_blend,-0.07201375974159781,-0.07471999690684032,0.19122257053291536,0.4043887147335423,,0.25,1.0,0.0,1.0
laplace_eb_k20|absolute1,M6_blend,-0.05991167541177506,-0.0640772770167705,0.1755485893416928,0.3542319749216301,,0.25,1.0,0.25,0.0
laplace_eb_k20|absolute1,M6_blend,-0.06445964963593284,-0.07227713158091408,0.18181818181818182,0.38557993730407525,,0.25,1.0,0.25,0.25
laplace_eb_k20|absolute1,M6_blend,-0.07167996690822828,-0.07738100584351157,0.18181818181818182,0.40752351097178685,,0.25,1.0,0.25,0.5
laplace_eb_k20|absolute1,M6_blend,-0.07642058767420759,-0.07642758975161654,0.18808777429467086,0.4169278996865204,,0.25,1.0,0.25,0.75
laplace_eb_k20|absolute1,M6_blend,-0.07735659218136569,-0.0808962965530101,0.18808777429467086,0.42946708463949845,,0.25,1.0,0.25,1.0
laplace_eb_k20|absolute1,M6_blend,-0.06724798517059832,-0.07480530070613918,0.19122257053291536,0.39184952978056425,,0.25,1.0,0.5,0.0
laplace_eb_k20|absolute1,M6_blend,-0.07308091144109302,-0.07907148232233935,0.19435736677115986,0.4106583072100313,,0.25,1.0,0.5,0.25
laplace_eb_k20|absolute1,M6_blend,-0.078684799716827,-0.07845280516810925,0.20376175548589343,0.4169278996865204,,0.25,1.0,0.5,0.5
laplace_eb_k20|absolute1,M6_blend,-0.07982278413485082,-0.08358041917595743,0.19435736677115986,0.438871473354232,,0.25,1.0,0.5,0.75
laplace_eb_k20|absolute1,M6_blend,-0.0825209387329859,-0.08776792203044069,0.19435736677115986,0.45454545454545453,,0.25,1.0,0.5,1.0
laplace_eb_k20|absolute1,M6_blend,-0.07365746847072782,-0.08474232951255053,0.1974921630094044,0.42946708463949845,,0.25,1.0,0.75,0.0
laplace_eb_k20|absolute1,M6_blend,-0.07913478759222436,-0.08702300408370442,0.2006269592476489,0.43260188087774293,,0.25,1.0,0.75,0.25
laplace_eb_k20|absolute1,M6_blend,-0.08159424471302947,-0.08671751645244775,0.20376175548589343,0.438871473354232,,0.25,1.0,0.75,0.5
laplace_eb_k20|absolute1,M6_blend,-0.08354093877578489,-0.08808181840097269,0.20376175548589343,0.45768025078369906,,0.25,1.0,0.75,0.75
laplace_eb_k20|absolute1,M6_blend,-0.08467216524778141,-0.09122060002251105,0.21003134796238246,0.45454545454545453,,0.25,1.0,0.75,1.0
laplace_eb_k20|absolute1,M6_blend,-0.07977994336244906,-0.08619285787114156,0.2006269592476489,0.43573667711598746,,0.25,1.0,1.0,0.0
laplace_eb_k20|absolute1,M6_blend,-0.08129187233577395,-0.0892421758170225,0.2006269592476489,0.445141065830721,,0.25,1.0,1.0,0.25
laplace_eb_k20|absolute1,M6_blend,-0.08313864601721907,-0.09397539591013825,0.2006269592476489,0.46394984326018807,,0.25,1.0,1.0,0.5
laplace_eb_k20|absolute1,M6_blend,-0.08533148170350191,-0.09487954348465866,0.2006269592476489,0.46394984326018807,,0.25,1.0,1.0,0.75
laplace_eb_k20|absolute1,M6_blend,-0.08722581496968194,-0.09438937459853376,0.20689655172413793,0.46394984326018807,,0.25,1.0,1.0,1.0
laplace_eb_k20|absolute1,M6_blend,-0.027587804200810834,-0.032763133356844,0.13793103448275862,0.2225705329153605,,0.5,0.0,0.0,0.0
laplace_eb_k20|absolute1,M6_blend,-0.034174643087801194,-0.03800891511445883,0.15047021943573669,0.26332288401253917,,0.5,0.0,0.0,0.25
laplace_eb_k20|absolute1,M6_blend,-0.03692951484674541,-0.03726061747692595,0.1755485893416928,0.26959247648902823,,0.5,0.0,0.0,0.5
laplace_eb_k20|absolute1,M6_blend,-0.04310892088920014,-0.04235898092575955,0.1786833855799373,0.2852664576802508,,0.5,0.0,0.0,0.75
laplace_eb_k20|absolute1,M6_blend,-0.045956253065623696,-0.04299910584914273,0.19122257053291536,0.2852664576802508,,0.5,0.0,0.0,1.0
laplace_eb_k20|absolute1,M6_blend,-0.0398871870350797,-0.04314221295770433,0.14733542319749215,0.28213166144200624,,0.5,0.0,0.25,0.0
laplace_eb_k20|absolute1,M6_blend,-0.04288214194144977,-0.043427848598706686,0.15987460815047022,0.2946708463949843,,0.5,0.0,0.25,0.25
laplace_eb_k20|absolute1,M6_blend,-0.047337842941844246,-0.04776624936995835,0.16927899686520376,0.30407523510971785,,0.5,0.0,0.25,0.5
laplace_eb_k20|absolute1,M6_blend,-0.0495703739298673,-0.05193716342499637,0.18808777429467086,0.3103448275862069,,0.5,0.0,0.25,0.75
laplace_eb_k20|absolute1,M6_blend,-0.056294659999091015,-0.05597251708557987,0.19435736677115986,0.3322884012539185,,0.5,0.0,0.25,1.0
laplace_eb_k20|absolute1,M6_blend,-0.04584016006653131,-0.0493296313692223,0.16927899686520376,0.3103448275862069,,0.5,0.0,0.5,0.0
laplace_eb_k20|absolute1,M6_blend,-0.050549363023983336,-0.04914098953518748,0.18181818181818182,0.3103448275862069,,0.5,0.0,0.5,0.25
laplace_eb_k20|absolute1,M6_blend,-0.05379774583347676,-0.056216394487873515,0.18181818181818182,0.3322884012539185,,0.5,0.0,0.5,0.5
laplace_eb_k20|absolute1,M6_blend,-0.05799198074712883,-0.060324237860015194,0.2006269592476489,0.34796238244514105,,0.5,0.0,0.5,0.75
laplace_eb_k20|absolute1,M6_blend,-0.062224106335161775,-0.0648905747573017,0.21003134796238246,0.3667711598746082,,0.5,0.0,0.5,1.0
laplace_eb_k20|absolute1,M6_blend,-0.05772698451292856,-0.05905573162305691,0.1755485893416928,0.3322884012539185,,0.5,0.0,0.75,0.0
laplace_eb_k20|absolute1,M6_blend,-0.05887635951306976,-0.060067305592440515,0.18808777429467086,0.34796238244514105,,0.5,0.0,0.75,0.25
laplace_eb_k20|absolute1,M6_blend,-0.06326210891307121,-0.06472411227403764,0.20376175548589343,0.36363636363636365,,0.5,0.0,0.75,0.5
laplace_eb_k20|absolute1,M6_blend,-0.06473059478562733,-0.06400351806727696,0.21630094043887146,0.3667711598746082,,0.5,0.0,0.75,0.75
laplace_eb_k20|absolute1,M6_blend,-0.06926101218545194,-0.06687968265160124,0.219435736677116,0.3824451410658307,,0.5,0.0,0.75,1.0
laplace_eb_k20|absolute1,M6_blend,-0.06884572481029033,-0.06712343031102587,0.19435736677115986,0.36363636363636365,,0.5,0.0,1.0,0.0
laplace_eb_k20|absolute1,M6_blend,-0.06440935885572938,-0.0697873630517142,0.20689655172413793,0.3730407523510972,,0.5,0.0,1.0,0.25
laplace_eb_k20|absolute1,M6_blend,-0.06366736896719002,-0.06857468123579848,0.21316614420062696,0.3793103448275862,,0.5,0.0,1.0,0.5
laplace_eb_k20|absolute1,M6_blend,-0.07115071095289675,-0.0701858306589732,0.21630094043887146,0.3949843260188088,,0.5,0.0,1.0,0.75
laplace_eb_k20|absolute1,M6_blend,-0.07012104899659626,-0.07407744753183242,0.2225705329153605,0.4012539184952978,,0.5,0.0,1.0,1.0
laplace_eb_k20|absolute1,M6_blend,-0.04965305473901552,-0.052532168262897985,0.1536050156739812,0.27586206896551724,,0.5,0.25,0.0,0.0
laplace_eb_k20|absolute1,M6_blend,-0.0511833199560812,-0.05314324461040452,0.1724137931034483,0.2852664576802508,,0.5,0.25,0.0,0.25
laplace_eb_k20|absolute1,M6_blend,-0.053802865396141326,-0.056966762429214196,0.1755485893416928,0.3072100313479624,,0.5,0.25,0.0,0.5
laplace_eb_k20|absolute1,M6_blend,-0.05849211766747312,-0.058489605982942644,0.18495297805642633,0.31974921630094044,,0.5,0.25,0.0,0.75
laplace_eb_k20|absolute1,M6_blend,-0.06164354569403824,-0.05883132305498407,0.20376175548589343,0.34169278996865204,,0.5,0.25,0.0,1.0
laplace_eb_k20|absolute1,M6_blend,-0.05751476605934067,-0.05927927017819171,0.15673981191222572,0.31347962382445144,,0.5,0.25,0.25,0.0
laplace_eb_k20|absolute1,M6_blend,-0.05683791434820869,-0.05930205092394614,0.16927899686520376,0.31974921630094044,,0.5,0.25,0.25,0.25
laplace_eb_k20|absolute1,M6_blend,-0.06214141429684089,-0.058849330851370264,0.18181818181818182,0.335423197492163,,0.5,0.25,0.25,0.5
laplace_eb_k20|absolute1,M6_blend,-0.06122704041837492,-0.06324319446862305,0.20376175548589343,0.3510971786833856,,0.5,0.25,0.25,0.75
laplace_eb_k20|absolute1,M6_blend,-0.06705214200723823,-0.06724660933531564,0.21316614420062696,0.36990595611285265,,0.5,0.25,0.25,1.0
laplace_eb_k20|absolute1,M6_blend,-0.05893744585387502,-0.06191065819893137,0.18181818181818182,0.3322884012539185,,0.5,0.25,0.5,0.0
laplace_eb_k20|absolute1,M6_blend,-0.06261066343356349,-0.06697400454957284,0.1755485893416928,0.3605015673981191,,0.5,0.25,0.5,0.25
laplace_eb_k20|absolute1,M6_blend,-0.06449073730466212,-0.07099502282596681,0.2006269592476489,0.36990595611285265,,0.5,0.25,0.5,0.5
laplace_eb_k20|absolute1,M6_blend,-0.06908204839304981,-0.0693027505937228,0.21316614420062696,0.3793103448275862,,0.5,0.25,0.5,0.75
laplace_eb_k20|absolute1,M6_blend,-0.07228212069390143,-0.07120369149366143,0.21316614420062696,0.3949843260188088,,0.5,0.25,0.5,1.0
laplace_eb_k20|absolute1,M6_blend,-0.06777405419788941,-0.07410540119934605,0.18181818181818182,0.3824451410658307,,0.5,0.25,0.75,0.0
laplace_eb_k20|absolute1,M6_blend,-0.06958682055278535,-0.07686514273099017,0.1974921630094044,0.3887147335423197,,0.5,0.25,0.75,0.25
laplace_eb_k20|absolute1,M6_blend,-0.07015624313996065,-0.07585299233424253,0.21003134796238246,0.38557993730407525,,0.5,0.25,0.75,0.5
laplace_eb_k20|absolute1,M6_blend,-0.07383052764406348,-0.07509759707277097,0.21003134796238246,0.3981191222570533,,0.5,0.25,0.75,0.75
laplace_eb_k20|absolute1,M6_blend,-0.07492086712874532,-0.0772340858594564,0.21316614420062696,0.4043887147335423,,0.5,0.25,0.75,1.0
laplace_eb_k20|absolute1,M6_blend,-0.0701223836624613,-0.07572263230490835,0.20689655172413793,0.39184952978056425,,0.5,0.25,1.0,0.0
laplace_eb_k20|absolute1,M6_blend,-0.07174545846447765,-0.07349497980225049,0.21316614420062696,0.3887147335423197,,0.5,0.25,1.0,0.25
laplace_eb_k20|absolute1,M6_blend,-0.07429384748034544,-0.07672629567289427,0.21630094043887146,0.40752351097178685,,0.5,0.25,1.0,0.5
laplace_eb_k20|absolute1,M6_blend,-0.07517990735354187,-0.07885922546437169,0.2225705329153605,0.40752351097178685,,0.5,0.25,1.0,0.75
laplace_eb_k20|absolute1,M6_blend,-0.07913768258192927,-0.0856227931160725,0.21630094043887146,0.43260188087774293,,0.5,0.25,1.0,1.0
laplace_eb_k20|absolute1,M6_blend,-0.05574493916336116,-0.0652084583796117,0.16927899686520376,0.3166144200626959,,0.5,0.5,0.0,0.0
laplace_eb_k20|absolute1,M6_blend,-0.059889263842585826,-0.06405224000632202,0.1755485893416928,0.32601880877742945,,0.5,0.5,0.0,0.25
laplace_eb_k20|absolute1,M6_blend,-0.06128612813881359,-0.06604612166745162,0.1786833855799373,0.3510971786833856,,0.5,0.5,0.0,0.5
laplace_eb_k20|absolute1,M6_blend,-0.0666319931876381,-0.07074500264185349,0.18808777429467086,0.3793103448275862,,0.5,0.5,0.0,0.75
laplace_eb_k20|absolute1,M6_blend,-0.06904358937615075,-0.0743491635030153,0.19122257053291536,0.3981191222570533,,0.5,0.5,0.0,1.0
laplace_eb_k20|absolute1,M6_blend,-0.06085993931469654,-0.06753950735384767,0.16927899686520376,0.335423197492163,,0.5,0.5,0.25,0.0
laplace_eb_k20|absolute1,M6_blend,-0.06325729535616816,-0.06779452265009611,0.18181818181818182,0.36363636363636365,,0.5,0.5,0.25,0.25
laplace_eb_k20|absolute1,M6_blend,-0.06749911746964843,-0.07339774986559694,0.19435736677115986,0.3887147335423197,,0.5,0.5,0.25,0.5
laplace_eb_k20|absolute1,M6_blend,-0.07060404731796584,-0.07628410049133166,0.19122257053291536,0.4012539184952978,,0.5,0.5,0.25,0.75
laplace_eb_k20|absolute1,M6_blend,-0.07246570257313023,-0.07782594283873384,0.19122257053291536,0.41379310344827586,,0.5,0.5,0.25,1.0
laplace_eb_k20|absolute1,M6_blend,-0.06438604819748533,-0.07465059269324739,0.18495297805642633,0.3761755485893417,,0.5,0.5,0.5,0.0
laplace_eb_k20|absolute1,M6_blend,-0.07045039691583621,-0.07740134985235791,0.19435736677115986,0.3981191222570533,,0.5,0.5,0.5,0.25
laplace_eb_k20|absolute1,M6_blend,-0.07172558173258282,-0.08156075091524558,0.19435736677115986,0.40752351097178685,,0.5,0.5,0.5,0.5
laplace_eb_k20|absolute1,M6_blend,-0.07695725561699836,-0.08106461661316011,0.1974921630094044,0.4263322884012539,,0.5,0.5,0.5,0.75
laplace_eb_k20|absolute1,M6_blend,-0.07846904376119689,-0.08223776905841214,0.2006269592476489,0.4231974921630094,,0.5,0.5,0.5,1.0
laplace_eb_k20|absolute1,M6_blend,-0.07291658359324106,-0.0822667980619172,0.19435736677115986,0.4106583072100313,,0.5,0.5,0.75,0.0
laplace_eb_k20|absolute1,M6_blend,-0.07297833207045344,-0.08194842868043711,0.2006269592476489,0.40752351097178685,,0.5,0.5,0.75,0.25
laplace_eb_k20|absolute1,M6_blend,-0.07740646720188192,-0.08531791007957862,0.2006269592476489,0.43260188087774293,,0.5,0.5,0.75,0.5
laplace_eb_k20|absolute1,M6_blend,-0.07878432712058382,-0.0846762749071592,0.20689655172413793,0.4231974921630094,,0.5,0.5,0.75,0.75
laplace_eb_k20|absolute1,M6_blend,-0.08007480788595152,-0.08965686125955238,0.21316614420062696,0.438871473354232,,0.5,0.5,0.75,1.0
laplace_eb_k20|absolute1,M6_blend,-0.07510781961101784,-0.08177446070649781,0.20376175548589343,0.4200626959247649,,0.5,0.5,1.0,0.0
laplace_eb_k20|absolute1,M6_blend,-0.07939028513383392,-0.08558874457000192,0.20376175548589343,0.438871473354232,,0.5,0.5,1.0,0.25
laplace_eb_k20|absolute1,M6_blend,-0.08100721468127509,-0.08657645566102853,0.21003134796238246,0.43573667711598746,,0.5,0.5,1.0,0.5
laplace_eb_k20|absolute1,M6_blend,-0.08165499886019466,-0.08911649769516575,0.21316614420062696,0.4482758620689655,,0.5,0.5,1.0,0.75
laplace_eb_k20|absolute1,M6_blend,-0.0839004446914131,-0.09084040623707083,0.22570532915360503,0.45141065830721006,,0.5,0.5,1.0,1.0
laplace_eb_k20|absolute1,M6_blend,-0.0602463932690934,-0.0644348881624896,0.1786833855799373,0.335423197492163,,0.5,0.75,0.0,0.0
laplace_eb_k20|absolute1,M6_blend,-0.061713398332391485,-0.0677071584966676,0.18495297805642633,0.3542319749216301,,0.5,0.75,0.0,0.25
laplace_eb_k20|absolute1,M6_blend,-0.06879126775907968,-0.07246828222863352,0.19122257053291536,0.38557993730407525,,0.5,0.75,0.0,0.5
laplace_eb_k20|absolute1,M6_blend,-0.07118656988423275,-0.07465183236242089,0.19122257053291536,0.4012539184952978,,0.5,0.75,0.0,0.75
laplace_eb_k20|absolute1,M6_blend,-0.07594802672285289,-0.07613555331448776,0.19435736677115986,0.4106583072100313,,0.5,0.75,0.0,1.0
laplace_eb_k20|absolute1,M6_blend,-0.06421944069419404,-0.06965757503545023,0.18495297805642633,0.3730407523510972,,0.5,0.75,0.25,0.0
laplace_eb_k20|absolute1,M6_blend,-0.06950371975295568,-0.07377846491140631,0.19435736677115986,0.3981191222570533,,0.5,0.75,0.25,0.25
laplace_eb_k20|absolute1,M6_blend,-0.07208342351876454,-0.07797602149526528,0.18808777429467086,0.40752351097178685,,0.5,0.75,0.25,0.5
laplace_eb_k20|absolute1,M6_blend,-0.07644400513754279,-0.07804266320173643,0.1974921630094044,0.4169278996865204,,0.5,0.75,0.25,0.75
laplace_eb_k20|absolute1,M6_blend,-0.07884722807633442,-0.07875297829321933,0.20376175548589343,0.4169278996865204,,0.5,0.75,0.25,1.0
laplace_eb_k20|absolute1,M6_blend,-0.071665110843254,-0.07917518221238938,0.1974921630094044,0.4106583072100313,,0.5,0.75,0.5,0.0
laplace_eb_k20|absolute1,M6_blend,-0.07397041883948631,-0.08418874768394288,0.18808777429467086,0.4231974921630094,,0.5,0.75,0.5,0.25
laplace_eb_k20|absolute1,M6_blend,-0.07860575195487826,-0.08211080922648825,0.20376175548589343,0.42946708463949845,,0.5,0.75,0.5,0.5
laplace_eb_k20|absolute1,M6_blend,-0.08159657216239466,-0.08359359257320252,0.2006269592476489,0.43260188087774293,,0.5,0.75,0.5,0.75
laplace_eb_k20|absolute1,M6_blend,-0.08258135430753477,-0.08765811224389226,0.21003134796238246,0.445141065830721,,0.5,0.75,0.5,1.0
laplace_eb_k20|absolute1,M6_blend,-0.07669596883212694,-0.08513334878139361,0.19435736677115986,0.4231974921630094,,0.5,0.75,0.75,0.0
laplace_eb_k20|absolute1,M6_blend,-0.07931468868336443,-0.08483996584450937,0.2006269592476489,0.438871473354232,,0.5,0.75,0.75,0.25
laplace_eb_k20|absolute1,M6_blend,-0.08148450017264983,-0.08662453584583202,0.2006269592476489,0.438871473354232,,0.5,0.75,0.75,0.5
laplace_eb_k20|absolute1,M6_blend,-0.08334077376864876,-0.09211846944353423,0.21316614420062696,0.445141065830721,,0.5,0.75,0.75,0.75
laplace_eb_k20|absolute1,M6_blend,-0.08400130132557973,-0.09314648467218241,0.21316614420062696,0.45454545454545453,,0.5,0.75,0.75,1.0
laplace_eb_k20|absolute1,M6_blend,-0.08094361294639045,-0.08709273469812444,0.20689655172413793,0.4482758620689655,,0.5,0.75,1.0,0.0
laplace_eb_k20|absolute1,M6_blend,-0.08292637567501515,-0.08672838030984409,0.21316614420062696,0.445141065830721,,0.5,0.75,1.0,0.25
laplace_eb_k20|absolute1,M6_blend,-0.0835609571365979,-0.0912491452754665,0.21630094043887146,0.4608150470219436,,0.5,0.75,1.0,0.5
laplace_eb_k20|absolute1,M6_blend,-0.08402832788240232,-0.09407612808679339,0.2225705329153605,0.46394984326018807,,0.5,0.75,1.0,0.75
laplace_eb_k20|absolute1,M6_blend,-0.08724037051049183,-0.0914720435945031,0.22884012539184953,0.45141065830721006,,0.5,0.75,1.0,1.0
laplace_eb_k20|absolute1,M6_blend,-0.06438878719569746,-0.06937962720246524,0.18808777429467086,0.3667711598746082,,0.5,1.0,0.0,0.0
laplace_eb_k20|absolute1,M6_blend,-0.06716145937816836,-0.07298062892402975,0.1974921630094044,0.38557993730407525,,0.5,1.0,0.0,0.25
laplace_eb_k20|absolute1,M6_blend,-0.07330437458983723,-0.0747697615534721,0.20376175548589343,0.4012539184952978,,0.5,1.0,0.0,0.5
laplace_eb_k20|absolute1,M6_blend,-0.07638732517447858,-0.07827947960238098,0.1974921630094044,0.41379310344827586,,0.5,1.0,0.0,0.75
laplace_eb_k20|absolute1,M6_blend,-0.079964118517494,-0.08144148867752485,0.2006269592476489,0.4263322884012539,,0.5,1.0,0.0,1.0
laplace_eb_k20|absolute1,M6_blend,-0.06957256852952522,-0.07399791970755613,0.1974921630094044,0.3981191222570533,,0.5,1.0,0.25,0.0
laplace_eb_k20|absolute1,M6_blend,-0.07447665967556366,-0.0765737950638357,0.19435736677115986,0.4106583072100313,,0.5,1.0,0.25,0.25
laplace_eb_k20|absolute1,M6_blend,-0.07713271891761884,-0.07808890491490454,0.1974921630094044,0.4169278996865204,,0.5,1.0,0.25,0.5
laplace_eb_k20|absolute1,M6_blend,-0.08075236253533724,-0.08102480297598719,0.20376175548589343,0.4231974921630094,,0.5,1.0,0.25,0.75
laplace_eb_k20|absolute1,M6_blend,-0.08224629896962357,-0.08487345386868735,0.20689655172413793,0.44200626959247646,,0.5,1.0,0.25,1.0
laplace_eb_k20|absolute1,M6_blend,-0.07688377795720808,-0.08145464079740652,0.1974921630094044,0.4231974921630094,,0.5,1.0,0.5,0.0
laplace_eb_k20|absolute1,M6_blend,-0.08026337124442295,-0.0825310213181853,0.2006269592476489,0.42946708463949845,,0.5,1.0,0.5,0.25
laplace_eb_k20|absolute1,M6_blend,-0.08308410840156724,-0.08753183214315052,0.19435736677115986,0.45141065830721006,,0.5,1.0,0.5,0.5
laplace_eb_k20|absolute1,M6_blend,-0.08566914833599494,-0.09023779258131981,0.21003134796238246,0.445141065830721,,0.5,1.0,0.5,0.75
laplace_eb_k20|absolute1,M6_blend,-0.08767882415919792,-0.09243155760124186,0.21003134796238246,0.45768025078369906,,0.5,1.0,0.5,1.0
laplace_eb_k20|absolute1,M6_blend,-0.08009715064334341,-0.08238143524079114,0.21316614420062696,0.4263322884012539,,0.5,1.0,0.75,0.0
laplace_eb_k20|absolute1,M6_blend,-0.08292280697419704,-0.08934569715005478,0.20376175548589343,0.45454545454545453,,0.5,1.0,0.75,0.25
laplace_eb_k20|absolute1,M6_blend,-0.08531884337825264,-0.09134921778378816,0.21316614420062696,0.45141065830721006,,0.5,1.0,0.75,0.5
laplace_eb_k20|absolute1,M6_blend,-0.08722239697552531,-0.09301282770254395,0.21316614420062696,0.45768025078369906,,0.5,1.0,0.75,0.75
laplace_eb_k20|absolute1,M6_blend,-0.08946284363263739,-0.09184571907951913,0.21630094043887146,0.45768025078369906,,0.5,1.0,0.75,1.0
laplace_eb_k20|absolute1,M6_blend,-0.08398953215977503,-0.08994989299148227,0.21003134796238246,0.46394984326018807,,0.5,1.0,1.0,0.0
laplace_eb_k20|absolute1,M6_blend,-0.0848740987749643,-0.09241184257087663,0.21630094043887146,0.46394984326018807,,0.5,1.0,1.0,0.25
laplace_eb_k20|absolute1,M6_blend,-0.08773177268820473,-0.09491985280732376,0.219435736677116,0.4670846394984326,,0.5,1.0,1.0,0.5
laplace_eb_k20|absolute1,M6_blend,-0.08941887583236734,-0.09488207544419085,0.2225705329153605,0.47648902821316613,,0.5,1.0,1.0,0.75
laplace_eb_k20|absolute1,M6_blend,-0.091282897743668,-0.09618916905552242,0.219435736677116,0.4827586206896552,,0.5,1.0,1.0,1.0
laplace_eb_k20|absolute1,M6_blend,-0.04448691255079926,-0.05295184125020212,0.16300940438871472,0.3103448275862069,,0.75,0.0,0.0,0.0
laplace_eb_k20|absolute1,M6_blend,-0.05208985393141356,-0.04872055313196676,0.16927899686520376,0.31347962382445144,,0.75,0.0,0.0,0.25
laplace_eb_k20|absolute1,M6_blend,-0.05391609844601032,-0.054715007765446334,0.16927899686520376,0.329153605015674,,0.75,0.0,0.0,0.5
laplace_eb_k20|absolute1,M6_blend,-0.057303046822497,-0.052012827527653835,0.18495297805642633,0.322884012539185,,0.75,0.0,0.0,0.75
laplace_eb_k20|absolute1,M6_blend,-0.060565240530547494,-0.06177577143972944,0.18808777429467086,0.3510971786833856,,0.75,0.0,0.0,1.0
laplace_eb_k20|absolute1,M6_blend,-0.05240254382685607,-0.058216643756179604,0.15987460815047022,0.3448275862068966,,0.75,0.0,0.25,0.0
laplace_eb_k20|absolute1,M6_blend,-0.05808930243482147,-0.06025136835569498,0.16614420062695925,0.34796238244514105,,0.75,0.0,0.25,0.25
laplace_eb_k20|absolute1,M6_blend,-0.060451211414145035,-0.06240753994139384,0.18495297805642633,0.34796238244514105,,0.75,0.0,0.25,0.5
laplace_eb_k20|absolute1,M6_blend,-0.06230283662855014,-0.06834779251191683,0.1786833855799373,0.3730407523510972,,0.75,0.0,0.25,0.75
laplace_eb_k20|absolute1,M6_blend,-0.06528619929919006,-0.06490878378943216,0.1974921630094044,0.3730407523510972,,0.75,0.0,0.25,1.0
laplace_eb_k20|absolute1,M6_blend,-0.06168989560530778,-0.06432457348816448,0.1755485893416928,0.36363636363636365,,0.75,0.0,0.5,0.0
laplace_eb_k20|absolute1,M6_blend,-0.06426044390589881,-0.0619514653324894,0.19435736677115986,0.34796238244514105,,0.75,0.0,0.5,0.25
laplace_eb_k20|absolute1,M6_blend,-0.06855796523612832,-0.07022658155115795,0.18495297805642633,0.39184952978056425,,0.75,0.0,0.5,0.5
laplace_eb_k20|absolute1,M6_blend,-0.06907175848756944,-0.0719246451500628,0.19435736677115986,0.39184952978056425,,0.75,0.0,0.5,0.75
laplace_eb_k20|absolute1,M6_blend,-0.068919719256257,-0.07262354658268462,0.20689655172413793,0.4012539184952978,,0.75,0.0,0.5,1.0
laplace_eb_k20|absolute1,M6_blend,-0.06839609775370822,-0.06603180316968771,0.19122257053291536,0.36990595611285265,,0.75,0.0,0.75,0.0
laplace_eb_k20|absolute1,M6_blend,-0.06778931053029691,-0.07151869090046255,0.18808777429467086,0.39184952978056425,,0.75,0.0,0.75,0.25
laplace_eb_k20|absolute1,M6_blend,-0.07140016899065482,-0.07171731410682389,0.2006269592476489,0.3981191222570533,,0.75,0.0,0.75,0.5
laplace_eb_k20|absolute1,M6_blend,-0.07427501164886947,-0.07696703005126651,0.20689655172413793,0.40752351097178685,,0.75,0.0,0.75,0.75
laplace_eb_k20|absolute1,M6_blend,-0.07466725384575741,-0.07710292107399355,0.21003134796238246,0.40752351097178685,,0.75,0.0,0.75,1.0
laplace_eb_k20|absolute1,M6_blend,-0.07511860249773016,-0.07875651661832131,0.19435736677115986,0.41379310344827586,,0.75,0.0,1.0,0.0
laplace_eb_k20|absolute1,M6_blend,-0.0724056232511119,-0.07337934590385625,0.21003134796238246,0.40752351097178685,,0.75,0.0,1.0,0.25
laplace_eb_k20|absolute1,M6_blend,-0.0755925492740476,-0.0742292618466582,0.21630094043887146,0.4106583072100313,,0.75,0.0,1.0,0.5
laplace_eb_k20|absolute1,M6_blend,-0.07823127378144244,-0.07584115417913584,0.2225705329153605,0.4169278996865204,,0.75,0.0,1.0,0.75
laplace_eb_k20|absolute1,M6_blend,-0.08181001691297249,-0.07986842001259888,0.23197492163009403,0.4231974921630094,,0.75,0.0,1.0,1.0
laplace_eb_k20|absolute1,M6_blend,-0.06348761379218115,-0.06608887256172757,0.1724137931034483,0.3322884012539185,,0.75,0.25,0.0,0.0
laplace_eb_k20|absolute1,M6_blend,-0.06531389958197611,-0.0675801261208461,0.15987460815047022,0.3542319749216301,,0.75,0.25,0.0,0.25
laplace_eb_k20|absolute1,M6_blend,-0.06448876001746956,-0.06381206407115378,0.18181818181818182,0.3542319749216301,,0.75,0.25,0.0,0.5
laplace_eb_k20|absolute1,M6_blend,-0.0684138012303205,-0.0711558354802453,0.1755485893416928,0.38557993730407525,,0.75,0.25,0.0,0.75
laplace_eb_k20|absolute1,M6_blend,-0.07126084970764324,-0.07343208302851754,0.19122257053291536,0.4043887147335423,,0.75,0.25,0.0,1.0
laplace_eb_k20|absolute1,M6_blend,-0.06760563537826367,-0.08085846995531952,0.15673981191222572,0.3793103448275862,,0.75,0.25,0.25,0.0
laplace_eb_k20|absolute1,M6_blend,-0.06559596883858594,-0.07519177836730936,0.16927899686520376,0.38557993730407525,,0.75,0.25,0.25,0.25
laplace_eb_k20|absolute1,M6_blend,-0.07068755122321681,-0.07968350272146886,0.1786833855799373,0.4043887147335423,,0.75,0.25,0.25,0.5
laplace_eb_k20|absolute1,M6_blend,-0.07222102943739954,-0.07633344103877074,0.19122257053291536,0.4043887147335423,,0.75,0.25,0.25,0.75
laplace_eb_k20|absolute1,M6_blend,-0.07390190710595773,-0.07590640594359475,0.1974921630094044,0.40752351097178685,,0.75,0.25,0.25,1.0
laplace_eb_k20|absolute1,M6_blend,-0.0721288725971361,-0.0769693833837128,0.18181818181818182,0.3824451410658307,,0.75,0.25,0.5,0.0
laplace_eb_k20|absolute1,M6_blend,-0.07251133118461232,-0.08290764165102128,0.1786833855799373,0.4169278996865204,,0.75,0.25,0.5,0.25
laplace_eb_k20|absolute1,M6_blend,-0.07442486813559211,-0.08230219593382554,0.18808777429467086,0.4200626959247649,,0.75,0.25,0.5,0.5
laplace_eb_k20|absolute1,M6_blend,-0.07618228555922152,-0.08199424423907992,0.1974921630094044,0.4200626959247649,,0.75,0.25,0.5,0.75
laplace_eb_k20|absolute1,M6_blend,-0.07896849829788428,-0.0822409783668092,0.21316614420062696,0.4200626959247649,,0.75,0.25,0.5,1.0
laplace_eb_k20|absolute1,M6_blend,-0.07781814228014591,-0.08812372861751194,0.18181818181818182,0.4263322884012539,,0.75,0.25,0.75,0.0
laplace_eb_k20|absolute1,M6_blend,-0.07825910937330624,-0.08330681391036997,0.19435736677115986,0.4263322884012539,,0.75,0.25,0.75,0.25
laplace_eb_k20|absolute1,M6_blend,-0.07875719833678878,-0.08241825215635255,0.20376175548589343,0.4263322884012539,,0.75,0.25,0.75,0.5
laplace_eb_k20|absolute1,M6_blend,-0.0822250679337392,-0.08357694841991398,0.21003134796238246,0.4231974921630094,,0.75,0.25,0.75,0.75
laplace_eb_k20|absolute1,M6_blend,-0.083384725855237,-0.08635155743332493,0.21630094043887146,0.43573667711598746,,0.75,0.25,0.75,1.0
laplace_eb_k20|absolute1,M6_blend,-0.08058693046986012,-0.08183750387596486,0.2006269592476489,0.43260188087774293,,0.75,0.25,1.0,0.0
laplace_eb_k20|absolute1,M6_blend,-0.08118991164309196,-0.08500744765595208,0.21003134796238246,0.43260188087774293,,0.75,0.25,1.0,0.25
laplace_eb_k20|absolute1,M6_blend,-0.08539720100922413,-0.0835729141757593,0.2225705329153605,0.43260188087774293,,0.75,0.25,1.0,0.5
laplace_eb_k20|absolute1,M6_blend,-0.08730373744389301,-0.08822267774644317,0.22570532915360503,0.445141065830721,,0.75,0.25,1.0,0.75
laplace_eb_k20|absolute1,M6_blend,-0.08703324182414086,-0.0892459153545127,0.23197492163009403,0.45454545454545453,,0.75,0.25,1.0,1.0
laplace_eb_k20|absolute1,M6_blend,-0.06634253105424463,-0.07050068271244207,0.16300940438871472,0.3573667711598746,,0.75,0.5,0.0,0.0
laplace_eb_k20|absolute1,M6_blend,-0.067350516971922,-0.07280781191297833,0.1755485893416928,0.3761755485893417,,0.75,0.5,0.0,0.25
laplace_eb_k20|absolute1,M6_blend,-0.07016707071504112,-0.07575961310988684,0.18495297805642633,0.4043887147335423,,0.75,0.5,0.0,0.5
laplace_eb_k20|absolute1,M6_blend,-0.0725250781868035,-0.07614857751327249,0.18495297805642633,0.41379310344827586,,0.75,0.5,0.0,0.75
laplace_eb_k20|absolute1,M6_blend,-0.0758272913477653,-0.07731219676548037,0.19435736677115986,0.4106583072100313,,0.75,0.5,0.0,1.0
laplace_eb_k20|absolute1,M6_blend,-0.06933383971817605,-0.07916896525174846,0.1755485893416928,0.3949843260188088,,0.75,0.5,0.25,0.0
laplace_eb_k20|absolute1,M6_blend,-0.0707063354564521,-0.08228408737943091,0.18181818181818182,0.41379310344827586,,0.75,0.5,0.25,0.25
laplace_eb_k20|absolute1,M6_blend,-0.07286457782547608,-0.08095063496859843,0.18181818181818182,0.4231974921630094,,0.75,0.5,0.25,0.5
laplace_eb_k20|absolute1,M6_blend,-0.07638084474136386,-0.08095164413689446,0.19122257053291536,0.4231974921630094,,0.75,0.5,0.25,0.75
laplace_eb_k20|absolute1,M6_blend,-0.08156295676751738,-0.08299130690649012,0.19435736677115986,0.4263322884012539,,0.75,0.5,0.25,1.0
laplace_eb_k20|absolute1,M6_blend,-0.07521294836795005,-0.08435155127816439,0.1786833855799373,0.4200626959247649,,0.75,0.5,0.5,0.0
laplace_eb_k20|absolute1,M6_blend,-0.0769333866019659,-0.08517913850824288,0.18808777429467086,0.42946708463949845,,0.75,0.5,0.5,0.25
laplace_eb_k20|absolute1,M6_blend,-0.07947850198079758,-0.08488005384522546,0.1974921630094044,0.43260188087774293,,0.75,0.5,0.5,0.5
laplace_eb_k20|absolute1,M6_blend,-0.08277521680633204,-0.09042602141028662,0.2006269592476489,0.44200626959247646,,0.75,0.5,0.5,0.75
laplace_eb_k20|absolute1,M6_blend,-0.08405078986791177,-0.09645925577858398,0.1974921630094044,0.46394984326018807,,0.75,0.5,0.5,1.0
laplace_eb_k20|absolute1,M6_blend,-0.07995567004093455,-0.08705088611820648,0.19435736677115986,0.43260188087774293,,0.75,0.5,0.75,0.0
laplace_eb_k20|absolute1,M6_blend,-0.08212745244002738,-0.08713124046645195,0.2006269592476489,0.438871473354232,,0.75,0.5,0.75,0.25
laplace_eb_k20|absolute1,M6_blend,-0.08314894238016982,-0.08976170045782032,0.20376175548589343,0.445141065830721,,0.75,0.5,0.75,0.5
laplace_eb_k20|absolute1,M6_blend,-0.08539581161171647,-0.09630720096649047,0.2006269592476489,0.4670846394984326,,0.75,0.5,0.75,0.75
laplace_eb_k20|absolute1,M6_blend,-0.0864625102047467,-0.09375809678416641,0.21316614420062696,0.46394984326018807,,0.75,0.5,0.75,1.0
laplace_eb_k20|absolute1,M6_blend,-0.08349373987594785,-0.09007085685772956,0.21003134796238246,0.4482758620689655,,0.75,0.5,1.0,0.0
laplace_eb_k20|absolute1,M6_blend,-0.08547173744064368,-0.09057065633163557,0.219435736677116,0.445141065830721,,0.75,0.5,1.0,0.25
laplace_eb_k20|absolute1,M6_blend,-0.08920866970406688,-0.09458322448183003,0.21630094043887146,0.4702194357366771,,0.75,0.5,1.0,0.5
laplace_eb_k20|absolute1,M6_blend,-0.09005540134390531,-0.09190591743513708,0.22884012539184953,0.4670846394984326,,0.75,0.5,1.0,0.75
laplace_eb_k20|absolute1,M6_blend,-0.09139234898744494,-0.09223522113922247,0.22570532915360503,0.4702194357366771,,0.75,0.5,1.0,1.0
laplace_eb_k20|absolute1,M6_blend,-0.06746688409197167,-0.07446987035926607,0.18181818181818182,0.38557993730407525,,0.75,0.75,0.0,0.0
laplace_eb_k20|absolute1,M6_blend,-0.07194392235020435,-0.07601549727462675,0.19122257053291536,0.4043887147335423,,0.75,0.75,0.0,0.25
laplace_eb_k20|absolute1,M6_blend,-0.07484377395777468,-0.07393536131630497,0.1974921630094044,0.40752351097178685,,0.75,0.75,0.0,0.5
laplace_eb_k20|absolute1,M6_blend,-0.0774216372434873,-0.07710773090256792,0.2006269592476489,0.4106583072100313,,0.75,0.75,0.0,0.75
laplace_eb_k20|absolute1,M6_blend,-0.08046889279020743,-0.07998583749590622,0.2006269592476489,0.4200626959247649,,0.75,0.75,0.0,1.0
laplace_eb_k20|absolute1,M6_blend,-0.07314730226645641,-0.08227571911619375,0.18808777429467086,0.4169278996865204,,0.75,0.75,0.25,0.0
laplace_eb_k20|absolute1,M6_blend,-0.07536906643361192,-0.07849956223256535,0.19435736677115986,0.4200626959247649,,0.75,0.75,0.25,0.25
laplace_eb_k20|absolute1,M6_blend,-0.07693367055564236,-0.0818349067997596,0.1974921630094044,0.4231974921630094,,0.75,0.75,0.25,0.5
laplace_eb_k20|absolute1,M6_blend,-0.08241296164979968,-0.0820023779141305,0.1974921630094044,0.42946708463949845,,0.75,0.75,0.25,0.75
laplace_eb_k20|absolute1,M6_blend,-0.08443609569943032,-0.08970910886471922,0.1974921630094044,0.45141065830721006,,0.75,0.75,0.25,1.0
laplace_eb_k20|absolute1,M6_blend,-0.07899923281901111,-0.08186625015446011,0.2006269592476489,0.42946708463949845,,0.75,0.75,0.5,0.0
laplace_eb_k20|absolute1,M6_blend,-0.07912593301394127,-0.08602082571686248,0.20689655172413793,0.438871473354232,,0.75,0.75,0.5,0.25
laplace_eb_k20|absolute1,M6_blend,-0.08292074745482764,-0.08795515381290248,0.20689655172413793,0.445141065830721,,0.75,0.75,0.5,0.5
laplace_eb_k20|absolute1,M6_blend,-0.0852859357736818,-0.09372036034083665,0.21003134796238246,0.4608150470219436,,0.75,0.75,0.5,0.75
laplace_eb_k20|absolute1,M6_blend,-0.08693464817203463,-0.0919190048353986,0.219435736677116,0.45768025078369906,,0.75,0.75,0.5,1.0
laplace_eb_k20|absolute1,M6_blend,-0.0820339986829592,-0.08784652383396618,0.20689655172413793,0.44200626959247646,,0.75,0.75,0.75,0.0
laplace_eb_k20|absolute1,M6_blend,-0.08323925057667941,-0.08979729585186068,0.21003134796238246,0.45141065830721006,,0.75,0.75,0.75,0.25
laplace_eb_k20|absolute1,M6_blend,-0.086565413075268,-0.09329073828262595,0.21003134796238246,0.4702194357366771,,0.75,0.75,0.75,0.5
laplace_eb_k20|absolute1,M6_blend,-0.08760005652963912,-0.09585582118096023,0.219435736677116,0.47648902821316613,,0.75,0.75,0.75,0.75
laplace_eb_k20|absolute1,M6_blend,-0.08936335046081921,-0.09725968592265931,0.219435736677116,0.47962382445141066,,0.75,0.75,0.75,1.0
laplace_eb_k20|absolute1,M6_blend,-0.08493542899499629,-0.09085419121253827,0.21630094043887146,0.46394984326018807,,0.75,0.75,1.0,0.0
laplace_eb_k20|absolute1,M6_blend,-0.08769955361131494,-0.09234342578109529,0.219435736677116,0.4702194357366771,,0.75,0.75,1.0,0.25
laplace_eb_k20|absolute1,M6_blend,-0.08977236415674286,-0.09240483369993566,0.22884012539184953,0.47648902821316613,,0.75,0.75,1.0,0.5
laplace_eb_k20|absolute1,M6_blend,-0.09201713550675678,-0.09324309922357711,0.22570532915360503,0.47648902821316613,,0.75,0.75,1.0,0.75
laplace_eb_k20|absolute1,M6_blend,-0.09405130230485417,-0.09433787562490258,0.22570532915360503,0.4827586206896552,,0.75,0.75,1.0,1.0
laplace_eb_k20|absolute1,M6_blend,-0.07628191873040857,-0.07896455123927153,0.18495297805642633,0.4043887147335423,,0.75,1.0,0.0,0.0
laplace_eb_k20|absolute1,M6_blend,-0.07793443687769303,-0.07719610562565558,0.1974921630094044,0.4106583072100313,,0.75,1.0,0.0,0.25
laplace_eb_k20|absolute1,M6_blend,-0.0773238188508635,-0.08100039534107271,0.1974921630094044,0.4200626959247649,,0.75,1.0,0.0,0.5
laplace_eb_k20|absolute1,M6_blend,-0.07995520431573815,-0.08135090549958163,0.1974921630094044,0.43260188087774293,,0.75,1.0,0.0,0.75
laplace_eb_k20|absolute1,M6_blend,-0.08344749184134406,-0.08460657678100757,0.2006269592476489,0.438871473354232,,0.75,1.0,0.0,1.0
laplace_eb_k20|absolute1,M6_blend,-0.07751420875565745,-0.08065852430593631,0.1974921630094044,0.4263322884012539,,0.75,1.0,0.25,0.0
laplace_eb_k20|absolute1,M6_blend,-0.07839672339991041,-0.08388626165571257,0.20376175548589343,0.42946708463949845,,0.75,1.0,0.25,0.25
laplace_eb_k20|absolute1,M6_blend,-0.08211692428780648,-0.08667228075450864,0.19435736677115986,0.4482758620689655,,0.75,1.0,0.25,0.5
laplace_eb_k20|absolute1,M6_blend,-0.08659518390028378,-0.08938627544101503,0.19435736677115986,0.45454545454545453,,0.75,1.0,0.25,0.75
laplace_eb_k20|absolute1,M6_blend,-0.08932574151469934,-0.09046739485803816,0.20689655172413793,0.45454545454545453,,0.75,1.0,0.25,1.0
laplace_eb_k20|absolute1,M6_blend,-0.08132580543204225,-0.08874930951709284,0.20689655172413793,0.445141065830721,,0.75,1.0,0.5,0.0
laplace_eb_k20|absolute1,M6_blend,-0.08371991016912637,-0.090130123049955,0.1974921630094044,0.46394984326018807,,0.75,1.0,0.5,0.25
laplace_eb_k20|absolute1,M6_blend,-0.08929835043100806,-0.0937885376376605,0.2006269592476489,0.47335423197492166,,0.75,1.0,0.5,0.5
laplace_eb_k20|absolute1,M6_blend,-0.09185895738287368,-0.09215868996648953,0.21316614420062696,0.47335423197492166,,0.75,1.0,0.5,0.75
laplace_eb_k20|absolute1,M6_blend,-0.0929631788775766,-0.09279490256430961,0.21003134796238246,0.47962382445141066,,0.75,1.0,0.5,1.0
laplace_eb_k20|absolute1,M6_blend,-0.08476526301634203,-0.0925697796980976,0.1974921630094044,0.4702194357366771,,0.75,1.0,0.75,0.0
laplace_eb_k20|absolute1,M6_blend,-0.08961563235984644,-0.09487155636883454,0.20376175548589343,0.47962382445141066,,0.75,1.0,0.75,0.25
laplace_eb_k20|absolute1,M6_blend,-0.09220107725199847,-0.09566031775924853,0.21630094043887146,0.47962382445141066,,0.75,1.0,0.75,0.5
laplace_eb_k20|absolute1,M6_blend,-0.09302783191229529,-0.09731617131997425,0.21630094043887146,0.47962382445141066,,0.75,1.0,0.75,0.75
laplace_eb_k20|absolute1,M6_blend,-0.09479431117882693,-0.09805311735567628,0.21630094043887146,0.48589341692789967,,0.75,1.0,0.75,1.0
laplace_eb_k20|absolute1,M6_blend,-0.09118047170791826,-0.09249423543534309,0.21630094043887146,0.4827586206896552,,0.75,1.0,1.0,0.0
laplace_eb_k20|absolute1,M6_blend,-0.09445963728486652,-0.09221242523539029,0.22570532915360503,0.47962382445141066,,0.75,1.0,1.0,0.25
laplace_eb_k20|absolute1,M6_blend,-0.09625937049102105,-0.09283769776501626,0.22570532915360503,0.47962382445141066,,0.75,1.0,1.0,0.5
laplace_eb_k20|absolute1,M6_blend,-0.09820748747889682,-0.09421301290953421,0.22570532915360503,0.48589341692789967,,0.75,1.0,1.0,0.75
laplace_eb_k20|absolute1,M6_blend,-0.09813791460220772,-0.0969148240049244,0.22570532915360503,0.49216300940438873,,0.75,1.0,1.0,1.0
laplace_eb_k20|absolute1,M6_blend,-0.06303099701753849,-0.07163789042718358,0.16614420062695925,0.3573667711598746,,1.0,0.0,0.0,0.0
laplace_eb_k20|absolute1,M6_blend,-0.06538689599196365,-0.0732390972724342,0.1724137931034483,0.36990595611285265,,1.0,0.0,0.0,0.25
laplace_eb_k20|absolute1,M6_blend,-0.06969626880291178,-0.07262140807920489,0.1755485893416928,0.36990595611285265,,1.0,0.0,0.0,0.5
laplace_eb_k20|absolute1,M6_blend,-0.0722280436880666,-0.07509554129642752,0.18495297805642633,0.3793103448275862,,1.0,0.0,0.0,0.75
laplace_eb_k20|absolute1,M6_blend,-0.07321218797695189,-0.06978290919272877,0.19435736677115986,0.3793103448275862,,1.0,0.0,0.0,1.0
laplace_eb_k20|absolute1,M6_blend,-0.06649735085623751,-0.07509085952908641,0.16927899686520376,0.3949843260188088,,1.0,0.0,0.25,0.0
laplace_eb_k20|absolute1,M6_blend,-0.07083490322257024,-0.07835598926419,0.16927899686520376,0.3949843260188088,,1.0,0.0,0.25,0.25
laplace_eb_k20|absolute1,M6_blend,-0.07456379958506937,-0.08146202037560529,0.18181818181818182,0.4012539184952978,,1.0,0.0,0.25,0.5
laplace_eb_k20|absolute1,M6_blend,-0.07637141325037952,-0.07648999126026623,0.19435736677115986,0.3949843260188088,,1.0,0.0,0.25,0.75
laplace_eb_k20|absolute1,M6_blend,-0.07753979056386238,-0.07492327317595482,0.21003134796238246,0.4012539184952978,,1.0,0.0,0.25,1.0
laplace_eb_k20|absolute1,M6_blend,-0.0731310053285135,-0.08072029634562779,0.1755485893416928,0.40752351097178685,,1.0,0.0,0.5,0.0
laplace_eb_k20|absolute1,M6_blend,-0.07837016973008055,-0.08323621998619883,0.18181818181818182,0.4106583072100313,,1.0,0.0,0.5,0.25
laplace_eb_k20|absolute1,M6_blend,-0.07913238141083229,-0.07621064353559084,0.1974921630094044,0.4043887147335423,,1.0,0.0,0.5,0.5
laplace_eb_k20|absolute1,M6_blend,-0.07873670320643922,-0.07379295383828187,0.21003134796238246,0.4043887147335423,,1.0,0.0,0.5,0.75
laplace_eb_k20|absolute1,M6_blend,-0.08097145714688884,-0.07676073982377411,0.21316614420062696,0.4200626959247649,,1.0,0.0,0.5,1.0
laplace_eb_k20|absolute1,M6_blend,-0.07982542117153865,-0.08053193903501879,0.19435736677115986,0.4200626959247649,,1.0,0.0,0.75,0.0
laplace_eb_k20|absolute1,M6_blend,-0.08014908402411433,-0.0769507334126761,0.2006269592476489,0.4169278996865204,,1.0,0.0,0.75,0.25
laplace_eb_k20|absolute1,M6_blend,-0.08006996566383062,-0.07392283651662471,0.21630094043887146,0.41379310344827586,,1.0,0.0,0.75,0.5
laplace_eb_k20|absolute1,M6_blend,-0.0853464404494419,-0.07668754209685476,0.22570532915360503,0.4263322884012539,,1.0,0.0,0.75,0.75
laplace_eb_k20|absolute1,M6_blend,-0.08679509972665535,-0.08044279956471957,0.22570532915360503,0.43573667711598746,,1.0,0.0,0.75,1.0
laplace_eb_k20|absolute1,M6_blend,-0.08445419479747025,-0.08654162027292117,0.1974921630094044,0.43260188087774293,,1.0,0.0,1.0,0.0
laplace_eb_k20|absolute1,M6_blend,-0.08342812558241477,-0.08217380675822963,0.219435736677116,0.4231974921630094,,1.0,0.0,1.0,0.25
laplace_eb_k20|absolute1,M6_blend,-0.08661085171815949,-0.07962742521424652,0.219435736677116,0.43260188087774293,,1.0,0.0,1.0,0.5
laplace_eb_k20|absolute1,M6_blend,-0.09034399102932025,-0.08347055193352101,0.22884012539184953,0.43573667711598746,,1.0,0.0,1.0,0.75
laplace_eb_k20|absolute1,M6_blend,-0.09357541059790887,-0.08821395103787553,0.22884012539184953,0.45454545454545453,,1.0,0.0,1.0,1.0
laplace_eb_k20|absolute1,M6_blend,-0.07458553975129793,-0.08217801827481921,0.1786833855799373,0.3824451410658307,,1.0,0.25,0.0,0.0
laplace_eb_k20|absolute1,M6_blend,-0.07693017575601306,-0.08090069923888553,0.18181818181818182,0.39184952978056425,,1.0,0.25,0.0,0.25
laplace_eb_k20|absolute1,M6_blend,-0.07509258015458907,-0.08424237955560131,0.1786833855799373,0.40752351097178685,,1.0,0.25,0.0,0.5
laplace_eb_k20|absolute1,M6_blend,-0.0759213532942744,-0.07832789319482716,0.18808777429467086,0.40752351097178685,,1.0,0.25,0.0,0.75
laplace_eb_k20|absolute1,M6_blend,-0.07768493533719985,-0.08074472633228406,0.19435736677115986,0.4263322884012539,,1.0,0.25,0.0,1.0
laplace_eb_k20|absolute1,M6_blend,-0.07776341875187696,-0.08744253742517348,0.1786833855799373,0.4169278996865204,,1.0,0.25,0.25,0.0
laplace_eb_k20|absolute1,M6_blend,-0.07666804476223191,-0.08674421660064903,0.1786833855799373,0.4231974921630094,,1.0,0.25,0.25,0.25
laplace_eb_k20|absolute1,M6_blend,-0.07909020152715181,-0.08491354731136355,0.19122257053291536,0.4263322884012539,,1.0,0.25,0.25,0.5
laplace_eb_k20|absolute1,M6_blend,-0.08101809988803907,-0.08499172282022742,0.2006269592476489,0.43260188087774293,,1.0,0.25,0.25,0.75
laplace_eb_k20|absolute1,M6_blend,-0.08350422787257303,-0.08554977196090648,0.20376175548589343,0.43573667711598746,,1.0,0.25,0.25,1.0
laplace_eb_k20|absolute1,M6_blend,-0.08335109731364902,-0.09144077913654636,0.1786833855799373,0.43573667711598746,,1.0,0.25,0.5,0.0
laplace_eb_k20|absolute1,M6_blend,-0.08332767225547369,-0.08631054247761595,0.19435736677115986,0.4263322884012539,,1.0,0.25,0.5,0.25
laplace_eb_k20|absolute1,M6_blend,-0.08337801316400867,-0.0856298540710095,0.2006269592476489,0.438871473354232,,1.0,0.25,0.5,0.5
laplace_eb_k20|absolute1,M6_blend,-0.08716919493558127,-0.08694772192256578,0.2006269592476489,0.44200626959247646,,1.0,0.25,0.5,0.75
laplace_eb_k20|absolute1,M6_blend,-0.0897884896822732,-0.0911603812770597,0.20376175548589343,0.45768025078369906,,1.0,0.25,0.5,1.0
laplace_eb_k20|absolute1,M6_blend,-0.08595824262004235,-0.08722781321051352,0.20376175548589343,0.438871473354232,,1.0,0.25,0.75,0.0
laplace_eb_k20|absolute1,M6_blend,-0.0874630073106642,-0.08595603226821251,0.21316614420062696,0.445141065830721,,1.0,0.25,0.75,0.25
laplace_eb_k20|absolute1,M6_blend,-0.08905630232660197,-0.08826140063263033,0.21316614420062696,0.45141065830721006,,1.0,0.25,0.75,0.5
laplace_eb_k20|absolute1,M6_blend,-0.09224921633152117,-0.09181476063255606,0.21316614420062696,0.46394984326018807,,1.0,0.25,0.75,0.75
laplace_eb_k20|absolute1,M6_blend,-0.09315680513256028,-0.09430216872906984,0.21003134796238246,0.47335423197492166,,1.0,0.25,0.75,1.0
laplace_eb_k20|absolute1,M6_blend,-0.08967453378819115,-0.09165316120630895,0.21003134796238246,0.4482758620689655,,1.0,0.25,1.0,0.0
laplace_eb_k20|absolute1,M6_blend,-0.09275781931801103,-0.08898171225451751,0.21316614420062696,0.45454545454545453,,1.0,0.25,1.0,0.25
laplace_eb_k20|absolute1,M6_blend,-0.09624710333043526,-0.09218435245201131,0.21630094043887146,0.4670846394984326,,1.0,0.25,1.0,0.5
laplace_eb_k20|absolute1,M6_blend,-0.09721099266438726,-0.09073105537358869,0.219435736677116,0.47335423197492166,,1.0,0.25,1.0,0.75
laplace_eb_k20|absolute1,M6_blend,-0.09637341312512518,-0.09260159075773995,0.22884012539184953,0.47335423197492166,,1.0,0.25,1.0,1.0
laplace_eb_k20|absolute1,M6_blend,-0.07689677781567554,-0.08391701611091724,0.18181818181818182,0.3981191222570533,,1.0,0.5,0.0,0.0
laplace_eb_k20|absolute1,M6_blend,-0.07869247837811029,-0.08650330609428845,0.18495297805642633,0.4231974921630094,,1.0,0.5,0.0,0.25
laplace_eb_k20|absolute1,M6_blend,-0.07757168629998024,-0.08251764911422535,0.19122257053291536,0.4200626959247649,,1.0,0.5,0.0,0.5
laplace_eb_k20|absolute1,M6_blend,-0.07901613425531324,-0.08062352729394892,0.19122257053291536,0.42946708463949845,,1.0,0.5,0.0,0.75
laplace_eb_k20|absolute1,M6_blend,-0.08274571563632722,-0.08006811666311141,0.1974921630094044,0.4231974921630094,,1.0,0.5,0.0,1.0
laplace_eb_k20|absolute1,M6_blend,-0.08030121213627092,-0.09017776063757256,0.18181818181818182,0.43573667711598746,,1.0,0.5,0.25,0.0
laplace_eb_k20|absolute1,M6_blend,-0.08149417240282941,-0.08609633674395495,0.19435736677115986,0.42946708463949845,,1.0,0.5,0.25,0.25
laplace_eb_k20|absolute1,M6_blend,-0.08187971987118754,-0.08578599310920904,0.2006269592476489,0.438871473354232,,1.0,0.5,0.25,0.5
laplace_eb_k20|absolute1,M6_blend,-0.08292118074682145,-0.08911544316941668,0.2006269592476489,0.45141065830721006,,1.0,0.5,0.25,0.75
laplace_eb_k20|absolute1,M6_blend,-0.08656420667522113,-0.08878278537276771,0.2006269592476489,0.45768025078369906,,1.0,0.5,0.25,1.0
laplace_eb_k20|absolute1,M6_blend,-0.08547280397868645,-0.0865420656961894,0.19435736677115986,0.438871473354232,,1.0,0.5,0.5,0.0
laplace_eb_k20|absolute1,M6_blend,-0.08491361232003482,-0.08537919150204121,0.20376175548589343,0.445141065830721,,1.0,0.5,0.5,0.25
laplace_eb_k20|absolute1,M6_blend,-0.08725119082592343,-0.08863171513504743,0.20689655172413793,0.45141065830721006,,1.0,0.5,0.5,0.5
laplace_eb_k20|absolute1,M6_blend,-0.08887500423462828,-0.0885936634784395,0.21003134796238246,0.46394984326018807,,1.0,0.5,0.5,0.75
laplace_eb_k20|absolute1,M6_blend,-0.08970923515796186,-0.09267113403326666,0.21003134796238246,0.47648902821316613,,1.0,0.5,0.5,1.0
laplace_eb_k20|absolute1,M6_blend,-0.0863627390702656,-0.08858711460494323,0.21003134796238246,0.4482758620689655,,1.0,0.5,0.75,0.0
laplace_eb_k20|absolute1,M6_blend,-0.08952831415828648,-0.09091911989272948,0.21316614420062696,0.45768025078369906,,1.0,0.5,0.75,0.25
laplace_eb_k20|absolute1,M6_blend,-0.09254658331453867,-0.0928784308365333,0.20689655172413793,0.47648902821316613,,1.0,0.5,0.75,0.5
laplace_eb_k20|absolute1,M6_blend,-0.09397880637335139,-0.09404459779025245,0.21003134796238246,0.48589341692789967,,1.0,0.5,0.75,0.75
laplace_eb_k20|absolute1,M6_blend,-0.09551318508524083,-0.09369381959769045,0.219435736677116,0.48589341692789967,,1.0,0.5,0.75,1.0
laplace_eb_k20|absolute1,M6_blend,-0.09386347678907911,-0.09391186406199462,0.21630094043887146,0.46394984326018807,,1.0,0.5,1.0,0.0
laplace_eb_k20|absolute1,M6_blend,-0.09516672648973169,-0.09530757908303536,0.21316614420062696,0.47962382445141066,,1.0,0.5,1.0,0.25
laplace_eb_k20|absolute1,M6_blend,-0.09843997839108483,-0.09487746918696595,0.21316614420062696,0.4890282131661442,,1.0,0.5,1.0,0.5
laplace_eb_k20|absolute1,M6_blend,-0.09689206724396666,-0.09463671654416102,0.22884012539184953,0.48589341692789967,,1.0,0.5,1.0,0.75
laplace_eb_k20|absolute1,M6_blend,-0.100092805389544,-0.09521241884293227,0.2225705329153605,0.4827586206896552,,1.0,0.5,1.0,1.0
laplace_eb_k20|absolute1,M6_blend,-0.0809708487895871,-0.08936068776492788,0.19122257053291536,0.4231974921630094,,1.0,0.75,0.0,0.0
laplace_eb_k20|absolute1,M6_blend,-0.081828285178386,-0.08274931875188896,0.19435736677115986,0.4231974921630094,,1.0,0.75,0.0,0.25
laplace_eb_k20|absolute1,M6_blend,-0.08356755426268099,-0.08097570108068775,0.2006269592476489,0.4263322884012539,,1.0,0.75,0.0,0.5
laplace_eb_k20|absolute1,M6_blend,-0.08201819023537472,-0.08702204557468525,0.19435736677115986,0.438871473354232,,1.0,0.75,0.0,0.75
laplace_eb_k20|absolute1,M6_blend,-0.08403765274199036,-0.08838137555692263,0.19435736677115986,0.4482758620689655,,1.0,0.75,0.0,1.0
laplace_eb_k20|absolute1,M6_blend,-0.0844041083182011,-0.0885791704876109,0.1974921630094044,0.43573667711598746,,1.0,0.75,0.25,0.0
laplace_eb_k20|absolute1,M6_blend,-0.08516977832425632,-0.08760045297140238,0.20376175548589343,0.45141065830721006,,1.0,0.75,0.25,0.25
laplace_eb_k20|absolute1,M6_blend,-0.08403990468421871,-0.08917327343156345,0.20376175548589343,0.45768025078369906,,1.0,0.75,0.25,0.5
laplace_eb_k20|absolute1,M6_blend,-0.08754690615608779,-0.09079142836240765,0.20376175548589343,0.4702194357366771,,1.0,0.75,0.25,0.75
laplace_eb_k20|absolute1,M6_blend,-0.09009264930573574,-0.09413390596131546,0.20689655172413793,0.4827586206896552,,1.0,0.75,0.25,1.0
laplace_eb_k20|absolute1,M6_blend,-0.08838747866061392,-0.08918878399886682,0.20376175548589343,0.45454545454545453,,1.0,0.75,0.5,0.0
laplace_eb_k20|absolute1,M6_blend,-0.08861075065062637,-0.08905149824613688,0.21003134796238246,0.45454545454545453,,1.0,0.75,0.5,0.25
laplace_eb_k20|absolute1,M6_blend,-0.09150952916880879,-0.09248240737005087,0.20376175548589343,0.47648902821316613,,1.0,0.75,0.5,0.5
laplace_eb_k20|absolute1,M6_blend,-0.0943489985090759,-0.09427880648768808,0.20689655172413793,0.48589341692789967,,1.0,0.75,0.5,0.75
laplace_eb_k20|absolute1,M6_blend,-0.095212712987901,-0.09448085278039069,0.21630094043887146,0.4827586206896552,,1.0,0.75,0.5,1.0
laplace_eb_k20|absolute1,M6_blend,-0.09111794443262193,-0.09120675502198991,0.21316614420062696,0.4670846394984326,,1.0,0.75,0.75,0.0
laplace_eb_k20|absolute1,M6_blend,-0.09329343475995411,-0.09466524652225844,0.2006269592476489,0.4890282131661442,,1.0,0.75,0.75,0.25
laplace_eb_k20|absolute1,M6_blend,-0.09651302661033928,-0.09493903863626214,0.21003134796238246,0.49216300940438873,,1.0,0.75,0.75,0.5
laplace_eb_k20|absolute1,M6_blend,-0.09719502887898603,-0.09332311617029498,0.2225705329153605,0.48589341692789967,,1.0,0.75,0.75,0.75
laplace_eb_k20|absolute1,M6_blend,-0.09942012907542577,-0.0951413124169115,0.2225705329153605,0.49216300940438873,,1.0,0.75,0.75,1.0
laplace_eb_k20|absolute1,M6_blend,-0.09718614508629117,-0.09646497182197705,0.21316614420062696,0.49216300940438873,,1.0,0.75,1.0,0.0
laplace_eb_k20|absolute1,M6_blend,-0.10005462576331813,-0.0953137693944209,0.21630094043887146,0.4952978056426332,,1.0,0.75,1.0,0.25
laplace_eb_k20|absolute1,M6_blend,-0.09861558975528815,-0.09544926177605192,0.22570532915360503,0.4952978056426332,,1.0,0.75,1.0,0.5
laplace_eb_k20|absolute1,M6_blend,-0.10133372540193226,-0.09601615183639302,0.2225705329153605,0.49843260188087773,,1.0,0.75,1.0,0.75
laplace_eb_k20|absolute1,M6_blend,-0.10347520396461315,-0.09897876866045043,0.22570532915360503,0.49843260188087773,,1.0,0.75,1.0,1.0
laplace_eb_k20|absolute1,M6_blend,-0.0827208408547018,-0.08813195099884813,0.20689655172413793,0.42946708463949845,,1.0,1.0,0.0,0.0
laplace_eb_k20|absolute1,M6_blend,-0.08363669777208417,-0.088719769296321,0.21316614420062696,0.438871473354232,,1.0,1.0,0.0,0.25
laplace_eb_k20|absolute1,M6_blend,-0.08598421938327017,-0.08691844863811257,0.20689655172413793,0.445141065830721,,1.0,1.0,0.0,0.5
laplace_eb_k20|absolute1,M6_blend,-0.0873686027159418,-0.08883598957175745,0.2006269592476489,0.4608150470219436,,1.0,1.0,0.0,0.75
laplace_eb_k20|absolute1,M6_blend,-0.08975758307013058,-0.09038126885563975,0.20689655172413793,0.4702194357366771,,1.0,1.0,0.0,1.0
laplace_eb_k20|absolute1,M6_blend,-0.08665843579307164,-0.09140595028813356,0.21003134796238246,0.4482758620689655,,1.0,1.0,0.25,0.0
laplace_eb_k20|absolute1,M6_blend,-0.08841704992802309,-0.0894479874089407,0.20689655172413793,0.45768025078369906,,1.0,1.0,0.25,0.25
laplace_eb_k20|absolute1,M6_blend,-0.0897128662085988,-0.09102324754887241,0.2006269592476489,0.47648902821316613,,1.0,1.0,0.25,0.5
laplace_eb_k20|absolute1,M6_blend,-0.09385563424684464,-0.09456015792806693,0.2006269592476489,0.4890282131661442,,1.0,1.0,0.25,0.75
laplace_eb_k20|absolute1,M6_blend,-0.09618434021440345,-0.09333500851144237,0.21316614420062696,0.4827586206896552,,1.0,1.0,0.25,1.0
laplace_eb_k20|absolute1,M6_blend,-0.09107104773741377,-0.0911319513796452,0.20689655172413793,0.46394984326018807,,1.0,1.0,0.5,0.0
laplace_eb_k20|absolute1,M6_blend,-0.09224135194457474,-0.09451966469984817,0.1974921630094044,0.4827586206896552,,1.0,1.0,0.5,0.25
laplace_eb_k20|absolute1,M6_blend,-0.09550310323621594,-0.0952106893739917,0.2006269592476489,0.49216300940438873,,1.0,1.0,0.5,0.5
laplace_eb_k20|absolute1,M6_blend,-0.09755459475566491,-0.09607561681197728,0.21003134796238246,0.4890282131661442,,1.0,1.0,0.5,0.75
laplace_eb_k20|absolute1,M6_blend,-0.09929969323192275,-0.09911130435274312,0.21630094043887146,0.49216300940438873,,1.0,1.0,0.5,1.0
laplace_eb_k20|absolute1,M6_blend,-0.09546098046021743,-0.09619824668877178,0.19435736677115986,0.4952978056426332,,1.0,1.0,0.75,0.0
laplace_eb_k20|absolute1,M6_blend,-0.09782236171907539,-0.0968539418308152,0.20376175548589343,0.5015673981191222,,1.0,1.0,0.75,0.25
laplace_eb_k20|absolute1,M6_blend,-0.09949720675732457,-0.09709107031502694,0.21316614420062696,0.49843260188087773,,1.0,1.0,0.75,0.5
laplace_eb_k20|absolute1,M6_blend,-0.09991534284458141,-0.09737385072538098,0.2225705329153605,0.49843260188087773,,1.0,1.0,0.75,0.75
laplace_eb_k20|absolute1,M6_blend,-0.10134013122104635,-0.09757205616203969,0.22570532915360503,0.49843260188087773,,1.0,1.0,0.75,1.0
laplace_eb_k20|absolute1,M6_blend,-0.10104289290056073,-0.09511199244371028,0.219435736677116,0.49843260188087773,,1.0,1.0,1.0,0.0
laplace_eb_k20|absolute1,M6_blend,-0.10146804146494097,-0.09498592058552843,0.22570532915360503,0.4952978056426332,,1.0,1.0,1.0,0.25
laplace_eb_k20|absolute1,M6_blend,-0.10216591029654942,-0.0982277420083744,0.22570532915360503,0.5015673981191222,,1.0,1.0,1.0,0.5
laplace_eb_k20|absolute1,M6_blend,-0.10329455784935683,-0.09850842121486379,0.22884012539184953,0.49843260188087773,,1.0,1.0,1.0,0.75
laplace_eb_k20|absolute1,M6_blend,-0.10357858436839795,-0.10423636068604583,0.22570532915360503,0.5109717868338558,,1.0,1.0,1.0,1.0
