experiment_id,ticket_id,expected_team,expected_class,baseline_cosine,feedback_cosine,delta_cosine,baseline_rouge,feedback_rouge,delta_rouge,baseline_top1_faiss,top5_faiss_mean,retrieval_margin,top5_spread,retrieval_overlap,gate_active
baseline_dev_conditioned_continuous,R-1002,(GI-UX) File & Print,onboarding,0.9753744602203369,0.9753744602203369,0.0,0.85,0.85,0.0,0.9835428595542908,0.9823434948921204,0.0007875561714172363,0.002096116542816162,5,False
baseline_dev_conditioned_continuous,R-100,(GI-IaaS) Admin - Local IT purchase,other,0.577663242816925,0.577663242816925,0.0,0.5,0.5,0.0,0.4417307376861572,0.4262809157371521,0.0009710788726806641,0.030615508556365967,5,False
baseline_dev_conditioned_continuous,R-1004,(GI-UX) File & Print,onboarding,0.7333608865737915,0.7333608865737915,0.0,0.47826086956521735,0.47826086956521735,0.0,0.9802106022834778,0.9760651588439941,0.004369080066680908,0.0062806010246276855,5,False
baseline_dev_conditioned_continuous,R-1003,(GI-UX) Account Management,onboarding,0.9148533940315247,0.9148533940315247,0.0,0.5740181268882174,0.5740181268882174,0.0,0.9898489713668823,0.9877109527587891,0.002393960952758789,0.0030056238174438477,5,False
baseline_dev_conditioned_continuous,R-1006,(GI-IaaS) Development Platform,software_license,0.843457818031311,0.843457818031311,0.0,0.27177700348432055,0.27177700348432055,0.0,0.9273176193237305,0.900359034538269,0.0,0.07632613182067871,5,False
baseline_dev_conditioned_continuous,R-1016,(GI-UX) Group,software_support,0.4994949996471405,0.4994949996471405,0.0,0.1581920903954802,0.1581920903954802,0.0,0.7709735035896301,0.730560839176178,0.03222852945327759,0.05926424264907837,5,False
baseline_dev_conditioned_continuous,R-1007,(GI-UX) Group,vpn_access,0.7540507316589355,0.7540507316589355,0.0,0.28148148148148144,0.28148148148148144,0.0,0.7904136180877686,0.6832613945007324,0.1014372706413269,0.14977645874023438,5,False
baseline_dev_conditioned_continuous,R-1020,(BF) Information Security Office,admin_rights,0.6486910581588745,0.6486910581588745,0.0,0.16429353778751368,0.16429353778751368,0.0,0.7411284446716309,0.6947420239448547,0.032095909118652344,0.08486711978912354,5,False
baseline_dev_conditioned_continuous,R-1021,(GI-SM) Service Desk,other,0.1351948231458664,0.1351948231458664,0.0,0.01875,0.01875,0.0,0.5464298129081726,0.49958673119544983,0.02174907922744751,0.08864825963973999,5,False
baseline_dev_conditioned_continuous,R-1036,(LF) IT Office Access Italy,office_access,0.7813769578933716,0.7813769578933716,0.0,0.48076923076923084,0.48076923076923084,0.0,0.9019222259521484,0.88750821352005,0.004760026931762695,0.035939812660217285,5,False
baseline_dev_conditioned_continuous,R-1024,(GI-UX) Windows,admin_rights,0.6962202191352844,0.6962202191352844,0.0,0.14806629834254142,0.14806629834254142,0.0,0.9945774674415588,0.8743798136711121,0.13314872980117798,0.16711223125457764,5,False
baseline_dev_conditioned_continuous,R-1032,(GI-CF) Robot Process Automation,admin_rights,0.7005170583724976,0.7005170583724976,0.0,0.1735052754982415,0.1735052754982415,0.0,0.7944412231445312,0.7735104560852051,0.006741166114807129,0.048583924770355225,5,False
baseline_dev_conditioned_continuous,R-1033,(GI-UX) Network Access,vpn_access,0.8246241807937622,0.8246241807937622,0.0,0.2968197879858658,0.2968197879858658,0.0,0.8120355606079102,0.6854199767112732,0.01991981267929077,0.22287887334823608,5,False
baseline_dev_conditioned_continuous,R-1039,(GI-IaaS) Development Platform,other,0.4799397885799408,0.4799397885799408,0.0,0.13333333333333333,0.13333333333333333,0.0,0.44303590059280396,0.39604097604751587,0.028113096952438354,0.08270794153213501,5,False
baseline_dev_conditioned_continuous,R-1051,(GI-CF) Robot Process Automation,admin_rights,0.5635267496109009,0.5635267496109009,0.0,0.14766558089033657,0.14766558089033657,0.0,0.7941269874572754,0.7698143124580383,0.01692885160446167,0.04419374465942383,5,False
baseline_dev_conditioned_continuous,R-1062,(LF) IT Office Access Italy,offboarding,0.8566235899925232,0.8566235899925232,0.0,0.7894736842105262,0.7894736842105262,0.0,0.986281156539917,0.9832005500793457,0.0013720989227294922,0.005002260208129883,5,False
baseline_dev_conditioned_continuous,R-105,(GI-UX) File & Print,hardware_support,0.14650920033454895,0.14650920033454895,0.0,0.13043478260869565,0.13043478260869565,0.0,0.34468740224838257,0.2836891710758209,0.061859965324401855,0.08573031425476074,5,False
baseline_dev_conditioned_continuous,R-1060,(BF) Employee Platform (SAP SF),other,0.6927605867385864,0.6927605867385864,0.0,0.24324324324324323,0.24324324324324323,0.0,0.7914108633995056,0.6482924222946167,0.14574986696243286,0.19330698251724243,5,False
baseline_dev_conditioned_continuous,R-1069,(GI-IaaS) Backend Application Srv. & Project Support,offboarding,0.8815202713012695,0.8815202713012695,0.0,0.7894736842105262,0.7894736842105262,0.0,0.9905262589454651,0.9890152215957642,0.0015132427215576172,0.0023096203804016113,5,False
baseline_dev_conditioned_continuous,R-108,(GI-UX) Network Access,other,0.5440825819969177,0.5440825819969177,0.0,0.15853658536585366,0.15853658536585366,0.0,0.7693555355072021,0.677189826965332,0.09323692321777344,0.13904482126235962,5,False
baseline_dev_conditioned_continuous,R-1067,(GI-UX) Group,offboarding,0.7880422472953796,0.7880422472953796,0.0,0.6829268292682926,0.6829268292682926,0.0,0.9876869320869446,0.9848119616508484,0.002103865146636963,0.005251705646514893,5,False
baseline_dev_conditioned_continuous,R-1089,(GI-UX) Group,hardware_support,0.409241646528244,0.409241646528244,0.0,0.3418803418803419,0.3418803418803419,0.0,0.5561780333518982,0.4455460011959076,0.1279371976852417,0.16095268726348877,5,False
baseline_dev_conditioned_continuous,R-1083,"(GI-IaaS) Network Cloud (Azure, Remote Access)",vpn_access,0.8273667097091675,0.8273667097091675,0.0,0.35810810810810806,0.35810810810810806,0.0,0.7019481062889099,0.6458013653755188,0.048452913761138916,0.08826786279678345,5,False
baseline_dev_conditioned_continuous,R-1091,(GI-UX) File & Print,onboarding,0.6525070071220398,0.6525070071220398,0.0,0.47058823529411764,0.47058823529411764,0.0,0.9868484139442444,0.9852932095527649,0.0014588236808776855,0.002531290054321289,5,False
baseline_dev_conditioned_continuous,R-109,(GI-UX) Application,absence,0.7751538753509521,0.7751538753509521,0.0,0.5285714285714286,0.5285714285714286,0.0,0.7522178888320923,0.713605523109436,0.0233917236328125,0.06951725482940674,5,False
baseline_dev_conditioned_continuous,R-1093,(GI-IaaS) Backend Application Srv. & Project Support,offboarding,0.8470867872238159,0.8470867872238159,0.0,0.717948717948718,0.717948717948718,0.0,0.9777603149414062,0.9727632403373718,0.002710580825805664,0.008188486099243164,5,False
baseline_dev_conditioned_continuous,R-1106,"(GI-IaaS) Network Cloud (Azure, Remote Access)",vpn_access,0.46300768852233887,0.46300768852233887,0.0,0.1357142857142857,0.1357142857142857,0.0,0.5596339702606201,0.5480856895446777,0.006425976753234863,0.020701885223388672,5,False
baseline_dev_conditioned_continuous,R-1105,(GI-SaaS) Salesforce,absence,0.5292282700538635,0.5292282700538635,0.0,0.4444444444444444,0.4444444444444444,0.0,0.5724667310714722,0.5410593748092651,0.01042473316192627,0.05256444215774536,5,False
baseline_dev_conditioned_continuous,R-1115,(GI-SaaS) Salesforce,enterprise_systems,0.3504559099674225,0.3504559099674225,0.0,0.13978494623655913,0.13978494623655913,0.0,0.48708295822143555,0.3949054181575775,0.05807405710220337,0.13861173391342163,5,False
baseline_dev_conditioned_continuous,R-1109,(GI-UX) Group,software_support,0.3446728587150574,0.3446728587150574,0.0,0.1564245810055866,0.1564245810055866,0.0,0.979118287563324,0.790088951587677,0.22015011310577393,0.24373465776443481,5,False
baseline_dev_conditioned_continuous,R-1143,(GI-UX) Account Management,offboarding,0.9979963302612305,0.9979963302612305,0.0,0.9821428571428571,0.9821428571428571,0.0,0.9750943183898926,0.9733783602714539,0.0013151168823242188,0.0030664801597595215,5,False
baseline_dev_conditioned_continuous,R-1120,(GI-SaaS) Salesforce,absence,0.8101468086242676,0.8101468086242676,0.0,0.43478260869565216,0.43478260869565216,0.0,0.7324554920196533,0.7005656361579895,0.015420675277709961,0.055561065673828125,5,False
baseline_dev_conditioned_continuous,R-1133,(GI-UX) Account Management,email_support,0.6818854808807373,0.6818854808807373,0.0,0.38636363636363635,0.38636363636363635,0.0,0.8798789978027344,0.5587689876556396,0.3964005708694458,0.4099631905555725,5,False
baseline_dev_conditioned_continuous,R-1150,(GI-UX) Group,hardware_support,0.7371147274971008,0.7371147274971008,0.0,0.37190082644628103,0.37190082644628103,0.0,0.41385617852211,0.3870985507965088,0.0,0.07293567061424255,5,False
baseline_dev_conditioned_continuous,R-115,(LF) IT Office Access Italy,offboarding,0.9144730567932129,0.9144730567932129,0.0,0.8235294117647058,0.8235294117647058,0.0,0.8604562282562256,0.8406078219413757,0.01425325870513916,0.0418398380279541,5,False
baseline_dev_conditioned_continuous,R-1180,(GI-SaaS) Salesforce,other,0.7370595335960388,0.7370595335960388,0.0,0.2716049382716049,0.2716049382716049,0.0,0.6082023978233337,0.5529550313949585,0.03312993049621582,0.11004030704498291,5,False
baseline_dev_conditioned_continuous,R-1193,(GI-SaaS) Salesforce,absence,0.7124205231666565,0.7124205231666565,0.0,0.45517241379310347,0.45517241379310347,0.0,0.7275980710983276,0.6866075396537781,0.029122352600097656,0.06979560852050781,5,False
baseline_dev_conditioned_continuous,R-1163,(GI-CF) Robot Process Automation,admin_rights,0.49435365200042725,0.49435365200042725,0.0,0.1610738255033557,0.1610738255033557,0.0,1.0,0.8858383297920227,0.001561880111694336,0.21196770668029785,5,False
baseline_dev_conditioned_continuous,R-1196,(GI-UX) Group,software_license,0.5867666006088257,0.5867666006088257,0.0,0.12121212121212122,0.12121212121212122,0.0,0.8422582149505615,0.7330206036567688,0.10508924722671509,0.15526843070983887,5,False
baseline_dev_conditioned_continuous,R-1203,(GI-UX) File & Print,hardware_support,0.8363890647888184,0.8363890647888184,0.0,0.46530612244897956,0.46530612244897956,0.0,1.0,0.5968816876411438,0.455402672290802,0.5577958822250366,5,False
baseline_dev_conditioned_continuous,R-120,(GI-UX) Network Access,vpn_access,0.7279424667358398,0.7279424667358398,0.0,0.295774647887324,0.295774647887324,0.0,0.996056079864502,0.6994321942329407,0.05776941776275635,0.5124127268791199,5,False
baseline_dev_conditioned_continuous,R-1210,(GI-IaaS) Development Platform,software_license,0.8510138988494873,0.8510138988494873,0.0,0.3304843304843305,0.3304843304843305,0.0,1.0,0.9612312316894531,0.0,0.08138453960418701,5,False
baseline_dev_conditioned_continuous,R-1218,(GI-UX) Group,other,0.6618025302886963,0.6618025302886963,0.0,0.32,0.32,0.0,0.992637038230896,0.9908877611160278,0.0007635951042175293,0.00347900390625,5,False
baseline_dev_conditioned_continuous,R-122,(GI-CF) Robot Process Automation,admin_rights,0.7280417680740356,0.7280417680740356,0.0,0.09334889148191365,0.09334889148191365,0.0,0.914478063583374,0.8401816487312317,0.06476229429244995,0.10748255252838135,5,False
baseline_dev_conditioned_continuous,R-1224,(GI-UX) Group,software_license,0.45067286491394043,0.45067286491394043,0.0,0.06214689265536724,0.06214689265536724,0.0,0.6593998670578003,0.646751880645752,0.007664799690246582,0.022843122482299805,5,False
baseline_dev_conditioned_continuous,R-1222,"(GI-IaaS) Network Cloud (Azure, Remote Access)",other,0.47210633754730225,0.47210633754730225,0.0,0.13015873015873017,0.13015873015873017,0.0,0.5569139122962952,0.5306946039199829,0.003121674060821533,0.06302908062934875,5,False
baseline_dev_conditioned_continuous,R-1232,(GI-UX) Network Access,vpn_access,0.5254586338996887,0.5254586338996887,0.0,0.2657342657342658,0.2657342657342658,0.0,0.6103602647781372,0.5106161236763,0.041660189628601074,0.1528177261352539,5,False
baseline_dev_conditioned_continuous,R-125,(GI-IaaS) Development Platform,software_license,0.8222970962524414,0.8222970962524414,0.0,0.2950819672131147,0.2950819672131147,0.0,0.7871624231338501,0.7837808728218079,0.0,0.010962128639221191,5,False
baseline_dev_conditioned_continuous,R-1255,(GI-UX) Group,offboarding,0.8886306285858154,0.8886306285858154,0.0,0.8235294117647058,0.8235294117647058,0.0,0.9661756157875061,0.962914764881134,0.002243518829345703,0.0052291154861450195,5,False
baseline_dev_conditioned_continuous,R-1240,(GI-UX) File & Print,admin_rights,0.5266905426979065,0.5266905426979065,0.0,0.13008130081300812,0.13008130081300812,0.0,0.684263288974762,0.6040781736373901,0.08123141527175903,0.12040400505065918,5,False
baseline_dev_conditioned_continuous,R-1256,(GI-UX) Account Management,offboarding,0.9939850568771362,0.9939850568771362,0.0,0.912280701754386,0.912280701754386,0.0,0.9694370031356812,0.9598523378372192,0.006566524505615234,0.016037046909332275,5,False
baseline_dev_conditioned_continuous,R-1260,(GI-UX) Group,onboarding,0.5685027837753296,0.5685027837753296,0.0,0.42105263157894735,0.42105263157894735,0.0,0.968852698802948,0.9665477871894836,0.0003382563591003418,0.006684303283691406,5,False
baseline_dev_conditioned_continuous,R-1263,(GI-UX) Group,onboarding,0.16121014952659607,0.16121014952659607,0.0,0.06622516556291391,0.06622516556291391,0.0,0.914031982421875,0.9013280868530273,0.00977790355682373,0.02123171091079712,5,False
baseline_dev_conditioned_continuous,R-1275,(GI-CF) Robot Process Automation,admin_rights,0.7032361030578613,0.7032361030578613,0.0,0.15824175824175826,0.15824175824175826,0.0,0.9366686344146729,0.8972736597061157,0.027744650840759277,0.07879102230072021,5,False
baseline_dev_conditioned_continuous,R-1271,(GI-IaaS) Development Platform,project_tools,0.11856870353221893,0.11856870353221893,0.0,0.1276595744680851,0.1276595744680851,0.0,0.5093199610710144,0.4925324022769928,0.003688514232635498,0.040130943059921265,5,False
baseline_dev_conditioned_continuous,R-1291,(GI-IaaS) Development Platform,project_tools,0.6385020613670349,0.6385020613670349,0.0,0.2619047619047619,0.2619047619047619,0.0,0.5344939231872559,0.47597822546958923,0.005066096782684326,0.12318825721740723,5,False
baseline_dev_conditioned_continuous,R-1284,(GI-UX) File & Print,software_support,0.13097165524959564,0.13097165524959564,0.0,0.091324200913242,0.091324200913242,0.0,0.59076988697052,0.5643976926803589,0.026262998580932617,0.040118515491485596,5,False
baseline_dev_conditioned_continuous,R-1308,(LF) IT Office Access Italy,offboarding,0.7990946769714355,0.7990946769714355,0.0,0.6829268292682926,0.6829268292682926,0.0,0.9739329218864441,0.9680458903312683,0.004464924335479736,0.008667409420013428,5,False
baseline_dev_conditioned_continuous,R-1310,(GI-UX) Account Management,offboarding,0.9979963302612305,0.9979963302612305,0.0,0.9821428571428571,0.9821428571428571,0.0,0.9756110906600952,0.9731753468513489,0.0010221600532531738,0.003857135772705078,5,False
baseline_dev_conditioned_continuous,R-1306,(BF) Employee Platform (SAP SF),other,0.18645110726356506,0.18645110726356506,0.0,0.20253164556962025,0.20253164556962025,0.0,0.4775533676147461,0.4692869186401367,0.0005273222923278809,0.016505658626556396,5,False
baseline_dev_conditioned_continuous,R-1314,"(GI-IaaS) Network Cloud (Azure, Remote Access)",vpn_access,0.16367200016975403,0.16367200016975403,0.0,0.13496932515337423,0.13496932515337423,0.0,0.5932087302207947,0.5386137366294861,0.03179198503494263,0.09077847003936768,5,False
baseline_dev_conditioned_continuous,R-1311,(GI-UX) Network Access,vpn_access,0.7204298973083496,0.7204298973083496,0.0,0.40255591054313106,0.40255591054313106,0.0,0.9966105818748474,0.9529701471328735,0.001420438289642334,0.19684350490570068,5,False
baseline_dev_conditioned_continuous,R-1320,(GI-UX) Account Management,onboarding,0.860256552696228,0.860256552696228,0.0,0.54,0.54,0.0,0.9816119074821472,0.9807049036026001,4.38690185546875e-05,0.0018216967582702637,5,False
baseline_dev_conditioned_continuous,R-1327,(GI-UX) Group,software_support,0.813029944896698,0.813029944896698,0.0,0.47706422018348627,0.47706422018348627,0.0,1.0,0.5726665258407593,0.45102572441101074,0.5722881555557251,5,False
baseline_dev_conditioned_continuous,R-1334,(GI-UX) Account Management,offboarding,0.9979963302612305,0.9979963302612305,0.0,0.9821428571428571,0.9821428571428571,0.0,0.9864462614059448,0.981307864189148,0.0031648874282836914,0.008681714534759521,5,False
baseline_dev_conditioned_continuous,R-1353,(GI-IaaS) Backend Application Srv. & Project Support,offboarding,0.958499550819397,0.958499550819397,0.0,0.9268292682926829,0.9268292682926829,0.0,0.9661625027656555,0.9575745463371277,0.00739973783493042,0.014056742191314697,5,False
baseline_dev_conditioned_continuous,R-1356,(GI-UX) Account Management,offboarding,0.9979963302612305,0.9979963302612305,0.0,0.9821428571428571,0.9821428571428571,0.0,0.961226224899292,0.9566045999526978,0.0015866756439208984,0.00907444953918457,5,False
baseline_dev_conditioned_continuous,R-1348,(GI-CF) Robot Process Automation,admin_rights,0.5688817501068115,0.5688817501068115,0.0,0.17709563164108616,0.17709563164108616,0.0,0.6298385858535767,0.6159567832946777,0.002915799617767334,0.031948208808898926,5,False
baseline_dev_conditioned_continuous,R-1377,(GI-IaaS) Backend System Management (2nd level),other,0.5263667106628418,0.5263667106628418,0.0,0.443298969072165,0.443298969072165,0.0,0.9364035129547119,0.6708563566207886,0.25333845615386963,0.4653915464878082,5,False
baseline_dev_conditioned_continuous,R-1362,(GI-UX) Account Management,onboarding,0.8865868449211121,0.8865868449211121,0.0,0.5866666666666667,0.5866666666666667,0.0,0.9848543405532837,0.9834145307540894,0.0008413195610046387,0.0022859573364257812,5,False
baseline_dev_conditioned_continuous,R-1360,(GI-UX) Office365 & MS-Teams,other,0.681282639503479,0.681282639503479,0.0,0.17582417582417584,0.17582417582417584,0.0,0.5505341291427612,0.526731014251709,0.009398102760314941,0.05056905746459961,5,False
baseline_dev_conditioned_continuous,R-1383,(GI-IaaS) Admin - Local IT purchase,other,0.22252604365348816,0.22252604365348816,0.0,0.01834862385321101,0.01834862385321101,0.0,0.633757472038269,0.596015214920044,0.03711807727813721,0.05939215421676636,5,False
baseline_dev_conditioned_continuous,R-1382,(GI-UX) Group,software_license,0.6040294766426086,0.6040294766426086,0.0,0.1733333333333333,0.1733333333333333,0.0,0.7887844443321228,0.7419400811195374,0.0231589674949646,0.08110964298248291,5,False
baseline_dev_conditioned_continuous,R-138,(GI-UX) Group,software_license,0.5103580951690674,0.5103580951690674,0.0,0.16733067729083664,0.16733067729083664,0.0,0.488372266292572,0.47266334295272827,0.0017248094081878662,0.033301204442977905,5,False
baseline_dev_conditioned_continuous,R-1381,(GI-UX) Group,software_license,0.4512983560562134,0.4512983560562134,0.0,0.1990950226244344,0.1990950226244344,0.0,0.6655718684196472,0.627993643283844,0.008464336395263672,0.07330894470214844,5,False
baseline_dev_conditioned_continuous,R-1401,(GI-UX) Group,password_reset,0.807061493396759,0.807061493396759,0.0,0.25641025641025644,0.25641025641025644,0.0,0.7380269765853882,0.6788407564163208,0.044032514095306396,0.09887003898620605,5,False
baseline_dev_conditioned_continuous,R-1398,(GI-UX) File & Print,onboarding,0.7211082577705383,0.7211082577705383,0.0,0.5714285714285714,0.5714285714285714,0.0,0.9884189963340759,0.9847582578659058,0.0034037232398986816,0.005223393440246582,5,False
baseline_dev_conditioned_continuous,R-1387,(GI-CF) Robot Process Automation,admin_rights,0.6286194324493408,0.6286194324493408,0.0,0.14765100671140938,0.14765100671140938,0.0,0.979604959487915,0.8839749097824097,0.018939077854156494,0.20125025510787964,5,False
baseline_dev_conditioned_continuous,R-1388,(GI-IaaS) Admin - License & Asset Management,software_license,0.6163221597671509,0.6163221597671509,0.0,0.20816326530612247,0.20816326530612247,0.0,0.9482884407043457,0.8356087803840637,0.002236604690551758,0.18901348114013672,5,False
baseline_dev_conditioned_continuous,R-1404,(GI-CF) Robot Process Automation,admin_rights,0.5365395545959473,0.5365395545959473,0.0,0.08684863523573202,0.08684863523573202,0.0,0.7922060489654541,0.7258960604667664,0.010938405990600586,0.10807836055755615,5,False
baseline_dev_conditioned_continuous,R-1405,(BF) Purchasing Poland,other,0.5698838829994202,0.5698838829994202,0.0,0.32500000000000007,0.32500000000000007,0.0,0.5303983688354492,0.47737759351730347,0.050997763872146606,0.08397248387336731,5,False
baseline_dev_conditioned_continuous,R-1415,(GI-UX) Account Management,onboarding,0.9262531399726868,0.9262531399726868,0.0,0.7717041800643086,0.7717041800643086,0.0,0.9791168570518494,0.9732568860054016,0.005159199237823486,0.008633196353912354,5,False
baseline_dev_conditioned_continuous,R-1413,(GI-IaaS) Backend M365 (2nd level),other,0.5673670768737793,0.5673670768737793,0.0,0.2777777777777778,0.2777777777777778,0.0,0.5719656348228455,0.5182703137397766,0.0015118122100830078,0.13289481401443481,5,False
baseline_dev_conditioned_continuous,R-1423,(GI-IaaS) Admin - Local IT purchase,other,0.467403769493103,0.467403769493103,0.0,0.13333333333333333,0.13333333333333333,0.0,0.7249376773834229,0.6969786882400513,0.0024513602256774902,0.06300073862075806,5,False
baseline_dev_conditioned_continuous,R-1425,(GI-UX) Group,software_license,0.6550309658050537,0.6550309658050537,0.0,0.20091324200913238,0.20091324200913238,0.0,0.39952248334884644,0.3672861158847809,0.033302247524261475,0.04999572038650513,5,False
baseline_dev_conditioned_continuous,R-1436,(GI-IaaS) Development Platform,software_license,0.8534275889396667,0.8534275889396667,0.0,0.27936507936507937,0.27936507936507937,0.0,0.90672767162323,0.8826176524162292,0.0,0.063312828540802,5,False
baseline_dev_conditioned_continuous,R-1429,(GI-CF) Robot Process Automation,admin_rights,0.6580517292022705,0.6580517292022705,0.0,0.1346153846153846,0.1346153846153846,0.0,0.9499984979629517,0.7618586421012878,0.23268473148345947,0.23794806003570557,5,False
baseline_dev_conditioned_continuous,R-1439,(BF) Information Security Office,admin_rights,0.5931392312049866,0.5931392312049866,0.0,0.17513513513513515,0.17513513513513515,0.0,0.7997041344642639,0.7205755114555359,0.09212112426757812,0.10883480310440063,5,False
baseline_dev_conditioned_continuous,R-1440,(GI-CF) Robot Process Automation,admin_rights,0.6657670736312866,0.6657670736312866,0.0,0.19172113289760348,0.19172113289760348,0.0,0.9319694638252258,0.910495936870575,0.006563842296600342,0.03686511516571045,5,False
baseline_dev_conditioned_continuous,R-1444,(GI-IaaS) Development Platform,other,0.36391568183898926,0.36391568183898926,0.0,0.1616161616161616,0.1616161616161616,0.0,0.6603964567184448,0.5167765617370605,0.10810154676437378,0.20968914031982422,5,False
baseline_dev_conditioned_continuous,R-1449,(LF) IT Office Access Italy,offboarding,0.8753395080566406,0.8753395080566406,0.0,0.8235294117647058,0.8235294117647058,0.0,0.9899188876152039,0.9867448806762695,0.0029302239418029785,0.005501985549926758,5,False
baseline_dev_conditioned_continuous,R-1441,(GI-CF) Robot Process Automation,admin_rights,0.6806057691574097,0.6806057691574097,0.0,0.14912280701754388,0.14912280701754388,0.0,0.8895953297615051,0.8638423681259155,0.016696274280548096,0.05160146951675415,5,False
baseline_dev_conditioned_continuous,R-146,(GI-IaaS) Development Platform,software_license,0.8431687951087952,0.8431687951087952,0.0,0.3021148036253777,0.3021148036253777,0.0,0.9115018248558044,0.8905296325683594,0.007607996463775635,0.045162737369537354,5,False
baseline_dev_conditioned_continuous,R-1461,(GI-UX) Group,password_reset,0.49744176864624023,0.49744176864624023,0.0,0.2580645161290323,0.2580645161290323,0.0,0.8452458381652832,0.7900406718254089,0.003668844699859619,0.11197865009307861,5,False
baseline_dev_conditioned_continuous,R-1460,(GI-IaaS) Admin - License & Asset Management,software_license,0.7493892312049866,0.7493892312049866,0.0,0.27309236947791166,0.27309236947791166,0.0,0.7755130529403687,0.747418999671936,0.01611417531967163,0.055149197578430176,5,False
baseline_dev_conditioned_continuous,R-1477,(GI-SM) Service Desk,other,0.27426838874816895,0.27426838874816895,0.0,0.13888888888888887,0.13888888888888887,0.0,0.7586383819580078,0.5177487134933472,0.2823067307472229,0.31954294443130493,5,False
baseline_dev_conditioned_continuous,R-1475,(GI-IaaS) Backend Application Srv. & Project Support,other,0.31791263818740845,0.31791263818740845,0.0,0.09649122807017543,0.09649122807017543,0.0,0.47976750135421753,0.42594701051712036,0.03870844841003418,0.0943756103515625,5,False
baseline_dev_conditioned_continuous,R-1476,(GI-CF) Robot Process Automation,admin_rights,0.7954733371734619,0.7954733371734619,0.0,0.19784946236559137,0.19784946236559137,0.0,0.8316130042076111,0.8026947975158691,0.023482859134674072,0.04834562540054321,5,False
baseline_dev_conditioned_continuous,R-1467,(GI-SaaS) Salesforce,enterprise_systems,0.7594680786132812,0.7594680786132812,0.0,0.2995951417004049,0.2995951417004049,0.0,0.5230218172073364,0.4226017892360687,0.0929325520992279,0.15663808584213257,5,False
baseline_dev_conditioned_continuous,R-1479,(LF) IT Office Access Italy,office_access,0.506624162197113,0.506624162197113,0.0,0.462962962962963,0.462962962962963,0.0,0.8933740854263306,0.8557034730911255,0.018625915050506592,0.06513381004333496,5,False
baseline_dev_conditioned_continuous,R-1481,(GI-UX) Group,software_license,0.5039962530136108,0.5039962530136108,0.0,0.08970976253298152,0.08970976253298152,0.0,0.635155439376831,0.6087034344673157,0.023222923278808594,0.04045259952545166,5,False
baseline_dev_conditioned_continuous,R-1492,(GI-IaaS) Backend Application Srv. & Project Support,offboarding,0.736053466796875,0.736053466796875,0.0,0.6842105263157895,0.6842105263157895,0.0,0.9849720001220703,0.9807866811752319,0.0043288469314575195,0.006148099899291992,5,False
baseline_dev_conditioned_continuous,R-1494,(GI-UX) Group,offboarding,0.873828649520874,0.873828649520874,0.0,0.8484848484848484,0.8484848484848484,0.0,0.9586575031280518,0.9581819772720337,0.0002605319023132324,0.0008141398429870605,5,False
baseline_dev_conditioned_continuous,R-1483,(GI-UX) Group,admin_rights,0.6694203615188599,0.6694203615188599,0.0,0.15401785714285712,0.15401785714285712,0.0,0.8159599900245667,0.6572555303573608,0.18036216497421265,0.20547103881835938,5,False
baseline_dev_conditioned_continuous,R-1498,(GI-UX) Account Management,email_support,0.7712128162384033,0.7712128162384033,0.0,0.3559322033898305,0.3559322033898305,0.0,0.6601485013961792,0.5605350732803345,0.0997016429901123,0.14111578464508057,5,False
baseline_dev_conditioned_continuous,R-1485,(GI-UX) Account Management,onboarding,0.8233605027198792,0.8233605027198792,0.0,0.4846416382252559,0.4846416382252559,0.0,0.967981219291687,0.9567433595657349,0.0014483928680419922,0.023065567016601562,5,False
baseline_dev_conditioned_continuous,R-1511,(GI-UX) Group,password_reset,0.6799586415290833,0.6799586415290833,0.0,0.24193548387096775,0.24193548387096775,0.0,0.8452457189559937,0.7682399153709412,0.056882500648498535,0.11269420385360718,5,False
baseline_dev_conditioned_continuous,R-1504,(GI-IaaS) Development Platform,other,0.6422834396362305,0.6422834396362305,0.0,0.06818181818181818,0.06818181818181818,0.0,0.552794337272644,0.49303096532821655,0.028318166732788086,0.10046738386154175,5,False
baseline_dev_conditioned_continuous,R-1517,(GI-UX) Group,other,0.19711220264434814,0.19711220264434814,0.0,0.1097560975609756,0.1097560975609756,0.0,0.7505980730056763,0.6202061176300049,0.13548576831817627,0.18977731466293335,5,False
baseline_dev_conditioned_continuous,R-1531,(GI-IaaS) Development Platform,software_license,0.7615060806274414,0.7615060806274414,0.0,0.3183183183183183,0.3183183183183183,0.0,0.7202190160751343,0.7164479494094849,0.0,0.013779878616333008,5,False
baseline_dev_conditioned_continuous,R-154,(GI-UX) Network Access,vpn_access,0.7502053380012512,0.7502053380012512,0.0,0.38513513513513514,0.38513513513513514,0.0,0.9960559606552124,0.6938494443893433,0.07045722007751465,0.5128520131111145,5,False
baseline_dev_conditioned_continuous,R-1540,(GI-UX) File & Print,software_support,0.33251115679740906,0.33251115679740906,0.0,0.3466666666666667,0.3466666666666667,0.0,0.630275309085846,0.5605043768882751,0.00926363468170166,0.12412130832672119,5,False
baseline_dev_conditioned_continuous,R-1542,(GI-UX) Group,password_reset,0.8770291805267334,0.8770291805267334,0.0,0.32692307692307687,0.32692307692307687,0.0,0.8241270780563354,0.7300241589546204,0.017939329147338867,0.18415480852127075,5,False
baseline_dev_conditioned_continuous,R-1544,(LF) IT Office Access Italy,offboarding,0.6793733239173889,0.6793733239173889,0.0,0.56,0.56,0.0,0.9596297740936279,0.9549853205680847,0.003598332405090332,0.0075130462646484375,5,False
baseline_dev_conditioned_continuous,R-1554,(GI-UX) Group,offboarding,0.8880467414855957,0.8880467414855957,0.0,0.8235294117647058,0.8235294117647058,0.0,0.9802184700965881,0.976050078868866,0.0023873448371887207,0.007687747478485107,5,False
baseline_dev_conditioned_continuous,R-1562,(GI-UX) Account Management,email_support,0.3203763961791992,0.3203763961791992,0.0,0.11518324607329843,0.11518324607329843,0.0,0.49727576971054077,0.46881943941116333,0.00031566619873046875,0.07593876123428345,5,False
baseline_dev_conditioned_continuous,R-156,(BF) Information Security Office,admin_rights,0.6690260767936707,0.6690260767936707,0.0,0.17965367965367965,0.17965367965367965,0.0,0.9223060607910156,0.9001709222793579,0.008123397827148438,0.055764734745025635,5,False
baseline_dev_conditioned_continuous,R-1563,(GI-CF) Robot Process Automation,admin_rights,0.5216756463050842,0.5216756463050842,0.0,0.07655502392344497,0.07655502392344497,0.0,0.9126642346382141,0.8572136163711548,0.05274301767349243,0.07566148042678833,5,False
baseline_dev_conditioned_continuous,R-1566,(GI-SaaS) Salesforce,admin_rights,0.7901355028152466,0.7901355028152466,0.0,0.17117117117117117,0.17117117117117117,0.0,0.7203476428985596,0.6707868576049805,0.03816598653793335,0.08834707736968994,5,False
baseline_dev_conditioned_continuous,R-1569,(GI-IaaS) Backend Application Srv. & Project Support,offboarding,0.6487745642662048,0.6487745642662048,0.0,0.4444444444444444,0.4444444444444444,0.0,0.9889282584190369,0.9876741170883179,0.00034797191619873047,0.0023557543754577637,5,False
baseline_dev_conditioned_continuous,R-1567,(GI-UX) File & Print,admin_rights,0.5712426900863647,0.5712426900863647,0.0,0.1162514827995255,0.1162514827995255,0.0,0.8706099987030029,0.8502007722854614,0.023325681686401367,0.027506530284881592,5,False
baseline_dev_conditioned_continuous,R-1564,(GI-IaaS) Admin - License & Asset Management,software_license,0.732995867729187,0.732995867729187,0.0,0.2048997772828508,0.2048997772828508,0.0,0.851335883140564,0.8174694776535034,0.02703380584716797,0.06239175796508789,5,False
baseline_dev_conditioned_continuous,R-1570,(LF) IT Office Access Italy,offboarding,0.645109236240387,0.645109236240387,0.0,0.5714285714285714,0.5714285714285714,0.0,0.9694678783416748,0.9647268056869507,0.003838777542114258,0.007227599620819092,5,False
baseline_dev_conditioned_continuous,R-1571,(GI-UX) Group,offboarding,0.9675827026367188,0.9675827026367188,0.0,0.9047619047619048,0.9047619047619048,0.0,0.9877601265907288,0.9858518838882446,0.0005274415016174316,0.004633605480194092,5,False
baseline_dev_conditioned_continuous,R-1574,(LF) IT Office Access Italy,offboarding,0.8714885711669922,0.8714885711669922,0.0,0.7894736842105262,0.7894736842105262,0.0,0.9867393374443054,0.9847464561462402,0.0010964274406433105,0.0040283203125,5,False
baseline_dev_conditioned_continuous,R-1587,(GI-SaaS) Salesforce,other,0.4992982745170593,0.4992982745170593,0.0,0.3076923076923077,0.3076923076923077,0.0,0.6280243396759033,0.5572746396064758,0.036899566650390625,0.12145125865936279,5,False
baseline_dev_conditioned_continuous,R-1580,(GI-UX) Group,software_license,0.6055763959884644,0.6055763959884644,0.0,0.16475972540045766,0.16475972540045766,0.0,0.8244210481643677,0.7720876336097717,0.0587955117225647,0.0710415244102478,5,False
baseline_dev_conditioned_continuous,R-1588,(GI-UX) Group,hardware_support,0.34152156114578247,0.34152156114578247,0.0,0.23880597014925375,0.23880597014925375,0.0,0.35545480251312256,0.33491334319114685,0.0064484477043151855,0.035347819328308105,5,False
baseline_dev_conditioned_continuous,R-1584,"(GI-IaaS) Network On-Prem (LAN,WLAN,WAN 2nd level)",vpn_access,0.6009119153022766,0.6009119153022766,0.0,0.26063829787234044,0.26063829787234044,0.0,0.6399768590927124,0.510240375995636,0.12508022785186768,0.1853901743888855,5,False
baseline_dev_conditioned_continuous,R-160,(GI-SaaS) SAP & Synertrade,other,0.7224693298339844,0.7224693298339844,0.0,0.3333333333333333,0.3333333333333333,0.0,0.8880937695503235,0.6617010235786438,0.27943962812423706,0.2864592671394348,5,False
baseline_dev_conditioned_continuous,R-1593,(GI-IaaS) Development Platform,software_license,0.8027059435844421,0.8027059435844421,0.0,0.25573770491803277,0.25573770491803277,0.0,0.8565173149108887,0.8013252019882202,0.05428111553192139,0.0800548791885376,5,False
baseline_dev_conditioned_continuous,R-161,(GI-SaaS) SAP & Synertrade,other,0.6348433494567871,0.6348433494567871,0.0,0.3529411764705882,0.3529411764705882,0.0,0.8880937099456787,0.681018054485321,0.19193792343139648,0.2885581851005554,5,False
baseline_dev_conditioned_continuous,R-1595,(GI-SaaS) Salesforce,absence,0.6529206037521362,0.6529206037521362,0.0,0.42176870748299317,0.42176870748299317,0.0,0.7078198194503784,0.6490588784217834,0.009344220161437988,0.11460649967193604,5,False
baseline_dev_conditioned_continuous,R-163,(GI-UX) File & Print,software_support,0.6312410831451416,0.6312410831451416,0.0,0.3934426229508196,0.3934426229508196,0.0,0.8107990622520447,0.7499650120735168,0.03168666362762451,0.14737874269485474,5,False
baseline_dev_conditioned_continuous,R-165,(GI-UX) Account Management,onboarding,0.2650325894355774,0.2650325894355774,0.0,0.08121827411167512,0.08121827411167512,0.0,0.9546806812286377,0.9196887016296387,0.02536994218826294,0.056604623794555664,5,False
baseline_dev_conditioned_continuous,R-164,(GI-UX) Group,onboarding,0.07600075751543045,0.07600075751543045,0.0,0.05755395683453238,0.05755395683453238,0.0,0.9546806812286377,0.9258288145065308,0.02191108465194702,0.049392640590667725,5,False
baseline_dev_conditioned_continuous,R-170,(GI-CF) Robot Process Automation,admin_rights,0.4483426809310913,0.4483426809310913,0.0,0.1347517730496454,0.1347517730496454,0.0,0.9958082437515259,0.7511730194091797,0.2841552495956421,0.325549840927124,5,False
baseline_dev_conditioned_continuous,R-179,(GI-IaaS) Development Platform,software_license,0.8515480160713196,0.8515480160713196,0.0,0.2392638036809816,0.2392638036809816,0.0,0.9653041362762451,0.9498212933540344,0.0,0.07233834266662598,5,False
baseline_dev_conditioned_continuous,R-189,(GI-UX) File & Print,hardware_support,0.4215140640735626,0.4215140640735626,0.0,0.2972972972972973,0.2972972972972973,0.0,0.5228423476219177,0.4044935703277588,0.10727784037590027,0.19054275751113892,5,False
baseline_dev_conditioned_continuous,R-184,(GI-IaaS) Cloud Services,other,0.7186740636825562,0.7186740636825562,0.0,0.4247787610619469,0.4247787610619469,0.0,0.9993037581443787,0.6886500120162964,0.31829261779785156,0.4423169493675232,5,False
baseline_dev_conditioned_continuous,R-19,(GI-IaaS) Development Platform,other,0.4263465404510498,0.4263465404510498,0.0,0.09230769230769231,0.09230769230769231,0.0,0.5998032093048096,0.5762170553207397,0.029482722282409668,0.029482722282409668,5,False
baseline_dev_conditioned_continuous,R-195,(LF) IT Office Access Italy,offboarding,0.883322536945343,0.883322536945343,0.0,0.75,0.75,0.0,0.877083957195282,0.8428294062614441,0.035223960876464844,0.049154818058013916,5,False
baseline_dev_conditioned_continuous,R-191,(GI-UX) Account Management,email_support,0.6899161338806152,0.6899161338806152,0.0,0.37356321839080464,0.37356321839080464,0.0,0.5604469776153564,0.514255166053772,0.0326157808303833,0.09161320328712463,5,False
baseline_dev_conditioned_continuous,R-205,(GI-CF) Robot Process Automation,admin_rights,0.6169397830963135,0.6169397830963135,0.0,0.10824108241082411,0.10824108241082411,0.0,0.8243292570114136,0.8159920573234558,0.0,0.022448182106018066,5,False
baseline_dev_conditioned_continuous,R-209,(GI-UX) Group,software_license,0.5830519795417786,0.5830519795417786,0.0,0.2124248496993988,0.2124248496993988,0.0,0.9893381595611572,0.6516870260238647,0.26473021507263184,0.5523185133934021,5,False
baseline_dev_conditioned_continuous,R-212,(GI-UX) File & Print,software_support,0.5484950542449951,0.5484950542449951,0.0,0.37398373983739835,0.37398373983739835,0.0,0.8289503455162048,0.6328839063644409,0.15307742357254028,0.2971348166465759,5,False
baseline_dev_conditioned_continuous,R-197,(GI-SaaS) Salesforce,admin_rights,0.631168007850647,0.631168007850647,0.0,0.16201117318435754,0.16201117318435754,0.0,0.5492721199989319,0.5183147192001343,0.011298656463623047,0.052636563777923584,5,False
baseline_dev_conditioned_continuous,R-222,(GI-IaaS) Backend Application Srv. & Project Support,other,0.7220425009727478,0.7220425009727478,0.0,0.25087108013937287,0.25087108013937287,0.0,0.659192681312561,0.609504759311676,0.031106948852539062,0.08612978458404541,5,False
baseline_dev_conditioned_continuous,R-229,(GI-UX) Network Access,vpn_access,0.7102444767951965,0.7102444767951965,0.0,0.3426791277258567,0.3426791277258567,0.0,0.9957883358001709,0.9464656114578247,0.011029064655303955,0.21102547645568848,5,False
baseline_dev_conditioned_continuous,R-226,(GI-CF) Robot Process Automation,admin_rights,0.7351670265197754,0.7351670265197754,0.0,0.21566632756866735,0.21566632756866735,0.0,0.8728991746902466,0.8660737872123718,0.0029010772705078125,0.016399383544921875,5,False
baseline_dev_conditioned_continuous,R-227,(GI-UX) Network Access,admin_rights,0.570845365524292,0.570845365524292,0.0,0.11032863849765258,0.11032863849765258,0.0,0.8299995064735413,0.8012323379516602,0.013795077800750732,0.06857651472091675,5,False
baseline_dev_conditioned_continuous,R-23,(GI-SM) Service Desk,software_support,0.12126336991786957,0.12126336991786957,0.0,0.14736842105263157,0.14736842105263157,0.0,0.8620724081993103,0.6864698529243469,0.17331594228744507,0.2700854539871216,5,False
baseline_dev_conditioned_continuous,R-241,(LF) IT Office Access Italy,offboarding,0.8695367574691772,0.8695367574691772,0.0,0.6829268292682926,0.6829268292682926,0.0,0.8927445411682129,0.8642265200614929,0.02085435390472412,0.04918336868286133,5,False
baseline_dev_conditioned_continuous,R-256,(GI-UX) Group,hardware_support,0.6788626909255981,0.6788626909255981,0.0,0.24390243902439024,0.24390243902439024,0.0,0.4683423936367035,0.4356805682182312,0.015457510948181152,0.0625971257686615,5,False
baseline_dev_conditioned_continuous,R-257,(GI-UX) Group,software_license,0.6117894053459167,0.6117894053459167,0.0,0.1441860465116279,0.1441860465116279,0.0,0.8964309692382812,0.7749520540237427,0.11460423469543457,0.19417357444763184,5,False
baseline_dev_conditioned_continuous,R-262,(GI-IaaS) Development Platform,software_license,0.8420157432556152,0.8420157432556152,0.0,0.30094043887147337,0.30094043887147337,0.0,0.8098392486572266,0.7985810041427612,0.0009353160858154297,0.02862393856048584,5,False
baseline_dev_conditioned_continuous,R-266,(GI-UX) Group,software_license,0.5957785844802856,0.5957785844802856,0.0,0.17808219178082194,0.17808219178082194,0.0,0.8415434956550598,0.7689796090126038,0.06222277879714966,0.10694289207458496,5,False
baseline_dev_conditioned_continuous,R-272,(GI-UX) Group,software_license,0.5940752625465393,0.5940752625465393,0.0,0.1688888888888889,0.1688888888888889,0.0,0.8708574771881104,0.8033553957939148,0.054581522941589355,0.10590553283691406,5,False
baseline_dev_conditioned_continuous,R-281,(GI-UX) File & Print,other,0.4594399333000183,0.4594399333000183,0.0,0.10294117647058824,0.10294117647058824,0.0,0.8171223402023315,0.7271459698677063,0.102169930934906,0.11953353881835938,5,False
baseline_dev_conditioned_continuous,R-275,(GI-UX) Group,software_license,0.6661363244056702,0.6661363244056702,0.0,0.20568927789934358,0.20568927789934358,0.0,0.7947006225585938,0.7273498177528381,0.07260966300964355,0.09243035316467285,5,False
baseline_dev_conditioned_continuous,R-331,(LF) IT Office Access Italy,offboarding,0.8784432411193848,0.8784432411193848,0.0,0.8484848484848484,0.8484848484848484,0.0,0.9577348232269287,0.9548518061637878,0.0007926821708679199,0.005903065204620361,5,False
baseline_dev_conditioned_continuous,R-289,(GI-UX) Group,software_license,0.5365393161773682,0.5365393161773682,0.0,0.23690205011389523,0.23690205011389523,0.0,0.8935129642486572,0.8377200365066528,0.028951168060302734,0.10791885852813721,5,False
baseline_dev_conditioned_continuous,R-292,(GI-UX) File & Print,admin_rights,0.7520290613174438,0.7520290613174438,0.0,0.14336075205640425,0.14336075205640425,0.0,0.8020263910293579,0.7733322381973267,0.00809478759765625,0.05466461181640625,5,False
baseline_dev_conditioned_continuous,R-304,(GI-UX) File & Print,admin_rights,0.5583973526954651,0.5583973526954651,0.0,0.13008130081300812,0.13008130081300812,0.0,0.8792657852172852,0.8317006826400757,0.037722229957580566,0.07913583517074585,5,False
baseline_dev_conditioned_continuous,R-352,(BF) Employee Platform (SAP SF),other,0.5930825471878052,0.5930825471878052,0.0,0.24000000000000002,0.24000000000000002,0.0,0.8321695327758789,0.5549013614654541,0.31965386867523193,0.356397807598114,5,False
baseline_dev_conditioned_continuous,R-34,(GI-UX) Group,software_support,0.48405635356903076,0.48405635356903076,0.0,0.12765957446808512,0.12765957446808512,0.0,0.7266864776611328,0.6188424825668335,0.0020785927772521973,0.19474256038665771,5,False
baseline_dev_conditioned_continuous,R-346,"(GI-IaaS) Network On-Prem (LAN,WLAN,WAN 2nd level)",vpn_access,0.7244013547897339,0.7244013547897339,0.0,0.298932384341637,0.298932384341637,0.0,0.5418274998664856,0.5163906216621399,0.014446377754211426,0.060132384300231934,5,False
baseline_dev_conditioned_continuous,R-367,(GI-UX) File & Print,hardware_support,0.6326897144317627,0.6326897144317627,0.0,0.4329004329004329,0.4329004329004329,0.0,0.5378596782684326,0.4780947268009186,0.0,0.1767842173576355,5,False
baseline_dev_conditioned_continuous,R-354,(GI-SaaS) Salesforce,other,0.514815092086792,0.514815092086792,0.0,0.15384615384615385,0.15384615384615385,0.0,0.44120484590530396,0.4358295500278473,0.0008799731731414795,0.00911104679107666,5,False
baseline_dev_conditioned_continuous,R-385,(GI-SaaS) SAP & Synertrade,enterprise_systems,0.9026501178741455,0.9026501178741455,0.0,0.5742574257425743,0.5742574257425743,0.0,0.9219274520874023,0.8955990076065063,0.016326069831848145,0.04695773124694824,5,False
baseline_dev_conditioned_continuous,R-374,(GI-IaaS) Admin - License & Asset Management,software_license,0.7532188296318054,0.7532188296318054,0.0,0.45115452930728245,0.45115452930728245,0.0,0.9818040132522583,0.827303409576416,0.0,0.3969727158546448,5,False
baseline_dev_conditioned_continuous,R-387,(GI-UX) Network Access,other,0.1650812327861786,0.1650812327861786,0.0,0.11267605633802817,0.11267605633802817,0.0,0.7904136180877686,0.7170039415359497,0.04332864284515381,0.13354706764221191,5,False
baseline_dev_conditioned_continuous,R-399,(GI-CF) Robot Process Automation,admin_rights,0.5061930418014526,0.5061930418014526,0.0,0.13532110091743116,0.13532110091743116,0.0,0.6842633485794067,0.5934299826622009,0.10604429244995117,0.11836594343185425,5,False
baseline_dev_conditioned_continuous,R-4,(GI-CF) Robot Process Automation,admin_rights,0.7038165330886841,0.7038165330886841,0.0,0.1488162344983089,0.1488162344983089,0.0,0.5804017782211304,0.5600010752677917,0.009255290031433105,0.03608989715576172,5,False
baseline_dev_conditioned_continuous,R-383,(GI-UX) Network Access,vpn_access,0.6273834705352783,0.6273834705352783,0.0,0.39097744360902253,0.39097744360902253,0.0,0.9851242303848267,0.978492259979248,0.006674349308013916,0.009119093418121338,5,False
baseline_dev_conditioned_continuous,R-400,(GI-CF) Robot Process Automation,admin_rights,0.6884766817092896,0.6884766817092896,0.0,0.14972067039106143,0.14972067039106143,0.0,0.8821656107902527,0.8240413665771484,0.016942620277404785,0.1384558081626892,5,False
baseline_dev_conditioned_continuous,R-403,(GI-UX) File & Print,other,0.3731316030025482,0.3731316030025482,0.0,0.04,0.04,0.0,0.7053936719894409,0.652342677116394,0.053224265575408936,0.07510697841644287,5,False
baseline_dev_conditioned_continuous,R-41,(GI-UX) Group,software_license,0.5583555698394775,0.5583555698394775,0.0,0.13219616204690832,0.13219616204690832,0.0,0.7080228328704834,0.6984031796455383,0.0031708478927612305,0.023099541664123535,5,False
baseline_dev_conditioned_continuous,R-406,(BF) Information Security Office,admin_rights,0.8132373094558716,0.8132373094558716,0.0,0.21248630887185105,0.21248630887185105,0.0,0.7664949893951416,0.7239192128181458,0.028608620166778564,0.08099162578582764,5,False
baseline_dev_conditioned_continuous,R-410,(GI-UX) Group,software_license,0.29847875237464905,0.29847875237464905,0.0,0.1383399209486166,0.1383399209486166,0.0,0.7170097827911377,0.6871002912521362,0.005356729030609131,0.04985928535461426,5,False
baseline_dev_conditioned_continuous,R-405,(GI-IaaS) Backend Application Srv. & Project Support,other,0.7248561382293701,0.7248561382293701,0.0,0.18955042527339006,0.18955042527339006,0.0,0.8833548426628113,0.5707387328147888,0.3438795208930969,0.4323768615722656,5,False
baseline_dev_conditioned_continuous,R-414,(GI-IaaS) Backend Application Srv. & Project Support,offboarding,0.8341645002365112,0.8341645002365112,0.0,0.6341463414634146,0.6341463414634146,0.0,0.9851658940315247,0.978824257850647,0.006135821342468262,0.009661614894866943,5,False
baseline_dev_conditioned_continuous,R-446,(GI-UX) Group,vpn_access,0.7281301021575928,0.7281301021575928,0.0,0.326241134751773,0.326241134751773,0.0,0.5752803683280945,0.5126160383224487,0.058859169483184814,0.09246402978897095,5,False
baseline_dev_conditioned_continuous,R-418,(GI-UX) Network Access,vpn_access,0.7207823395729065,0.7207823395729065,0.0,0.37344398340248963,0.37344398340248963,0.0,0.9876163005828857,0.9844552874565125,0.002492070198059082,0.007122516632080078,5,False
baseline_dev_conditioned_continuous,R-413,(GI-UX) Account Management,onboarding,0.9489902257919312,0.9489902257919312,0.0,0.8436578171091446,0.8436578171091446,0.0,0.9550623893737793,0.919009804725647,0.035653114318847656,0.05367708206176758,5,False
baseline_dev_conditioned_continuous,R-440,(GI-UX) Windows,admin_rights,0.6366223096847534,0.6366223096847534,0.0,0.17897091722595077,0.17897091722595077,0.0,0.7491886615753174,0.7284302711486816,0.01950860023498535,0.030716300010681152,5,False
baseline_dev_conditioned_continuous,R-45,(GI-CF) Robot Process Automation,admin_rights,0.7581698894500732,0.7581698894500732,0.0,0.1672167216721672,0.1672167216721672,0.0,0.9563285708427429,0.8889642953872681,0.07215672731399536,0.09513694047927856,5,False
baseline_dev_conditioned_continuous,R-455,(GI-IaaS) Backend Application Srv. & Project Support,offboarding,0.7659408450126648,0.7659408450126648,0.0,0.6829268292682926,0.6829268292682926,0.0,0.7796412706375122,0.7668769359588623,0.00410383939743042,0.025597691535949707,5,False
baseline_dev_conditioned_continuous,R-460,(GI-IaaS) Backend Application Srv. & Project Support,offboarding,0.6029192209243774,0.6029192209243774,0.0,0.45714285714285713,0.45714285714285713,0.0,0.8259540796279907,0.7981835603713989,0.01773601770401001,0.043182969093322754,5,False
baseline_dev_conditioned_continuous,R-463,(GI-UX) Account Management,other,0.20638909935951233,0.20638909935951233,0.0,0.06451612903225808,0.06451612903225808,0.0,0.7602166533470154,0.7457689046859741,0.0002429485321044922,0.02759110927581787,5,False
baseline_dev_conditioned_continuous,R-465,(LF) IT Office Access Italy,offboarding,0.7134456634521484,0.7134456634521484,0.0,0.6111111111111112,0.6111111111111112,0.0,0.8407493829727173,0.8224549293518066,0.006071627140045166,0.04974466562271118,5,False
baseline_dev_conditioned_continuous,R-483,(LF) IT Office Access Italy,offboarding,0.905153751373291,0.905153751373291,0.0,0.7894736842105262,0.7894736842105262,0.0,0.9006366729736328,0.8729349374771118,0.007892131805419922,0.05459177494049072,5,False
baseline_dev_conditioned_continuous,R-479,(GI-IaaS) Backend Application Srv. & Project Support,offboarding,0.7088392376899719,0.7088392376899719,0.0,0.5714285714285714,0.5714285714285714,0.0,0.847148060798645,0.8111560940742493,0.036310017108917236,0.053436458110809326,5,False
baseline_dev_conditioned_continuous,R-47,(BF) Information Security Office,admin_rights,0.7653990983963013,0.7653990983963013,0.0,0.20066152149944874,0.20066152149944874,0.0,0.7653406858444214,0.7206345796585083,0.0090179443359375,0.08275389671325684,5,False
baseline_dev_conditioned_continuous,R-489,(GI-UX) Mobile Device Management,other,0.6602283716201782,0.6602283716201782,0.0,0.3,0.3,0.0,0.9818277359008789,0.7650992274284363,0.26960742473602295,0.2728480100631714,5,False
baseline_dev_conditioned_continuous,R-487,(GI-SaaS) Salesforce,other,0.8106554746627808,0.8106554746627808,0.0,0.36923076923076925,0.36923076923076925,0.0,0.9373676776885986,0.6301457285881042,0.3291652798652649,0.45916610956192017,5,False
baseline_dev_conditioned_continuous,R-497,(GI-SM) Service Desk,other,0.5570651292800903,0.5570651292800903,0.0,0.10143042912873863,0.10143042912873863,0.0,0.55619215965271,0.5388680696487427,0.011873126029968262,0.04563724994659424,5,False
baseline_dev_conditioned_continuous,R-504,(GI-UX) Application,absence,0.4919857084751129,0.4919857084751129,0.0,0.4027777777777778,0.4027777777777778,0.0,0.5940266847610474,0.5754765868186951,0.009801208972930908,0.03089272975921631,5,False
baseline_dev_conditioned_continuous,R-5,(GI-UX) File & Print,software_support,0.4220178425312042,0.4220178425312042,0.0,0.14705882352941177,0.14705882352941177,0.0,0.8071073293685913,0.7846022844314575,0.0008388757705688477,0.044996440410614014,5,False
baseline_dev_conditioned_continuous,R-505,(GI-UX) Group,software_license,0.5529392957687378,0.5529392957687378,0.0,0.19126819126819128,0.19126819126819128,0.0,0.7774654626846313,0.5932093262672424,0.21859240531921387,0.2442840337753296,5,False
baseline_dev_conditioned_continuous,R-507,(GI-UX) Group,other,0.9003359079360962,0.9003359079360962,0.0,0.4355828220858896,0.4355828220858896,0.0,0.5339007377624512,0.38104763627052307,0.1350400447845459,0.2199581265449524,5,False
baseline_dev_conditioned_continuous,R-509,(GI-UX) File & Print,other,0.18729963898658752,0.18729963898658752,0.0,0.15894039735099338,0.15894039735099338,0.0,0.5546534061431885,0.44249647855758667,0.048804402351379395,0.21608424186706543,5,False
baseline_dev_conditioned_continuous,R-513,(GI-UX) MAC OS,other,0.7547746300697327,0.7547746300697327,0.0,0.17926186291739896,0.17926186291739896,0.0,0.9786639213562012,0.7968718409538269,0.21380829811096191,0.23235994577407837,5,False
baseline_dev_conditioned_continuous,R-527,(GI-CF) Robot Process Automation,admin_rights,0.5452866554260254,0.5452866554260254,0.0,0.16478555304740405,0.16478555304740405,0.0,0.9318428635597229,0.8613680601119995,0.037639737129211426,0.14054220914840698,5,False
baseline_dev_conditioned_continuous,R-532,(GI-UX) Group,password_reset,0.5700200796127319,0.5700200796127319,0.0,0.25,0.25,0.0,0.7332671880722046,0.7148265838623047,0.013376355171203613,0.02912592887878418,5,False
baseline_dev_conditioned_continuous,R-528,(GI-UX) Group,vpn_access,0.7824807167053223,0.7824807167053223,0.0,0.27177700348432055,0.27177700348432055,0.0,0.6017083525657654,0.5500765442848206,0.0182420015335083,0.09905093908309937,5,False
baseline_dev_conditioned_continuous,R-541,(GI-UX) Network Access,vpn_access,0.5020487308502197,0.5020487308502197,0.0,0.14634146341463414,0.14634146341463414,0.0,0.537338137626648,0.5142810940742493,0.010598957538604736,0.03993833065032959,5,False
baseline_dev_conditioned_continuous,R-546,(GI-SaaS) Salesforce,other,0.3576202988624573,0.3576202988624573,0.0,0.0963855421686747,0.0963855421686747,0.0,0.9484521150588989,0.6178489923477173,0.08036458492279053,0.5692435503005981,5,False
baseline_dev_conditioned_continuous,R-560,(GI-UX) File & Print,onboarding,0.7990026473999023,0.7990026473999023,0.0,0.7272727272727274,0.7272727272727274,0.0,0.9728562831878662,0.970541775226593,0.0016210079193115234,0.003909468650817871,5,False
baseline_dev_conditioned_continuous,R-562,(GI-UX) File & Print,onboarding,0.8951282501220703,0.8951282501220703,0.0,0.8,0.8,0.0,0.9786417484283447,0.9764143824577332,0.002215147018432617,0.0033715367317199707,5,False
baseline_dev_conditioned_continuous,R-563,(GI-IaaS) Development Platform,project_tools,0.7256985306739807,0.7256985306739807,0.0,0.25,0.25,0.0,0.9147495031356812,0.5786148309707642,0.3657330870628357,0.4855988621711731,5,False
baseline_dev_conditioned_continuous,R-566,(GI-UX) File & Print,software_support,0.12078509479761124,0.12078509479761124,0.0,0.12844036697247704,0.12844036697247704,0.0,0.4619560241699219,0.429413378238678,0.019443541765213013,0.050228118896484375,5,False
baseline_dev_conditioned_continuous,R-571,(GI-IaaS) Development Platform,software_license,0.695406436920166,0.695406436920166,0.0,0.23920265780730895,0.23920265780730895,0.0,0.6968128681182861,0.6430720090866089,0.05938005447387695,0.07041341066360474,5,False
baseline_dev_conditioned_continuous,R-57,(BF) Information Security Office,admin_rights,0.703262448310852,0.703262448310852,0.0,0.12709030100334448,0.12709030100334448,0.0,0.8733963966369629,0.8592293858528137,0.013550758361816406,0.027166247367858887,5,False
baseline_dev_conditioned_continuous,R-570,(GI-IaaS) Development Platform,software_license,0.7670533657073975,0.7670533657073975,0.0,0.3170731707317073,0.3170731707317073,0.0,0.8286571502685547,0.7612481713294983,0.07678943872451782,0.09112578630447388,5,False
baseline_dev_conditioned_continuous,R-572,(GI-IaaS) Development Platform,software_license,0.6905714869499207,0.6905714869499207,0.0,0.3142857142857143,0.3142857142857143,0.0,0.8843713998794556,0.8624064326286316,0.0,0.0551145076751709,5,False
baseline_dev_conditioned_continuous,R-573,(GI-UX) Account Management,collaboration,0.748403787612915,0.748403787612915,0.0,0.36186770428015563,0.36186770428015563,0.0,0.9536957144737244,0.8926901817321777,0.004688560962677002,0.2718331217765808,5,False
baseline_dev_conditioned_continuous,R-576,(GI-UX) Account Management,onboarding,0.8082525730133057,0.8082525730133057,0.0,0.5082872928176795,0.5082872928176795,0.0,0.8903993368148804,0.8713169097900391,0.016204118728637695,0.028824329376220703,5,False
baseline_dev_conditioned_continuous,R-578,(GI-UX) Account Management,onboarding,0.7981302738189697,0.7981302738189697,0.0,0.5544554455445545,0.5544554455445545,0.0,0.9129790663719177,0.9028965830802917,0.007589995861053467,0.01756519079208374,5,False
baseline_dev_conditioned_continuous,R-585,(GI-UX) File & Print,onboarding,0.7597701549530029,0.7597701549530029,0.0,0.5945945945945946,0.5945945945945946,0.0,0.9918771982192993,0.9904540777206421,0.0005685687065124512,0.0027316808700561523,5,False
baseline_dev_conditioned_continuous,R-59,(GI-UX) Group,password_reset,0.8645510673522949,0.8645510673522949,0.0,0.3050847457627119,0.3050847457627119,0.0,0.824127197265625,0.7558659315109253,0.02934819459915161,0.11715978384017944,5,False
baseline_dev_conditioned_continuous,R-577,(GI-UX) File & Print,onboarding,0.7224676609039307,0.7224676609039307,0.0,0.787878787878788,0.787878787878788,0.0,0.9807201623916626,0.9795693159103394,0.00017410516738891602,0.0031426548957824707,5,False
baseline_dev_conditioned_continuous,R-591,(GI-UX) File & Print,onboarding,0.7330582141876221,0.7330582141876221,0.0,0.5641025641025641,0.5641025641025641,0.0,0.9917552471160889,0.990325927734375,0.00044667720794677734,0.002347588539123535,5,False
baseline_dev_conditioned_continuous,R-590,(GI-UX) Group,admin_rights,0.6902639865875244,0.6902639865875244,0.0,0.1718582169709989,0.1718582169709989,0.0,0.8415732979774475,0.82709801197052,0.00842660665512085,0.029649436473846436,5,False
baseline_dev_conditioned_continuous,R-593,(GI-CF) Robot Process Automation,admin_rights,0.6475499272346497,0.6475499272346497,0.0,0.1878453038674033,0.1878453038674033,0.0,0.9621644616127014,0.7143024206161499,0.3030741810798645,0.32108479738235474,5,False
baseline_dev_conditioned_continuous,R-606,(GI-CyberSec) Security Operation Center,email_support,0.8564013838768005,0.8564013838768005,0.0,0.2962962962962963,0.2962962962962963,0.0,0.685208797454834,0.5793882012367249,0.03302896022796631,0.20391616225242615,5,False
baseline_dev_conditioned_continuous,R-60,(GI-UX) Application,absence,0.6690484881401062,0.6690484881401062,0.0,0.3087248322147651,0.3087248322147651,0.0,0.6646742820739746,0.6235898733139038,0.01415705680847168,0.07959866523742676,5,False
baseline_dev_conditioned_continuous,R-607,(GI-IaaS) Development Platform,other,0.6188355684280396,0.6188355684280396,0.0,0.2318840579710145,0.2318840579710145,0.0,0.6137546300888062,0.5571531057357788,0.0031329989433288574,0.11513549089431763,5,False
baseline_dev_conditioned_continuous,R-621,(GI-CF) Robot Process Automation,admin_rights,0.4612312316894531,0.4612312316894531,0.0,0.0845771144278607,0.0845771144278607,0.0,0.825417160987854,0.8000892400741577,0.010160088539123535,0.04482614994049072,5,False
baseline_dev_conditioned_continuous,R-614,(GI-UX) File & Print,software_support,0.5528658032417297,0.5528658032417297,0.0,0.47706422018348627,0.47706422018348627,0.0,0.6448843479156494,0.5408893823623657,0.07044440507888794,0.1687946319580078,5,False
baseline_dev_conditioned_continuous,R-612,(GI-CF) Robot Process Automation,admin_rights,0.7584682106971741,0.7584682106971741,0.0,0.18538713195201745,0.18538713195201745,0.0,0.9395609498023987,0.7310537099838257,0.0021356940269470215,0.3660052418708801,5,False
baseline_dev_conditioned_continuous,R-617,(GI-UX) Windows,other,0.5543293356895447,0.5543293356895447,0.0,0.2776659959758551,0.2776659959758551,0.0,0.7516289353370667,0.6265877485275269,0.1275838017463684,0.18044227361679077,5,False
baseline_dev_conditioned_continuous,R-624,(GI-SaaS) Salesforce,admin_rights,0.7224246263504028,0.7224246263504028,0.0,0.2374301675977653,0.2374301675977653,0.0,0.8489986658096313,0.7555443644523621,0.0049225687980651855,0.19865989685058594,5,False
baseline_dev_conditioned_continuous,R-625,(GI-IaaS) Development Platform,other,0.4091726541519165,0.4091726541519165,0.0,0.10945273631840795,0.10945273631840795,0.0,0.5079503655433655,0.48600441217422485,0.009331166744232178,0.056122541427612305,5,False
baseline_dev_conditioned_continuous,R-63,(GI-SaaS) SAP & Synertrade,other,0.9050641059875488,0.9050641059875488,0.0,0.45925925925925926,0.45925925925925926,0.0,0.898497462272644,0.5590146780014038,0.40168285369873047,0.4532068967819214,5,False
baseline_dev_conditioned_continuous,R-636,(GI-UX) Group,software_license,0.6232843399047852,0.6232843399047852,0.0,0.1339712918660287,0.1339712918660287,0.0,0.5845530033111572,0.5133951306343079,0.04744243621826172,0.10579997301101685,5,False
baseline_dev_conditioned_continuous,R-631,"(GI-IaaS) Network On-Prem (LAN,WLAN,WAN 2nd level)",vpn_access,0.8337737917900085,0.8337737917900085,0.0,0.199288256227758,0.199288256227758,0.0,0.6066684722900391,0.5710955262184143,0.008240580558776855,0.06995844841003418,5,False
baseline_dev_conditioned_continuous,R-638,(GI-IaaS) Development Platform,project_tools,0.41725510358810425,0.41725510358810425,0.0,0.14942528735632182,0.14942528735632182,0.0,0.5026131868362427,0.4606477618217468,0.006351351737976074,0.08003216981887817,5,False
baseline_dev_conditioned_continuous,R-645,(GI-SaaS) SAP & Synertrade,enterprise_systems,0.7931955456733704,0.7931955456733704,0.0,0.15105740181268884,0.15105740181268884,0.0,0.5966615080833435,0.5868132710456848,0.010907948017120361,0.01512986421585083,5,False
baseline_dev_conditioned_continuous,R-646,(GI-CF) Robot Process Automation,admin_rights,0.7229680418968201,0.7229680418968201,0.0,0.14123006833712984,0.14123006833712984,0.0,0.7352818846702576,0.7177214622497559,0.008325636386871338,0.03660011291503906,5,False
baseline_dev_conditioned_continuous,R-647,(GI-UX) File & Print,access_problem,0.831329345703125,0.831329345703125,0.0,0.31578947368421056,0.31578947368421056,0.0,0.7343599796295166,0.7007355093955994,0.012746453285217285,0.05733442306518555,5,False
baseline_dev_conditioned_continuous,R-651,(GI-UX) File & Print,hardware_support,0.2686071991920471,0.2686071991920471,0.0,0.11881188118811883,0.11881188118811883,0.0,0.5121114253997803,0.42677029967308044,0.013784736394882202,0.173026442527771,5,False
baseline_dev_conditioned_continuous,R-653,(GI-UX) File & Print,onboarding,0.7494206428527832,0.7494206428527832,0.0,0.55,0.55,0.0,0.9748132228851318,0.9727548360824585,0.0018661022186279297,0.003954172134399414,5,False
baseline_dev_conditioned_continuous,R-669,(GI-IaaS) Development Platform,software_license,0.8141984939575195,0.8141984939575195,0.0,0.2848297213622291,0.2848297213622291,0.0,1.0000001192092896,0.9535665512084961,0.0,0.11608397960662842,5,False
baseline_dev_conditioned_continuous,R-680,(GI-IaaS) Development Platform,software_license,0.859776496887207,0.859776496887207,0.0,0.3215434083601286,0.3215434083601286,0.0,0.8856897354125977,0.8773742914199829,0.007025480270385742,0.01151728630065918,5,False
baseline_dev_conditioned_continuous,R-671,(GI-IaaS) Development Platform,software_license,0.8508753776550293,0.8508753776550293,0.0,0.2987012987012987,0.2987012987012987,0.0,1.0000001192092896,0.9535665512084961,0.0,0.11608397960662842,5,False
baseline_dev_conditioned_continuous,R-686,(GI-IaaS) Development Platform,software_license,0.8590600490570068,0.8590600490570068,0.0,0.26058631921824105,0.26058631921824105,0.0,0.8271549940109253,0.7695133686065674,0.04604971408843994,0.09837996959686279,5,False
baseline_dev_conditioned_continuous,R-691,(GI-IaaS) Development Platform,software_license,0.797510027885437,0.797510027885437,0.0,0.26900584795321636,0.26900584795321636,0.0,0.7778307199478149,0.769692063331604,0.004742860794067383,0.019510746002197266,5,False
baseline_dev_conditioned_continuous,R-708,(GI-CF) Robot Process Automation,admin_rights,0.46684888005256653,0.46684888005256653,0.0,0.1254355400696864,0.1254355400696864,0.0,0.7057700157165527,0.6325783133506775,0.026960134506225586,0.11633890867233276,5,False
baseline_dev_conditioned_continuous,R-713,(GI-IaaS) Development Platform,software_license,0.8566910028457642,0.8566910028457642,0.0,0.3061889250814332,0.3061889250814332,0.0,0.916827917098999,0.8876646161079407,0.023847639560699463,0.04497617483139038,5,False
baseline_dev_conditioned_continuous,R-72,(LF) IT Office Access Italy,offboarding,0.8975115418434143,0.8975115418434143,0.0,0.7499999999999999,0.7499999999999999,0.0,0.974276602268219,0.9725666046142578,0.0014901161193847656,0.002658665180206299,5,False
baseline_dev_conditioned_continuous,R-715,(GI-CF) Robot Process Automation,admin_rights,0.4428724944591522,0.4428724944591522,0.0,0.12514484356894556,0.12514484356894556,0.0,0.688135027885437,0.6783913373947144,0.005608797073364258,0.015694618225097656,5,False
baseline_dev_conditioned_continuous,R-709,(GI-UX) Group,software_license,0.48779237270355225,0.48779237270355225,0.0,0.14107883817427383,0.14107883817427383,0.0,0.650195837020874,0.6290812492370605,0.0035103559494018555,0.043591856956481934,5,False
baseline_dev_conditioned_continuous,R-726,(LF) IT Office Access Italy,offboarding,0.8144986629486084,0.8144986629486084,0.0,0.7272727272727274,0.7272727272727274,0.0,0.823729932308197,0.7974510192871094,0.025071322917938232,0.03790193796157837,5,False
baseline_dev_conditioned_continuous,R-73,(GI-IaaS) Backend Application Srv. & Project Support,offboarding,0.9771063923835754,0.9771063923835754,0.0,0.8717948717948718,0.8717948717948718,0.0,0.9709506034851074,0.9672124981880188,0.003068089485168457,0.00550234317779541,5,False
baseline_dev_conditioned_continuous,R-75,(GI-IaaS) Backend Application Srv. & Project Support,offboarding,0.8296420574188232,0.8296420574188232,0.0,0.75,0.75,0.0,0.95749831199646,0.9551162719726562,0.0018569231033325195,0.004061698913574219,5,False
baseline_dev_conditioned_continuous,R-732,(GI-UX) Network Access,vpn_access,0.8125408887863159,0.8125408887863159,0.0,0.31197771587743733,0.31197771587743733,0.0,0.6431130170822144,0.6064165830612183,0.03839594125747681,0.05147385597229004,5,False
baseline_dev_conditioned_continuous,R-740,(GI-UX) Group,software_license,0.5571997761726379,0.5571997761726379,0.0,0.18461538461538463,0.18461538461538463,0.0,0.9223726987838745,0.8701518177986145,0.023540079593658447,0.11268281936645508,5,False
baseline_dev_conditioned_continuous,R-754,(GI-UX) File & Print,onboarding,0.8358868360519409,0.8358868360519409,0.0,0.7058823529411765,0.7058823529411765,0.0,0.9841275811195374,0.9829261898994446,0.0002778172492980957,0.002031981945037842,5,False
baseline_dev_conditioned_continuous,R-741,(GI-SaaS) Salesforce,enterprise_systems,0.6229791641235352,0.6229791641235352,0.0,0.2692307692307692,0.2692307692307692,0.0,0.5828491449356079,0.515905499458313,0.0582197904586792,0.10196185111999512,5,False
baseline_dev_conditioned_continuous,R-755,(GI-UX) Account Management,onboarding,0.9259977340698242,0.9259977340698242,0.0,0.7965616045845271,0.7965616045845271,0.0,0.9943743944168091,0.9911378026008606,0.0031211376190185547,0.004416525363922119,5,False
baseline_dev_conditioned_continuous,R-765,(GI-UX) File & Print,onboarding,0.663029134273529,0.663029134273529,0.0,0.41935483870967744,0.41935483870967744,0.0,0.9499793648719788,0.9460284113883972,0.003527343273162842,0.008068561553955078,5,False
baseline_dev_conditioned_continuous,R-759,(GI-UX) Group,software_license,0.6036219000816345,0.6036219000816345,0.0,0.180293501048218,0.180293501048218,0.0,0.5550193786621094,0.49548912048339844,0.0,0.11663821339607239,5,False
baseline_dev_conditioned_continuous,R-757,(GI-UX) Account Management,onboarding,0.8851053714752197,0.8851053714752197,0.0,0.5472972972972973,0.5472972972972973,0.0,0.9744294285774231,0.9579450488090515,0.014826297760009766,0.022920072078704834,5,False
baseline_dev_conditioned_continuous,R-760,(GI-UX) Group,software_support,0.48213693499565125,0.48213693499565125,0.0,0.17341040462427745,0.17341040462427745,0.0,0.6094628572463989,0.5465752482414246,0.06775987148284912,0.09590506553649902,5,False
baseline_dev_conditioned_continuous,R-783,(GI-UX) File & Print,onboarding,0.8715096116065979,0.8715096116065979,0.0,0.7894736842105262,0.7894736842105262,0.0,0.9876525402069092,0.9859907031059265,0.001243293285369873,0.0026163458824157715,5,False
baseline_dev_conditioned_continuous,R-772,(BF) Information Security Office,admin_rights,0.8077789545059204,0.8077789545059204,0.0,0.18365061590145576,0.18365061590145576,0.0,0.6003344058990479,0.5774829983711243,0.006005764007568359,0.05610024929046631,5,False
baseline_dev_conditioned_continuous,R-775,(GI-UX) Network Access,vpn_access,0.9092104434967041,0.9092104434967041,0.0,0.38692098092643046,0.38692098092643046,0.0,0.9339691400527954,0.9155027270317078,0.0008687973022460938,0.0566868782043457,5,False
baseline_dev_conditioned_continuous,R-792,(GI-UX) Account Management,onboarding,0.8766465187072754,0.8766465187072754,0.0,0.5399999999999999,0.5399999999999999,0.0,0.9867312908172607,0.9849880337715149,0.0020084381103515625,0.0023283958435058594,5,False
baseline_dev_conditioned_continuous,R-788,(GI-UX) Account Management,onboarding,0.8883765339851379,0.8883765339851379,0.0,0.5386996904024768,0.5386996904024768,0.0,0.9885249137878418,0.9878443479537964,0.0003762245178222656,0.0012755393981933594,5,False
baseline_dev_conditioned_continuous,R-795,(GI-UX) Group,onboarding,0.73462975025177,0.73462975025177,0.0,0.6,0.6,0.0,0.9831502437591553,0.9813467264175415,0.0017415285110473633,0.002708911895751953,5,False
baseline_dev_conditioned_continuous,R-801,(GI-SM) Service Desk,software_license,0.8549542427062988,0.8549542427062988,0.0,0.27118644067796605,0.27118644067796605,0.0,0.9333515167236328,0.9068835377693176,0.0049779415130615234,0.06235063076019287,5,False
baseline_dev_conditioned_continuous,R-802,(GI-UX) File & Print,onboarding,0.7987821698188782,0.7987821698188782,0.0,0.7272727272727274,0.7272727272727274,0.0,0.9897894859313965,0.9881144762039185,0.0002765059471130371,0.0033392906188964844,5,False
baseline_dev_conditioned_continuous,R-808,(GI-UX) Application,other,0.6206710934638977,0.6206710934638977,0.0,0.3981900452488688,0.3981900452488688,0.0,0.737634003162384,0.6701946258544922,0.052896320819854736,0.11598092317581177,5,False
baseline_dev_conditioned_continuous,R-812,(GI-UX) Group,software_support,0.19189932942390442,0.19189932942390442,0.0,0.12121212121212122,0.12121212121212122,0.0,0.7272045612335205,0.6604440808296204,0.025162100791931152,0.12768924236297607,5,False
baseline_dev_conditioned_continuous,R-814,(GI-UX) File & Print,other,0.75422203540802,0.75422203540802,0.0,0.2758620689655173,0.2758620689655173,0.0,0.9914794564247131,0.9875897169113159,0.003183305263519287,0.006136715412139893,5,False
baseline_dev_conditioned_continuous,R-823,(GI-IaaS) Development Platform,software_license,0.7800636291503906,0.7800636291503906,0.0,0.2987804878048781,0.2987804878048781,0.0,0.9128170013427734,0.904933750629425,0.0,0.02781689167022705,5,False
baseline_dev_conditioned_continuous,R-818,(GI-IaaS) Development Platform,software_license,0.7250454425811768,0.7250454425811768,0.0,0.2911392405063291,0.2911392405063291,0.0,0.8617717027664185,0.8513213396072388,0.0,0.036469221115112305,5,False
baseline_dev_conditioned_continuous,R-825,(GI-IaaS) Development Platform,other,0.37741807103157043,0.37741807103157043,0.0,0.016666666666666666,0.016666666666666666,0.0,0.8100952506065369,0.8086192011833191,0.0,0.005669951438903809,5,False
baseline_dev_conditioned_continuous,R-833,(GI-SM) Service Desk,other,0.21576979756355286,0.21576979756355286,0.0,0.11864406779661016,0.11864406779661016,0.0,0.6208144426345825,0.5487520694732666,0.05161553621292114,0.10514295101165771,5,False
baseline_dev_conditioned_continuous,R-826,(GI-UX) Group,hardware_support,0.3751800060272217,0.3751800060272217,0.0,0.13513513513513514,0.13513513513513514,0.0,0.641083836555481,0.6015691757202148,0.0018303990364074707,0.06789135932922363,5,False
baseline_dev_conditioned_continuous,R-827,(GI-IaaS) Azure Data Center,other,0.16535881161689758,0.16535881161689758,0.0,0.047619047619047616,0.047619047619047616,0.0,0.4551165699958801,0.42057904601097107,0.009950697422027588,0.07207697629928589,5,False
baseline_dev_conditioned_continuous,R-85,(GI-UX) Account Management,offboarding,0.9979963302612305,0.9979963302612305,0.0,0.9821428571428571,0.9821428571428571,0.0,0.9431507587432861,0.9416660070419312,0.0006644725799560547,0.004017949104309082,5,False
baseline_dev_conditioned_continuous,R-838,(GI-IaaS) Backend M365 (2nd level),other,0.1486520916223526,0.1486520916223526,0.0,0.10687022900763357,0.10687022900763357,0.0,0.780945897102356,0.5734971761703491,0.0037114620208740234,0.3747769594192505,5,False
baseline_dev_conditioned_continuous,R-856,"(GI-IaaS) Network On-Prem (LAN,WLAN,WAN 2nd level)",other,0.33855608105659485,0.33855608105659485,0.0,0.34146341463414637,0.34146341463414637,0.0,0.5832465887069702,0.5326996445655823,0.04444795846939087,0.07424777746200562,5,False
baseline_dev_conditioned_continuous,R-850,(GI-UX) Account Management,email_support,0.7304374575614929,0.7304374575614929,0.0,0.3478260869565217,0.3478260869565217,0.0,0.8512862920761108,0.681406557559967,0.10777199268341064,0.2506348490715027,5,False
baseline_dev_conditioned_continuous,R-858,"(GI-IaaS) Network Cloud (Azure, Remote Access)",vpn_access,0.926840603351593,0.926840603351593,0.0,0.3712121212121212,0.3712121212121212,0.0,0.7019479870796204,0.5769409537315369,0.14184385538101196,0.1734967827796936,5,False
baseline_dev_conditioned_continuous,R-870,(GI-UX) File & Print,onboarding,0.8041317462921143,0.8041317462921143,0.0,0.7027027027027027,0.7027027027027027,0.0,0.987468957901001,0.9840095639228821,0.0007691383361816406,0.00670093297958374,5,False
baseline_dev_conditioned_continuous,R-86,(GI-IaaS) Backend Application Srv. & Project Support,offboarding,0.7790380120277405,0.7790380120277405,0.0,0.6341463414634146,0.6341463414634146,0.0,0.9814795255661011,0.9749930500984192,0.0072002410888671875,0.008746504783630371,5,False
baseline_dev_conditioned_continuous,R-899,(GI-UX) File & Print,onboarding,0.9095966815948486,0.9095966815948486,0.0,0.85,0.85,0.0,0.9903714656829834,0.9858673214912415,0.002606332302093506,0.00818490982055664,5,False
baseline_dev_conditioned_continuous,R-871,(GI-UX) Account Management,onboarding,0.8260941505432129,0.8260941505432129,0.0,0.5594855305466239,0.5594855305466239,0.0,0.9604579210281372,0.9547654986381531,0.0053855180740356445,0.009237110614776611,5,False
baseline_dev_conditioned_continuous,R-888,(GI-UX) File & Print,other,0.7089588642120361,0.7089588642120361,0.0,0.27586206896551724,0.27586206896551724,0.0,0.9911747574806213,0.9900017976760864,0.0007495284080505371,0.0020864009857177734,5,False
baseline_dev_conditioned_continuous,R-902,(GI-UX) File & Print,onboarding,0.7739685773849487,0.7739685773849487,0.0,0.6,0.6,0.0,0.9870439767837524,0.985967755317688,0.0005794167518615723,0.002109229564666748,5,False
baseline_dev_conditioned_continuous,R-904,(GI-UX) File & Print,onboarding,0.8095816373825073,0.8095816373825073,0.0,0.6666666666666667,0.6666666666666667,0.0,0.9900925159454346,0.9861448407173157,0.003596663475036621,0.005995690822601318,5,False
baseline_dev_conditioned_continuous,R-91,(GI-UX) Group,software_license,0.7283284068107605,0.7283284068107605,0.0,0.1846846846846847,0.1846846846846847,0.0,0.7685316801071167,0.7149326205253601,0.01776498556137085,0.1198662519454956,5,False
baseline_dev_conditioned_continuous,R-917,(GI-IaaS) Development Platform,project_tools,0.644199788570404,0.644199788570404,0.0,0.2891566265060241,0.2891566265060241,0.0,0.5490164756774902,0.4784184992313385,0.0330885648727417,0.12197023630142212,5,False
baseline_dev_conditioned_continuous,R-905,(GI-UX) Account Management,onboarding,0.8637770414352417,0.8637770414352417,0.0,0.5574912891986062,0.5574912891986062,0.0,0.9919266700744629,0.9906104207038879,0.0007760524749755859,0.002077639102935791,5,False
baseline_dev_conditioned_continuous,R-919,(BF) Information Security Office,admin_rights,0.7785706520080566,0.7785706520080566,0.0,0.17073170731707318,0.17073170731707318,0.0,0.985489547252655,0.906927227973938,0.07662343978881836,0.11098039150238037,5,False
baseline_dev_conditioned_continuous,R-923,(GI-UX) Group,admin_rights,0.7754038572311401,0.7754038572311401,0.0,0.11641443538998836,0.11641443538998836,0.0,0.5125280618667603,0.49387866258621216,0.017370522022247314,0.034596651792526245,5,False
baseline_dev_conditioned_continuous,R-926,(GI-IaaS) Development Platform,other,0.6998639106750488,0.6998639106750488,0.0,0.14218009478672983,0.14218009478672983,0.0,0.6818645000457764,0.6392947435379028,0.047805070877075195,0.057219743728637695,5,False
baseline_dev_conditioned_continuous,R-929,(GI-UX) Account Management,onboarding,0.8496832251548767,0.8496832251548767,0.0,0.5416666666666667,0.5416666666666667,0.0,0.9818878769874573,0.9800585508346558,0.00046831369400024414,0.003041505813598633,5,False
baseline_dev_conditioned_continuous,R-93,(GI-CF) Robot Process Automation,admin_rights,0.4607952833175659,0.4607952833175659,0.0,0.07097591888466413,0.07097591888466413,0.0,0.8599211573600769,0.8113468885421753,0.027642667293548584,0.0718887448310852,5,False
baseline_dev_conditioned_continuous,R-930,(GI-IaaS) Development Platform,software_license,0.8083845376968384,0.8083845376968384,0.0,0.3373493975903614,0.3373493975903614,0.0,0.9168280363082886,0.8777042627334595,0.031792640686035156,0.06542479991912842,5,False
baseline_dev_conditioned_continuous,R-932,(GI-SaaS) Salesforce,admin_rights,0.7449029088020325,0.7449029088020325,0.0,0.21971830985915491,0.21971830985915491,0.0,0.7873700857162476,0.6491732597351074,0.02696216106414795,0.26337671279907227,5,False
baseline_dev_conditioned_continuous,R-933,(GI-IaaS) Development Platform,other,0.8473523855209351,0.8473523855209351,0.0,0.325,0.325,0.0,0.7317225337028503,0.6246681809425354,0.11342358589172363,0.15185308456420898,5,False
baseline_dev_conditioned_continuous,R-936,(GI-UX) File & Print,other,0.8454380631446838,0.8454380631446838,0.0,0.5333333333333333,0.5333333333333333,0.0,0.991174578666687,0.9878624677658081,0.0011273622512817383,0.006195008754730225,5,False
baseline_dev_conditioned_continuous,R-944,(GI-IaaS) Backend Application Srv. & Project Support,offboarding,0.9862380027770996,0.9862380027770996,0.0,0.9,0.9,0.0,0.9905260801315308,0.9890867471694946,0.0012128353118896484,0.0031470060348510742,5,False
baseline_dev_conditioned_continuous,R-942,(GI-UX) Account Management,onboarding,0.47667786478996277,0.47667786478996277,0.0,0.08205128205128205,0.08205128205128205,0.0,0.9261789321899414,0.8989027142524719,0.02841353416442871,0.04050123691558838,5,False
baseline_dev_conditioned_continuous,R-947,(GI-UX) Account Management,offboarding,0.9895293116569519,0.9895293116569519,0.0,0.9821428571428571,0.9821428571428571,0.0,0.973723828792572,0.9720679521560669,0.0003209710121154785,0.004388391971588135,5,False
baseline_dev_conditioned_continuous,R-943,"(GI-IaaS) Network On-Prem (LAN,WLAN,WAN 2nd level)",vpn_access,0.4857831299304962,0.4857831299304962,0.0,0.14482758620689654,0.14482758620689654,0.0,0.5770089030265808,0.5310161113739014,0.05252581834793091,0.06702327728271484,5,False
baseline_dev_conditioned_continuous,R-953,(GI-CF) Robot Process Automation,admin_rights,0.36762088537216187,0.36762088537216187,0.0,0.08058608058608059,0.08058608058608059,0.0,0.7307182550430298,0.7228760123252869,0.006448805332183838,0.019195914268493652,5,False
baseline_dev_conditioned_continuous,R-954,(GI-UX) File & Print,onboarding,0.7281323671340942,0.7281323671340942,0.0,0.6666666666666665,0.6666666666666665,0.0,0.9814780950546265,0.979505181312561,0.0018748044967651367,0.003499269485473633,5,False
baseline_dev_conditioned_continuous,R-964,(GI-UX) Network Access,vpn_access,0.8950120806694031,0.8950120806694031,0.0,0.31715210355987056,0.31715210355987056,0.0,0.963829755783081,0.6659331917762756,0.356475293636322,0.38808971643447876,5,False
baseline_dev_conditioned_continuous,R-985,(GI-UX) Account Management,offboarding,0.9979963302612305,0.9979963302612305,0.0,0.9821428571428571,0.9821428571428571,0.0,0.9874145984649658,0.9852105379104614,4.661083221435547e-05,0.004625201225280762,5,False
baseline_dev_conditioned_continuous,R-966,(GI-UX) Account Management,email_support,0.6716063022613525,0.6716063022613525,0.0,0.3984962406015038,0.3984962406015038,0.0,0.8512864112854004,0.6717773675918579,0.09204578399658203,0.3293439745903015,5,False
baseline_dev_conditioned_continuous,R-967,(LF) IT Office Access Italy,office_access,0.6011848449707031,0.6011848449707031,0.0,0.4716981132075472,0.4716981132075472,0.0,0.9390976428985596,0.9003855586051941,0.045147478580474854,0.05617743730545044,5,False
baseline_dev_conditioned_continuous,R-990,(GI-IaaS) Development Platform,access_problem,0.4409501552581787,0.4409501552581787,0.0,0.09374999999999999,0.09374999999999999,0.0,0.8491711020469666,0.5884672403335571,0.29683881998062134,0.35192176699638367,5,False
baseline_dev_conditioned_continuous,R-991,(GI-IaaS) Development Platform,access_problem,0.43094611167907715,0.43094611167907715,0.0,0.07751937984496124,0.07751937984496124,0.0,0.8523308634757996,0.7037206888198853,0.16148585081100464,0.2115054726600647,5,False
baseline_dev_conditioned_continuous,R-997,(GI-UX) Unified Communication,other,0.20112109184265137,0.20112109184265137,0.0,0.1652892561983471,0.1652892561983471,0.0,0.640261173248291,0.5291224718093872,0.010365426540374756,0.1899217665195465,5,False
M1_global_dev_blind_continuous,R-100,(GI-IaaS) Admin - Local IT purchase,other,0.5895600318908691,0.5895600318908691,0.0,0.5,0.5,0.0,0.4417307376861572,0.4262809157371521,0.0009710788726806641,0.030615508556365967,4,False
M1_global_dev_blind_continuous,R-1002,(GI-UX) File & Print,onboarding,0.7474945783615112,0.14642328023910522,-0.601071298122406,0.6,0.04938271604938272,-0.5506172839506173,0.9835428595542908,0.9823434948921204,0.0007875561714172363,0.002096116542816162,0,False
M1_global_dev_blind_continuous,R-1003,(GI-UX) Account Management,onboarding,0.7367057800292969,0.7740458846092224,0.03734010457992554,0.3870967741935484,0.40579710144927533,0.018700327255726956,0.9898489713668823,0.9877109527587891,0.002393960952758789,0.0030056238174438477,0,False
M1_global_dev_blind_continuous,R-1004,(GI-UX) File & Print,onboarding,0.9110245108604431,0.22879523038864136,-0.6822292804718018,0.7692307692307692,0.06857142857142857,-0.7006593406593405,0.9802106022834778,0.9760651588439941,0.004369080066680908,0.0062806010246276855,0,False
M1_global_dev_blind_continuous,R-1006,(GI-IaaS) Development Platform,software_license,0.8471659421920776,0.8537514805793762,0.006585538387298584,0.29629629629629634,0.3184713375796179,0.02217504128332154,0.9273176193237305,0.900359034538269,0.0,0.07632613182067871,3,False
M1_global_dev_blind_continuous,R-1007,(GI-UX) Group,vpn_access,0.7606761455535889,0.8262802362442017,0.06560409069061279,0.33691756272401435,0.2801556420233463,-0.056761920700668045,0.7904136180877686,0.6832613945007324,0.1014372706413269,0.14977645874023438,3,False
M1_global_dev_blind_continuous,R-1016,(GI-UX) Group,software_support,0.45946741104125977,0.49135881662368774,0.03189140558242798,0.1581920903954802,0.1568627450980392,-0.001329345297440998,0.7709735035896301,0.730560839176178,0.03222852945327759,0.05926424264907837,3,False
M1_global_dev_blind_continuous,R-1021,(GI-SM) Service Desk,other,0.18194252252578735,0.11653676629066467,-0.06540575623512268,0.018461538461538463,0.018237082066869303,-0.00022445639466915981,0.5464298129081726,0.49958673119544983,0.02174907922744751,0.08864825963973999,5,False
M1_global_dev_blind_continuous,R-1020,(BF) Information Security Office,admin_rights,0.6890277862548828,0.754787027835846,0.06575924158096313,0.155902004454343,0.15581643543223053,-8.556902211245832e-05,0.7411284446716309,0.6947420239448547,0.032095909118652344,0.08486711978912354,3,False
M1_global_dev_blind_continuous,R-1024,(GI-UX) Windows,admin_rights,0.7270980477333069,0.7317807078361511,0.004682660102844238,0.13901345291479822,0.17297297297297298,0.033959520058174764,0.9945774674415588,0.8743798136711121,0.13314872980117798,0.16711223125457764,4,False
M1_global_dev_blind_continuous,R-1032,(GI-CF) Robot Process Automation,admin_rights,0.6606838703155518,0.6931439638137817,0.03246009349822998,0.15384615384615385,0.15753424657534248,0.00368809272918863,0.7944412231445312,0.7735104560852051,0.006741166114807129,0.048583924770355225,4,False
M1_global_dev_blind_continuous,R-1033,(GI-UX) Network Access,vpn_access,0.8996546268463135,0.9211217761039734,0.021467149257659912,0.33812949640287776,0.3448275862068965,0.006698089804018759,0.8120355606079102,0.6854199767112732,0.01991981267929077,0.22287887334823608,2,False
M1_global_dev_blind_continuous,R-1036,(LF) IT Office Access Italy,office_access,0.8778148889541626,0.8503725528717041,-0.027442336082458496,0.4854368932038835,0.5263157894736842,0.04087889626980068,0.9019222259521484,0.88750821352005,0.004760026931762695,0.035939812660217285,5,False
M1_global_dev_blind_continuous,R-1039,(GI-IaaS) Development Platform,other,0.44230765104293823,0.555541455745697,0.11323380470275879,0.21538461538461542,0.2545454545454546,0.03916083916083915,0.44303590059280396,0.39604097604751587,0.028113096952438354,0.08270794153213501,4,False
M1_global_dev_blind_continuous,R-105,(GI-UX) File & Print,hardware_support,0.1463259756565094,0.13390496373176575,-0.012421011924743652,0.18867924528301885,0.0979020979020979,-0.09077714738092095,0.34468740224838257,0.2836891710758209,0.061859965324401855,0.08573031425476074,1,False
M1_global_dev_blind_continuous,R-1051,(GI-CF) Robot Process Automation,admin_rights,0.5030460357666016,0.6144691705703735,0.11142313480377197,0.12874583795782463,0.18124341412012643,0.0524975761623018,0.7941269874572754,0.7698143124580383,0.01692885160446167,0.04419374465942383,2,False
M1_global_dev_blind_continuous,R-1060,(BF) Employee Platform (SAP SF),other,0.7488939762115479,0.758653998374939,0.009760022163391113,0.24691358024691357,0.20833333333333334,-0.038580246913580224,0.7914108633995056,0.6482924222946167,0.14574986696243286,0.19330698251724243,4,False
M1_global_dev_blind_continuous,R-1062,(LF) IT Office Access Italy,offboarding,0.8390369415283203,0.514411211013794,-0.32462573051452637,0.7368421052631577,0.15789473684210525,-0.5789473684210524,0.986281156539917,0.9832005500793457,0.0013720989227294922,0.005002260208129883,1,False
M1_global_dev_blind_continuous,R-1067,(GI-UX) Group,offboarding,0.7250100374221802,0.47627145051956177,-0.2487385869026184,0.6842105263157895,0.15789473684210525,-0.5263157894736843,0.9876869320869446,0.9848119616508484,0.002103865146636963,0.005251705646514893,0,False
M1_global_dev_blind_continuous,R-1069,(GI-IaaS) Backend Application Srv. & Project Support,offboarding,0.7541657090187073,0.6149945259094238,-0.13917118310928345,0.6111111111111112,0.5106382978723405,-0.10047281323877066,0.9905262589454651,0.9890152215957642,0.0015132427215576172,0.0023096203804016113,0,False
M1_global_dev_blind_continuous,R-108,(GI-UX) Network Access,other,0.5058009624481201,0.6900094747543335,0.18420851230621338,0.11235955056179775,0.2574257425742574,0.14506619201245963,0.7693555355072021,0.677189826965332,0.09323692321777344,0.13904482126235962,2,False
M1_global_dev_blind_continuous,R-1083,"(GI-IaaS) Network Cloud (Azure, Remote Access)",vpn_access,0.7776134014129639,0.9110105037689209,0.13339710235595703,0.39560439560439564,0.32452830188679244,-0.0710760937176032,0.7019481062889099,0.6458013653755188,0.048452913761138916,0.08826786279678345,3,False
M1_global_dev_blind_continuous,R-1089,(GI-UX) Group,hardware_support,0.45106005668640137,0.36780881881713867,-0.0832512378692627,0.14893617021276595,0.18749999999999997,0.03856382978723402,0.5561780333518982,0.4455460011959076,0.1279371976852417,0.16095268726348877,4,False
M1_global_dev_blind_continuous,R-109,(GI-UX) Application,absence,0.7610995173454285,0.7995209693908691,0.038421452045440674,0.4827586206896552,0.4594594594594595,-0.02329916123019571,0.7522178888320923,0.713605523109436,0.0233917236328125,0.06951725482940674,4,False
M1_global_dev_blind_continuous,R-1093,(GI-IaaS) Backend Application Srv. & Project Support,offboarding,0.8595222234725952,0.8595222234725952,0.0,0.7692307692307692,0.7692307692307692,0.0,0.9777603149414062,0.9727632403373718,0.002710580825805664,0.008188486099243164,3,False
M1_global_dev_blind_continuous,R-1091,(GI-UX) File & Print,onboarding,0.7739521265029907,0.17087090015411377,-0.603081226348877,0.5365853658536585,0.044198895027624314,-0.49238647082603415,0.9868484139442444,0.9852932095527649,0.0014588236808776855,0.002531290054321289,0,False
M1_global_dev_blind_continuous,R-1105,(GI-SaaS) Salesforce,absence,0.5633957386016846,0.6926820278167725,0.1292862892150879,0.4305555555555556,0.4335664335664336,0.0030108780108780153,0.5724667310714722,0.5410593748092651,0.01042473316192627,0.05256444215774536,4,False
M1_global_dev_blind_continuous,R-1106,"(GI-IaaS) Network Cloud (Azure, Remote Access)",vpn_access,0.4701879024505615,0.48773807287216187,0.017550170421600342,0.14336917562724014,0.11914893617021276,-0.02422023945702738,0.5596339702606201,0.5480856895446777,0.006425976753234863,0.020701885223388672,2,False
M1_global_dev_blind_continuous,R-1115,(GI-SaaS) Salesforce,enterprise_systems,0.3606923818588257,0.2462918907403946,-0.11440049111843109,0.13,0.11458333333333333,-0.015416666666666676,0.48708295822143555,0.3949054181575775,0.05807405710220337,0.13861173391342163,4,False
M1_global_dev_blind_continuous,R-1109,(GI-UX) Group,software_support,0.3701266646385193,0.4424676299095154,0.0723409652709961,0.12834224598930483,0.12560386473429952,-0.0027383812550053066,0.979118287563324,0.790088951587677,0.22015011310577393,0.24373465776443481,2,False
M1_global_dev_blind_continuous,R-1120,(GI-SaaS) Salesforce,absence,0.7625854015350342,0.6914306282997131,-0.07115477323532104,0.39999999999999997,0.4,5.551115123125783e-17,0.7324554920196533,0.7005656361579895,0.015420675277709961,0.055561065673828125,3,False
M1_global_dev_blind_continuous,R-1133,(GI-UX) Account Management,email_support,0.6984401345252991,0.7096387147903442,0.011198580265045166,0.4,0.40431266846361186,0.004312668463611835,0.8798789978027344,0.5587689876556396,0.3964005708694458,0.4099631905555725,3,False
M1_global_dev_blind_continuous,R-1143,(GI-UX) Account Management,offboarding,0.9895293116569519,0.8861988186836243,-0.10333049297332764,0.9821428571428571,0.7154471544715447,-0.2666957026713124,0.9750943183898926,0.9733783602714539,0.0013151168823242188,0.0030664801597595215,0,False
M1_global_dev_blind_continuous,R-115,(LF) IT Office Access Italy,offboarding,0.690544605255127,0.6668385863304138,-0.023706018924713135,0.6111111111111112,0.5714285714285715,-0.03968253968253965,0.8604562282562256,0.8406078219413757,0.01425325870513916,0.0418398380279541,5,False
M1_global_dev_blind_continuous,R-1150,(GI-UX) Group,hardware_support,0.7340037226676941,0.7143561840057373,-0.019647538661956787,0.44166666666666665,0.41841004184100417,-0.023256624825662486,0.41385617852211,0.3870985507965088,0.0,0.07293567061424255,5,False
M1_global_dev_blind_continuous,R-1180,(GI-SaaS) Salesforce,other,0.7419586181640625,0.7468002438545227,0.004841625690460205,0.33576642335766416,0.30666666666666664,-0.029099756690997514,0.6082023978233337,0.5529550313949585,0.03312993049621582,0.11004030704498291,5,False
M1_global_dev_blind_continuous,R-1163,(GI-CF) Robot Process Automation,admin_rights,0.6508424282073975,0.512686014175415,-0.13815641403198242,0.17175141242937852,0.15209988649262202,-0.01965152593675651,1.0,0.8858383297920227,0.001561880111694336,0.21196770668029785,5,False
M1_global_dev_blind_continuous,R-1193,(GI-SaaS) Salesforce,absence,0.7210705876350403,0.7518113255500793,0.030740737915039062,0.42953020134228187,0.4475524475524476,0.018022246210165738,0.7275980710983276,0.6866075396537781,0.029122352600097656,0.06979560852050781,4,False
M1_global_dev_blind_continuous,R-1196,(GI-UX) Group,software_license,0.5915060043334961,0.5020744800567627,-0.0894315242767334,0.16216216216216217,0.1134020618556701,-0.04876010030649207,0.8422582149505615,0.7330206036567688,0.10508924722671509,0.15526843070983887,3,False
M1_global_dev_blind_continuous,R-120,(GI-UX) Network Access,vpn_access,0.7345114946365356,0.7396837472915649,0.005172252655029297,0.3054545454545455,0.3214285714285714,0.01597402597402592,0.996056079864502,0.6994321942329407,0.05776941776275635,0.5124127268791199,4,False
M1_global_dev_blind_continuous,R-1203,(GI-UX) File & Print,hardware_support,0.7558276653289795,0.5877335667610168,-0.16809409856796265,0.43621399176954734,0.401673640167364,-0.03454035160218333,1.0,0.5968816876411438,0.455402672290802,0.5577958822250366,2,False
M1_global_dev_blind_continuous,R-1210,(GI-IaaS) Development Platform,software_license,0.8580367565155029,0.8801376819610596,0.02210092544555664,0.27906976744186046,0.32601880877742945,0.046949041335568986,1.0,0.9612312316894531,0.0,0.08138453960418701,5,False
M1_global_dev_blind_continuous,R-1218,(GI-UX) Group,other,0.7481375932693481,0.617737352848053,-0.13040024042129517,0.2631578947368421,0.20779220779220778,-0.05536568694463431,0.992637038230896,0.9908877611160278,0.0007635951042175293,0.00347900390625,5,False
M1_global_dev_blind_continuous,R-122,(GI-CF) Robot Process Automation,admin_rights,0.6481889486312866,0.6820764541625977,0.033887505531311035,0.07416563658838073,0.11818181818181818,0.04401618159343745,0.914478063583374,0.8401816487312317,0.06476229429244995,0.10748255252838135,3,False
M1_global_dev_blind_continuous,R-1222,"(GI-IaaS) Network Cloud (Azure, Remote Access)",other,0.510668158531189,0.7302811145782471,0.2196129560470581,0.13968253968253969,0.15335463258785942,0.013672092905319733,0.5569139122962952,0.5306946039199829,0.003121674060821533,0.06302908062934875,3,False
M1_global_dev_blind_continuous,R-1224,(GI-UX) Group,software_license,0.4426060616970062,0.6467251181602478,0.20411905646324158,0.06798866855524079,0.2764227642276423,0.2084340956724015,0.6593998670578003,0.646751880645752,0.007664799690246582,0.022843122482299805,1,False
M1_global_dev_blind_continuous,R-1232,(GI-UX) Network Access,vpn_access,0.5559138059616089,0.4810267984867096,-0.07488700747489929,0.3099630996309963,0.34146341463414637,0.03150031500315009,0.6103602647781372,0.5106161236763,0.041660189628601074,0.1528177261352539,1,False
M1_global_dev_blind_continuous,R-125,(GI-IaaS) Development Platform,software_license,0.7310847043991089,0.6841979026794434,-0.04688680171966553,0.2926829268292683,0.22535211267605634,-0.06733081415321193,0.7871624231338501,0.7837808728218079,0.0,0.010962128639221191,3,False
M1_global_dev_blind_continuous,R-1240,(GI-UX) File & Print,admin_rights,0.5589737892150879,0.5041389465332031,-0.054834842681884766,0.1188811188811189,0.09163802978235967,-0.02724308909875922,0.684263288974762,0.6040781736373901,0.08123141527175903,0.12040400505065918,1,False
M1_global_dev_blind_continuous,R-1256,(GI-UX) Account Management,offboarding,0.9895293116569519,0.9979963302612305,0.008467018604278564,0.9821428571428571,0.9821428571428571,0.0,0.9694370031356812,0.9598523378372192,0.006566524505615234,0.016037046909332275,2,False
M1_global_dev_blind_continuous,R-1255,(GI-UX) Group,offboarding,0.8690184950828552,0.7139787673950195,-0.1550397276878357,0.7894736842105262,0.6486486486486486,-0.14082503556187764,0.9661756157875061,0.962914764881134,0.002243518829345703,0.0052291154861450195,3,False
M1_global_dev_blind_continuous,R-1260,(GI-UX) Group,onboarding,0.7854810357093811,0.7645471692085266,-0.020933866500854492,0.7058823529411765,0.6,-0.10588235294117654,0.968852698802948,0.9665477871894836,0.0003382563591003418,0.006684303283691406,5,False
M1_global_dev_blind_continuous,R-1263,(GI-UX) Group,onboarding,0.1724243015050888,0.18683552742004395,0.01441122591495514,0.053691275167785234,0.06493506493506494,0.011243789767279709,0.914031982421875,0.9013280868530273,0.00977790355682373,0.02123171091079712,5,False
M1_global_dev_blind_continuous,R-1271,(GI-IaaS) Development Platform,project_tools,0.06674177199602127,0.06151868402957916,-0.005223087966442108,0.1487603305785124,0.12403100775193797,-0.024729322826574432,0.5093199610710144,0.4925324022769928,0.003688514232635498,0.040130943059921265,3,False
M1_global_dev_blind_continuous,R-1275,(GI-CF) Robot Process Automation,admin_rights,0.6994004249572754,0.705296516418457,0.005896091461181641,0.17439293598233993,0.15283842794759825,-0.021554508034741682,0.9366686344146729,0.8972736597061157,0.027744650840759277,0.07879102230072021,4,False
M1_global_dev_blind_continuous,R-1284,(GI-UX) File & Print,software_support,0.1257665455341339,0.12913179397583008,0.003365248441696167,0.09045226130653267,0.09205020920502092,0.0015979478984882584,0.59076988697052,0.5643976926803589,0.026262998580932617,0.040118515491485596,3,False
M1_global_dev_blind_continuous,R-1291,(GI-IaaS) Development Platform,project_tools,0.6301926374435425,0.7209084630012512,0.09071582555770874,0.24390243902439024,0.2716049382716049,0.027702499247214685,0.5344939231872559,0.47597822546958923,0.005066096782684326,0.12318825721740723,5,False
M1_global_dev_blind_continuous,R-1310,(GI-UX) Account Management,offboarding,0.9835253953933716,0.9895293116569519,0.006003916263580322,0.8947368421052632,0.9821428571428571,0.08740601503759393,0.9756110906600952,0.9731753468513489,0.0010221600532531738,0.003857135772705078,1,False
M1_global_dev_blind_continuous,R-1308,(LF) IT Office Access Italy,offboarding,0.9273587465286255,0.2633693218231201,-0.6639894247055054,0.8292682926829269,0.044444444444444446,-0.7848238482384825,0.9739329218864441,0.9680458903312683,0.004464924335479736,0.008667409420013428,0,False
M1_global_dev_blind_continuous,R-1306,(BF) Employee Platform (SAP SF),other,0.11293390393257141,0.11151561141014099,-0.00141829252243042,0.2,0.17582417582417584,-0.024175824175824173,0.4775533676147461,0.4692869186401367,0.0005273222923278809,0.016505658626556396,1,False
M1_global_dev_blind_continuous,R-1311,(GI-UX) Network Access,vpn_access,0.7781690359115601,0.7613462805747986,-0.016822755336761475,0.4104234527687297,0.4227129337539432,0.012289480985213486,0.9966105818748474,0.9529701471328735,0.001420438289642334,0.19684350490570068,5,False
M1_global_dev_blind_continuous,R-1314,"(GI-IaaS) Network Cloud (Azure, Remote Access)",vpn_access,0.15370109677314758,0.15110543370246887,-0.002595663070678711,0.14457831325301204,0.16,0.015421686746987961,0.5932087302207947,0.5386137366294861,0.03179198503494263,0.09077847003936768,3,False
M1_global_dev_blind_continuous,R-1320,(GI-UX) Account Management,onboarding,0.859073281288147,0.8592032194137573,0.00012993812561035156,0.48398576512455516,0.5442176870748299,0.060231921950274714,0.9816119074821472,0.9807049036026001,4.38690185546875e-05,0.0018216967582702637,0,False
M1_global_dev_blind_continuous,R-1334,(GI-UX) Account Management,offboarding,0.9979963302612305,0.928869366645813,-0.06912696361541748,0.9821428571428571,0.8421052631578947,-0.1400375939849624,0.9864462614059448,0.981307864189148,0.0031648874282836914,0.008681714534759521,1,False
M1_global_dev_blind_continuous,R-1327,(GI-UX) Group,software_support,0.720359742641449,0.8240152597427368,0.10365551710128784,0.5378151260504201,0.4727272727272727,-0.06508785332314743,1.0,0.5726665258407593,0.45102572441101074,0.5722881555557251,3,False
M1_global_dev_blind_continuous,R-1353,(GI-IaaS) Backend Application Srv. & Project Support,offboarding,0.9083905220031738,0.8741245269775391,-0.034265995025634766,0.9,0.7317073170731706,-0.16829268292682942,0.9661625027656555,0.9575745463371277,0.00739973783493042,0.014056742191314697,4,False
M1_global_dev_blind_continuous,R-1348,(GI-CF) Robot Process Automation,admin_rights,0.48186764121055603,0.7559384703636169,0.2740708291530609,0.17001180637544275,0.16758544652701213,-0.0024263598484306204,0.6298385858535767,0.6159567832946777,0.002915799617767334,0.031948208808898926,2,False
M1_global_dev_blind_continuous,R-1356,(GI-UX) Account Management,offboarding,0.9979963302612305,0.9979963302612305,0.0,0.9821428571428571,0.9821428571428571,0.0,0.961226224899292,0.9566045999526978,0.0015866756439208984,0.00907444953918457,1,False
M1_global_dev_blind_continuous,R-1360,(GI-UX) Office365 & MS-Teams,other,0.6401287317276001,0.46149250864982605,-0.17863622307777405,0.16037735849056603,0.07493540051679586,-0.08544195797377017,0.5505341291427612,0.526731014251709,0.009398102760314941,0.05056905746459961,1,False
M1_global_dev_blind_continuous,R-1362,(GI-UX) Account Management,onboarding,0.8252716064453125,0.8973588943481445,0.07208728790283203,0.606896551724138,0.7006369426751593,0.09374039095102127,0.9848543405532837,0.9834145307540894,0.0008413195610046387,0.0022859573364257812,2,False
M1_global_dev_blind_continuous,R-1377,(GI-IaaS) Backend System Management (2nd level),other,0.5573714375495911,0.5426990985870361,-0.014672338962554932,0.4838709677419355,0.4716981132075472,-0.012172854534388322,0.9364035129547119,0.6708563566207886,0.25333845615386963,0.4653915464878082,3,False
M1_global_dev_blind_continuous,R-138,(GI-UX) Group,software_license,0.5243304371833801,0.5858015418052673,0.06147110462188721,0.17564870259481036,0.1483050847457627,-0.027343617849047652,0.488372266292572,0.47266334295272827,0.0017248094081878662,0.033301204442977905,1,False
M1_global_dev_blind_continuous,R-1381,(GI-UX) Group,software_license,0.5403657555580139,0.476040780544281,-0.06432497501373291,0.1870824053452116,0.1818181818181818,-0.005264223527029793,0.6655718684196472,0.627993643283844,0.008464336395263672,0.07330894470214844,3,False
M1_global_dev_blind_continuous,R-1382,(GI-UX) Group,software_license,0.5703998804092407,0.5660011768341064,-0.004398703575134277,0.14666666666666667,0.20198019801980202,0.05531353135313535,0.7887844443321228,0.7419400811195374,0.0231589674949646,0.08110964298248291,2,False
M1_global_dev_blind_continuous,R-1383,(GI-IaaS) Admin - Local IT purchase,other,0.1784021258354187,0.2949187755584717,0.11651664972305298,0.0196078431372549,0.015625,-0.003982843137254902,0.633757472038269,0.596015214920044,0.03711807727813721,0.05939215421676636,4,False
M1_global_dev_blind_continuous,R-1387,(GI-CF) Robot Process Automation,admin_rights,0.6573405861854553,0.6631845235824585,0.005843937397003174,0.1503928170594837,0.1918412348401323,0.04144841778064859,0.979604959487915,0.8839749097824097,0.018939077854156494,0.20125025510787964,4,False
M1_global_dev_blind_continuous,R-1388,(GI-IaaS) Admin - License & Asset Management,software_license,0.5842186808586121,0.575688362121582,-0.00853031873703003,0.2542372881355932,0.22174840085287847,-0.032488887282714735,0.9482884407043457,0.8356087803840637,0.002236604690551758,0.18901348114013672,4,False
M1_global_dev_blind_continuous,R-1401,(GI-UX) Group,password_reset,0.6487874984741211,0.6470750570297241,-0.0017124414443969727,0.2831858407079646,0.25862068965517243,-0.024565151052792167,0.7380269765853882,0.6788407564163208,0.044032514095306396,0.09887003898620605,5,False
M1_global_dev_blind_continuous,R-1398,(GI-UX) File & Print,onboarding,0.6730800271034241,0.10786986351013184,-0.5652101635932922,0.4230769230769231,0.06504065040650406,-0.35803627267041904,0.9884189963340759,0.9847582578659058,0.0034037232398986816,0.005223393440246582,0,False
M1_global_dev_blind_continuous,R-1404,(GI-CF) Robot Process Automation,admin_rights,0.45025569200515747,0.46851521730422974,0.018259525299072266,0.09665427509293681,0.08219178082191782,-0.014462494271018991,0.7922060489654541,0.7258960604667664,0.010938405990600586,0.10807836055755615,1,False
M1_global_dev_blind_continuous,R-1405,(BF) Purchasing Poland,other,0.5074138045310974,0.41605597734451294,-0.09135782718658447,0.24691358024691357,0.3448275862068966,0.09791400595998301,0.5303983688354492,0.47737759351730347,0.050997763872146606,0.08397248387336731,3,False
M1_global_dev_blind_continuous,R-1413,(GI-IaaS) Backend M365 (2nd level),other,0.38877734541893005,0.35013461112976074,-0.03864273428916931,0.15873015873015872,0.14705882352941177,-0.011671335200746952,0.5719656348228455,0.5182703137397766,0.0015118122100830078,0.13289481401443481,3,False
M1_global_dev_blind_continuous,R-1415,(GI-UX) Account Management,onboarding,0.906072735786438,0.9097537994384766,0.0036810636520385742,0.6704871060171921,0.6521739130434782,-0.01831319297371392,0.9791168570518494,0.9732568860054016,0.005159199237823486,0.008633196353912354,1,False
M1_global_dev_blind_continuous,R-1423,(GI-IaaS) Admin - Local IT purchase,other,0.4691244959831238,0.467403769493103,-0.001720726490020752,0.13333333333333333,0.13333333333333333,0.0,0.7249376773834229,0.6969786882400513,0.0024513602256774902,0.06300073862075806,5,False
M1_global_dev_blind_continuous,R-1425,(GI-UX) Group,software_license,0.6290991306304932,0.619148850440979,-0.00995028018951416,0.1898148148148148,0.20750551876379686,0.01769070394898206,0.39952248334884644,0.3672861158847809,0.033302247524261475,0.04999572038650513,0,False
M1_global_dev_blind_continuous,R-1429,(GI-CF) Robot Process Automation,admin_rights,0.6490675210952759,0.6803163290023804,0.031248807907104492,0.14970760233918132,0.11443433029908974,-0.03527327204009158,0.9499984979629517,0.7618586421012878,0.23268473148345947,0.23794806003570557,3,False
M1_global_dev_blind_continuous,R-1436,(GI-IaaS) Development Platform,software_license,0.820695161819458,0.8415287733078003,0.020833611488342285,0.35734870317002876,0.3515151515151515,-0.005833551654877256,0.90672767162323,0.8826176524162292,0.0,0.063312828540802,5,False
M1_global_dev_blind_continuous,R-1439,(BF) Information Security Office,admin_rights,0.6544774174690247,0.6394170522689819,-0.015060365200042725,0.1588366890380313,0.16478555304740405,0.005948864009372751,0.7997041344642639,0.7205755114555359,0.09212112426757812,0.10883480310440063,2,False
M1_global_dev_blind_continuous,R-1440,(GI-CF) Robot Process Automation,admin_rights,0.6197128295898438,0.8453500866889954,0.2256372570991516,0.14905450500556172,0.1799163179916318,0.030861812986070075,0.9319694638252258,0.910495936870575,0.006563842296600342,0.03686511516571045,4,False
M1_global_dev_blind_continuous,R-1441,(GI-CF) Robot Process Automation,admin_rights,0.6769075393676758,0.7540668249130249,0.07715928554534912,0.16222222222222224,0.1568627450980392,-0.005359477124183026,0.8895953297615051,0.8638423681259155,0.016696274280548096,0.05160146951675415,3,False
M1_global_dev_blind_continuous,R-1444,(GI-IaaS) Development Platform,other,0.3700091242790222,0.3347528576850891,-0.035256266593933105,0.13793103448275862,0.15873015873015872,0.020799124247400103,0.6603964567184448,0.5167765617370605,0.10810154676437378,0.20968914031982422,2,False
M1_global_dev_blind_continuous,R-1449,(LF) IT Office Access Italy,offboarding,0.8723974227905273,0.7909783124923706,-0.08141911029815674,0.7428571428571429,0.6341463414634146,-0.10871080139372824,0.9899188876152039,0.9867448806762695,0.0029302239418029785,0.005501985549926758,4,False
M1_global_dev_blind_continuous,R-146,(GI-IaaS) Development Platform,software_license,0.855344831943512,0.8749197721481323,0.01957494020462036,0.2779456193353474,0.29375,0.015804380664652617,0.9115018248558044,0.8905296325683594,0.007607996463775635,0.045162737369537354,4,False
M1_global_dev_blind_continuous,R-1461,(GI-UX) Group,password_reset,0.5209023952484131,0.5423658490180969,0.021463453769683838,0.2956521739130435,0.29508196721311475,-0.0005702066999287436,0.8452458381652832,0.7900406718254089,0.003668844699859619,0.11197865009307861,5,False
M1_global_dev_blind_continuous,R-1460,(GI-IaaS) Admin - License & Asset Management,software_license,0.7696472406387329,0.8269132375717163,0.0572659969329834,0.21556886227544908,0.18257261410788383,-0.032996248167565245,0.7755130529403687,0.747418999671936,0.01611417531967163,0.055149197578430176,3,False
M1_global_dev_blind_continuous,R-1467,(GI-SaaS) Salesforce,enterprise_systems,0.6635839343070984,0.6990324854850769,0.035448551177978516,0.253968253968254,0.24505928853754944,-0.008908965430704574,0.5230218172073364,0.4226017892360687,0.0929325520992279,0.15663808584213257,2,False
M1_global_dev_blind_continuous,R-1475,(GI-IaaS) Backend Application Srv. & Project Support,other,0.2949620187282562,0.33962616324424744,0.04466414451599121,0.1111111111111111,0.07547169811320754,-0.03563941299790356,0.47976750135421753,0.42594701051712036,0.03870844841003418,0.0943756103515625,2,False
M1_global_dev_blind_continuous,R-1477,(GI-SM) Service Desk,other,0.2524072825908661,0.28621992468833923,0.033812642097473145,0.1095890410958904,0.1282051282051282,0.01861608710923779,0.7586383819580078,0.5177487134933472,0.2823067307472229,0.31954294443130493,2,False
M1_global_dev_blind_continuous,R-1476,(GI-CF) Robot Process Automation,admin_rights,0.8024004697799683,0.8412275314331055,0.03882706165313721,0.1766630316248637,0.17112299465240643,-0.005540036972457252,0.8316130042076111,0.8026947975158691,0.023482859134674072,0.04834562540054321,2,False
M1_global_dev_blind_continuous,R-1479,(LF) IT Office Access Italy,office_access,0.4949505627155304,0.6419565677642822,0.14700600504875183,0.462962962962963,0.45454545454545453,-0.00841750841750849,0.8933740854263306,0.8557034730911255,0.018625915050506592,0.06513381004333496,5,False
M1_global_dev_blind_continuous,R-1481,(GI-UX) Group,software_license,0.497636079788208,0.45246660709381104,-0.04516947269439697,0.08877284595300261,0.15546218487394958,0.06668933892094697,0.635155439376831,0.6087034344673157,0.023222923278808594,0.04045259952545166,1,False
M1_global_dev_blind_continuous,R-1483,(GI-UX) Group,admin_rights,0.48615336418151855,0.5108060836791992,0.024652719497680664,0.09466019417475728,0.15848214285714288,0.0638219486823856,0.8159599900245667,0.6572555303573608,0.18036216497421265,0.20547103881835938,2,False
M1_global_dev_blind_continuous,R-1485,(GI-UX) Account Management,onboarding,0.7837504148483276,0.8560091257095337,0.07225871086120605,0.29365079365079366,0.5530546623794211,0.2594038687286275,0.967981219291687,0.9567433595657349,0.0014483928680419922,0.023065567016601562,0,False
M1_global_dev_blind_continuous,R-1494,(GI-UX) Group,offboarding,0.7864803075790405,0.2636721730232239,-0.5228081345558167,0.7,0.10101010101010101,-0.598989898989899,0.9586575031280518,0.9581819772720337,0.0002605319023132324,0.0008141398429870605,0,False
M1_global_dev_blind_continuous,R-1492,(GI-IaaS) Backend Application Srv. & Project Support,offboarding,0.7889509201049805,0.2168276607990265,-0.572123259305954,0.6829268292682926,0.07936507936507936,-0.6035617499032133,0.9849720001220703,0.9807866811752319,0.0043288469314575195,0.006148099899291992,0,False
M1_global_dev_blind_continuous,R-1498,(GI-UX) Account Management,email_support,0.7947928309440613,0.8340901136398315,0.039297282695770264,0.3285302593659942,0.2915451895043732,-0.036985069861621034,0.6601485013961792,0.5605350732803345,0.0997016429901123,0.14111578464508057,4,False
M1_global_dev_blind_continuous,R-1511,(GI-UX) Group,password_reset,0.6864628791809082,0.6697566509246826,-0.016706228256225586,0.23728813559322035,0.26666666666666666,0.029378531073446318,0.8452457189559937,0.7682399153709412,0.056882500648498535,0.11269420385360718,5,False
M1_global_dev_blind_continuous,R-1504,(GI-IaaS) Development Platform,other,0.5795735120773315,0.5698778629302979,-0.009695649147033691,0.06666666666666667,0.07177814029363784,0.005111473626971175,0.552794337272644,0.49303096532821655,0.028318166732788086,0.10046738386154175,2,False
M1_global_dev_blind_continuous,R-1517,(GI-UX) Group,other,0.22680526971817017,0.22884048521518707,0.0020352154970169067,0.09722222222222222,0.09523809523809525,-0.001984126984126977,0.7505980730056763,0.6202061176300049,0.13548576831817627,0.18977731466293335,4,False
M1_global_dev_blind_continuous,R-1531,(GI-IaaS) Development Platform,software_license,0.7663321495056152,0.7583471536636353,-0.00798499584197998,0.26623376623376627,0.26582278481012656,-0.00041098142363971135,0.7202190160751343,0.7164479494094849,0.0,0.013779878616333008,5,False
M1_global_dev_blind_continuous,R-154,(GI-UX) Network Access,vpn_access,0.7331542372703552,0.7492246627807617,0.016070425510406494,0.3025830258302583,0.33948339483394835,0.03690036900369004,0.9960559606552124,0.6938494443893433,0.07045722007751465,0.5128520131111145,4,False
M1_global_dev_blind_continuous,R-1542,(GI-UX) Group,password_reset,0.8611297011375427,0.7937622666358948,-0.06736743450164795,0.3,0.3304347826086957,0.0304347826086957,0.8241270780563354,0.7300241589546204,0.017939329147338867,0.18415480852127075,5,False
M1_global_dev_blind_continuous,R-1540,(GI-UX) File & Print,software_support,0.6149070858955383,0.5657414197921753,-0.04916566610336304,0.3968253968253968,0.42016806722689076,0.02334267040149396,0.630275309085846,0.5605043768882751,0.00926363468170166,0.12412130832672119,2,False
M1_global_dev_blind_continuous,R-1544,(LF) IT Office Access Italy,offboarding,0.8747031092643738,0.9028448462486267,0.02814173698425293,0.7894736842105262,0.7368421052631577,-0.052631578947368474,0.9596297740936279,0.9549853205680847,0.003598332405090332,0.0075130462646484375,5,False
M1_global_dev_blind_continuous,R-1554,(GI-UX) Group,offboarding,0.8699711561203003,0.864477813243866,-0.005493342876434326,0.6842105263157895,0.7222222222222223,0.03801169590643283,0.9802184700965881,0.976050078868866,0.0023873448371887207,0.007687747478485107,2,False
M1_global_dev_blind_continuous,R-1562,(GI-UX) Account Management,email_support,0.4057930111885071,0.4038422703742981,-0.0019507408142089844,0.11458333333333334,0.11055276381909547,-0.004030569514237872,0.49727576971054077,0.46881943941116333,0.00031566619873046875,0.07593876123428345,5,False
M1_global_dev_blind_continuous,R-156,(BF) Information Security Office,admin_rights,0.6987579464912415,0.7460940480232239,0.04733610153198242,0.16666666666666663,0.15766738660907129,-0.008999280057595344,0.9223060607910156,0.9001709222793579,0.008123397827148438,0.055764734745025635,4,False
M1_global_dev_blind_continuous,R-1563,(GI-CF) Robot Process Automation,admin_rights,0.4124343991279602,0.3548066020011902,-0.05762779712677002,0.10173410404624278,0.07343941248470014,-0.028294691561542643,0.9126642346382141,0.8572136163711548,0.05274301767349243,0.07566148042678833,4,False
M1_global_dev_blind_continuous,R-1564,(GI-IaaS) Admin - License & Asset Management,software_license,0.745042085647583,0.701249361038208,-0.043792724609375,0.18340611353711792,0.15068493150684933,-0.03272118203026858,0.851335883140564,0.8174694776535034,0.02703380584716797,0.06239175796508789,3,False
M1_global_dev_blind_continuous,R-1566,(GI-SaaS) Salesforce,admin_rights,0.796665370464325,0.7926921844482422,-0.003973186016082764,0.19263456090651557,0.21874999999999997,0.026115439093484405,0.7203476428985596,0.6707868576049805,0.03816598653793335,0.08834707736968994,3,False
M1_global_dev_blind_continuous,R-1569,(GI-IaaS) Backend Application Srv. & Project Support,offboarding,0.7227945327758789,0.43171584606170654,-0.29107868671417236,0.4,0.12244897959183672,-0.2775510204081633,0.9889282584190369,0.9876741170883179,0.00034797191619873047,0.0023557543754577637,0,False
M1_global_dev_blind_continuous,R-1570,(LF) IT Office Access Italy,offboarding,0.880445122718811,0.49820905923843384,-0.3822360634803772,0.7894736842105262,0.15789473684210525,-0.631578947368421,0.9694678783416748,0.9647268056869507,0.003838777542114258,0.007227599620819092,0,False
M1_global_dev_blind_continuous,R-1567,(GI-UX) File & Print,admin_rights,0.7143466472625732,0.7536625266075134,0.039315879344940186,0.11334120425029516,0.15751295336787563,0.04417174911758047,0.8706099987030029,0.8502007722854614,0.023325681686401367,0.027506530284881592,2,False
M1_global_dev_blind_continuous,R-1574,(LF) IT Office Access Italy,offboarding,0.824755847454071,0.49635642766952515,-0.3283994197845459,0.7,0.15789473684210525,-0.5421052631578946,0.9867393374443054,0.9847464561462402,0.0010964274406433105,0.0040283203125,0,False
M1_global_dev_blind_continuous,R-1580,(GI-UX) Group,software_license,0.5709478855133057,0.5714252591133118,0.0004773736000061035,0.17857142857142855,0.20851063829787236,0.029939209726443816,0.8244210481643677,0.7720876336097717,0.0587955117225647,0.0710415244102478,0,False
M1_global_dev_blind_continuous,R-1571,(GI-UX) Group,offboarding,0.9184989333152771,0.22772157192230225,-0.6907773613929749,0.7027027027027029,0.07272727272727272,-0.6299754299754301,0.9877601265907288,0.9858518838882446,0.0005274415016174316,0.004633605480194092,0,False
M1_global_dev_blind_continuous,R-1584,"(GI-IaaS) Network On-Prem (LAN,WLAN,WAN 2nd level)",vpn_access,0.5336964130401611,0.6491098999977112,0.11541348695755005,0.14814814814814814,0.27619047619047615,0.128042328042328,0.6399768590927124,0.510240375995636,0.12508022785186768,0.1853901743888855,3,False
M1_global_dev_blind_continuous,R-1587,(GI-SaaS) Salesforce,other,0.5211084485054016,0.4918335974216461,-0.029274851083755493,0.2898550724637681,0.19767441860465115,-0.09218065385911697,0.6280243396759033,0.5572746396064758,0.036899566650390625,0.12145125865936279,4,False
M1_global_dev_blind_continuous,R-1588,(GI-UX) Group,hardware_support,0.3524475693702698,0.45716971158981323,0.10472214221954346,0.14084507042253522,0.23376623376623376,0.09292116334369854,0.35545480251312256,0.33491334319114685,0.0064484477043151855,0.035347819328308105,2,False
M1_global_dev_blind_continuous,R-1593,(GI-IaaS) Development Platform,software_license,0.8253016471862793,0.8335069417953491,0.008205294609069824,0.28025477707006374,0.32786885245901637,0.047614075388952626,0.8565173149108887,0.8013252019882202,0.05428111553192139,0.0800548791885376,1,False
M1_global_dev_blind_continuous,R-1595,(GI-SaaS) Salesforce,absence,0.6283872127532959,0.7127104997634888,0.08432328701019287,0.3924050632911392,0.45751633986928103,0.06511127657814181,0.7078198194503784,0.6490588784217834,0.009344220161437988,0.11460649967193604,4,False
M1_global_dev_blind_continuous,R-161,(GI-SaaS) SAP & Synertrade,other,0.6218892335891724,0.621152400970459,-0.0007368326187133789,0.36363636363636365,0.3529411764705882,-0.010695187165775444,0.8880937099456787,0.681018054485321,0.19193792343139648,0.2885581851005554,5,False
M1_global_dev_blind_continuous,R-160,(GI-SaaS) SAP & Synertrade,other,0.9115393161773682,0.9115393161773682,0.0,0.7142857142857143,0.7142857142857143,0.0,0.8880937695503235,0.6617010235786438,0.27943962812423706,0.2864592671394348,5,False
M1_global_dev_blind_continuous,R-163,(GI-UX) File & Print,software_support,0.5230192542076111,0.6452133059501648,0.12219405174255371,0.4285714285714285,0.4957264957264957,0.0671550671550672,0.8107990622520447,0.7499650120735168,0.03168666362762451,0.14737874269485474,4,False
M1_global_dev_blind_continuous,R-165,(GI-UX) Account Management,onboarding,0.3474292457103729,0.30668964982032776,-0.040739595890045166,0.07216494845360825,0.07179487179487179,-0.0003700766587364651,0.9546806812286377,0.9196887016296387,0.02536994218826294,0.056604623794555664,4,False
M1_global_dev_blind_continuous,R-164,(GI-UX) Group,onboarding,0.16774886846542358,0.210048109292984,0.042299240827560425,0.09174311926605504,0.05042016806722689,-0.041322951198828145,0.9546806812286377,0.9258288145065308,0.02191108465194702,0.049392640590667725,4,False
M1_global_dev_blind_continuous,R-170,(GI-CF) Robot Process Automation,admin_rights,0.5235769748687744,0.40347081422805786,-0.12010616064071655,0.1451990632318501,0.1336405529953917,-0.011558510236458402,0.9958082437515259,0.7511730194091797,0.2841552495956421,0.325549840927124,3,False
M1_global_dev_blind_continuous,R-179,(GI-IaaS) Development Platform,software_license,0.8459635376930237,0.8305400609970093,-0.015423476696014404,0.2738095238095238,0.3008849557522124,0.027075431942688633,0.9653041362762451,0.9498212933540344,0.0,0.07233834266662598,4,False
M1_global_dev_blind_continuous,R-189,(GI-UX) File & Print,hardware_support,0.4438089430332184,0.39406752586364746,-0.04974141716957092,0.19444444444444445,0.16842105263157897,-0.026023391812865476,0.5228423476219177,0.4044935703277588,0.10727784037590027,0.19054275751113892,4,False
M1_global_dev_blind_continuous,R-184,(GI-IaaS) Cloud Services,other,0.7424391508102417,0.6571273803710938,-0.08531177043914795,0.38888888888888884,0.36363636363636365,-0.025252525252525193,0.9993037581443787,0.6886500120162964,0.31829261779785156,0.4423169493675232,3,False
M1_global_dev_blind_continuous,R-19,(GI-IaaS) Development Platform,other,0.3301782011985779,0.35164347290992737,0.021465271711349487,0.07518796992481203,0.033613445378151266,-0.04157452454666076,0.5998032093048096,0.5762170553207397,0.029482722282409668,0.029482722282409668,5,False
M1_global_dev_blind_continuous,R-191,(GI-UX) Account Management,email_support,0.8837985992431641,0.7379456162452698,-0.1458529829978943,0.3179190751445087,0.3016759776536313,-0.01624309749087738,0.5604469776153564,0.514255166053772,0.0326157808303833,0.09161320328712463,5,False
M1_global_dev_blind_continuous,R-195,(LF) IT Office Access Italy,offboarding,0.7142736911773682,0.8789782524108887,0.1647045612335205,0.6666666666666665,0.7894736842105262,0.1228070175438597,0.877083957195282,0.8428294062614441,0.035223960876464844,0.049154818058013916,5,False
M1_global_dev_blind_continuous,R-197,(GI-SaaS) Salesforce,admin_rights,0.7033719420433044,0.6967573165893555,-0.006614625453948975,0.15407407407407406,0.12518628912071536,-0.028887784953358697,0.5492721199989319,0.5183147192001343,0.011298656463623047,0.052636563777923584,4,False
M1_global_dev_blind_continuous,R-205,(GI-CF) Robot Process Automation,admin_rights,0.5273271799087524,0.7308720350265503,0.20354485511779785,0.12192262602579132,0.18871794871794875,0.06679532269215743,0.8243292570114136,0.8159920573234558,0.0,0.022448182106018066,0,False
M1_global_dev_blind_continuous,R-209,(GI-UX) Group,software_license,0.6066629886627197,0.658799946308136,0.05213695764541626,0.21946169772256727,0.2139917695473251,-0.005469928175242167,0.9893381595611572,0.6516870260238647,0.26473021507263184,0.5523185133934021,4,False
M1_global_dev_blind_continuous,R-212,(GI-UX) File & Print,software_support,0.22184161841869354,0.4978734850883484,0.27603186666965485,0.36363636363636365,0.41666666666666663,0.05303030303030298,0.8289503455162048,0.6328839063644409,0.15307742357254028,0.2971348166465759,5,False
M1_global_dev_blind_continuous,R-222,(GI-IaaS) Backend Application Srv. & Project Support,other,0.7526964545249939,0.6862450838088989,-0.06645137071609497,0.26058631921824105,0.2727272727272727,0.01214095350903166,0.659192681312561,0.609504759311676,0.031106948852539062,0.08612978458404541,4,False
M1_global_dev_blind_continuous,R-226,(GI-CF) Robot Process Automation,admin_rights,0.6884790658950806,0.6824889183044434,-0.005990147590637207,0.15889830508474578,0.17678381256656014,0.01788550748181436,0.8728991746902466,0.8660737872123718,0.0029010772705078125,0.016399383544921875,2,False
M1_global_dev_blind_continuous,R-227,(GI-UX) Network Access,admin_rights,0.5930867195129395,0.5275722742080688,-0.0655144453048706,0.1308840413318025,0.12328767123287672,-0.007596370098925789,0.8299995064735413,0.8012323379516602,0.013795077800750732,0.06857651472091675,4,False
M1_global_dev_blind_continuous,R-229,(GI-UX) Network Access,vpn_access,0.6721393465995789,0.7197023034095764,0.04756295680999756,0.30612244897959184,0.4104234527687296,0.10430100378913776,0.9957883358001709,0.9464656114578247,0.011029064655303955,0.21102547645568848,5,False
M1_global_dev_blind_continuous,R-241,(LF) IT Office Access Italy,offboarding,0.8217891454696655,0.9113593697547913,0.08957022428512573,0.7058823529411765,0.8,0.09411764705882353,0.8927445411682129,0.8642265200614929,0.02085435390472412,0.04918336868286133,5,False
M1_global_dev_blind_continuous,R-23,(GI-SM) Service Desk,software_support,0.13604849576950073,0.21933384239673615,0.08328534662723541,0.15204678362573099,0.10843373493975904,-0.04361304868597195,0.8620724081993103,0.6864698529243469,0.17331594228744507,0.2700854539871216,4,False
M1_global_dev_blind_continuous,R-257,(GI-UX) Group,software_license,0.6281538009643555,0.627028226852417,-0.0011255741119384766,0.12254901960784315,0.12826603325415678,0.0057170136463136345,0.8964309692382812,0.7749520540237427,0.11460423469543457,0.19417357444763184,3,False
M1_global_dev_blind_continuous,R-256,(GI-UX) Group,hardware_support,0.592327356338501,0.6690542697906494,0.07672691345214844,0.1592920353982301,0.25,0.09070796460176991,0.4683423936367035,0.4356805682182312,0.015457510948181152,0.0625971257686615,5,False
M1_global_dev_blind_continuous,R-262,(GI-IaaS) Development Platform,software_license,0.8690863251686096,0.8757497072219849,0.006663382053375244,0.2611464968152866,0.29375,0.03260350318471339,0.8098392486572266,0.7985810041427612,0.0009353160858154297,0.02862393856048584,4,False
M1_global_dev_blind_continuous,R-266,(GI-UX) Group,software_license,0.6025545597076416,0.6520287990570068,0.049474239349365234,0.1559633027522936,0.20833333333333334,0.052370030581039756,0.8415434956550598,0.7689796090126038,0.06222277879714966,0.10694289207458496,3,False
M1_global_dev_blind_continuous,R-272,(GI-UX) Group,software_license,0.6140261292457581,0.5585278868675232,-0.05549824237823486,0.16919739696312364,0.18333333333333335,0.014135936370209712,0.8708574771881104,0.8033553957939148,0.054581522941589355,0.10590553283691406,3,False
M1_global_dev_blind_continuous,R-275,(GI-UX) Group,software_license,0.6604154109954834,0.6320815682411194,-0.028333842754364014,0.2091503267973856,0.2178649237472767,0.008714596949891101,0.7947006225585938,0.7273498177528381,0.07260966300964355,0.09243035316467285,3,False
M1_global_dev_blind_continuous,R-281,(GI-UX) File & Print,other,0.5607882738113403,0.2774999141693115,-0.2832883596420288,0.10173697270471463,0.04633204633204632,-0.055404926372668306,0.8171223402023315,0.7271459698677063,0.102169930934906,0.11953353881835938,2,False
M1_global_dev_blind_continuous,R-289,(GI-UX) Group,software_license,0.5831626653671265,0.5239806175231934,-0.059182047843933105,0.24269662921348314,0.18894009216589858,-0.05375653704758457,0.8935129642486572,0.8377200365066528,0.028951168060302734,0.10791885852813721,4,False
M1_global_dev_blind_continuous,R-292,(GI-UX) File & Print,admin_rights,0.5952935218811035,0.550176203250885,-0.045117318630218506,0.1797235023041475,0.16685205784204674,-0.012871444462100756,0.8020263910293579,0.7733322381973267,0.00809478759765625,0.05466461181640625,3,False
M1_global_dev_blind_continuous,R-304,(GI-UX) File & Print,admin_rights,0.5537723898887634,0.5610157251358032,0.007243335247039795,0.133032694475761,0.12687427912341406,-0.00615841535234693,0.8792657852172852,0.8317006826400757,0.037722229957580566,0.07913583517074585,4,False
M1_global_dev_blind_continuous,R-331,(LF) IT Office Access Italy,offboarding,0.7315521240234375,0.7249621152877808,-0.006590008735656738,0.7222222222222222,0.6511627906976745,-0.07105943152454774,0.9577348232269287,0.9548518061637878,0.0007926821708679199,0.005903065204620361,3,False
M1_global_dev_blind_continuous,R-34,(GI-UX) Group,software_support,0.5053722858428955,0.5655975937843323,0.06022530794143677,0.12765957446808512,0.15833333333333333,0.030673758865248202,0.7266864776611328,0.6188424825668335,0.0020785927772521973,0.19474256038665771,3,False
M1_global_dev_blind_continuous,R-346,"(GI-IaaS) Network On-Prem (LAN,WLAN,WAN 2nd level)",vpn_access,0.6739590167999268,0.6813001036643982,0.0073410868644714355,0.34057971014492755,0.2717770034843206,-0.06880270666060695,0.5418274998664856,0.5163906216621399,0.014446377754211426,0.060132384300231934,3,False
M1_global_dev_blind_continuous,R-352,(BF) Employee Platform (SAP SF),other,0.6575882434844971,0.6126821637153625,-0.04490607976913452,0.25000000000000006,0.25000000000000006,0.0,0.8321695327758789,0.5549013614654541,0.31965386867523193,0.356397807598114,2,False
M1_global_dev_blind_continuous,R-354,(GI-SaaS) Salesforce,other,0.5114099383354187,0.46002307534217834,-0.051386862993240356,0.12182741116751268,0.1568627450980392,0.03503533393052653,0.44120484590530396,0.4358295500278473,0.0008799731731414795,0.00911104679107666,0,False
M1_global_dev_blind_continuous,R-367,(GI-UX) File & Print,hardware_support,0.6573241949081421,0.7300747632980347,0.07275056838989258,0.49180327868852464,0.3839285714285714,-0.10787470725995324,0.5378596782684326,0.4780947268009186,0.0,0.1767842173576355,2,False
M1_global_dev_blind_continuous,R-374,(GI-IaaS) Admin - License & Asset Management,software_license,0.6762985587120056,0.7975295782089233,0.12123101949691772,0.2644628099173554,0.3022774327122153,0.03781462279485992,0.9818040132522583,0.827303409576416,0.0,0.3969727158546448,4,False
M1_global_dev_blind_continuous,R-383,(GI-UX) Network Access,vpn_access,0.645187258720398,0.6449189186096191,-0.0002683401107788086,0.34615384615384615,0.2898550724637681,-0.05629877369007802,0.9851242303848267,0.978492259979248,0.006674349308013916,0.009119093418121338,5,False
M1_global_dev_blind_continuous,R-385,(GI-SaaS) SAP & Synertrade,enterprise_systems,0.8805769085884094,0.9595879912376404,0.07901108264923096,0.6382978723404255,0.7710843373493975,0.13278646500897207,0.9219274520874023,0.8955990076065063,0.016326069831848145,0.04695773124694824,5,False
M1_global_dev_blind_continuous,R-387,(GI-UX) Network Access,other,0.17325973510742188,0.17491582036018372,0.0016560852527618408,0.10218978102189781,0.1081081081081081,0.00591832708621029,0.7904136180877686,0.7170039415359497,0.04332864284515381,0.13354706764221191,5,False
M1_global_dev_blind_continuous,R-399,(GI-CF) Robot Process Automation,admin_rights,0.556962251663208,0.4220924973487854,-0.1348697543144226,0.13257142857142856,0.1179245283018868,-0.014646900269541768,0.6842633485794067,0.5934299826622009,0.10604429244995117,0.11836594343185425,2,False
M1_global_dev_blind_continuous,R-4,(GI-CF) Robot Process Automation,admin_rights,0.5718286037445068,0.8082619905471802,0.23643338680267334,0.1605351170568562,0.1409090909090909,-0.01962602614776529,0.5804017782211304,0.5600010752677917,0.009255290031433105,0.03608989715576172,3,False
M1_global_dev_blind_continuous,R-403,(GI-UX) File & Print,other,0.39168304204940796,0.39338862895965576,0.0017055869102478027,0.043478260869565216,0.03703703703703704,-0.006441223832528174,0.7053936719894409,0.652342677116394,0.053224265575408936,0.07510697841644287,3,False
M1_global_dev_blind_continuous,R-400,(GI-CF) Robot Process Automation,admin_rights,0.662695050239563,0.7298876047134399,0.06719255447387695,0.1457858769931663,0.18584070796460175,0.040054830971435446,0.8821656107902527,0.8240413665771484,0.016942620277404785,0.1384558081626892,4,False
M1_global_dev_blind_continuous,R-406,(BF) Information Security Office,admin_rights,0.7709879875183105,0.7586658596992493,-0.01232212781906128,0.18102508178844057,0.17772778402699663,-0.0032972977614439403,0.7664949893951416,0.7239192128181458,0.028608620166778564,0.08099162578582764,5,False
M1_global_dev_blind_continuous,R-405,(GI-IaaS) Backend Application Srv. & Project Support,other,0.733100414276123,0.7686843872070312,0.0355839729309082,0.265179677819083,0.2233009708737864,-0.041878706945296634,0.8833548426628113,0.5707387328147888,0.3438795208930969,0.4323768615722656,4,False
M1_global_dev_blind_continuous,R-41,(GI-UX) Group,software_license,0.5971823930740356,0.6534976959228516,0.05631530284881592,0.13100436681222707,0.173044925124792,0.042040558312564924,0.7080228328704834,0.6984031796455383,0.0031708478927612305,0.023099541664123535,2,False
M1_global_dev_blind_continuous,R-410,(GI-UX) Group,software_license,0.3927716016769409,0.44444066286087036,0.05166906118392944,0.15853658536585363,0.1551362683438155,-0.003400317022038135,0.7170097827911377,0.6871002912521362,0.005356729030609131,0.04985928535461426,5,False
M1_global_dev_blind_continuous,R-414,(GI-IaaS) Backend Application Srv. & Project Support,offboarding,0.8306998014450073,0.9030407667160034,0.0723409652709961,0.6341463414634146,0.7894736842105262,0.15532734274711157,0.9851658940315247,0.978824257850647,0.006135821342468262,0.009661614894866943,4,False
M1_global_dev_blind_continuous,R-413,(GI-UX) Account Management,onboarding,0.9427461624145508,0.8760969042778015,-0.06664925813674927,0.8181818181818183,0.5896656534954408,-0.2285161646863776,0.9550623893737793,0.919009804725647,0.035653114318847656,0.05367708206176758,0,False
M1_global_dev_blind_continuous,R-418,(GI-UX) Network Access,vpn_access,0.7582710981369019,0.8464981913566589,0.08822709321975708,0.3730158730158731,0.2764227642276423,-0.0965931087882308,0.9876163005828857,0.9844552874565125,0.002492070198059082,0.007122516632080078,5,False
M1_global_dev_blind_continuous,R-440,(GI-UX) Windows,admin_rights,0.6094423532485962,0.7233408689498901,0.11389851570129395,0.15,0.17507723995880536,0.02507723995880537,0.7491886615753174,0.7284302711486816,0.01950860023498535,0.030716300010681152,3,False
M1_global_dev_blind_continuous,R-446,(GI-UX) Group,vpn_access,0.7244799733161926,0.7476160526275635,0.02313607931137085,0.29803921568627456,0.3028169014084507,0.004777685722176128,0.5752803683280945,0.5126160383224487,0.058859169483184814,0.09246402978897095,3,False
M1_global_dev_blind_continuous,R-455,(GI-IaaS) Backend Application Srv. & Project Support,offboarding,0.7133603096008301,0.7660483121871948,0.052688002586364746,0.6857142857142857,0.7777777777777778,0.09206349206349207,0.7796412706375122,0.7668769359588623,0.00410383939743042,0.025597691535949707,4,False
M1_global_dev_blind_continuous,R-45,(GI-CF) Robot Process Automation,admin_rights,0.7344664335250854,0.7947590351104736,0.060292601585388184,0.1655773420479303,0.16375545851528384,-0.001821883532646451,0.9563285708427429,0.8889642953872681,0.07215672731399536,0.09513694047927856,3,False
M1_global_dev_blind_continuous,R-460,(GI-IaaS) Backend Application Srv. & Project Support,offboarding,0.7437408566474915,0.8384657502174377,0.09472489356994629,0.7027027027027027,0.8484848484848484,0.14578214578214566,0.8259540796279907,0.7981835603713989,0.01773601770401001,0.043182969093322754,3,False
M1_global_dev_blind_continuous,R-463,(GI-UX) Account Management,other,0.1127600371837616,0.20638909935951233,0.09362906217575073,0.05405405405405406,0.06451612903225808,0.01046207497820402,0.7602166533470154,0.7457689046859741,0.0002429485321044922,0.02759110927581787,4,False
M1_global_dev_blind_continuous,R-465,(LF) IT Office Access Italy,offboarding,0.9804811477661133,0.7810272574424744,-0.19945389032363892,0.8780487804878048,0.6666666666666667,-0.21138211382113803,0.8407493829727173,0.8224549293518066,0.006071627140045166,0.04974466562271118,4,False
M1_global_dev_blind_continuous,R-47,(BF) Information Security Office,admin_rights,0.7400475740432739,0.6614731550216675,-0.07857441902160645,0.19586507072905335,0.15962441314553993,-0.036240657583513414,0.7653406858444214,0.7206345796585083,0.0090179443359375,0.08275389671325684,3,False
M1_global_dev_blind_continuous,R-479,(GI-IaaS) Backend Application Srv. & Project Support,offboarding,0.8203251957893372,0.7557874917984009,-0.06453770399093628,0.6875,0.6857142857142857,-0.0017857142857142794,0.847148060798645,0.8111560940742493,0.036310017108917236,0.053436458110809326,3,False
M1_global_dev_blind_continuous,R-483,(LF) IT Office Access Italy,offboarding,0.7335617542266846,0.8936768770217896,0.16011512279510498,0.5365853658536585,0.7894736842105262,0.25288831835686776,0.9006366729736328,0.8729349374771118,0.007892131805419922,0.05459177494049072,4,False
M1_global_dev_blind_continuous,R-487,(GI-SaaS) Salesforce,other,0.8007382154464722,0.8293343782424927,0.028596162796020508,0.34196891191709844,0.3723404255319149,0.030371513614816437,0.9373676776885986,0.6301457285881042,0.3291652798652649,0.45916610956192017,5,False
M1_global_dev_blind_continuous,R-489,(GI-UX) Mobile Device Management,other,0.7173658609390259,0.672344446182251,-0.0450214147567749,0.4210526315789474,0.23076923076923075,-0.19028340080971665,0.9818277359008789,0.7650992274284363,0.26960742473602295,0.2728480100631714,3,False
M1_global_dev_blind_continuous,R-5,(GI-UX) File & Print,software_support,0.4416739344596863,0.21314507722854614,-0.22852885723114014,0.15300546448087432,0.0851063829787234,-0.06789908150215092,0.8071073293685913,0.7846022844314575,0.0008388757705688477,0.044996440410614014,4,False
M1_global_dev_blind_continuous,R-497,(GI-SM) Service Desk,other,0.49731728434562683,0.5736477971076965,0.0763305127620697,0.08842652795838751,0.05722070844686648,-0.03120581951152103,0.55619215965271,0.5388680696487427,0.011873126029968262,0.04563724994659424,4,False
M1_global_dev_blind_continuous,R-504,(GI-UX) Application,absence,0.5920140743255615,0.5834318399429321,-0.008582234382629395,0.4335664335664336,0.4161073825503355,-0.01745905101609807,0.5940266847610474,0.5754765868186951,0.009801208972930908,0.03089272975921631,3,False
M1_global_dev_blind_continuous,R-505,(GI-UX) Group,software_license,0.6315845251083374,0.6270148754119873,-0.004569649696350098,0.193158953722334,0.23043478260869568,0.03727582888636169,0.7774654626846313,0.5932093262672424,0.21859240531921387,0.2442840337753296,2,False
M1_global_dev_blind_continuous,R-507,(GI-UX) Group,other,0.6841616034507751,0.7855786085128784,0.10141700506210327,0.49056603773584906,0.46204620462046203,-0.028519833115387028,0.5339007377624512,0.38104763627052307,0.1350400447845459,0.2199581265449524,3,False
M1_global_dev_blind_continuous,R-509,(GI-UX) File & Print,other,0.27557164430618286,0.2682303786277771,-0.007341265678405762,0.18543046357615894,0.19607843137254902,0.010647967796390073,0.5546534061431885,0.44249647855758667,0.048804402351379395,0.21608424186706543,4,False
M1_global_dev_blind_continuous,R-513,(GI-UX) MAC OS,other,0.7461732625961304,0.6922470927238464,-0.053926169872283936,0.17985611510791366,0.19081272084805653,0.010956605740142872,0.9786639213562012,0.7968718409538269,0.21380829811096191,0.23235994577407837,3,False
M1_global_dev_blind_continuous,R-527,(GI-CF) Robot Process Automation,admin_rights,0.5296812057495117,0.5917239189147949,0.0620427131652832,0.15625,0.09975669099756691,-0.05649330900243309,0.9318428635597229,0.8613680601119995,0.037639737129211426,0.14054220914840698,3,False
M1_global_dev_blind_continuous,R-532,(GI-UX) Group,password_reset,0.5433489084243774,0.5871706008911133,0.04382169246673584,0.265625,0.26016260162601623,-0.005462398373983768,0.7332671880722046,0.7148265838623047,0.013376355171203613,0.02912592887878418,5,False
M1_global_dev_blind_continuous,R-528,(GI-UX) Group,vpn_access,0.7716881036758423,0.6312978267669678,-0.1403902769088745,0.3424657534246575,0.2826855123674912,-0.05978024105716634,0.6017083525657654,0.5500765442848206,0.0182420015335083,0.09905093908309937,4,False
M1_global_dev_blind_continuous,R-546,(GI-SaaS) Salesforce,other,0.40858015418052673,0.5015437602996826,0.09296360611915588,0.16091954022988508,0.16279069767441862,0.0018711574445335333,0.9484521150588989,0.6178489923477173,0.08036458492279053,0.5692435503005981,4,False
M1_global_dev_blind_continuous,R-541,(GI-UX) Network Access,vpn_access,0.44293543696403503,0.45349887013435364,0.010563433170318604,0.15498154981549817,0.1548821548821549,-9.939493334326643e-05,0.537338137626648,0.5142810940742493,0.010598957538604736,0.03993833065032959,0,False
M1_global_dev_blind_continuous,R-560,(GI-UX) File & Print,onboarding,0.6371716260910034,0.7132409811019897,0.07606935501098633,0.5714285714285715,0.6486486486486486,0.07722007722007707,0.9728562831878662,0.970541775226593,0.0016210079193115234,0.003909468650817871,5,False
M1_global_dev_blind_continuous,R-562,(GI-UX) File & Print,onboarding,0.6869934797286987,0.7786411046981812,0.09164762496948242,0.6,0.6829268292682926,0.08292682926829265,0.9786417484283447,0.9764143824577332,0.002215147018432617,0.0033715367317199707,5,False
M1_global_dev_blind_continuous,R-563,(GI-IaaS) Development Platform,project_tools,0.6471657752990723,0.5890299081802368,-0.05813586711883545,0.25882352941176473,0.2376237623762376,-0.021199767035527117,0.9147495031356812,0.5786148309707642,0.3657330870628357,0.4855988621711731,4,False
M1_global_dev_blind_continuous,R-566,(GI-UX) File & Print,software_support,0.13817575573921204,0.21379025280475616,0.07561449706554413,0.12962962962962962,0.09090909090909091,-0.03872053872053871,0.4619560241699219,0.429413378238678,0.019443541765213013,0.050228118896484375,5,False
M1_global_dev_blind_continuous,R-57,(BF) Information Security Office,admin_rights,0.7162763476371765,0.7173564434051514,0.0010800957679748535,0.16043956043956045,0.16938110749185667,0.008941547052296217,0.8733963966369629,0.8592293858528137,0.013550758361816406,0.027166247367858887,3,False
M1_global_dev_blind_continuous,R-570,(GI-IaaS) Development Platform,software_license,0.7306168079376221,0.6902680397033691,-0.04034876823425293,0.3289473684210526,0.3238095238095238,-0.005137844611528775,0.8286571502685547,0.7612481713294983,0.07678943872451782,0.09112578630447388,4,False
M1_global_dev_blind_continuous,R-571,(GI-IaaS) Development Platform,software_license,0.7046207189559937,0.7537690997123718,0.049148380756378174,0.2695924764890282,0.3047619047619048,0.03516942827287661,0.6968128681182861,0.6430720090866089,0.05938005447387695,0.07041341066360474,4,False
M1_global_dev_blind_continuous,R-572,(GI-IaaS) Development Platform,software_license,0.7267191410064697,0.7237327694892883,-0.0029863715171813965,0.3352941176470588,0.3247863247863248,-0.010507792860734,0.8843713998794556,0.8624064326286316,0.0,0.0551145076751709,5,False
M1_global_dev_blind_continuous,R-573,(GI-UX) Account Management,collaboration,0.874332070350647,0.8240256905555725,-0.05030637979507446,0.3062015503875969,0.3383458646616541,0.03214431427405723,0.9536957144737244,0.8926901817321777,0.004688560962677002,0.2718331217765808,5,False
M1_global_dev_blind_continuous,R-577,(GI-UX) File & Print,onboarding,0.8205814361572266,0.9343599677085876,0.11377853155136108,0.8000000000000002,0.9142857142857143,0.1142857142857141,0.9807201623916626,0.9795693159103394,0.00017410516738891602,0.0031426548957824707,5,False
M1_global_dev_blind_continuous,R-576,(GI-UX) Account Management,onboarding,0.8335314393043518,0.6805514097213745,-0.1529800295829773,0.537037037037037,0.37209302325581395,-0.16494401378122303,0.8903993368148804,0.8713169097900391,0.016204118728637695,0.028824329376220703,1,False
M1_global_dev_blind_continuous,R-578,(GI-UX) Account Management,onboarding,0.8869524598121643,0.7084430456161499,-0.1785094141960144,0.5814696485623003,0.5592105263157895,-0.022259122246510832,0.9129790663719177,0.9028965830802917,0.007589995861053467,0.01756519079208374,0,False
M1_global_dev_blind_continuous,R-59,(GI-UX) Group,password_reset,0.7461137175559998,0.8412242531776428,0.09511053562164307,0.27522935779816515,0.29906542056074764,0.02383606276258249,0.824127197265625,0.7558659315109253,0.02934819459915161,0.11715978384017944,5,False
M1_global_dev_blind_continuous,R-585,(GI-UX) File & Print,onboarding,0.6714076995849609,0.0875539556145668,-0.5838537439703941,0.5641025641025641,0.04938271604938272,-0.5147198480531814,0.9918771982192993,0.9904540777206421,0.0005685687065124512,0.0027316808700561523,0,False
M1_global_dev_blind_continuous,R-591,(GI-UX) File & Print,onboarding,0.7562296390533447,0.25010770559310913,-0.5061219334602356,0.6153846153846154,0.06521739130434781,-0.5501672240802676,0.9917552471160889,0.990325927734375,0.00044667720794677734,0.002347588539123535,0,False
M1_global_dev_blind_continuous,R-590,(GI-UX) Group,admin_rights,0.74844890832901,0.678702712059021,-0.06974619626998901,0.18320610687022898,0.15069967707212056,-0.032506429798108416,0.8415732979774475,0.82709801197052,0.00842660665512085,0.029649436473846436,2,False
M1_global_dev_blind_continuous,R-593,(GI-CF) Robot Process Automation,admin_rights,0.6631140112876892,0.6265032291412354,-0.03661078214645386,0.15819209039548024,0.16179775280898873,0.003605662413508487,0.9621644616127014,0.7143024206161499,0.3030741810798645,0.32108479738235474,2,False
M1_global_dev_blind_continuous,R-60,(GI-UX) Application,absence,0.6225181818008423,0.6177273392677307,-0.004790842533111572,0.3918918918918919,0.423841059602649,0.03194916771075712,0.6646742820739746,0.6235898733139038,0.01415705680847168,0.07959866523742676,4,False
M1_global_dev_blind_continuous,R-606,(GI-CyberSec) Security Operation Center,email_support,0.8758734464645386,0.8401171565055847,-0.03575628995895386,0.28813559322033894,0.2376237623762376,-0.050511830844101324,0.685208797454834,0.5793882012367249,0.03302896022796631,0.20391616225242615,5,False
M1_global_dev_blind_continuous,R-607,(GI-IaaS) Development Platform,other,0.6281065940856934,0.5948881506919861,-0.033218443393707275,0.2758620689655172,0.2580645161290323,-0.017797552836484876,0.6137546300888062,0.5571531057357788,0.0031329989433288574,0.11513549089431763,3,False
M1_global_dev_blind_continuous,R-612,(GI-CF) Robot Process Automation,admin_rights,0.8041675686836243,0.6762368679046631,-0.12793070077896118,0.18743343982960595,0.14512471655328799,-0.04230872327631796,0.9395609498023987,0.7310537099838257,0.0021356940269470215,0.3660052418708801,4,False
M1_global_dev_blind_continuous,R-614,(GI-UX) File & Print,software_support,0.6335742473602295,0.661026120185852,0.02745187282562256,0.4642857142857143,0.4642857142857143,0.0,0.6448843479156494,0.5408893823623657,0.07044440507888794,0.1687946319580078,5,False
M1_global_dev_blind_continuous,R-621,(GI-CF) Robot Process Automation,admin_rights,0.4652341306209564,0.4959604740142822,0.030726343393325806,0.09815950920245399,0.0962962962962963,-0.0018632129061576935,0.825417160987854,0.8000892400741577,0.010160088539123535,0.04482614994049072,3,False
M1_global_dev_blind_continuous,R-617,(GI-UX) Windows,other,0.5987118482589722,0.692243754863739,0.09353190660476685,0.1956947162426614,0.19301848049281314,-0.002676235749848266,0.7516289353370667,0.6265877485275269,0.1275838017463684,0.18044227361679077,2,False
M1_global_dev_blind_continuous,R-625,(GI-IaaS) Development Platform,other,0.341909259557724,0.37062710523605347,0.028717845678329468,0.11224489795918366,0.11494252873563217,0.002697630776448509,0.5079503655433655,0.48600441217422485,0.009331166744232178,0.056122541427612305,4,False
M1_global_dev_blind_continuous,R-624,(GI-SaaS) Salesforce,admin_rights,0.7344664335250854,0.7159209251403809,-0.01854550838470459,0.18544935805991442,0.2116244411326378,0.0261750830727234,0.8489986658096313,0.7555443644523621,0.0049225687980651855,0.19865989685058594,3,False
M1_global_dev_blind_continuous,R-63,(GI-SaaS) SAP & Synertrade,other,0.8022347688674927,0.83724045753479,0.03500568866729736,0.463768115942029,0.5103448275862068,0.046576711644177815,0.898497462272644,0.5590146780014038,0.40168285369873047,0.4532068967819214,5,False
M1_global_dev_blind_continuous,R-631,"(GI-IaaS) Network On-Prem (LAN,WLAN,WAN 2nd level)",vpn_access,0.8444451093673706,0.8753150105476379,0.030869901180267334,0.1964912280701754,0.3684210526315789,0.17192982456140352,0.6066684722900391,0.5710955262184143,0.008240580558776855,0.06995844841003418,3,False
M1_global_dev_blind_continuous,R-636,(GI-UX) Group,software_license,0.7096020579338074,0.6899873614311218,-0.019614696502685547,0.18181818181818182,0.18823529411764703,0.006417112299465205,0.5845530033111572,0.5133951306343079,0.04744243621826172,0.10579997301101685,3,False
M1_global_dev_blind_continuous,R-638,(GI-IaaS) Development Platform,project_tools,0.4634435176849365,0.45460301637649536,-0.008840501308441162,0.18181818181818182,0.125,-0.05681818181818182,0.5026131868362427,0.4606477618217468,0.006351351737976074,0.08003216981887817,2,False
M1_global_dev_blind_continuous,R-646,(GI-CF) Robot Process Automation,admin_rights,0.7076539993286133,0.6738938093185425,-0.0337601900100708,0.12587412587412586,0.13063063063063063,0.00475650475650477,0.7352818846702576,0.7177214622497559,0.008325636386871338,0.03660011291503906,4,False
M1_global_dev_blind_continuous,R-645,(GI-SaaS) SAP & Synertrade,enterprise_systems,0.721072793006897,0.7836105823516846,0.0625377893447876,0.166189111747851,0.3306666666666667,0.16447755491881572,0.5966615080833435,0.5868132710456848,0.010907948017120361,0.01512986421585083,5,False
M1_global_dev_blind_continuous,R-647,(GI-UX) File & Print,access_problem,0.7997016310691833,0.8282202482223511,0.028518617153167725,0.31764705882352945,0.35365853658536583,0.036011477761836386,0.7343599796295166,0.7007355093955994,0.012746453285217285,0.05733442306518555,3,False
M1_global_dev_blind_continuous,R-653,(GI-UX) File & Print,onboarding,0.7099395990371704,0.7477260828018188,0.03778648376464844,0.6111111111111112,0.5945945945945946,-0.016516516516516533,0.9748132228851318,0.9727548360824585,0.0018661022186279297,0.003954172134399414,5,False
M1_global_dev_blind_continuous,R-651,(GI-UX) File & Print,hardware_support,0.2308598756790161,0.2881229519844055,0.057263076305389404,0.1923076923076923,0.10526315789473684,-0.08704453441295545,0.5121114253997803,0.42677029967308044,0.013784736394882202,0.173026442527771,4,False
M1_global_dev_blind_continuous,R-669,(GI-IaaS) Development Platform,software_license,0.803561806678772,0.823582649230957,0.02002084255218506,0.24437299035369775,0.26498422712933756,0.020611236775639807,1.0000001192092896,0.9535665512084961,0.0,0.11608397960662842,5,False
M1_global_dev_blind_continuous,R-671,(GI-IaaS) Development Platform,software_license,0.8419848084449768,0.8410106301307678,-0.0009741783142089844,0.27215189873417717,0.26262626262626265,-0.009525636107914515,1.0000001192092896,0.9535665512084961,0.0,0.11608397960662842,5,False
M1_global_dev_blind_continuous,R-680,(GI-IaaS) Development Platform,software_license,0.8886266350746155,0.8845846652984619,-0.0040419697761535645,0.24437299035369778,0.3119266055045872,0.0675536151508894,0.8856897354125977,0.8773742914199829,0.007025480270385742,0.01151728630065918,2,False
M1_global_dev_blind_continuous,R-686,(GI-IaaS) Development Platform,software_license,0.8595244884490967,0.8535364866256714,-0.005988001823425293,0.29235880398671094,0.31788079470198677,0.025521990715275833,0.8271549940109253,0.7695133686065674,0.04604971408843994,0.09837996959686279,3,False
M1_global_dev_blind_continuous,R-691,(GI-IaaS) Development Platform,software_license,0.7637518644332886,0.7984281778335571,0.034676313400268555,0.25219941348973607,0.22153846153846157,-0.030660951951274495,0.7778307199478149,0.769692063331604,0.004742860794067383,0.019510746002197266,2,False
M1_global_dev_blind_continuous,R-708,(GI-CF) Robot Process Automation,admin_rights,0.43542391061782837,0.5955588817596436,0.16013497114181519,0.11650485436893204,0.11233211233211232,-0.004172742036819721,0.7057700157165527,0.6325783133506775,0.026960134506225586,0.11633890867233276,4,False
M1_global_dev_blind_continuous,R-709,(GI-UX) Group,software_license,0.5637603998184204,0.48104196786880493,-0.08271843194961548,0.12691466083150985,0.14444444444444446,0.017529783612934613,0.650195837020874,0.6290812492370605,0.0035103559494018555,0.043591856956481934,3,False
M1_global_dev_blind_continuous,R-713,(GI-IaaS) Development Platform,software_license,0.8518455028533936,0.8176208734512329,-0.034224629402160645,0.28115015974440893,0.35014836795252224,0.06899820820811331,0.916827917098999,0.8876646161079407,0.023847639560699463,0.04497617483139038,3,False
M1_global_dev_blind_continuous,R-72,(LF) IT Office Access Italy,offboarding,0.924868106842041,0.6593008041381836,-0.2655673027038574,0.7777777777777778,0.6086956521739131,-0.1690821256038647,0.974276602268219,0.9725666046142578,0.0014901161193847656,0.002658665180206299,5,False
M1_global_dev_blind_continuous,R-73,(GI-IaaS) Backend Application Srv. & Project Support,offboarding,0.9771063923835754,0.9466241002082825,-0.03048229217529297,0.8717948717948718,0.8717948717948718,0.0,0.9709506034851074,0.9672124981880188,0.003068089485168457,0.00550234317779541,5,False
M1_global_dev_blind_continuous,R-726,(LF) IT Office Access Italy,offboarding,0.8484224081039429,0.7809752225875854,-0.06744718551635742,0.6666666666666666,0.7567567567567567,0.09009009009009006,0.823729932308197,0.7974510192871094,0.025071322917938232,0.03790193796157837,4,False
M1_global_dev_blind_continuous,R-715,(GI-CF) Robot Process Automation,admin_rights,0.5580132603645325,0.4943086504936218,-0.06370460987091064,0.15189873417721517,0.11190476190476192,-0.03999397227245324,0.688135027885437,0.6783913373947144,0.005608797073364258,0.015694618225097656,3,False
M1_global_dev_blind_continuous,R-732,(GI-UX) Network Access,vpn_access,0.734728217124939,0.7671658992767334,0.032437682151794434,0.34104046242774566,0.25076452599388377,-0.09027593643386189,0.6431130170822144,0.6064165830612183,0.03839594125747681,0.05147385597229004,2,False
M1_global_dev_blind_continuous,R-740,(GI-UX) Group,software_license,0.5379995107650757,0.6258375644683838,0.0878380537033081,0.15207373271889402,0.16933638443935928,0.01726265172046526,0.9223726987838745,0.8701518177986145,0.023540079593658447,0.11268281936645508,4,False
M1_global_dev_blind_continuous,R-741,(GI-SaaS) Salesforce,enterprise_systems,0.6856065988540649,0.6467092037200928,-0.03889739513397217,0.3007518796992481,0.23045267489711932,-0.07029920480212878,0.5828491449356079,0.515905499458313,0.0582197904586792,0.10196185111999512,5,False
M1_global_dev_blind_continuous,R-75,(GI-IaaS) Backend Application Srv. & Project Support,offboarding,0.8782057762145996,0.8554818034172058,-0.0227239727973938,0.7894736842105262,0.65,-0.1394736842105262,0.95749831199646,0.9551162719726562,0.0018569231033325195,0.004061698913574219,3,False
M1_global_dev_blind_continuous,R-754,(GI-UX) File & Print,onboarding,0.8358868360519409,0.13337302207946777,-0.7025138139724731,0.7058823529411765,0.05376344086021505,-0.6521189120809615,0.9841275811195374,0.9829261898994446,0.0002778172492980957,0.002031981945037842,0,False
M1_global_dev_blind_continuous,R-755,(GI-UX) Account Management,onboarding,0.878691554069519,0.8608497381210327,-0.017841815948486328,0.6013071895424836,0.5510204081632654,-0.05028678137921827,0.9943743944168091,0.9911378026008606,0.0031211376190185547,0.004416525363922119,2,False
M1_global_dev_blind_continuous,R-757,(GI-UX) Account Management,onboarding,0.87019944190979,0.8329851627349854,-0.03721427917480469,0.6107382550335572,0.3690036900369004,-0.24173456499665674,0.9744294285774231,0.9579450488090515,0.014826297760009766,0.022920072078704834,1,False
M1_global_dev_blind_continuous,R-760,(GI-UX) Group,software_support,0.357467383146286,0.2390228509902954,-0.1184445321559906,0.1590909090909091,0.10989010989010987,-0.049200799200799214,0.6094628572463989,0.5465752482414246,0.06775987148284912,0.09590506553649902,2,False
M1_global_dev_blind_continuous,R-759,(GI-UX) Group,software_license,0.5831254720687866,0.5424962043762207,-0.04062926769256592,0.19067796610169493,0.11682242990654207,-0.07385553619515287,0.5550193786621094,0.49548912048339844,0.0,0.11663821339607239,1,False
M1_global_dev_blind_continuous,R-772,(BF) Information Security Office,admin_rights,0.7371134757995605,0.8018467426300049,0.06473326683044434,0.17381228273464658,0.16081540203850508,-0.012996880696141494,0.6003344058990479,0.5774829983711243,0.006005764007568359,0.05610024929046631,3,False
M1_global_dev_blind_continuous,R-765,(GI-UX) File & Print,onboarding,0.46053841710090637,0.2488742172718048,-0.21166419982910156,0.2571428571428572,0.06593406593406592,-0.19120879120879125,0.9499793648719788,0.9460284113883972,0.003527343273162842,0.008068561553955078,1,False
M1_global_dev_blind_continuous,R-775,(GI-UX) Network Access,vpn_access,0.7040437459945679,0.9161815047264099,0.21213775873184204,0.46391752577319595,0.3333333333333333,-0.13058419243986263,0.9339691400527954,0.9155027270317078,0.0008687973022460938,0.0566868782043457,5,False
M1_global_dev_blind_continuous,R-783,(GI-UX) File & Print,onboarding,0.8000090718269348,0.12728406488895416,-0.6727250069379807,0.6486486486486486,0.05031446540880504,-0.5983341832398436,0.9876525402069092,0.9859907031059265,0.001243293285369873,0.0026163458824157715,0,False
M1_global_dev_blind_continuous,R-788,(GI-UX) Account Management,onboarding,0.9578366279602051,0.9025396108627319,-0.055297017097473145,0.7443181818181819,0.7166123778501627,-0.027705803968019138,0.9885249137878418,0.9878443479537964,0.0003762245178222656,0.0012755393981933594,1,False
M1_global_dev_blind_continuous,R-795,(GI-UX) Group,onboarding,0.8943341970443726,0.7936915755271912,-0.1006426215171814,0.7692307692307692,0.5263157894736842,-0.24291497975708498,0.9831502437591553,0.9813467264175415,0.0017415285110473633,0.002708911895751953,5,False
M1_global_dev_blind_continuous,R-792,(GI-UX) Account Management,onboarding,0.9557516574859619,0.8205206394195557,-0.13523101806640625,0.803370786516854,0.6134185303514377,-0.18995225616541633,0.9867312908172607,0.9849880337715149,0.0020084381103515625,0.0023283958435058594,1,False
M1_global_dev_blind_continuous,R-801,(GI-SM) Service Desk,software_license,0.8540549278259277,0.8746252059936523,0.02057027816772461,0.25895316804407714,0.24157303370786515,-0.017380134336211994,0.9333515167236328,0.9068835377693176,0.0049779415130615234,0.06235063076019287,4,False
M1_global_dev_blind_continuous,R-802,(GI-UX) File & Print,onboarding,0.722192645072937,0.13181357085704803,-0.590379074215889,0.6,0.05714285714285715,-0.5428571428571428,0.9897894859313965,0.9881144762039185,0.0002765059471130371,0.0033392906188964844,0,False
M1_global_dev_blind_continuous,R-808,(GI-UX) Application,other,0.7916419506072998,0.5698958039283752,-0.22174614667892456,0.3453815261044177,0.3778801843317972,0.03249865822737952,0.737634003162384,0.6701946258544922,0.052896320819854736,0.11598092317581177,4,False
M1_global_dev_blind_continuous,R-814,(GI-UX) File & Print,other,0.7723621726036072,0.6841909289360046,-0.08817124366760254,0.3448275862068966,0.18750000000000003,-0.15732758620689655,0.9914794564247131,0.9875897169113159,0.003183305263519287,0.006136715412139893,4,False
M1_global_dev_blind_continuous,R-812,(GI-UX) Group,software_support,0.16394616663455963,0.13467198610305786,-0.02927418053150177,0.10526315789473682,0.1188118811881188,0.013548723293381984,0.7272045612335205,0.6604440808296204,0.025162100791931152,0.12768924236297607,5,False
M1_global_dev_blind_continuous,R-818,(GI-IaaS) Development Platform,software_license,0.7814182043075562,0.7636618614196777,-0.017756342887878418,0.2523659305993691,0.30128205128205127,0.04891612068268214,0.8617717027664185,0.8513213396072388,0.0,0.036469221115112305,4,False
M1_global_dev_blind_continuous,R-823,(GI-IaaS) Development Platform,software_license,0.8024840354919434,0.7617182731628418,-0.04076576232910156,0.3282674772036474,0.2229299363057325,-0.10533754089791492,0.9128170013427734,0.904933750629425,0.0,0.02781689167022705,5,False
M1_global_dev_blind_continuous,R-825,(GI-IaaS) Development Platform,other,0.33497440814971924,0.37639135122299194,0.041416943073272705,0.015037593984962405,0.01834862385321101,0.003311029868248605,0.8100952506065369,0.8086192011833191,0.0,0.005669951438903809,3,False
M1_global_dev_blind_continuous,R-826,(GI-UX) Group,hardware_support,0.431532084941864,0.37856167554855347,-0.05297040939331055,0.13333333333333336,0.0979020979020979,-0.035431235431235455,0.641083836555481,0.6015691757202148,0.0018303990364074707,0.06789135932922363,0,False
M1_global_dev_blind_continuous,R-833,(GI-SM) Service Desk,other,0.21425208449363708,0.214104562997818,-0.0001475214958190918,0.11764705882352942,0.11290322580645161,-0.004743833017077814,0.6208144426345825,0.5487520694732666,0.05161553621292114,0.10514295101165771,5,False
M1_global_dev_blind_continuous,R-827,(GI-IaaS) Azure Data Center,other,0.1341034173965454,0.1870904266834259,0.05298700928688049,0.14634146341463417,0.06521739130434784,-0.08112407211028633,0.4551165699958801,0.42057904601097107,0.009950697422027588,0.07207697629928589,3,False
M1_global_dev_blind_continuous,R-85,(GI-UX) Account Management,offboarding,0.9910497665405273,0.9895293116569519,-0.0015204548835754395,0.8947368421052632,0.9821428571428571,0.08740601503759393,0.9431507587432861,0.9416660070419312,0.0006644725799560547,0.004017949104309082,2,False
M1_global_dev_blind_continuous,R-850,(GI-UX) Account Management,email_support,0.7010951042175293,0.7288373708724976,0.02774226665496826,0.2857142857142857,0.350597609561753,0.06488332384746731,0.8512862920761108,0.681406557559967,0.10777199268341064,0.2506348490715027,5,False
M1_global_dev_blind_continuous,R-838,(GI-IaaS) Backend M365 (2nd level),other,0.1357153207063675,0.35806888341903687,0.22235356271266937,0.11031175059952038,0.11735941320293398,0.007047662603413607,0.780945897102356,0.5734971761703491,0.0037114620208740234,0.3747769594192505,4,False
M1_global_dev_blind_continuous,R-856,"(GI-IaaS) Network On-Prem (LAN,WLAN,WAN 2nd level)",other,0.5008352994918823,0.5005543828010559,-0.000280916690826416,0.3757575757575758,0.39024390243902435,0.014486326681448558,0.5832465887069702,0.5326996445655823,0.04444795846939087,0.07424777746200562,5,False
M1_global_dev_blind_continuous,R-86,(GI-IaaS) Backend Application Srv. & Project Support,offboarding,0.9020517468452454,0.8581441640853882,-0.04390758275985718,0.7647058823529412,0.5909090909090908,-0.1737967914438504,0.9814795255661011,0.9749930500984192,0.0072002410888671875,0.008746504783630371,4,False
M1_global_dev_blind_continuous,R-858,"(GI-IaaS) Network Cloud (Azure, Remote Access)",vpn_access,0.9206095933914185,0.7630536556243896,-0.1575559377670288,0.2975778546712803,0.25874125874125875,-0.038836595930021534,0.7019479870796204,0.5769409537315369,0.14184385538101196,0.1734967827796936,3,False
M1_global_dev_blind_continuous,R-870,(GI-UX) File & Print,onboarding,0.9917420148849487,0.7961557507514954,-0.19558626413345337,0.9500000000000001,0.631578947368421,-0.31842105263157905,0.987468957901001,0.9840095639228821,0.0007691383361816406,0.00670093297958374,5,False
M1_global_dev_blind_continuous,R-871,(GI-UX) Account Management,onboarding,0.8080670833587646,0.9531512260437012,0.14508414268493652,0.5328947368421052,0.844311377245509,0.3114166404034038,0.9604579210281372,0.9547654986381531,0.0053855180740356445,0.009237110614776611,3,False
M1_global_dev_blind_continuous,R-899,(GI-UX) File & Print,onboarding,0.7281621098518372,0.8019843101501465,0.07382220029830933,0.5405405405405405,0.7272727272727274,0.18673218673218694,0.9903714656829834,0.9858673214912415,0.002606332302093506,0.00818490982055664,5,False
M1_global_dev_blind_continuous,R-902,(GI-UX) File & Print,onboarding,0.8101745843887329,0.15041333436965942,-0.6597612500190735,0.7027027027027027,0.06896551724137932,-0.6337371854613234,0.9870439767837524,0.985967755317688,0.0005794167518615723,0.002109229564666748,0,False
M1_global_dev_blind_continuous,R-904,(GI-UX) File & Print,onboarding,0.8095816373825073,0.13754576444625854,-0.6720358729362488,0.6666666666666667,0.05714285714285715,-0.6095238095238096,0.9900925159454346,0.9861448407173157,0.003596663475036621,0.005995690822601318,0,False
M1_global_dev_blind_continuous,R-888,(GI-UX) File & Print,other,0.7685635089874268,0.7279058694839478,-0.040657639503479004,0.37837837837837834,0.42424242424242425,0.04586404586404591,0.9911747574806213,0.9900017976760864,0.0007495284080505371,0.0020864009857177734,3,False
M1_global_dev_blind_continuous,R-905,(GI-UX) Account Management,onboarding,0.9007362127304077,0.9780021905899048,0.07726597785949707,0.5911949685534591,0.8982035928143712,0.30700862426091213,0.9919266700744629,0.9906104207038879,0.0007760524749755859,0.002077639102935791,2,False
M1_global_dev_blind_continuous,R-91,(GI-UX) Group,software_license,0.739964485168457,0.5632200241088867,-0.1767444610595703,0.163265306122449,0.17857142857142858,0.015306122448979581,0.7685316801071167,0.7149326205253601,0.01776498556137085,0.1198662519454956,4,False
M1_global_dev_blind_continuous,R-917,(GI-IaaS) Development Platform,project_tools,0.5848894119262695,0.9151837229728699,0.33029431104660034,0.2352941176470588,0.823529411764706,0.5882352941176472,0.5490164756774902,0.4784184992313385,0.0330885648727417,0.12197023630142212,4,False
M1_global_dev_blind_continuous,R-923,(GI-UX) Group,admin_rights,0.7729251384735107,0.5062055587768555,-0.2667195796966553,0.12412177985948479,0.10357583230579531,-0.020545947553689478,0.5125280618667603,0.49387866258621216,0.017370522022247314,0.034596651792526245,2,False
M1_global_dev_blind_continuous,R-919,(BF) Information Security Office,admin_rights,0.7680128812789917,0.8564393520355225,0.08842647075653076,0.1864594894561598,0.20748663101604278,0.021027141559882973,0.985489547252655,0.906927227973938,0.07662343978881836,0.11098039150238037,3,False
M1_global_dev_blind_continuous,R-926,(GI-IaaS) Development Platform,other,0.7162691354751587,0.7011182308197021,-0.015150904655456543,0.1512605042016807,0.1623931623931624,0.011132658191481709,0.6818645000457764,0.6392947435379028,0.047805070877075195,0.057219743728637695,3,False
M1_global_dev_blind_continuous,R-929,(GI-UX) Account Management,onboarding,0.8852646946907043,0.9426372647285461,0.0573725700378418,0.6182965299684543,0.8554216867469879,0.23712515677853363,0.9818878769874573,0.9800585508346558,0.00046831369400024414,0.003041505813598633,2,False
M1_global_dev_blind_continuous,R-93,(GI-CF) Robot Process Automation,admin_rights,0.41844579577445984,0.47240057587623596,0.05395478010177612,0.1420256111757858,0.085,-0.05702561117578579,0.8599211573600769,0.8113468885421753,0.027642667293548584,0.0718887448310852,5,False
M1_global_dev_blind_continuous,R-930,(GI-IaaS) Development Platform,software_license,0.8437683582305908,0.8140482306480408,-0.02972012758255005,0.32,0.2848297213622291,-0.03517027863777089,0.9168280363082886,0.8777042627334595,0.031792640686035156,0.06542479991912842,3,False
M1_global_dev_blind_continuous,R-933,(GI-IaaS) Development Platform,other,0.8135344982147217,0.7853776812553406,-0.028156816959381104,0.26380368098159507,0.24437299035369775,-0.019430690627897318,0.7317225337028503,0.6246681809425354,0.11342358589172363,0.15185308456420898,2,False
M1_global_dev_blind_continuous,R-932,(GI-SaaS) Salesforce,admin_rights,0.7803158760070801,0.8353378772735596,0.05502200126647949,0.26441631504922647,0.36195508586525765,0.09753877081603118,0.7873700857162476,0.6491732597351074,0.02696216106414795,0.26337671279907227,2,False
M1_global_dev_blind_continuous,R-936,(GI-UX) File & Print,other,0.7902925610542297,0.7419028282165527,-0.048389732837677,0.48648648648648657,0.30303030303030304,-0.18345618345618353,0.991174578666687,0.9878624677658081,0.0011273622512817383,0.006195008754730225,2,False
M1_global_dev_blind_continuous,R-942,(GI-UX) Account Management,onboarding,0.3107321262359619,0.8788466453552246,0.5681145191192627,0.06091370558375635,0.5548780487804879,0.4939643431967315,0.9261789321899414,0.8989027142524719,0.02841353416442871,0.04050123691558838,3,False
M1_global_dev_blind_continuous,R-943,"(GI-IaaS) Network On-Prem (LAN,WLAN,WAN 2nd level)",vpn_access,0.5290655493736267,0.2904796004295349,-0.2385859489440918,0.21453287197231832,0.18543046357615892,-0.029102408396159407,0.5770089030265808,0.5310161113739014,0.05252581834793091,0.06702327728271484,2,False
M1_global_dev_blind_continuous,R-944,(GI-IaaS) Backend Application Srv. & Project Support,offboarding,0.988696813583374,0.5127332806587219,-0.4759635329246521,0.85,0.15789473684210525,-0.6921052631578948,0.9905260801315308,0.9890867471694946,0.0012128353118896484,0.0031470060348510742,0,False
M1_global_dev_blind_continuous,R-947,(GI-UX) Account Management,offboarding,0.9803181886672974,0.9819236993789673,0.0016055107116699219,0.8672566371681416,0.9174311926605505,0.0501745554924089,0.973723828792572,0.9720679521560669,0.0003209710121154785,0.004388391971588135,0,False
M1_global_dev_blind_continuous,R-953,(GI-CF) Robot Process Automation,admin_rights,0.40283486247062683,0.5395259857177734,0.1366911232471466,0.0754257907542579,0.11021814006888633,0.034792349314628435,0.7307182550430298,0.7228760123252869,0.006448805332183838,0.019195914268493652,2,False
M1_global_dev_blind_continuous,R-964,(GI-UX) Network Access,vpn_access,0.8442589640617371,0.9036279320716858,0.05936896800994873,0.2379421221864952,0.3856209150326797,0.14767879284618451,0.963829755783081,0.6659331917762756,0.356475293636322,0.38808971643447876,4,False
M1_global_dev_blind_continuous,R-954,(GI-UX) File & Print,onboarding,0.812725841999054,0.10830581933259964,-0.7044200226664543,0.7272727272727274,0.05617977528089888,-0.6710929519918285,0.9814780950546265,0.979505181312561,0.0018748044967651367,0.003499269485473633,0,False
M1_global_dev_blind_continuous,R-966,(GI-UX) Account Management,email_support,0.550276517868042,0.7115511298179626,0.16127461194992065,0.16071428571428573,0.3346613545816733,0.17394706886738756,0.8512864112854004,0.6717773675918579,0.09204578399658203,0.3293439745903015,4,False
M1_global_dev_blind_continuous,R-967,(LF) IT Office Access Italy,office_access,0.5346521139144897,0.501947283744812,-0.032704830169677734,0.4485981308411215,0.3418803418803419,-0.1067177889607796,0.9390976428985596,0.9003855586051941,0.045147478580474854,0.05617743730545044,5,False
M1_global_dev_blind_continuous,R-985,(GI-UX) Account Management,offboarding,0.9979963302612305,0.9879196286201477,-0.010076701641082764,0.9821428571428571,0.9821428571428571,0.0,0.9874145984649658,0.9852105379104614,4.661083221435547e-05,0.004625201225280762,0,False
M1_global_dev_blind_continuous,R-990,(GI-IaaS) Development Platform,access_problem,0.45902490615844727,0.5006773471832275,0.04165244102478027,0.14285714285714288,0.0916030534351145,-0.05125408942202837,0.8491711020469666,0.5884672403335571,0.29683881998062134,0.35192176699638367,3,False
M1_global_dev_blind_continuous,R-991,(GI-IaaS) Development Platform,access_problem,0.43548697233200073,0.2828238010406494,-0.15266317129135132,0.078125,0.09655172413793103,0.018426724137931033,0.8523308634757996,0.7037206888198853,0.16148585081100464,0.2115054726600647,5,False
M1_global_dev_blind_continuous,R-997,(GI-UX) Unified Communication,other,0.14813989400863647,0.18215534090995789,0.03401544690132141,0.10101010101010101,0.1,-0.0010101010101010027,0.640261173248291,0.5291224718093872,0.010365426540374756,0.1899217665195465,4,False
M1_global_dev_conditioned_binary,R-100,(GI-IaaS) Admin - Local IT purchase,other,0.6253912448883057,0.5895600318908691,-0.03583121299743652,0.5,0.5,0.0,0.4417307376861572,0.4262809157371521,0.0009710788726806641,0.030615508556365967,3,False
M1_global_dev_conditioned_binary,R-1002,(GI-UX) File & Print,onboarding,0.9771316647529602,0.22860531508922577,-0.7485263496637344,0.85,0.07518796992481203,-0.774812030075188,0.9835428595542908,0.9823434948921204,0.0007875561714172363,0.002096116542816162,0,False
M1_global_dev_conditioned_binary,R-1003,(GI-UX) Account Management,onboarding,0.8600967526435852,0.8853893280029297,0.025292575359344482,0.5479452054794521,0.5337620578778136,-0.014183147601638524,0.9898489713668823,0.9877109527587891,0.002393960952758789,0.0030056238174438477,1,False
M1_global_dev_conditioned_binary,R-1006,(GI-IaaS) Development Platform,software_license,0.8537415266036987,0.8587263226509094,0.004984796047210693,0.241042345276873,0.2793650793650794,0.03832273408820644,0.9273176193237305,0.900359034538269,0.0,0.07632613182067871,5,False
M1_global_dev_conditioned_binary,R-1004,(GI-UX) File & Print,onboarding,0.8066126108169556,0.2354445457458496,-0.571168065071106,0.7272727272727274,0.08695652173913045,-0.6403162055335969,0.9802106022834778,0.9760651588439941,0.004369080066680908,0.0062806010246276855,0,False
M1_global_dev_conditioned_binary,R-1007,(GI-UX) Group,vpn_access,0.7480830550193787,0.7579483985900879,0.009865343570709229,0.23715415019762845,0.2545454545454546,0.017391304347826125,0.7904136180877686,0.6832613945007324,0.1014372706413269,0.14977645874023438,5,False
M1_global_dev_conditioned_binary,R-1016,(GI-UX) Group,software_support,0.5201421976089478,0.48170799016952515,-0.03843420743942261,0.16766467065868265,0.15873015873015875,-0.008934511928523903,0.7709735035896301,0.730560839176178,0.03222852945327759,0.05926424264907837,5,False
M1_global_dev_conditioned_binary,R-1020,(BF) Information Security Office,admin_rights,0.732372522354126,0.6806256771087646,-0.05174684524536133,0.1252847380410023,0.15682062298603652,0.03153588494503423,0.7411284446716309,0.6947420239448547,0.032095909118652344,0.08486711978912354,3,False
M1_global_dev_conditioned_binary,R-1021,(GI-SM) Service Desk,other,0.09379571676254272,0.1615762710571289,0.06778055429458618,0.018292682926829267,0.01834862385321101,5.5940926381743e-05,0.5464298129081726,0.49958673119544983,0.02174907922744751,0.08864825963973999,5,False
M1_global_dev_conditioned_binary,R-1024,(GI-UX) Windows,admin_rights,0.6984645128250122,0.7055383920669556,0.007073879241943359,0.14123006833712984,0.16756176154672395,0.02633169320959411,0.9945774674415588,0.8743798136711121,0.13314872980117798,0.16711223125457764,4,False
M1_global_dev_conditioned_binary,R-1032,(GI-CF) Robot Process Automation,admin_rights,0.7184317111968994,0.7101442813873291,-0.008287429809570312,0.19428571428571428,0.18406285072951742,-0.010222863556196865,0.7944412231445312,0.7735104560852051,0.006741166114807129,0.048583924770355225,4,False
M1_global_dev_conditioned_binary,R-1036,(LF) IT Office Access Italy,office_access,0.7845767736434937,0.85775226354599,0.07317548990249634,0.4761904761904762,0.4854368932038835,0.009246417013407282,0.9019222259521484,0.88750821352005,0.004760026931762695,0.035939812660217285,4,False
M1_global_dev_conditioned_binary,R-1033,(GI-UX) Network Access,vpn_access,0.8610047698020935,0.7980801463127136,-0.06292462348937988,0.37037037037037035,0.3263888888888889,-0.043981481481481455,0.8120355606079102,0.6854199767112732,0.01991981267929077,0.22287887334823608,4,False
M1_global_dev_conditioned_binary,R-1039,(GI-IaaS) Development Platform,other,0.6206071376800537,0.3145173192024231,-0.3060898184776306,0.25925925925925924,0.17391304347826086,-0.08534621578099838,0.44303590059280396,0.39604097604751587,0.028113096952438354,0.08270794153213501,0,False
M1_global_dev_conditioned_binary,R-105,(GI-UX) File & Print,hardware_support,0.15971481800079346,0.16609227657318115,0.006377458572387695,0.13333333333333333,0.11320754716981132,-0.020125786163522008,0.34468740224838257,0.2836891710758209,0.061859965324401855,0.08573031425476074,3,False
M1_global_dev_conditioned_binary,R-1060,(BF) Employee Platform (SAP SF),other,0.6286057233810425,0.727364718914032,0.0987589955329895,0.186046511627907,0.21686746987951805,0.030820958251611047,0.7914108633995056,0.6482924222946167,0.14574986696243286,0.19330698251724243,2,False
M1_global_dev_conditioned_binary,R-1062,(LF) IT Office Access Italy,offboarding,0.8566235899925232,0.7573829293251038,-0.09924066066741943,0.7894736842105262,0.5161290322580645,-0.2733446519524617,0.986281156539917,0.9832005500793457,0.0013720989227294922,0.005002260208129883,1,False
M1_global_dev_conditioned_binary,R-1051,(GI-CF) Robot Process Automation,admin_rights,0.5885338187217712,0.6560739874839783,0.06754016876220703,0.148471615720524,0.15999999999999998,0.011528384279475973,0.7941269874572754,0.7698143124580383,0.01692885160446167,0.04419374465942383,4,False
M1_global_dev_conditioned_binary,R-1067,(GI-UX) Group,offboarding,0.9003426432609558,0.9003426432609558,0.0,0.8235294117647058,0.8235294117647058,0.0,0.9876869320869446,0.9848119616508484,0.002103865146636963,0.005251705646514893,1,False
M1_global_dev_conditioned_binary,R-1069,(GI-IaaS) Backend Application Srv. & Project Support,offboarding,0.8815202713012695,0.7428473830223083,-0.13867288827896118,0.7894736842105262,0.5454545454545454,-0.2440191387559808,0.9905262589454651,0.9890152215957642,0.0015132427215576172,0.0023096203804016113,2,False
M1_global_dev_conditioned_binary,R-108,(GI-UX) Network Access,other,0.4835895895957947,0.42364227771759033,-0.059947311878204346,0.160427807486631,0.1890547263681592,0.028626918881528213,0.7693555355072021,0.677189826965332,0.09323692321777344,0.13904482126235962,5,False
M1_global_dev_conditioned_binary,R-1083,"(GI-IaaS) Network Cloud (Azure, Remote Access)",vpn_access,0.9050970673561096,0.9020144939422607,-0.003082573413848877,0.37857142857142856,0.3411371237458194,-0.037434304825609166,0.7019481062889099,0.6458013653755188,0.048452913761138916,0.08826786279678345,5,False
M1_global_dev_conditioned_binary,R-1089,(GI-UX) Group,hardware_support,0.4329071044921875,0.514721691608429,0.08181458711624146,0.1473684210526316,0.37209302325581395,0.22472460220318236,0.5561780333518982,0.4455460011959076,0.1279371976852417,0.16095268726348877,4,False
M1_global_dev_conditioned_binary,R-109,(GI-UX) Application,absence,0.8015904426574707,0.7944991588592529,-0.0070912837982177734,0.4768211920529801,0.4161073825503356,-0.060713809502644545,0.7522178888320923,0.713605523109436,0.0233917236328125,0.06951725482940674,3,False
M1_global_dev_conditioned_binary,R-1093,(GI-IaaS) Backend Application Srv. & Project Support,offboarding,0.8531982898712158,0.8595222234725952,0.0063239336013793945,0.6500000000000001,0.7692307692307692,0.11923076923076903,0.9777603149414062,0.9727632403373718,0.002710580825805664,0.008188486099243164,2,False
M1_global_dev_conditioned_binary,R-1091,(GI-UX) File & Print,onboarding,0.6664302349090576,0.23969914019107819,-0.42673109471797943,0.6,0.0756756756756757,-0.5243243243243243,0.9868484139442444,0.9852932095527649,0.0014588236808776855,0.002531290054321289,0,False
M1_global_dev_conditioned_binary,R-1105,(GI-SaaS) Salesforce,absence,0.7416642904281616,0.6494507193565369,-0.09221357107162476,0.43661971830985913,0.43708609271523174,0.000466374405372616,0.5724667310714722,0.5410593748092651,0.01042473316192627,0.05256444215774536,3,False
M1_global_dev_conditioned_binary,R-1106,"(GI-IaaS) Network Cloud (Azure, Remote Access)",vpn_access,0.4572218060493469,0.5506124496459961,0.09339064359664917,0.14336917562724014,0.12318840579710146,-0.02018076983013868,0.5596339702606201,0.5480856895446777,0.006425976753234863,0.020701885223388672,5,False
M1_global_dev_conditioned_binary,R-1115,(GI-SaaS) Salesforce,enterprise_systems,0.3251633942127228,0.6220784187316895,0.2969150245189667,0.13725490196078433,0.2325581395348837,0.09530323757409936,0.48708295822143555,0.3949054181575775,0.05807405710220337,0.13861173391342163,3,False
M1_global_dev_conditioned_binary,R-1109,(GI-UX) Group,software_support,0.33566510677337646,0.4223718047142029,0.08670669794082642,0.13541666666666666,0.16585365853658537,0.030436991869918717,0.979118287563324,0.790088951587677,0.22015011310577393,0.24373465776443481,3,False
M1_global_dev_conditioned_binary,R-1120,(GI-SaaS) Salesforce,absence,0.6994447708129883,0.7166457176208496,0.017200946807861328,0.4313725490196078,0.42105263157894735,-0.010319917440660464,0.7324554920196533,0.7005656361579895,0.015420675277709961,0.055561065673828125,3,False
M1_global_dev_conditioned_binary,R-1133,(GI-UX) Account Management,email_support,0.7146567106246948,0.7381176948547363,0.023460984230041504,0.30945558739255014,0.36065573770491804,0.05120015031236791,0.8798789978027344,0.5587689876556396,0.3964005708694458,0.4099631905555725,5,False
M1_global_dev_conditioned_binary,R-1143,(GI-UX) Account Management,offboarding,0.9979963302612305,0.42860013246536255,-0.5693961977958679,0.9821428571428571,0.125,-0.8571428571428571,0.9750943183898926,0.9733783602714539,0.0013151168823242188,0.0030664801597595215,0,False
M1_global_dev_conditioned_binary,R-115,(LF) IT Office Access Italy,offboarding,0.690544605255127,0.7365517020225525,0.04600709676742554,0.6111111111111112,0.7027027027027027,0.09159159159159158,0.8604562282562256,0.8406078219413757,0.01425325870513916,0.0418398380279541,0,False
M1_global_dev_conditioned_binary,R-1150,(GI-UX) Group,hardware_support,0.6916828155517578,0.6031332015991211,-0.08854961395263672,0.4244897959183674,0.3703703703703704,-0.05411942554799698,0.41385617852211,0.3870985507965088,0.0,0.07293567061424255,4,False
M1_global_dev_conditioned_binary,R-1180,(GI-SaaS) Salesforce,other,0.6949211359024048,0.8455279469490051,0.15060681104660034,0.30872483221476504,0.33333333333333337,0.024608501118568327,0.6082023978233337,0.5529550313949585,0.03312993049621582,0.11004030704498291,5,False
M1_global_dev_conditioned_binary,R-1163,(GI-CF) Robot Process Automation,admin_rights,0.5356757640838623,0.5535547137260437,0.017878949642181396,0.19426048565121415,0.1554054054054054,-0.03885508024580875,1.0,0.8858383297920227,0.001561880111694336,0.21196770668029785,5,False
M1_global_dev_conditioned_binary,R-1193,(GI-SaaS) Salesforce,absence,0.7598556280136108,0.6907956600189209,-0.06905996799468994,0.4645161290322581,0.4324324324324324,-0.032083696599825684,0.7275980710983276,0.6866075396537781,0.029122352600097656,0.06979560852050781,3,False
M1_global_dev_conditioned_binary,R-1196,(GI-UX) Group,software_license,0.5146443843841553,0.4972851276397705,-0.017359256744384766,0.15999999999999998,0.10769230769230768,-0.05230769230769229,0.8422582149505615,0.7330206036567688,0.10508924722671509,0.15526843070983887,2,False
M1_global_dev_conditioned_binary,R-120,(GI-UX) Network Access,vpn_access,0.7133612632751465,0.7266628742218018,0.013301610946655273,0.40740740740740744,0.33093525179856115,-0.07647215560884629,0.996056079864502,0.6994321942329407,0.05776941776275635,0.5124127268791199,5,False
M1_global_dev_conditioned_binary,R-1203,(GI-UX) File & Print,hardware_support,0.884807288646698,0.7935208082199097,-0.09128648042678833,0.4491525423728813,0.4549019607843138,0.00574941841143245,1.0,0.5968816876411438,0.455402672290802,0.5577958822250366,4,False
M1_global_dev_conditioned_binary,R-1210,(GI-IaaS) Development Platform,software_license,0.847009539604187,0.8704829216003418,0.023473381996154785,0.2829581993569132,0.33232628398791536,0.049368084631002174,1.0,0.9612312316894531,0.0,0.08138453960418701,5,False
M1_global_dev_conditioned_binary,R-122,(GI-CF) Robot Process Automation,admin_rights,0.6870757937431335,0.7132996320724487,0.026223838329315186,0.10328638497652581,0.09274673008323424,-0.010539654893291575,0.914478063583374,0.8401816487312317,0.06476229429244995,0.10748255252838135,4,False
M1_global_dev_conditioned_binary,R-1218,(GI-UX) Group,other,0.6435015201568604,0.6948617696762085,0.051360249519348145,0.3076923076923077,0.18749999999999997,-0.12019230769230774,0.992637038230896,0.9908877611160278,0.0007635951042175293,0.00347900390625,5,False
M1_global_dev_conditioned_binary,R-1222,"(GI-IaaS) Network Cloud (Azure, Remote Access)",other,0.3984452486038208,0.5898571014404297,0.1914118528366089,0.15409309791332262,0.1448818897637795,-0.009211208149543126,0.5569139122962952,0.5306946039199829,0.003121674060821533,0.06302908062934875,5,False
M1_global_dev_conditioned_binary,R-1224,(GI-UX) Group,software_license,0.45461398363113403,0.45461398363113403,0.0,0.0676056338028169,0.0676056338028169,0.0,0.6593998670578003,0.646751880645752,0.007664799690246582,0.022843122482299805,5,False
M1_global_dev_conditioned_binary,R-1232,(GI-UX) Network Access,vpn_access,0.5623944997787476,0.5506840944290161,-0.011710405349731445,0.312,0.375,0.063,0.6103602647781372,0.5106161236763,0.041660189628601074,0.1528177261352539,4,False
M1_global_dev_conditioned_binary,R-1240,(GI-UX) File & Print,admin_rights,0.4937743544578552,0.5304868221282959,0.036712467670440674,0.13439635535307515,0.11570247933884298,-0.01869387601423217,0.684263288974762,0.6040781736373901,0.08123141527175903,0.12040400505065918,5,False
M1_global_dev_conditioned_binary,R-125,(GI-IaaS) Development Platform,software_license,0.8267767429351807,0.7062199115753174,-0.12055683135986328,0.2896551724137931,0.25874125874125875,-0.030913913672534377,0.7871624231338501,0.7837808728218079,0.0,0.010962128639221191,5,False
M1_global_dev_conditioned_binary,R-1255,(GI-UX) Group,offboarding,0.7284198999404907,0.6419880986213684,-0.08643180131912231,0.4390243902439024,0.4285714285714286,-0.010452961672473782,0.9661756157875061,0.962914764881134,0.002243518829345703,0.0052291154861450195,4,False
M1_global_dev_conditioned_binary,R-1256,(GI-UX) Account Management,offboarding,0.9895293116569519,0.981378436088562,-0.008150875568389893,0.9821428571428571,0.9245283018867924,-0.05761455525606474,0.9694370031356812,0.9598523378372192,0.006566524505615234,0.016037046909332275,3,False
M1_global_dev_conditioned_binary,R-1260,(GI-UX) Group,onboarding,0.7413581013679504,0.751449704170227,0.010091602802276611,0.6,0.5641025641025642,-0.03589743589743577,0.968852698802948,0.9665477871894836,0.0003382563591003418,0.006684303283691406,5,False
M1_global_dev_conditioned_binary,R-1271,(GI-IaaS) Development Platform,project_tools,0.13463330268859863,0.16068610548973083,0.026052802801132202,0.10294117647058824,0.12,0.01705882352941175,0.5093199610710144,0.4925324022769928,0.003688514232635498,0.040130943059921265,4,False
M1_global_dev_conditioned_binary,R-1263,(GI-UX) Group,onboarding,0.13808850944042206,0.13475890457630157,-0.0033296048641204834,0.07017543859649122,0.048484848484848485,-0.02169059011164274,0.914031982421875,0.9013280868530273,0.00977790355682373,0.02123171091079712,4,False
M1_global_dev_conditioned_binary,R-1275,(GI-CF) Robot Process Automation,admin_rights,0.6927695274353027,0.752504825592041,0.05973529815673828,0.18985976267529664,0.17309697601668406,-0.016762786658612583,0.9366686344146729,0.8972736597061157,0.027744650840759277,0.07879102230072021,4,False
M1_global_dev_conditioned_binary,R-1284,(GI-UX) File & Print,software_support,0.21609273552894592,0.1513442099094391,-0.06474852561950684,0.10526315789473684,0.13664596273291926,0.031382804838182426,0.59076988697052,0.5643976926803589,0.026262998580932617,0.040118515491485596,4,False
M1_global_dev_conditioned_binary,R-1291,(GI-IaaS) Development Platform,project_tools,0.653294563293457,0.6155948638916016,-0.03769969940185547,0.2553191489361702,0.2150537634408602,-0.04026538549531,0.5344939231872559,0.47597822546958923,0.005066096782684326,0.12318825721740723,5,False
M1_global_dev_conditioned_binary,R-1308,(LF) IT Office Access Italy,offboarding,0.9393594861030579,0.8799705505371094,-0.059388935565948486,0.7692307692307692,0.7692307692307692,0.0,0.9739329218864441,0.9680458903312683,0.004464924335479736,0.008667409420013428,2,False
M1_global_dev_conditioned_binary,R-1306,(BF) Employee Platform (SAP SF),other,0.05030176788568497,0.0780763253569603,0.02777455747127533,0.21978021978021978,0.19565217391304346,-0.024128045867176318,0.4775533676147461,0.4692869186401367,0.0005273222923278809,0.016505658626556396,1,False
M1_global_dev_conditioned_binary,R-1310,(GI-UX) Account Management,offboarding,0.9910497665405273,0.5373294353485107,-0.4537203311920166,0.8947368421052632,0.1891891891891892,-0.705547652916074,0.9756110906600952,0.9731753468513489,0.0010221600532531738,0.003857135772705078,0,False
M1_global_dev_conditioned_binary,R-1314,"(GI-IaaS) Network Cloud (Azure, Remote Access)",vpn_access,0.15216749906539917,0.11324915289878845,-0.03891834616661072,0.1411764705882353,0.12359550561797755,-0.01758096497025774,0.5932087302207947,0.5386137366294861,0.03179198503494263,0.09077847003936768,3,False
M1_global_dev_conditioned_binary,R-1311,(GI-UX) Network Access,vpn_access,0.7774018049240112,0.7400461435317993,-0.037355661392211914,0.4657534246575343,0.3006134969325154,-0.1651399277250189,0.9966105818748474,0.9529701471328735,0.001420438289642334,0.19684350490570068,5,False
M1_global_dev_conditioned_binary,R-1320,(GI-UX) Account Management,onboarding,0.7055516839027405,0.8202263116836548,0.1146746277809143,0.43416370106761576,0.44055944055944063,0.00639573949182487,0.9816119074821472,0.9807049036026001,4.38690185546875e-05,0.0018216967582702637,0,False
M1_global_dev_conditioned_binary,R-1327,(GI-UX) Group,software_support,0.7827446460723877,0.7940360903739929,0.011291444301605225,0.4727272727272727,0.4727272727272727,0.0,1.0,0.5726665258407593,0.45102572441101074,0.5722881555557251,3,False
M1_global_dev_conditioned_binary,R-1334,(GI-UX) Account Management,offboarding,0.9863351583480835,0.9999999403953552,0.013664782047271729,0.9549549549549549,1.0,0.04504504504504514,0.9864462614059448,0.981307864189148,0.0031648874282836914,0.008681714534759521,1,False
M1_global_dev_conditioned_binary,R-1353,(GI-IaaS) Backend Application Srv. & Project Support,offboarding,0.8649820685386658,0.8949931859970093,0.030011117458343506,0.6190476190476191,0.8,0.18095238095238098,0.9661625027656555,0.9575745463371277,0.00739973783493042,0.014056742191314697,4,False
M1_global_dev_conditioned_binary,R-1348,(GI-CF) Robot Process Automation,admin_rights,0.5363378524780273,0.6628348231315613,0.12649697065353394,0.1697674418604651,0.18346545866364664,0.013698016803181529,0.6298385858535767,0.6159567832946777,0.002915799617767334,0.031948208808898926,3,False
M1_global_dev_conditioned_binary,R-1356,(GI-UX) Account Management,offboarding,0.9895293116569519,0.7937229871749878,-0.1958063244819641,0.9821428571428571,0.7047619047619047,-0.2773809523809524,0.961226224899292,0.9566045999526978,0.0015866756439208984,0.00907444953918457,3,False
M1_global_dev_conditioned_binary,R-1360,(GI-UX) Office365 & MS-Teams,other,0.6930892467498779,0.6510553956031799,-0.042033851146698,0.18052256532066507,0.1411192214111922,-0.039403343909472865,0.5505341291427612,0.526731014251709,0.009398102760314941,0.05056905746459961,5,False
M1_global_dev_conditioned_binary,R-1362,(GI-UX) Account Management,onboarding,0.973820686340332,0.9440487623214722,-0.029771924018859863,0.9391304347826087,0.8051118210862619,-0.13401861369634682,0.9848543405532837,0.9834145307540894,0.0008413195610046387,0.0022859573364257812,1,False
M1_global_dev_conditioned_binary,R-1377,(GI-IaaS) Backend System Management (2nd level),other,0.5506095886230469,0.5226247310638428,-0.0279848575592041,0.40206185567010305,0.4838709677419355,0.08180911207183245,0.9364035129547119,0.6708563566207886,0.25333845615386963,0.4653915464878082,5,False
M1_global_dev_conditioned_binary,R-138,(GI-UX) Group,software_license,0.4630722999572754,0.6360175609588623,0.17294526100158691,0.15010141987829614,0.1753731343283582,0.025271714450062044,0.488372266292572,0.47266334295272827,0.0017248094081878662,0.033301204442977905,3,False
M1_global_dev_conditioned_binary,R-1381,(GI-UX) Group,software_license,0.49104559421539307,0.5455272197723389,0.0544816255569458,0.17333333333333334,0.2197802197802198,0.046446886446886465,0.6655718684196472,0.627993643283844,0.008464336395263672,0.07330894470214844,5,False
M1_global_dev_conditioned_binary,R-1382,(GI-UX) Group,software_license,0.5569665431976318,0.5712617635726929,0.014295220375061035,0.12873563218390804,0.1799163179916318,0.05118068580772375,0.7887844443321228,0.7419400811195374,0.0231589674949646,0.08110964298248291,4,False
M1_global_dev_conditioned_binary,R-1383,(GI-IaaS) Admin - Local IT purchase,other,0.21216146647930145,0.2777286171913147,0.06556715071201324,0.0,0.018018018018018018,0.018018018018018018,0.633757472038269,0.596015214920044,0.03711807727813721,0.05939215421676636,5,False
M1_global_dev_conditioned_binary,R-1387,(GI-CF) Robot Process Automation,admin_rights,0.6837571859359741,0.7204548120498657,0.0366976261138916,0.1607142857142857,0.1935483870967742,0.03283410138248849,0.979604959487915,0.8839749097824097,0.018939077854156494,0.20125025510787964,4,False
M1_global_dev_conditioned_binary,R-1388,(GI-IaaS) Admin - License & Asset Management,software_license,0.6396870017051697,0.6584771871566772,0.01879018545150757,0.22746781115879827,0.22030237580993522,-0.007165435348863047,0.9482884407043457,0.8356087803840637,0.002236604690551758,0.18901348114013672,5,False
M1_global_dev_conditioned_binary,R-1401,(GI-UX) Group,password_reset,0.6746882796287537,0.6963269710540771,0.021638691425323486,0.26356589147286824,0.3185840707964601,0.055018179323591876,0.7380269765853882,0.6788407564163208,0.044032514095306396,0.09887003898620605,5,False
M1_global_dev_conditioned_binary,R-1398,(GI-UX) File & Print,onboarding,0.7902098894119263,0.13177770376205444,-0.6584321856498718,0.6666666666666666,0.08433734939759037,-0.5823293172690762,0.9884189963340759,0.9847582578659058,0.0034037232398986816,0.005223393440246582,0,False
M1_global_dev_conditioned_binary,R-1404,(GI-CF) Robot Process Automation,admin_rights,0.4336428642272949,0.3809516727924347,-0.05269119143486023,0.10243902439024391,0.08070617906683482,-0.021732845323409092,0.7922060489654541,0.7258960604667664,0.010938405990600586,0.10807836055755615,3,False
M1_global_dev_conditioned_binary,R-1405,(BF) Purchasing Poland,other,0.39774560928344727,0.23025815188884735,-0.16748745739459991,0.1894736842105263,0.12765957446808512,-0.06181410974244117,0.5303983688354492,0.47737759351730347,0.050997763872146606,0.08397248387336731,5,False
M1_global_dev_conditioned_binary,R-1413,(GI-IaaS) Backend M365 (2nd level),other,0.4495449662208557,0.41897374391555786,-0.03057122230529785,0.26,0.18181818181818182,-0.07818181818181819,0.5719656348228455,0.5182703137397766,0.0015118122100830078,0.13289481401443481,4,False
M1_global_dev_conditioned_binary,R-1415,(GI-UX) Account Management,onboarding,0.8952257633209229,0.9450305700302124,0.04980480670928955,0.6927710843373495,0.8112676056338028,0.11849652129645338,0.9791168570518494,0.9732568860054016,0.005159199237823486,0.008633196353912354,2,False
M1_global_dev_conditioned_binary,R-1423,(GI-IaaS) Admin - Local IT purchase,other,0.467403769493103,0.4691244959831238,0.001720726490020752,0.13333333333333333,0.13333333333333333,0.0,0.7249376773834229,0.6969786882400513,0.0024513602256774902,0.06300073862075806,5,False
M1_global_dev_conditioned_binary,R-1425,(GI-UX) Group,software_license,0.5752255916595459,0.6556031107902527,0.08037751913070679,0.125,0.22972972972972974,0.10472972972972974,0.39952248334884644,0.3672861158847809,0.033302247524261475,0.04999572038650513,4,False
M1_global_dev_conditioned_binary,R-1429,(GI-CF) Robot Process Automation,admin_rights,0.6582510471343994,0.6381510496139526,-0.020099997520446777,0.13970588235294115,0.15177478580171358,0.012068903448772428,0.9499984979629517,0.7618586421012878,0.23268473148345947,0.23794806003570557,4,False
M1_global_dev_conditioned_binary,R-1436,(GI-IaaS) Development Platform,software_license,0.8149148225784302,0.8584131598472595,0.043498337268829346,0.31875000000000003,0.3532763532763532,0.03452635327635317,0.90672767162323,0.8826176524162292,0.0,0.063312828540802,5,False
M1_global_dev_conditioned_binary,R-1439,(BF) Information Security Office,admin_rights,0.6136049628257751,0.6267770528793335,0.01317209005355835,0.20562770562770563,0.21748400852878466,0.01185630290107903,0.7997041344642639,0.7205755114555359,0.09212112426757812,0.10883480310440063,5,False
M1_global_dev_conditioned_binary,R-1440,(GI-CF) Robot Process Automation,admin_rights,0.6605480313301086,0.7222318053245544,0.0616837739944458,0.2021505376344086,0.1642710472279261,-0.0378794904064825,0.9319694638252258,0.910495936870575,0.006563842296600342,0.03686511516571045,4,False
M1_global_dev_conditioned_binary,R-1441,(GI-CF) Robot Process Automation,admin_rights,0.7052897810935974,0.6900714635848999,-0.01521831750869751,0.19411123227917124,0.18383838383838383,-0.010272848440787408,0.8895953297615051,0.8638423681259155,0.016696274280548096,0.05160146951675415,4,False
M1_global_dev_conditioned_binary,R-1449,(LF) IT Office Access Italy,offboarding,0.851777970790863,0.9675794243812561,0.11580145359039307,0.7894736842105262,0.85,0.06052631578947376,0.9899188876152039,0.9867448806762695,0.0029302239418029785,0.005501985549926758,4,False
M1_global_dev_conditioned_binary,R-1444,(GI-IaaS) Development Platform,other,0.34038135409355164,0.2926281988620758,-0.04775315523147583,0.13138686131386862,0.18181818181818182,0.050431320504313204,0.6603964567184448,0.5167765617370605,0.10810154676437378,0.20968914031982422,5,False
M1_global_dev_conditioned_binary,R-146,(GI-IaaS) Development Platform,software_license,0.8799068331718445,0.8496946096420288,-0.030212223529815674,0.3176470588235294,0.25705329153605017,-0.06059376728747923,0.9115018248558044,0.8905296325683594,0.007607996463775635,0.045162737369537354,5,False
M1_global_dev_conditioned_binary,R-1461,(GI-UX) Group,password_reset,0.569005012512207,0.5370513200759888,-0.03195369243621826,0.2833333333333334,0.2992125984251969,0.015879265091863493,0.8452458381652832,0.7900406718254089,0.003668844699859619,0.11197865009307861,5,False
M1_global_dev_conditioned_binary,R-1460,(GI-IaaS) Admin - License & Asset Management,software_license,0.7469710111618042,0.749237596988678,0.0022665858268737793,0.25051334702258726,0.22648752399232244,-0.02402582303026482,0.7755130529403687,0.747418999671936,0.01611417531967163,0.055149197578430176,5,False
M1_global_dev_conditioned_binary,R-1467,(GI-SaaS) Salesforce,enterprise_systems,0.6386099457740784,0.7619454860687256,0.12333554029464722,0.25,0.22950819672131145,-0.020491803278688547,0.5230218172073364,0.4226017892360687,0.0929325520992279,0.15663808584213257,2,False
M1_global_dev_conditioned_binary,R-1475,(GI-IaaS) Backend Application Srv. & Project Support,other,0.36069709062576294,0.3236164152622223,-0.03708067536354065,0.10434782608695652,0.06572769953051642,-0.03862012655644009,0.47976750135421753,0.42594701051712036,0.03870844841003418,0.0943756103515625,1,False
M1_global_dev_conditioned_binary,R-1476,(GI-CF) Robot Process Automation,admin_rights,0.7833187580108643,0.7621649503707886,-0.021153807640075684,0.15350877192982454,0.15876288659793814,0.005254114668113596,0.8316130042076111,0.8026947975158691,0.023482859134674072,0.04834562540054321,3,False
M1_global_dev_conditioned_binary,R-1477,(GI-SM) Service Desk,other,0.22214317321777344,0.25774523615837097,0.035602062940597534,0.13888888888888887,0.14705882352941174,0.008169934640522875,0.7586383819580078,0.5177487134933472,0.2823067307472229,0.31954294443130493,5,False
M1_global_dev_conditioned_binary,R-1479,(LF) IT Office Access Italy,office_access,0.4697626233100891,0.8293821215629578,0.35961949825286865,0.45454545454545453,0.4210526315789474,-0.03349282296650713,0.8933740854263306,0.8557034730911255,0.018625915050506592,0.06513381004333496,4,False
M1_global_dev_conditioned_binary,R-1481,(GI-UX) Group,software_license,0.5194674730300903,0.554503321647644,0.03503584861755371,0.0930232558139535,0.21721311475409835,0.12418985894014485,0.635155439376831,0.6087034344673157,0.023222923278808594,0.04045259952545166,3,False
M1_global_dev_conditioned_binary,R-1483,(GI-UX) Group,admin_rights,0.49763694405555725,0.5132791996002197,0.015642255544662476,0.14222222222222222,0.16630669546436286,0.024084473242140636,0.8159599900245667,0.6572555303573608,0.18036216497421265,0.20547103881835938,2,False
M1_global_dev_conditioned_binary,R-1485,(GI-UX) Account Management,onboarding,0.8702977895736694,0.8603686094284058,-0.009929180145263672,0.4642857142857143,0.5063291139240507,0.042043399638336365,0.967981219291687,0.9567433595657349,0.0014483928680419922,0.023065567016601562,0,False
M1_global_dev_conditioned_binary,R-1492,(GI-IaaS) Backend Application Srv. & Project Support,offboarding,0.820875346660614,0.7317100763320923,-0.08916527032852173,0.7692307692307692,0.6666666666666666,-0.10256410256410253,0.9849720001220703,0.9807866811752319,0.0043288469314575195,0.006148099899291992,1,False
M1_global_dev_conditioned_binary,R-1494,(GI-UX) Group,offboarding,0.873828649520874,0.873828649520874,0.0,0.8484848484848484,0.8484848484848484,0.0,0.9586575031280518,0.9581819772720337,0.0002605319023132324,0.0008141398429870605,1,False
M1_global_dev_conditioned_binary,R-1498,(GI-UX) Account Management,email_support,0.7750872373580933,0.7818806171417236,0.006793379783630371,0.35227272727272724,0.36827195467422097,0.015999227401493732,0.6601485013961792,0.5605350732803345,0.0997016429901123,0.14111578464508057,5,False
M1_global_dev_conditioned_binary,R-1504,(GI-IaaS) Development Platform,other,0.6343575119972229,0.6108962297439575,-0.02346128225326538,0.06270627062706272,0.05970149253731343,-0.003004778089749284,0.552794337272644,0.49303096532821655,0.028318166732788086,0.10046738386154175,3,False
M1_global_dev_conditioned_binary,R-1511,(GI-UX) Group,password_reset,0.6480931639671326,0.6783744692802429,0.03028130531311035,0.24793388429752064,0.2764227642276423,0.02848887993012164,0.8452457189559937,0.7682399153709412,0.056882500648498535,0.11269420385360718,4,False
M1_global_dev_conditioned_binary,R-1531,(GI-IaaS) Development Platform,software_license,0.7580670118331909,0.7464355230331421,-0.011631488800048828,0.27096774193548384,0.2646153846153846,-0.006352357320099256,0.7202190160751343,0.7164479494094849,0.0,0.013779878616333008,5,False
M1_global_dev_conditioned_binary,R-1517,(GI-UX) Group,other,0.19401861727237701,0.1884794384241104,-0.0055391788482666016,0.1090909090909091,0.10738255033557048,-0.0017083587553386181,0.7505980730056763,0.6202061176300049,0.13548576831817627,0.18977731466293335,4,False
M1_global_dev_conditioned_binary,R-154,(GI-UX) Network Access,vpn_access,0.7506480813026428,0.7405475378036499,-0.01010054349899292,0.303448275862069,0.3247232472324723,0.021274971370403295,0.9960559606552124,0.6938494443893433,0.07045722007751465,0.5128520131111145,5,False
M1_global_dev_conditioned_binary,R-1542,(GI-UX) Group,password_reset,0.8256263136863708,0.8279933929443359,0.002367079257965088,0.42592592592592593,0.3925233644859813,-0.033402561439944634,0.8241270780563354,0.7300241589546204,0.017939329147338867,0.18415480852127075,5,False
M1_global_dev_conditioned_binary,R-1540,(GI-UX) File & Print,software_support,0.4857248067855835,0.49407416582107544,0.008349359035491943,0.34285714285714286,0.1675392670157068,-0.17531787584143607,0.630275309085846,0.5605043768882751,0.00926363468170166,0.12412130832672119,3,False
M1_global_dev_conditioned_binary,R-1544,(LF) IT Office Access Italy,offboarding,0.8747031092643738,0.7063119411468506,-0.1683911681175232,0.7894736842105262,0.6666666666666667,-0.12280701754385948,0.9596297740936279,0.9549853205680847,0.003598332405090332,0.0075130462646484375,3,False
M1_global_dev_conditioned_binary,R-1554,(GI-UX) Group,offboarding,0.8140056133270264,0.8880467414855957,0.07404112815856934,0.5945945945945946,0.8235294117647058,0.22893481717011122,0.9802184700965881,0.976050078868866,0.0023873448371887207,0.007687747478485107,3,False
M1_global_dev_conditioned_binary,R-156,(BF) Information Security Office,admin_rights,0.6826645135879517,0.7063847184181213,0.023720204830169678,0.17400881057268724,0.1703470031545741,-0.0036618074181131444,0.9223060607910156,0.9001709222793579,0.008123397827148438,0.055764734745025635,4,False
M1_global_dev_conditioned_binary,R-1562,(GI-UX) Account Management,email_support,0.3836321234703064,0.43398886919021606,0.05035674571990967,0.10101010101010102,0.125,0.023989898989898978,0.49727576971054077,0.46881943941116333,0.00031566619873046875,0.07593876123428345,5,False
M1_global_dev_conditioned_binary,R-1563,(GI-CF) Robot Process Automation,admin_rights,0.4493688941001892,0.4041917324066162,-0.045177161693573,0.07081807081807082,0.12162162162162164,0.050803550803550826,0.9126642346382141,0.8572136163711548,0.05274301767349243,0.07566148042678833,5,False
M1_global_dev_conditioned_binary,R-1564,(GI-IaaS) Admin - License & Asset Management,software_license,0.7714932560920715,0.7688907384872437,-0.002602517604827881,0.1825726141078838,0.18859649122807015,0.006023877120186344,0.851335883140564,0.8174694776535034,0.02703380584716797,0.06239175796508789,5,False
M1_global_dev_conditioned_binary,R-1566,(GI-SaaS) Salesforce,admin_rights,0.7783251404762268,0.7529699802398682,-0.025355160236358643,0.20467836257309938,0.19913419913419914,-0.00554416343890024,0.7203476428985596,0.6707868576049805,0.03816598653793335,0.08834707736968994,5,False
M1_global_dev_conditioned_binary,R-1569,(GI-IaaS) Backend Application Srv. & Project Support,offboarding,0.7597014904022217,0.7803317308425903,0.020630240440368652,0.5,0.5333333333333333,0.033333333333333326,0.9889282584190369,0.9876741170883179,0.00034797191619873047,0.0023557543754577637,1,False
M1_global_dev_conditioned_binary,R-1567,(GI-UX) File & Print,admin_rights,0.6342595815658569,0.6851555109024048,0.05089592933654785,0.12177985948477751,0.14253393665158373,0.020754077166806217,0.8706099987030029,0.8502007722854614,0.023325681686401367,0.027506530284881592,4,False
M1_global_dev_conditioned_binary,R-1570,(LF) IT Office Access Italy,offboarding,0.8909080624580383,0.9139037132263184,0.02299565076828003,0.8235294117647058,0.888888888888889,0.06535947712418311,0.9694678783416748,0.9647268056869507,0.003838777542114258,0.007227599620819092,3,False
M1_global_dev_conditioned_binary,R-1571,(GI-UX) Group,offboarding,0.8881990909576416,0.7984308004379272,-0.08976829051971436,0.7499999999999999,0.65,-0.09999999999999987,0.9877601265907288,0.9858518838882446,0.0005274415016174316,0.004633605480194092,1,False
M1_global_dev_conditioned_binary,R-1574,(LF) IT Office Access Italy,offboarding,0.9853775501251221,0.8714885711669922,-0.11388897895812988,0.9500000000000001,0.7894736842105262,-0.16052631578947385,0.9867393374443054,0.9847464561462402,0.0010964274406433105,0.0040283203125,2,False
M1_global_dev_conditioned_binary,R-1580,(GI-UX) Group,software_license,0.5346904993057251,0.5936585664749146,0.05896806716918945,0.14814814814814817,0.11574074074074074,-0.032407407407407426,0.8244210481643677,0.7720876336097717,0.0587955117225647,0.0710415244102478,4,False
M1_global_dev_conditioned_binary,R-1584,"(GI-IaaS) Network On-Prem (LAN,WLAN,WAN 2nd level)",vpn_access,0.6211618185043335,0.6766893267631531,0.05552750825881958,0.2391304347826087,0.18965517241379312,-0.04947526236881558,0.6399768590927124,0.510240375995636,0.12508022785186768,0.1853901743888855,4,False
M1_global_dev_conditioned_binary,R-1588,(GI-UX) Group,hardware_support,0.3937476575374603,0.6104509830474854,0.21670332551002502,0.20000000000000004,0.5538461538461538,0.3538461538461537,0.35545480251312256,0.33491334319114685,0.0064484477043151855,0.035347819328308105,3,False
M1_global_dev_conditioned_binary,R-1587,(GI-SaaS) Salesforce,other,0.5262438058853149,0.5317780375480652,0.005534231662750244,0.27972027972027974,0.3783783783783784,0.09865809865809866,0.6280243396759033,0.5572746396064758,0.036899566650390625,0.12145125865936279,4,False
M1_global_dev_conditioned_binary,R-1593,(GI-IaaS) Development Platform,software_license,0.8293201327323914,0.8470119833946228,0.017691850662231445,0.2214765100671141,0.318936877076412,0.09746036700929789,0.8565173149108887,0.8013252019882202,0.05428111553192139,0.0800548791885376,5,False
M1_global_dev_conditioned_binary,R-161,(GI-SaaS) SAP & Synertrade,other,0.6047356128692627,0.673819363117218,0.06908375024795532,0.3243243243243243,0.48484848484848486,0.16052416052416058,0.8880937099456787,0.681018054485321,0.19193792343139648,0.2885581851005554,5,False
M1_global_dev_conditioned_binary,R-160,(GI-SaaS) SAP & Synertrade,other,0.7224693298339844,0.721611499786377,-0.0008578300476074219,0.3333333333333333,0.2916666666666667,-0.04166666666666663,0.8880937695503235,0.6617010235786438,0.27943962812423706,0.2864592671394348,5,False
M1_global_dev_conditioned_binary,R-1595,(GI-SaaS) Salesforce,absence,0.6204547882080078,0.6621222496032715,0.04166746139526367,0.3885714285714286,0.4203821656050955,0.03181073703366688,0.7078198194503784,0.6490588784217834,0.009344220161437988,0.11460649967193604,3,False
M1_global_dev_conditioned_binary,R-163,(GI-UX) File & Print,software_support,0.4550427496433258,0.49801141023635864,0.04296866059303284,0.4869565217391304,0.4210526315789474,-0.065903890160183,0.8107990622520447,0.7499650120735168,0.03168666362762451,0.14737874269485474,4,False
M1_global_dev_conditioned_binary,R-165,(GI-UX) Account Management,onboarding,0.35604649782180786,0.26773080229759216,-0.0883156955242157,0.07179487179487179,0.07179487179487179,0.0,0.9546806812286377,0.9196887016296387,0.02536994218826294,0.056604623794555664,3,False
M1_global_dev_conditioned_binary,R-164,(GI-UX) Group,onboarding,0.14921258389949799,0.08315728604793549,-0.0660552978515625,0.061068702290076333,0.05161290322580646,-0.009455799064269875,0.9546806812286377,0.9258288145065308,0.02191108465194702,0.049392640590667725,3,False
M1_global_dev_conditioned_binary,R-170,(GI-CF) Robot Process Automation,admin_rights,0.43840986490249634,0.4481390118598938,0.009729146957397461,0.15704387990762125,0.17943107221006566,0.022387192302444403,0.9958082437515259,0.7511730194091797,0.2841552495956421,0.325549840927124,4,False
M1_global_dev_conditioned_binary,R-179,(GI-IaaS) Development Platform,software_license,0.840245246887207,0.8418056964874268,0.0015604496002197266,0.2882882882882883,0.2899408284023668,0.0016525401140785045,0.9653041362762451,0.9498212933540344,0.0,0.07233834266662598,5,False
M1_global_dev_conditioned_binary,R-184,(GI-IaaS) Cloud Services,other,0.7446666955947876,0.6161341667175293,-0.1285325288772583,0.559322033898305,0.3137254901960784,-0.2455965437022266,0.9993037581443787,0.6886500120162964,0.31829261779785156,0.4423169493675232,4,False
M1_global_dev_conditioned_binary,R-189,(GI-UX) File & Print,hardware_support,0.368783563375473,0.4676661789417267,0.09888261556625366,0.1836734693877551,0.28571428571428575,0.10204081632653064,0.5228423476219177,0.4044935703277588,0.10727784037590027,0.19054275751113892,4,False
M1_global_dev_conditioned_binary,R-19,(GI-IaaS) Development Platform,other,0.34042593836784363,0.5005853176116943,0.1601593792438507,0.08823529411764705,0.08571428571428572,-0.0025210084033613356,0.5998032093048096,0.5762170553207397,0.029482722282409668,0.029482722282409668,5,False
M1_global_dev_conditioned_binary,R-195,(LF) IT Office Access Italy,offboarding,0.822664201259613,0.6948565244674683,-0.12780767679214478,0.7272727272727274,0.5945945945945946,-0.13267813267813278,0.877083957195282,0.8428294062614441,0.035223960876464844,0.049154818058013916,1,False
M1_global_dev_conditioned_binary,R-197,(GI-SaaS) Salesforce,admin_rights,0.678019642829895,0.7036094665527344,0.025589823722839355,0.14008941877794337,0.1751412429378531,0.035051824159909734,0.5492721199989319,0.5183147192001343,0.011298656463623047,0.052636563777923584,5,False
M1_global_dev_conditioned_binary,R-205,(GI-CF) Robot Process Automation,admin_rights,0.629401445388794,0.7176170349121094,0.08821558952331543,0.09296482412060303,0.21097046413502107,0.11800564001441805,0.8243292570114136,0.8159920573234558,0.0,0.022448182106018066,4,False
M1_global_dev_conditioned_binary,R-209,(GI-UX) Group,software_license,0.653081476688385,0.5902787446975708,-0.06280273199081421,0.2138364779874214,0.20944558521560575,-0.0043908927718156465,0.9893381595611572,0.6516870260238647,0.26473021507263184,0.5523185133934021,3,False
M1_global_dev_conditioned_binary,R-212,(GI-UX) File & Print,software_support,0.19028635323047638,0.5690068006515503,0.3787204474210739,0.3875968992248062,0.37398373983739835,-0.01361315938740787,0.8289503455162048,0.6328839063644409,0.15307742357254028,0.2971348166465759,5,False
M1_global_dev_conditioned_binary,R-222,(GI-IaaS) Backend Application Srv. & Project Support,other,0.732612133026123,0.7453809976577759,0.012768864631652832,0.25,0.3104477611940299,0.06044776119402989,0.659192681312561,0.609504759311676,0.031106948852539062,0.08612978458404541,5,False
M1_global_dev_conditioned_binary,R-191,(GI-UX) Account Management,email_support,0.6506486535072327,0.6478654742240906,-0.00278317928314209,0.2584269662921348,0.252808988764045,-0.00561797752808979,0.5604469776153564,0.514255166053772,0.0326157808303833,0.09161320328712463,5,False
M1_global_dev_conditioned_binary,R-226,(GI-CF) Robot Process Automation,admin_rights,0.6891528964042664,0.7025701999664307,0.013417303562164307,0.16648879402347921,0.14705882352941177,-0.019429970494067444,0.8728991746902466,0.8660737872123718,0.0029010772705078125,0.016399383544921875,4,False
M1_global_dev_conditioned_binary,R-227,(GI-UX) Network Access,admin_rights,0.580651044845581,0.5775770545005798,-0.0030739903450012207,0.12962962962962962,0.10942956926658906,-0.020200060363040562,0.8299995064735413,0.8012323379516602,0.013795077800750732,0.06857651472091675,5,False
M1_global_dev_conditioned_binary,R-229,(GI-UX) Network Access,vpn_access,0.754119873046875,0.7550898790359497,0.000970005989074707,0.42622950819672134,0.39087947882736157,-0.03535002936935977,0.9957883358001709,0.9464656114578247,0.011029064655303955,0.21102547645568848,5,False
M1_global_dev_conditioned_binary,R-23,(GI-SM) Service Desk,software_support,0.13096202909946442,0.20258381962776184,0.07162179052829742,0.13559322033898302,0.13924050632911392,0.003647285990130894,0.8620724081993103,0.6864698529243469,0.17331594228744507,0.2700854539871216,5,False
M1_global_dev_conditioned_binary,R-241,(LF) IT Office Access Italy,offboarding,0.9768867492675781,0.6890445947647095,-0.28784215450286865,0.9268292682926829,0.5945945945945946,-0.33223467369808823,0.8927445411682129,0.8642265200614929,0.02085435390472412,0.04918336868286133,2,False
M1_global_dev_conditioned_binary,R-257,(GI-UX) Group,software_license,0.6308331489562988,0.6084576845169067,-0.02237546443939209,0.10421836228287842,0.13170731707317074,0.027488954790292314,0.8964309692382812,0.7749520540237427,0.11460423469543457,0.19417357444763184,5,False
M1_global_dev_conditioned_binary,R-256,(GI-UX) Group,hardware_support,0.6799415349960327,0.682890772819519,0.002949237823486328,0.21052631578947367,0.33333333333333337,0.1228070175438597,0.4683423936367035,0.4356805682182312,0.015457510948181152,0.0625971257686615,3,False
M1_global_dev_conditioned_binary,R-262,(GI-IaaS) Development Platform,software_license,0.8686861991882324,0.8508957624435425,-0.01779043674468994,0.28,0.26582278481012656,-0.014177215189873471,0.8098392486572266,0.7985810041427612,0.0009353160858154297,0.02862393856048584,5,False
M1_global_dev_conditioned_binary,R-266,(GI-UX) Group,software_license,0.5843932628631592,0.6448944807052612,0.06050121784210205,0.1643835616438356,0.1415525114155251,-0.0228310502283105,0.8415434956550598,0.7689796090126038,0.06222277879714966,0.10694289207458496,5,False
M1_global_dev_conditioned_binary,R-272,(GI-UX) Group,software_license,0.5847346782684326,0.503749668598175,-0.08098500967025757,0.16455696202531644,0.1902834008097166,0.025726438784400146,0.8708574771881104,0.8033553957939148,0.054581522941589355,0.10590553283691406,5,False
M1_global_dev_conditioned_binary,R-275,(GI-UX) Group,software_license,0.7100952863693237,0.7202335000038147,0.010138213634490967,0.19864559819413094,0.1851015801354402,-0.013544018058690738,0.7947006225585938,0.7273498177528381,0.07260966300964355,0.09243035316467285,5,False
M1_global_dev_conditioned_binary,R-281,(GI-UX) File & Print,other,0.48988527059555054,0.40217524766921997,-0.08771002292633057,0.10061349693251534,0.07702182284980744,-0.023591674082707903,0.8171223402023315,0.7271459698677063,0.102169930934906,0.11953353881835938,5,False
M1_global_dev_conditioned_binary,R-289,(GI-UX) Group,software_license,0.5518903732299805,0.47855037450790405,-0.07333999872207642,0.22365591397849463,0.23144104803493448,0.007785134056439852,0.8935129642486572,0.8377200365066528,0.028951168060302734,0.10791885852813721,4,False
M1_global_dev_conditioned_binary,R-292,(GI-UX) File & Print,admin_rights,0.6635420322418213,0.5876720547676086,-0.07586997747421265,0.15527230590961763,0.1605504587155963,0.005278152805978681,0.8020263910293579,0.7733322381973267,0.00809478759765625,0.05466461181640625,5,False
M1_global_dev_conditioned_binary,R-304,(GI-UX) File & Print,admin_rights,0.5178836584091187,0.521917462348938,0.004033803939819336,0.1325714285714286,0.1298405466970387,-0.0027308818743898844,0.8792657852172852,0.8317006826400757,0.037722229957580566,0.07913583517074585,5,False
M1_global_dev_conditioned_binary,R-331,(LF) IT Office Access Italy,offboarding,0.8935487866401672,0.7315521240234375,-0.16199666261672974,0.7567567567567567,0.7222222222222222,-0.03453453453453448,0.9577348232269287,0.9548518061637878,0.0007926821708679199,0.005903065204620361,3,False
M1_global_dev_conditioned_binary,R-346,"(GI-IaaS) Network On-Prem (LAN,WLAN,WAN 2nd level)",vpn_access,0.736221194267273,0.716296911239624,-0.019924283027648926,0.2968197879858657,0.28776978417266186,-0.009050003813203866,0.5418274998664856,0.5163906216621399,0.014446377754211426,0.060132384300231934,4,False
M1_global_dev_conditioned_binary,R-34,(GI-UX) Group,software_support,0.48812559247016907,0.5119162201881409,0.023790627717971802,0.1461187214611872,0.14049586776859505,-0.005622853692592161,0.7266864776611328,0.6188424825668335,0.0020785927772521973,0.19474256038665771,5,False
M1_global_dev_conditioned_binary,R-352,(BF) Employee Platform (SAP SF),other,0.6126821637153625,0.6126821637153625,0.0,0.25000000000000006,0.25000000000000006,0.0,0.8321695327758789,0.5549013614654541,0.31965386867523193,0.356397807598114,2,False
M1_global_dev_conditioned_binary,R-354,(GI-SaaS) Salesforce,other,0.49556344747543335,0.47939079999923706,-0.01617264747619629,0.11827956989247311,0.13924050632911392,0.020960936436640806,0.44120484590530396,0.4358295500278473,0.0008799731731414795,0.00911104679107666,1,False
M1_global_dev_conditioned_binary,R-367,(GI-UX) File & Print,hardware_support,0.6557679176330566,0.6735725998878479,0.01780468225479126,0.4649122807017544,0.37130801687763715,-0.09360426382411724,0.5378596782684326,0.4780947268009186,0.0,0.1767842173576355,3,False
M1_global_dev_conditioned_binary,R-374,(GI-IaaS) Admin - License & Asset Management,software_license,0.708247184753418,0.6330910921096802,-0.07515609264373779,0.2593320235756385,0.23001949317738793,-0.029312530398250575,0.9818040132522583,0.827303409576416,0.0,0.3969727158546448,4,False
M1_global_dev_conditioned_binary,R-383,(GI-UX) Network Access,vpn_access,0.5966676473617554,0.6967898011207581,0.10012215375900269,0.32209737827715357,0.34749034749034746,0.025392969213193894,0.9851242303848267,0.978492259979248,0.006674349308013916,0.009119093418121338,5,False
M1_global_dev_conditioned_binary,R-385,(GI-SaaS) SAP & Synertrade,enterprise_systems,0.9738887548446655,0.901056170463562,-0.07283258438110352,0.9130434782608695,0.6024096385542169,-0.3106338397066526,0.9219274520874023,0.8955990076065063,0.016326069831848145,0.04695773124694824,5,False
M1_global_dev_conditioned_binary,R-387,(GI-UX) Network Access,other,0.18001726269721985,0.08506612479686737,-0.09495113790035248,0.09929078014184396,0.0983606557377049,-0.00093012440413906,0.7904136180877686,0.7170039415359497,0.04332864284515381,0.13354706764221191,5,False
M1_global_dev_conditioned_binary,R-399,(GI-CF) Robot Process Automation,admin_rights,0.507571816444397,0.44640395045280457,-0.06116786599159241,0.12941176470588234,0.1309941520467836,0.00158238734090127,0.6842633485794067,0.5934299826622009,0.10604429244995117,0.11836594343185425,4,False
M1_global_dev_conditioned_binary,R-4,(GI-CF) Robot Process Automation,admin_rights,0.6643774509429932,0.6611599922180176,-0.003217458724975586,0.13963963963963963,0.14078212290502792,0.0011424832653882944,0.5804017782211304,0.5600010752677917,0.009255290031433105,0.03608989715576172,4,False
M1_global_dev_conditioned_binary,R-403,(GI-UX) File & Print,other,0.4341183304786682,0.3825763761997223,-0.05154195427894592,0.04878048780487805,0.047619047619047616,-0.001161440185830434,0.7053936719894409,0.652342677116394,0.053224265575408936,0.07510697841644287,4,False
M1_global_dev_conditioned_binary,R-400,(GI-CF) Robot Process Automation,admin_rights,0.6680418848991394,0.7422252893447876,0.0741834044456482,0.12998859749144814,0.20042194092827,0.07043334343682187,0.8821656107902527,0.8240413665771484,0.016942620277404785,0.1384558081626892,4,False
M1_global_dev_conditioned_binary,R-406,(BF) Information Security Office,admin_rights,0.7487244606018066,0.8075054883956909,0.05878102779388428,0.18344519015659955,0.17401129943502827,-0.009433890721571275,0.7664949893951416,0.7239192128181458,0.028608620166778564,0.08099162578582764,4,False
M1_global_dev_conditioned_binary,R-405,(GI-IaaS) Backend Application Srv. & Project Support,other,0.7430907487869263,0.7610998153686523,0.018009066581726074,0.20468557336621457,0.24548736462093865,0.04080179125472408,0.8833548426628113,0.5707387328147888,0.3438795208930969,0.4323768615722656,5,False
M1_global_dev_conditioned_binary,R-41,(GI-UX) Group,software_license,0.5698568224906921,0.528679370880127,-0.041177451610565186,0.12334801762114538,0.12362030905077263,0.0002722914296272583,0.7080228328704834,0.6984031796455383,0.0031708478927612305,0.023099541664123535,4,False
M1_global_dev_conditioned_binary,R-410,(GI-UX) Group,software_license,0.31622058153152466,0.3842221796512604,0.06800159811973572,0.13061224489795917,0.14285714285714285,0.012244897959183682,0.7170097827911377,0.6871002912521362,0.005356729030609131,0.04985928535461426,5,False
M1_global_dev_conditioned_binary,R-414,(GI-IaaS) Backend Application Srv. & Project Support,offboarding,0.9187633991241455,0.9937285780906677,0.07496517896652222,0.7368421052631577,0.9500000000000001,0.21315789473684232,0.9851658940315247,0.978824257850647,0.006135821342468262,0.009661614894866943,2,False
M1_global_dev_conditioned_binary,R-413,(GI-UX) Account Management,onboarding,0.8267625570297241,0.842950701713562,0.01618814468383789,0.4916943521594684,0.5104895104895104,0.018795158330042028,0.9550623893737793,0.919009804725647,0.035653114318847656,0.05367708206176758,1,False
M1_global_dev_conditioned_binary,R-418,(GI-UX) Network Access,vpn_access,0.8354134559631348,0.7122187614440918,-0.12319469451904297,0.32950191570881227,0.33333333333333326,0.003831417624520994,0.9876163005828857,0.9844552874565125,0.002492070198059082,0.007122516632080078,5,False
M1_global_dev_conditioned_binary,R-440,(GI-UX) Windows,admin_rights,0.7262295484542847,0.7405374050140381,0.014307856559753418,0.17362637362637362,0.16400425985090522,-0.0096221137754684,0.7491886615753174,0.7284302711486816,0.01950860023498535,0.030716300010681152,4,False
M1_global_dev_conditioned_binary,R-446,(GI-UX) Group,vpn_access,0.7579436898231506,0.6847165822982788,-0.07322710752487183,0.2583025830258303,0.28044280442804426,0.022140221402213944,0.5752803683280945,0.5126160383224487,0.058859169483184814,0.09246402978897095,5,False
M1_global_dev_conditioned_binary,R-455,(GI-IaaS) Backend Application Srv. & Project Support,offboarding,0.8376522064208984,0.7133603096008301,-0.12429189682006836,0.7692307692307692,0.6857142857142857,-0.08351648351648344,0.7796412706375122,0.7668769359588623,0.00410383939743042,0.025597691535949707,0,False
M1_global_dev_conditioned_binary,R-460,(GI-IaaS) Backend Application Srv. & Project Support,offboarding,0.7255160808563232,0.6749200820922852,-0.050595998764038086,0.6222222222222222,0.6976744186046512,0.07545219638242895,0.8259540796279907,0.7981835603713989,0.01773601770401001,0.043182969093322754,0,False
M1_global_dev_conditioned_binary,R-45,(GI-CF) Robot Process Automation,admin_rights,0.6729507446289062,0.790723443031311,0.11777269840240479,0.1748633879781421,0.1862433862433862,0.011379998265244107,0.9563285708427429,0.8889642953872681,0.07215672731399536,0.09513694047927856,3,False
M1_global_dev_conditioned_binary,R-465,(LF) IT Office Access Italy,offboarding,0.5787180662155151,0.8714637756347656,0.2927457094192505,0.37209302325581395,0.75,0.37790697674418605,0.8407493829727173,0.8224549293518066,0.006071627140045166,0.04974466562271118,1,False
M1_global_dev_conditioned_binary,R-463,(GI-UX) Account Management,other,0.20638909935951233,0.16697631776332855,-0.03941278159618378,0.06451612903225808,0.0625,-0.0020161290322580766,0.7602166533470154,0.7457689046859741,0.0002429485321044922,0.02759110927581787,0,False
M1_global_dev_conditioned_binary,R-47,(BF) Information Security Office,admin_rights,0.7136101722717285,0.755974292755127,0.04236412048339844,0.15560640732265446,0.1838074398249453,0.028201032502290835,0.7653406858444214,0.7206345796585083,0.0090179443359375,0.08275389671325684,5,False
M1_global_dev_conditioned_binary,R-479,(GI-IaaS) Backend Application Srv. & Project Support,offboarding,0.734432578086853,0.6394709944725037,-0.09496158361434937,0.6111111111111113,0.5714285714285715,-0.039682539682539764,0.847148060798645,0.8111560940742493,0.036310017108917236,0.053436458110809326,1,False
M1_global_dev_conditioned_binary,R-483,(LF) IT Office Access Italy,offboarding,0.913455605506897,0.9944929480552673,0.08103734254837036,0.8235294117647058,0.9500000000000001,0.12647058823529422,0.9006366729736328,0.8729349374771118,0.007892131805419922,0.05459177494049072,1,False
M1_global_dev_conditioned_binary,R-487,(GI-SaaS) Salesforce,other,0.7923697233200073,0.8016310930252075,0.009261369705200195,0.36363636363636365,0.36000000000000004,-0.0036363636363636043,0.9373676776885986,0.6301457285881042,0.3291652798652649,0.45916610956192017,5,False
M1_global_dev_conditioned_binary,R-489,(GI-UX) Mobile Device Management,other,0.672344446182251,0.672344446182251,0.0,0.23076923076923075,0.23076923076923075,0.0,0.9818277359008789,0.7650992274284363,0.26960742473602295,0.2728480100631714,5,False
M1_global_dev_conditioned_binary,R-5,(GI-UX) File & Print,software_support,0.3444976210594177,0.4053282141685486,0.06083059310913086,0.13999999999999999,0.125,-0.014999999999999986,0.8071073293685913,0.7846022844314575,0.0008388757705688477,0.044996440410614014,4,False
M1_global_dev_conditioned_binary,R-497,(GI-SM) Service Desk,other,0.5393446087837219,0.4660004675388336,-0.0733441412448883,0.0909090909090909,0.08432147562582346,-0.006587615283267442,0.55619215965271,0.5388680696487427,0.011873126029968262,0.04563724994659424,5,False
M1_global_dev_conditioned_binary,R-504,(GI-UX) Application,absence,0.5171055793762207,0.5758588910102844,0.05875331163406372,0.4027777777777778,0.44755244755244755,0.04477466977466976,0.5940266847610474,0.5754765868186951,0.009801208972930908,0.03089272975921631,2,False
M1_global_dev_conditioned_binary,R-507,(GI-UX) Group,other,0.5828691720962524,0.9059548377990723,0.3230856657028198,0.3973509933774834,0.45859872611464975,0.06124773273716633,0.5339007377624512,0.38104763627052307,0.1350400447845459,0.2199581265449524,3,False
M1_global_dev_conditioned_binary,R-505,(GI-UX) Group,software_license,0.6142067909240723,0.6209978461265564,0.006791055202484131,0.25586353944562895,0.18556701030927839,-0.07029652913635057,0.7774654626846313,0.5932093262672424,0.21859240531921387,0.2442840337753296,3,False
M1_global_dev_conditioned_binary,R-509,(GI-UX) File & Print,other,0.21840237081050873,0.30013102293014526,0.08172865211963654,0.18918918918918917,0.1176470588235294,-0.07154213036565978,0.5546534061431885,0.44249647855758667,0.048804402351379395,0.21608424186706543,4,False
M1_global_dev_conditioned_binary,R-513,(GI-UX) MAC OS,other,0.6602569222450256,0.6258676648139954,-0.03438925743103027,0.19243986254295534,0.1657657657657658,-0.026674096777189543,0.9786639213562012,0.7968718409538269,0.21380829811096191,0.23235994577407837,5,False
M1_global_dev_conditioned_binary,R-527,(GI-CF) Robot Process Automation,admin_rights,0.4333226680755615,0.5056204795837402,0.07229781150817871,0.16143497757847536,0.15436241610738255,-0.007072561471092809,0.9318428635597229,0.8613680601119995,0.037639737129211426,0.14054220914840698,5,False
M1_global_dev_conditioned_binary,R-532,(GI-UX) Group,password_reset,0.5667933225631714,0.5938742160797119,0.027080893516540527,0.2903225806451613,0.27199999999999996,-0.018322580645161346,0.7332671880722046,0.7148265838623047,0.013376355171203613,0.02912592887878418,4,False
M1_global_dev_conditioned_binary,R-528,(GI-UX) Group,vpn_access,0.7027846574783325,0.8414821624755859,0.13869750499725342,0.34628975265017664,0.3243243243243243,-0.021965428325852354,0.6017083525657654,0.5500765442848206,0.0182420015335083,0.09905093908309937,4,False
M1_global_dev_conditioned_binary,R-546,(GI-SaaS) Salesforce,other,0.4218827486038208,0.47555744647979736,0.05367469787597656,0.1590909090909091,0.14457831325301204,-0.014512595837897047,0.9484521150588989,0.6178489923477173,0.08036458492279053,0.5692435503005981,4,False
M1_global_dev_conditioned_binary,R-541,(GI-UX) Network Access,vpn_access,0.43467870354652405,0.42652401328086853,-0.008154690265655518,0.15613382899628253,0.1543859649122807,-0.0017478640840018211,0.537338137626648,0.5142810940742493,0.010598957538604736,0.03993833065032959,4,False
M1_global_dev_conditioned_binary,R-560,(GI-UX) File & Print,onboarding,0.7990026473999023,0.6699680089950562,-0.1290346384048462,0.7272727272727274,0.6666666666666665,-0.060606060606060885,0.9728562831878662,0.970541775226593,0.0016210079193115234,0.003909468650817871,5,False
M1_global_dev_conditioned_binary,R-563,(GI-IaaS) Development Platform,project_tools,0.7315534353256226,0.7148821949958801,-0.01667124032974243,0.25,0.26666666666666666,0.016666666666666663,0.9147495031356812,0.5786148309707642,0.3657330870628357,0.4855988621711731,4,False
M1_global_dev_conditioned_binary,R-562,(GI-UX) File & Print,onboarding,0.8951282501220703,0.8764549493789673,-0.018673300743103027,0.8,0.7692307692307692,-0.030769230769230882,0.9786417484283447,0.9764143824577332,0.002215147018432617,0.0033715367317199707,5,False
M1_global_dev_conditioned_binary,R-566,(GI-UX) File & Print,software_support,0.2601841986179352,0.16058072447776794,-0.09960347414016724,0.14876033057851237,0.1188118811881188,-0.029948449390393567,0.4619560241699219,0.429413378238678,0.019443541765213013,0.050228118896484375,5,False
M1_global_dev_conditioned_binary,R-57,(BF) Information Security Office,admin_rights,0.6892653107643127,0.744954526424408,0.055689215660095215,0.15044247787610618,0.14732142857142858,-0.0031210493046776033,0.8733963966369629,0.8592293858528137,0.013550758361816406,0.027166247367858887,4,False
M1_global_dev_conditioned_binary,R-570,(GI-IaaS) Development Platform,software_license,0.7262289524078369,0.731947660446167,0.005718708038330078,0.28115015974440893,0.32398753894081,0.04283737919640107,0.8286571502685547,0.7612481713294983,0.07678943872451782,0.09112578630447388,5,False
M1_global_dev_conditioned_binary,R-571,(GI-IaaS) Development Platform,software_license,0.6428898572921753,0.7441846132278442,0.10129475593566895,0.2376237623762376,0.29411764705882354,0.056493884682585926,0.6968128681182861,0.6430720090866089,0.05938005447387695,0.07041341066360474,4,False
M1_global_dev_conditioned_binary,R-573,(GI-UX) Account Management,collaboration,0.8789677023887634,0.7332072257995605,-0.14576047658920288,0.3622350674373796,0.3552123552123552,-0.0070227122250243745,0.9536957144737244,0.8926901817321777,0.004688560962677002,0.2718331217765808,5,False
M1_global_dev_conditioned_binary,R-577,(GI-UX) File & Print,onboarding,0.7871259450912476,0.7321641445159912,-0.05496180057525635,0.7272727272727272,0.7272727272727272,0.0,0.9807201623916626,0.9795693159103394,0.00017410516738891602,0.0031426548957824707,5,False
M1_global_dev_conditioned_binary,R-576,(GI-UX) Account Management,onboarding,0.8299245834350586,0.74701988697052,-0.08290469646453857,0.5360230547550433,0.508670520231214,-0.027352534523829353,0.8903993368148804,0.8713169097900391,0.016204118728637695,0.028824329376220703,3,False
M1_global_dev_conditioned_binary,R-572,(GI-IaaS) Development Platform,software_license,0.7013846635818481,0.6950660943984985,-0.006318569183349609,0.28746177370030584,0.30594900849858353,0.018487234798277685,0.8843713998794556,0.8624064326286316,0.0,0.0551145076751709,5,False
M1_global_dev_conditioned_binary,R-59,(GI-UX) Group,password_reset,0.8655067682266235,0.6733027696609497,-0.19220399856567383,0.32727272727272727,0.336283185840708,0.009010458567980717,0.824127197265625,0.7558659315109253,0.02934819459915161,0.11715978384017944,3,False
M1_global_dev_conditioned_binary,R-585,(GI-UX) File & Print,onboarding,0.7952620387077332,0.11269740015268326,-0.6825646385550499,0.7499999999999999,0.05194805194805195,-0.6980519480519479,0.9918771982192993,0.9904540777206421,0.0005685687065124512,0.0027316808700561523,0,False
M1_global_dev_conditioned_binary,R-578,(GI-UX) Account Management,onboarding,0.7794903516769409,0.7903162240982056,0.010825872421264648,0.5389221556886228,0.5641025641025642,0.025180408413941424,0.9129790663719177,0.9028965830802917,0.007589995861053467,0.01756519079208374,3,False
M1_global_dev_conditioned_binary,R-590,(GI-UX) Group,admin_rights,0.6999045610427856,0.7015359401702881,0.0016313791275024414,0.15053763440860216,0.17088607594936706,0.0203484415407649,0.8415732979774475,0.82709801197052,0.00842660665512085,0.029649436473846436,4,False
M1_global_dev_conditioned_binary,R-591,(GI-UX) File & Print,onboarding,0.7323386669158936,0.30061885714530945,-0.4317198097705841,0.6857142857142857,0.07179487179487179,-0.613919413919414,0.9917552471160889,0.990325927734375,0.00044667720794677734,0.002347588539123535,0,False
M1_global_dev_conditioned_binary,R-593,(GI-CF) Robot Process Automation,admin_rights,0.656588613986969,0.5605252981185913,-0.09606331586837769,0.1828193832599119,0.1956043956043956,0.012785012344483704,0.9621644616127014,0.7143024206161499,0.3030741810798645,0.32108479738235474,4,False
M1_global_dev_conditioned_binary,R-60,(GI-UX) Application,absence,0.6309436559677124,0.6071439981460571,-0.023799657821655273,0.3924050632911392,0.37869822485207105,-0.01370683843906817,0.6646742820739746,0.6235898733139038,0.01415705680847168,0.07959866523742676,4,False
M1_global_dev_conditioned_binary,R-606,(GI-CyberSec) Security Operation Center,email_support,0.8561948537826538,0.7626726627349854,-0.09352219104766846,0.38202247191011235,0.23076923076923075,-0.1512532411408816,0.685208797454834,0.5793882012367249,0.03302896022796631,0.20391616225242615,5,False
M1_global_dev_conditioned_binary,R-607,(GI-IaaS) Development Platform,other,0.6015087962150574,0.5988423824310303,-0.0026664137840270996,0.25,0.25,0.0,0.6137546300888062,0.5571531057357788,0.0031329989433288574,0.11513549089431763,4,False
M1_global_dev_conditioned_binary,R-612,(GI-CF) Robot Process Automation,admin_rights,0.5669199824333191,0.5836161971092224,0.01669621467590332,0.1244131455399061,0.10294117647058824,-0.02147196906931785,0.9395609498023987,0.7310537099838257,0.0021356940269470215,0.3660052418708801,4,False
M1_global_dev_conditioned_binary,R-614,(GI-UX) File & Print,software_support,0.5235661864280701,0.6421507596969604,0.11858457326889038,0.52991452991453,0.456140350877193,-0.07377417903733702,0.6448843479156494,0.5408893823623657,0.07044440507888794,0.1687946319580078,4,False
M1_global_dev_conditioned_binary,R-621,(GI-CF) Robot Process Automation,admin_rights,0.5207321047782898,0.6069719791412354,0.08623987436294556,0.09999999999999999,0.09768009768009768,-0.0023199023199023117,0.825417160987854,0.8000892400741577,0.010160088539123535,0.04482614994049072,4,False
M1_global_dev_conditioned_binary,R-617,(GI-UX) Windows,other,0.6516510248184204,0.7187010049819946,0.06704998016357422,0.17624521072796934,0.19341563786008228,0.017170427132112948,0.7516289353370667,0.6265877485275269,0.1275838017463684,0.18044227361679077,5,False
M1_global_dev_conditioned_binary,R-624,(GI-SaaS) Salesforce,admin_rights,0.7439777255058289,0.7475392818450928,0.003561556339263916,0.20558002936857564,0.20535714285714288,-0.00022288651143276272,0.8489986658096313,0.7555443644523621,0.0049225687980651855,0.19865989685058594,4,False
M1_global_dev_conditioned_binary,R-625,(GI-IaaS) Development Platform,other,0.4457976222038269,0.549762487411499,0.10396486520767212,0.1326530612244898,0.16831683168316833,0.03566377045867852,0.5079503655433655,0.48600441217422485,0.009331166744232178,0.056122541427612305,4,False
M1_global_dev_conditioned_binary,R-63,(GI-SaaS) SAP & Synertrade,other,0.86275315284729,0.9123586416244507,0.049605488777160645,0.4520547945205479,0.4852941176470588,0.0332393231265109,0.898497462272644,0.5590146780014038,0.40168285369873047,0.4532068967819214,1,False
M1_global_dev_conditioned_binary,R-631,"(GI-IaaS) Network On-Prem (LAN,WLAN,WAN 2nd level)",vpn_access,0.8304179906845093,0.8580245971679688,0.027606606483459473,0.2078853046594982,0.3254237288135593,0.1175384241540611,0.6066684722900391,0.5710955262184143,0.008240580558776855,0.06995844841003418,4,False
M1_global_dev_conditioned_binary,R-636,(GI-UX) Group,software_license,0.6577085256576538,0.6520408391952515,-0.005667686462402344,0.2040816326530612,0.14918414918414918,-0.05489748346891202,0.5845530033111572,0.5133951306343079,0.04744243621826172,0.10579997301101685,2,False
M1_global_dev_conditioned_binary,R-645,(GI-SaaS) SAP & Synertrade,enterprise_systems,0.7849465608596802,0.7819219827651978,-0.003024578094482422,0.14534883720930233,0.15950920245398773,0.014160365244685391,0.5966615080833435,0.5868132710456848,0.010907948017120361,0.01512986421585083,3,False
M1_global_dev_conditioned_binary,R-638,(GI-IaaS) Development Platform,project_tools,0.39277711510658264,0.4042799472808838,0.011502832174301147,0.18994413407821226,0.11914893617021277,-0.07079519790799949,0.5026131868362427,0.4606477618217468,0.006351351737976074,0.08003216981887817,3,False
M1_global_dev_conditioned_binary,R-647,(GI-UX) File & Print,access_problem,0.8403233289718628,0.8279238939285278,-0.012399435043334961,0.34523809523809523,0.3552631578947368,0.010025062656641548,0.7343599796295166,0.7007355093955994,0.012746453285217285,0.05733442306518555,5,False
M1_global_dev_conditioned_binary,R-646,(GI-CF) Robot Process Automation,admin_rights,0.6972718238830566,0.6466845273971558,-0.05058729648590088,0.13879408418657566,0.14672686230248308,0.007932778115907424,0.7352818846702576,0.7177214622497559,0.008325636386871338,0.03660011291503906,3,False
M1_global_dev_conditioned_binary,R-651,(GI-UX) File & Print,hardware_support,0.22485706210136414,0.2381872534751892,0.013330191373825073,0.17475728155339806,0.1904761904761905,0.01571890892279243,0.5121114253997803,0.42677029967308044,0.013784736394882202,0.173026442527771,4,False
M1_global_dev_conditioned_binary,R-653,(GI-UX) File & Print,onboarding,0.7836217284202576,0.7241608500480652,-0.05946087837219238,0.6842105263157895,0.6666666666666665,-0.017543859649122973,0.9748132228851318,0.9727548360824585,0.0018661022186279297,0.003954172134399414,5,False
M1_global_dev_conditioned_binary,R-669,(GI-IaaS) Development Platform,software_license,0.8331661224365234,0.8104946613311768,-0.02267146110534668,0.30303030303030304,0.28923076923076924,-0.013799533799533803,1.0000001192092896,0.9535665512084961,0.0,0.11608397960662842,5,False
M1_global_dev_conditioned_binary,R-671,(GI-IaaS) Development Platform,software_license,0.8410027027130127,0.8509629368782043,0.00996023416519165,0.27076923076923076,0.2702702702702703,-0.0004989604989604768,1.0000001192092896,0.9535665512084961,0.0,0.11608397960662842,5,False
M1_global_dev_conditioned_binary,R-680,(GI-IaaS) Development Platform,software_license,0.8802788257598877,0.8793374300003052,-0.0009413957595825195,0.3115264797507788,0.3127035830618892,0.0011771033111104279,0.8856897354125977,0.8773742914199829,0.007025480270385742,0.01151728630065918,5,False
M1_global_dev_conditioned_binary,R-686,(GI-IaaS) Development Platform,software_license,0.8798640966415405,0.8626779913902283,-0.017186105251312256,0.3058103975535168,0.3102310231023102,0.004420625548793411,0.8271549940109253,0.7695133686065674,0.04604971408843994,0.09837996959686279,5,False
M1_global_dev_conditioned_binary,R-691,(GI-IaaS) Development Platform,software_license,0.8109424114227295,0.7980306148529053,-0.012911796569824219,0.19452887537993918,0.2324159021406728,0.037887026760733605,0.7778307199478149,0.769692063331604,0.004742860794067383,0.019510746002197266,5,False
M1_global_dev_conditioned_binary,R-708,(GI-CF) Robot Process Automation,admin_rights,0.48775991797447205,0.40376538038253784,-0.0839945375919342,0.12163742690058481,0.1,-0.021637426900584802,0.7057700157165527,0.6325783133506775,0.026960134506225586,0.11633890867233276,4,False
M1_global_dev_conditioned_binary,R-713,(GI-IaaS) Development Platform,software_license,0.8324434757232666,0.8762562274932861,0.04381275177001953,0.26143790849673204,0.30718954248366015,0.04575163398692811,0.916827917098999,0.8876646161079407,0.023847639560699463,0.04497617483139038,5,False
M1_global_dev_conditioned_binary,R-709,(GI-UX) Group,software_license,0.48276618123054504,0.5038642883300781,0.02109810709953308,0.13865546218487393,0.1577981651376147,0.01914270295274076,0.650195837020874,0.6290812492370605,0.0035103559494018555,0.043591856956481934,4,False
M1_global_dev_conditioned_binary,R-715,(GI-CF) Robot Process Automation,admin_rights,0.47651106119155884,0.5702204704284668,0.09370940923690796,0.14318706697459582,0.12259615384615384,-0.02059091312844198,0.688135027885437,0.6783913373947144,0.005608797073364258,0.015694618225097656,4,False
M1_global_dev_conditioned_binary,R-72,(LF) IT Office Access Italy,offboarding,0.8213154077529907,0.924868106842041,0.10355269908905029,0.717948717948718,0.7777777777777778,0.05982905982905984,0.974276602268219,0.9725666046142578,0.0014901161193847656,0.002658665180206299,4,False
M1_global_dev_conditioned_binary,R-726,(LF) IT Office Access Italy,offboarding,0.8391560316085815,0.9111438393592834,0.0719878077507019,0.6190476190476191,0.8235294117647058,0.20448179271708677,0.823729932308197,0.7974510192871094,0.025071322917938232,0.03790193796157837,1,False
M1_global_dev_conditioned_binary,R-73,(GI-IaaS) Backend Application Srv. & Project Support,offboarding,0.9771063923835754,0.9288856983184814,-0.048220694065093994,0.8717948717948718,0.8484848484848484,-0.02331002331002341,0.9709506034851074,0.9672124981880188,0.003068089485168457,0.00550234317779541,4,False
M1_global_dev_conditioned_binary,R-732,(GI-UX) Network Access,vpn_access,0.8059788942337036,0.8797162771224976,0.07373738288879395,0.32954545454545453,0.3812316715542522,0.051686217008797664,0.6431130170822144,0.6064165830612183,0.03839594125747681,0.05147385597229004,5,False
M1_global_dev_conditioned_binary,R-740,(GI-UX) Group,software_license,0.48315757513046265,0.5284057855606079,0.045248210430145264,0.2012847965738758,0.15419501133786848,-0.04708978523600732,0.9223726987838745,0.8701518177986145,0.023540079593658447,0.11268281936645508,5,False
M1_global_dev_conditioned_binary,R-75,(GI-IaaS) Backend Application Srv. & Project Support,offboarding,0.9027926921844482,0.9525198340415955,0.04972714185714722,0.75,0.8292682926829269,0.0792682926829269,0.95749831199646,0.9551162719726562,0.0018569231033325195,0.004061698913574219,2,False
M1_global_dev_conditioned_binary,R-741,(GI-SaaS) Salesforce,enterprise_systems,0.615349531173706,0.5920616388320923,-0.02328789234161377,0.28679245283018867,0.2965779467680608,0.009785493937872147,0.5828491449356079,0.515905499458313,0.0582197904586792,0.10196185111999512,3,False
M1_global_dev_conditioned_binary,R-754,(GI-UX) File & Print,onboarding,0.724518895149231,0.1475951075553894,-0.5769237875938416,0.6486486486486486,0.0736196319018405,-0.5750290167468081,0.9841275811195374,0.9829261898994446,0.0002778172492980957,0.002031981945037842,0,False
M1_global_dev_conditioned_binary,R-755,(GI-UX) Account Management,onboarding,0.854589581489563,0.9507043361663818,0.09611475467681885,0.5531914893617021,0.8222222222222222,0.26903073286052004,0.9943743944168091,0.9911378026008606,0.0031211376190185547,0.004416525363922119,1,False
M1_global_dev_conditioned_binary,R-757,(GI-UX) Account Management,onboarding,0.8861569166183472,0.9090051651000977,0.02284824848175049,0.5705128205128206,0.5229885057471264,-0.04752431476569419,0.9744294285774231,0.9579450488090515,0.014826297760009766,0.022920072078704834,1,False
M1_global_dev_conditioned_binary,R-759,(GI-UX) Group,software_license,0.5694836378097534,0.6230355501174927,0.05355191230773926,0.16560509554140124,0.18181818181818182,0.016213086276780586,0.5550193786621094,0.49548912048339844,0.0,0.11663821339607239,4,False
M1_global_dev_conditioned_binary,R-760,(GI-UX) Group,software_support,0.382757306098938,0.46020811796188354,0.07745081186294556,0.16091954022988506,0.15757575757575756,-0.0033437826541274918,0.6094628572463989,0.5465752482414246,0.06775987148284912,0.09590506553649902,4,False
M1_global_dev_conditioned_binary,R-765,(GI-UX) File & Print,onboarding,0.6336096525192261,0.23800426721572876,-0.3956053853034973,0.37288135593220334,0.07058823529411765,-0.30229312063808567,0.9499793648719788,0.9460284113883972,0.003527343273162842,0.008068561553955078,1,False
M1_global_dev_conditioned_binary,R-772,(BF) Information Security Office,admin_rights,0.7988738417625427,0.7790544033050537,-0.019819438457489014,0.18636363636363637,0.16723940435280643,-0.01912423201082994,0.6003344058990479,0.5774829983711243,0.006005764007568359,0.05610024929046631,5,False
M1_global_dev_conditioned_binary,R-775,(GI-UX) Network Access,vpn_access,0.9268572330474854,0.763738751411438,-0.16311848163604736,0.39772727272727276,0.3206997084548105,-0.07702756427246227,0.9339691400527954,0.9155027270317078,0.0008687973022460938,0.0566868782043457,5,False
M1_global_dev_conditioned_binary,R-783,(GI-UX) File & Print,onboarding,0.7739952802658081,0.12079518288373947,-0.6532000973820686,0.6842105263157895,0.05970149253731343,-0.6245090337784761,0.9876525402069092,0.9859907031059265,0.001243293285369873,0.0026163458824157715,0,False
M1_global_dev_conditioned_binary,R-788,(GI-UX) Account Management,onboarding,0.8752189874649048,0.8988449573516846,0.023625969886779785,0.5089605734767025,0.6270627062706271,0.11810213279392456,0.9885249137878418,0.9878443479537964,0.0003762245178222656,0.0012755393981933594,0,False
M1_global_dev_conditioned_binary,R-795,(GI-UX) Group,onboarding,0.8161985874176025,0.815068781375885,-0.0011298060417175293,0.7027027027027027,0.6842105263157895,-0.01849217638691325,0.9831502437591553,0.9813467264175415,0.0017415285110473633,0.002708911895751953,5,False
M1_global_dev_conditioned_binary,R-792,(GI-UX) Account Management,onboarding,0.843670129776001,0.6954330205917358,-0.14823710918426514,0.5806451612903225,0.35000000000000003,-0.23064516129032248,0.9867312908172607,0.9849880337715149,0.0020084381103515625,0.0023283958435058594,2,False
M1_global_dev_conditioned_binary,R-802,(GI-UX) File & Print,onboarding,0.7810916900634766,0.11635241657495499,-0.6647392734885216,0.6842105263157895,0.06299212598425195,-0.6212184003315375,0.9897894859313965,0.9881144762039185,0.0002765059471130371,0.0033392906188964844,0,False
M1_global_dev_conditioned_binary,R-801,(GI-SM) Service Desk,software_license,0.8691602945327759,0.8708378076553345,0.0016775131225585938,0.29427792915531337,0.301994301994302,0.007716372838988628,0.9333515167236328,0.9068835377693176,0.0049779415130615234,0.06235063076019287,5,False
M1_global_dev_conditioned_binary,R-808,(GI-UX) Application,other,0.6026692986488342,0.632071852684021,0.029402554035186768,0.4125560538116592,0.4000000000000001,-0.01255605381165914,0.737634003162384,0.6701946258544922,0.052896320819854736,0.11598092317581177,4,False
M1_global_dev_conditioned_binary,R-812,(GI-UX) Group,software_support,0.6593181490898132,0.25731775164604187,-0.40200039744377136,0.5739130434782609,0.14285714285714285,-0.43105590062111804,0.7272045612335205,0.6604440808296204,0.025162100791931152,0.12768924236297607,4,False
M1_global_dev_conditioned_binary,R-814,(GI-UX) File & Print,other,0.6991250514984131,0.7834266424179077,0.08430159091949463,0.2758620689655173,0.3448275862068966,0.06896551724137928,0.9914794564247131,0.9875897169113159,0.003183305263519287,0.006136715412139893,5,False
M1_global_dev_conditioned_binary,R-818,(GI-IaaS) Development Platform,software_license,0.7912920117378235,0.7249468564987183,-0.06634515523910522,0.2836879432624113,0.24324324324324323,-0.040444700019168084,0.8617717027664185,0.8513213396072388,0.0,0.036469221115112305,5,False
M1_global_dev_conditioned_binary,R-823,(GI-IaaS) Development Platform,software_license,0.7716794013977051,0.8058633804321289,0.03418397903442383,0.2666666666666667,0.2678571428571429,0.0011904761904761862,0.9128170013427734,0.904933750629425,0.0,0.02781689167022705,5,False
M1_global_dev_conditioned_binary,R-825,(GI-IaaS) Development Platform,other,0.40277427434921265,0.3754059076309204,-0.027368366718292236,0.017857142857142856,0.01754385964912281,-0.00031328320802004664,0.8100952506065369,0.8086192011833191,0.0,0.005669951438903809,5,False
M1_global_dev_conditioned_binary,R-826,(GI-UX) Group,hardware_support,0.45345863699913025,0.43867945671081543,-0.01477918028831482,0.1395348837209302,0.11864406779661016,-0.020890815924320044,0.641083836555481,0.6015691757202148,0.0018303990364074707,0.06789135932922363,2,False
M1_global_dev_conditioned_binary,R-827,(GI-IaaS) Azure Data Center,other,0.16755731403827667,0.28028759360313416,0.11273027956485748,0.09999999999999999,0.09876543209876543,-0.001234567901234565,0.4551165699958801,0.42057904601097107,0.009950697422027588,0.07207697629928589,4,False
M1_global_dev_conditioned_binary,R-833,(GI-SM) Service Desk,other,0.19101063907146454,0.24578696489334106,0.054776325821876526,0.12403100775193797,0.11666666666666668,-0.0073643410852712865,0.6208144426345825,0.5487520694732666,0.05161553621292114,0.10514295101165771,4,False
M1_global_dev_conditioned_binary,R-85,(GI-UX) Account Management,offboarding,0.9979963302612305,0.9895293116569519,-0.008467018604278564,0.9821428571428571,0.9821428571428571,0.0,0.9431507587432861,0.9416660070419312,0.0006644725799560547,0.004017949104309082,3,False
M1_global_dev_conditioned_binary,R-838,(GI-IaaS) Backend M365 (2nd level),other,0.3397119641304016,0.19966363906860352,-0.1400483250617981,0.11881188118811882,0.12440191387559808,0.005590032687479263,0.780945897102356,0.5734971761703491,0.0037114620208740234,0.3747769594192505,5,False
M1_global_dev_conditioned_binary,R-850,(GI-UX) Account Management,email_support,0.5905485153198242,0.7330958843231201,0.1425473690032959,0.32,0.3247232472324723,0.004723247232472305,0.8512862920761108,0.681406557559967,0.10777199268341064,0.2506348490715027,5,False
M1_global_dev_conditioned_binary,R-856,"(GI-IaaS) Network On-Prem (LAN,WLAN,WAN 2nd level)",other,0.5133280754089355,0.47282320261001587,-0.04050487279891968,0.37037037037037035,0.32335329341317365,-0.0470170769571967,0.5832465887069702,0.5326996445655823,0.04444795846939087,0.07424777746200562,5,False
M1_global_dev_conditioned_binary,R-86,(GI-IaaS) Backend Application Srv. & Project Support,offboarding,0.882093608379364,0.941507875919342,0.05941426753997803,0.5416666666666667,0.8000000000000002,0.2583333333333334,0.9814795255661011,0.9749930500984192,0.0072002410888671875,0.008746504783630371,1,False
M1_global_dev_conditioned_binary,R-858,"(GI-IaaS) Network Cloud (Azure, Remote Access)",vpn_access,0.9248329401016235,0.8716443777084351,-0.05318856239318848,0.40714285714285714,0.3378378378378379,-0.06930501930501926,0.7019479870796204,0.5769409537315369,0.14184385538101196,0.1734967827796936,4,False
M1_global_dev_conditioned_binary,R-870,(GI-UX) File & Print,onboarding,0.7746347188949585,0.8183965086936951,0.04376178979873657,0.6,0.7272727272727274,0.12727272727272743,0.987468957901001,0.9840095639228821,0.0007691383361816406,0.00670093297958374,5,False
M1_global_dev_conditioned_binary,R-871,(GI-UX) Account Management,onboarding,0.920568585395813,0.683738112449646,-0.236830472946167,0.7210031347962383,0.41522491349480967,-0.3057782213014287,0.9604579210281372,0.9547654986381531,0.0053855180740356445,0.009237110614776611,5,False
M1_global_dev_conditioned_binary,R-888,(GI-UX) File & Print,other,0.7569763660430908,0.7753161191940308,0.01833975315093994,0.26865671641791045,0.3773584905660377,0.10870177414812726,0.9911747574806213,0.9900017976760864,0.0007495284080505371,0.0020864009857177734,5,False
M1_global_dev_conditioned_binary,R-899,(GI-UX) File & Print,onboarding,0.9095966815948486,0.783563494682312,-0.12603318691253662,0.85,0.6153846153846154,-0.23461538461538456,0.9903714656829834,0.9858673214912415,0.002606332302093506,0.00818490982055664,5,False
M1_global_dev_conditioned_binary,R-902,(GI-UX) File & Print,onboarding,0.7418279647827148,0.24473226070404053,-0.4970957040786743,0.6111111111111112,0.08080808080808081,-0.5303030303030304,0.9870439767837524,0.985967755317688,0.0005794167518615723,0.002109229564666748,0,False
M1_global_dev_conditioned_binary,R-904,(GI-UX) File & Print,onboarding,0.7761259078979492,0.10429081320762634,-0.6718350946903229,0.631578947368421,0.07142857142857142,-0.5601503759398496,0.9900925159454346,0.9861448407173157,0.003596663475036621,0.005995690822601318,0,False
M1_global_dev_conditioned_binary,R-905,(GI-UX) Account Management,onboarding,0.9161821603775024,0.9169470071792603,0.0007648468017578125,0.7289719626168225,0.7313915857605178,0.0024196231436952598,0.9919266700744629,0.9906104207038879,0.0007760524749755859,0.002077639102935791,3,False
M1_global_dev_conditioned_binary,R-917,(GI-IaaS) Development Platform,project_tools,0.8848439455032349,0.6760904788970947,-0.20875346660614014,0.693877551020408,0.3058823529411765,-0.38799519807923155,0.5490164756774902,0.4784184992313385,0.0330885648727417,0.12197023630142212,4,False
M1_global_dev_conditioned_binary,R-91,(GI-UX) Group,software_license,0.7484427690505981,0.7389628887176514,-0.009479880332946777,0.1959910913140312,0.18390804597701152,-0.012083045337019677,0.7685316801071167,0.7149326205253601,0.01776498556137085,0.1198662519454956,3,False
M1_global_dev_conditioned_binary,R-919,(BF) Information Security Office,admin_rights,0.7583421468734741,0.7371630668640137,-0.02117908000946045,0.15575620767494355,0.14705882352941177,-0.008697384145531784,0.985489547252655,0.906927227973938,0.07662343978881836,0.11098039150238037,4,False
M1_global_dev_conditioned_binary,R-923,(GI-UX) Group,admin_rights,0.6484501361846924,0.673001766204834,0.0245516300201416,0.12616822429906543,0.1313012895662368,0.005133065267171361,0.5125280618667603,0.49387866258621216,0.017370522022247314,0.034596651792526245,5,False
M1_global_dev_conditioned_binary,R-926,(GI-IaaS) Development Platform,other,0.7034873962402344,0.7283947467803955,0.024907350540161133,0.16309012875536477,0.13065326633165827,-0.0324368624237065,0.6818645000457764,0.6392947435379028,0.047805070877075195,0.057219743728637695,5,False
M1_global_dev_conditioned_binary,R-93,(GI-CF) Robot Process Automation,admin_rights,0.46805426478385925,0.4810159206390381,0.012961655855178833,0.14645308924485126,0.14252873563218393,-0.003924353612667325,0.8599211573600769,0.8113468885421753,0.027642667293548584,0.0718887448310852,5,False
M1_global_dev_conditioned_binary,R-929,(GI-UX) Account Management,onboarding,0.8582011461257935,0.8832355737686157,0.025034427642822266,0.5052631578947369,0.5741324921135647,0.0688693342188278,0.9818878769874573,0.9800585508346558,0.00046831369400024414,0.003041505813598633,2,False
M1_global_dev_conditioned_binary,R-930,(GI-IaaS) Development Platform,software_license,0.8425501585006714,0.8560642004013062,0.013514041900634766,0.3312883435582822,0.25705329153605017,-0.07423505202223202,0.9168280363082886,0.8777042627334595,0.031792640686035156,0.06542479991912842,5,False
M1_global_dev_conditioned_binary,R-932,(GI-SaaS) Salesforce,admin_rights,0.7106251120567322,0.6963457465171814,-0.014279365539550781,0.23546099290780143,0.22222222222222224,-0.013238770685579188,0.7873700857162476,0.6491732597351074,0.02696216106414795,0.26337671279907227,5,False
M1_global_dev_conditioned_binary,R-933,(GI-IaaS) Development Platform,other,0.8094127178192139,0.803809404373169,-0.005603313446044922,0.3008849557522124,0.26058631921824105,-0.040298636533971366,0.7317225337028503,0.6246681809425354,0.11342358589172363,0.15185308456420898,5,False
M1_global_dev_conditioned_binary,R-942,(GI-UX) Account Management,onboarding,0.4743374288082123,0.325831800699234,-0.14850562810897827,0.09183673469387754,0.06153846153846153,-0.030298273155416014,0.9261789321899414,0.8989027142524719,0.02841353416442871,0.04050123691558838,4,False
M1_global_dev_conditioned_binary,R-936,(GI-UX) File & Print,other,0.8260441422462463,0.74528968334198,-0.08075445890426636,0.5625000000000001,0.22727272727272727,-0.3352272727272728,0.991174578666687,0.9878624677658081,0.0011273622512817383,0.006195008754730225,5,False
M1_global_dev_conditioned_binary,R-944,(GI-IaaS) Backend Application Srv. & Project Support,offboarding,0.9189547896385193,0.7789181470870972,-0.14003664255142212,0.8235294117647058,0.6341463414634146,-0.1893830703012912,0.9905260801315308,0.9890867471694946,0.0012128353118896484,0.0031470060348510742,2,False
M1_global_dev_conditioned_binary,R-943,"(GI-IaaS) Network On-Prem (LAN,WLAN,WAN 2nd level)",vpn_access,0.5445393323898315,0.5012078881263733,-0.04333144426345825,0.13240418118466898,0.13240418118466898,0.0,0.5770089030265808,0.5310161113739014,0.05252581834793091,0.06702327728271484,4,False
M1_global_dev_conditioned_binary,R-947,(GI-UX) Account Management,offboarding,0.9895293116569519,0.4998384714126587,-0.4896908402442932,0.9821428571428571,0.136986301369863,-0.8451565557729941,0.973723828792572,0.9720679521560669,0.0003209710121154785,0.004388391971588135,0,False
M1_global_dev_conditioned_binary,R-953,(GI-CF) Robot Process Automation,admin_rights,0.3839260935783386,0.583665132522583,0.19973903894424438,0.08232445520581114,0.09101516919486581,0.008690713989054674,0.7307182550430298,0.7228760123252869,0.006448805332183838,0.019195914268493652,2,False
M1_global_dev_conditioned_binary,R-954,(GI-UX) File & Print,onboarding,0.7947453260421753,0.21190425753593445,-0.5828410685062408,0.6153846153846154,0.06936416184971098,-0.5460204535349045,0.9814780950546265,0.979505181312561,0.0018748044967651367,0.003499269485473633,0,False
M1_global_dev_conditioned_binary,R-964,(GI-UX) Network Access,vpn_access,0.9202181100845337,0.8875866532325745,-0.03263145685195923,0.3664596273291925,0.32679738562091504,-0.03966224170827748,0.963829755783081,0.6659331917762756,0.356475293636322,0.38808971643447876,5,False
M1_global_dev_conditioned_binary,R-966,(GI-UX) Account Management,email_support,0.5921986103057861,0.6988555192947388,0.10665690898895264,0.3360655737704918,0.33076923076923076,-0.005296343001261028,0.8512864112854004,0.6717773675918579,0.09204578399658203,0.3293439745903015,5,False
M1_global_dev_conditioned_binary,R-967,(LF) IT Office Access Italy,office_access,0.5473904013633728,0.5398013591766357,-0.0075890421867370605,0.45871559633027525,0.45454545454545453,-0.0041701417848207245,0.9390976428985596,0.9003855586051941,0.045147478580474854,0.05617743730545044,4,False
M1_global_dev_conditioned_binary,R-985,(GI-UX) Account Management,offboarding,0.9895293116569519,0.5524841547012329,-0.437045156955719,0.9821428571428571,0.18666666666666668,-0.7954761904761904,0.9874145984649658,0.9852105379104614,4.661083221435547e-05,0.004625201225280762,0,False
M1_global_dev_conditioned_binary,R-990,(GI-IaaS) Development Platform,access_problem,0.5075493454933167,0.484706312417984,-0.02284303307533264,0.0930232558139535,0.09090909090909091,-0.0021141649048625893,0.8491711020469666,0.5884672403335571,0.29683881998062134,0.35192176699638367,4,False
M1_global_dev_conditioned_binary,R-991,(GI-IaaS) Development Platform,access_problem,0.4352804720401764,0.39000946283340454,-0.04527100920677185,0.078125,0.1,0.021875000000000006,0.8523308634757996,0.7037206888198853,0.16148585081100464,0.2115054726600647,5,False
M1_global_dev_conditioned_binary,R-997,(GI-UX) Unified Communication,other,0.2174316942691803,0.18584752082824707,-0.03158417344093323,0.14545454545454545,0.12389380530973451,-0.021560740144810936,0.640261173248291,0.5291224718093872,0.010365426540374756,0.1899217665195465,4,False
M1_global_dev_conditioned_continuous,R-100,(GI-IaaS) Admin - Local IT purchase,other,0.5895600318908691,0.5895600318908691,0.0,0.5,0.5,0.0,0.4417307376861572,0.4262809157371521,0.0009710788726806641,0.030615508556365967,3,False
M1_global_dev_conditioned_continuous,R-1002,(GI-UX) File & Print,onboarding,0.8262795805931091,0.14393475651741028,-0.6823448240756989,0.7272727272727274,0.05442176870748299,-0.6728509585652445,0.9835428595542908,0.9823434948921204,0.0007875561714172363,0.002096116542816162,0,False
M1_global_dev_conditioned_continuous,R-1003,(GI-UX) Account Management,onboarding,0.8655778765678406,0.8563631772994995,-0.009214699268341064,0.4962406015037594,0.32,-0.17624060150375942,0.9898489713668823,0.9877109527587891,0.002393960952758789,0.0030056238174438477,1,False
M1_global_dev_conditioned_continuous,R-1004,(GI-UX) File & Print,onboarding,0.7956160306930542,0.19340339303016663,-0.6022126376628876,0.6666666666666667,0.06779661016949153,-0.5988700564971752,0.9802106022834778,0.9760651588439941,0.004369080066680908,0.0062806010246276855,0,False
M1_global_dev_conditioned_continuous,R-1006,(GI-IaaS) Development Platform,software_license,0.8731200098991394,0.867038369178772,-0.006081640720367432,0.3028391167192429,0.2721518987341772,-0.030687217985065685,0.9273176193237305,0.900359034538269,0.0,0.07632613182067871,4,False
M1_global_dev_conditioned_continuous,R-1007,(GI-UX) Group,vpn_access,0.8663249015808105,0.8953784704208374,0.029053568840026855,0.1970802919708029,0.4098939929328622,0.21281370096205932,0.7904136180877686,0.6832613945007324,0.1014372706413269,0.14977645874023438,4,False
M1_global_dev_conditioned_continuous,R-1016,(GI-UX) Group,software_support,0.49577653408050537,0.5285588502883911,0.03278231620788574,0.17543859649122803,0.1435897435897436,-0.031848852901484426,0.7709735035896301,0.730560839176178,0.03222852945327759,0.05926424264907837,5,False
M1_global_dev_conditioned_continuous,R-1020,(BF) Information Security Office,admin_rights,0.6889300346374512,0.7201886177062988,0.031258583068847656,0.18750000000000003,0.1767151767151767,-0.01078482328482333,0.7411284446716309,0.6947420239448547,0.032095909118652344,0.08486711978912354,3,False
M1_global_dev_conditioned_continuous,R-1021,(GI-SM) Service Desk,other,0.11748509854078293,0.09520082175731659,-0.02228427678346634,0.01851851851851852,0.018575851393188854,5.7332874670332906e-05,0.5464298129081726,0.49958673119544983,0.02174907922744751,0.08864825963973999,5,False
M1_global_dev_conditioned_continuous,R-1024,(GI-UX) Windows,admin_rights,0.6806926727294922,0.6975486278533936,0.016855955123901367,0.1857451403887689,0.15137614678899083,-0.034368993599778075,0.9945774674415588,0.8743798136711121,0.13314872980117798,0.16711223125457764,4,False
M1_global_dev_conditioned_continuous,R-1032,(GI-CF) Robot Process Automation,admin_rights,0.6578853726387024,0.6684861183166504,0.010600745677947998,0.17410714285714288,0.14104046242774565,-0.03306668042939723,0.7944412231445312,0.7735104560852051,0.006741166114807129,0.048583924770355225,3,False
M1_global_dev_conditioned_continuous,R-1033,(GI-UX) Network Access,vpn_access,0.8552290201187134,0.8319704532623291,-0.023258566856384277,0.2657342657342657,0.3693379790940766,0.10360371335981094,0.8120355606079102,0.6854199767112732,0.01991981267929077,0.22287887334823608,3,False
M1_global_dev_conditioned_continuous,R-1036,(LF) IT Office Access Italy,office_access,0.777981162071228,0.7034378051757812,-0.07454335689544678,0.48,0.4166666666666667,-0.0633333333333333,0.9019222259521484,0.88750821352005,0.004760026931762695,0.035939812660217285,4,False
M1_global_dev_conditioned_continuous,R-1039,(GI-IaaS) Development Platform,other,0.3131934106349945,0.549434244632721,0.23624083399772644,0.1967213114754098,0.1923076923076923,-0.004413619167717514,0.44303590059280396,0.39604097604751587,0.028113096952438354,0.08270794153213501,0,False
M1_global_dev_conditioned_continuous,R-105,(GI-UX) File & Print,hardware_support,0.14153455197811127,0.14498203992843628,0.003447487950325012,0.1263157894736842,0.14141414141414138,0.015098351940457194,0.34468740224838257,0.2836891710758209,0.061859965324401855,0.08573031425476074,3,False
M1_global_dev_conditioned_continuous,R-1051,(GI-CF) Robot Process Automation,admin_rights,0.5530961751937866,0.5834149122238159,0.030318737030029297,0.11607142857142858,0.15384615384615385,0.03777472527472528,0.7941269874572754,0.7698143124580383,0.01692885160446167,0.04419374465942383,3,False
M1_global_dev_conditioned_continuous,R-1060,(BF) Employee Platform (SAP SF),other,0.660496711730957,0.652262806892395,-0.008233904838562012,0.1627906976744186,0.1797752808988764,0.01698458322445781,0.7914108633995056,0.6482924222946167,0.14574986696243286,0.19330698251724243,2,False
M1_global_dev_conditioned_continuous,R-1062,(LF) IT Office Access Italy,offboarding,0.8566235899925232,0.8548284769058228,-0.0017951130867004395,0.7894736842105262,0.6842105263157895,-0.10526315789473673,0.986281156539917,0.9832005500793457,0.0013720989227294922,0.005002260208129883,2,False
M1_global_dev_conditioned_continuous,R-1067,(GI-UX) Group,offboarding,0.9003426432609558,0.8802129626274109,-0.020129680633544922,0.8235294117647058,0.7894736842105262,-0.03405572755417963,0.9876869320869446,0.9848119616508484,0.002103865146636963,0.005251705646514893,1,False
M1_global_dev_conditioned_continuous,R-1069,(GI-IaaS) Backend Application Srv. & Project Support,offboarding,0.8937969207763672,0.841201663017273,-0.05259525775909424,0.7647058823529412,0.6222222222222222,-0.142483660130719,0.9905262589454651,0.9890152215957642,0.0015132427215576172,0.0023096203804016113,0,False
M1_global_dev_conditioned_continuous,R-108,(GI-UX) Network Access,other,0.5276318788528442,0.43327096104621887,-0.09436091780662537,0.1301775147928994,0.1914893617021277,0.06131184690922828,0.7693555355072021,0.677189826965332,0.09323692321777344,0.13904482126235962,2,False
M1_global_dev_conditioned_continuous,R-1083,"(GI-IaaS) Network Cloud (Azure, Remote Access)",vpn_access,0.8678324818611145,0.7163742184638977,-0.1514582633972168,0.37404580152671757,0.2635135135135135,-0.11053228801320408,0.7019481062889099,0.6458013653755188,0.048452913761138916,0.08826786279678345,5,False
M1_global_dev_conditioned_continuous,R-1089,(GI-UX) Group,hardware_support,0.47211238741874695,0.4299275279045105,-0.04218485951423645,0.16,0.16981132075471697,0.009811320754716968,0.5561780333518982,0.4455460011959076,0.1279371976852417,0.16095268726348877,3,False
M1_global_dev_conditioned_continuous,R-109,(GI-UX) Application,absence,0.791344165802002,0.8032306432723999,0.01188647747039795,0.4473684210526316,0.45283018867924535,0.005461767626613767,0.7522178888320923,0.713605523109436,0.0233917236328125,0.06951725482940674,3,False
M1_global_dev_conditioned_continuous,R-1091,(GI-UX) File & Print,onboarding,0.8691926598548889,0.15305562317371368,-0.7161370366811752,0.8421052631578947,0.07734806629834254,-0.7647571968595521,0.9868484139442444,0.9852932095527649,0.0014588236808776855,0.002531290054321289,0,False
M1_global_dev_conditioned_continuous,R-1093,(GI-IaaS) Backend Application Srv. & Project Support,offboarding,0.5670677423477173,0.8595222234725952,0.29245448112487793,0.6222222222222222,0.7692307692307692,0.14700854700854693,0.9777603149414062,0.9727632403373718,0.002710580825805664,0.008188486099243164,1,False
M1_global_dev_conditioned_continuous,R-1105,(GI-SaaS) Salesforce,absence,0.6718220710754395,0.5480327606201172,-0.12378931045532227,0.4313725490196078,0.43708609271523174,0.005713543695623935,0.5724667310714722,0.5410593748092651,0.01042473316192627,0.05256444215774536,3,False
M1_global_dev_conditioned_continuous,R-1109,(GI-UX) Group,software_support,0.40249937772750854,0.4590734541416168,0.056574076414108276,0.1230769230769231,0.1683168316831683,0.0452399086062452,0.979118287563324,0.790088951587677,0.22015011310577393,0.24373465776443481,3,False
M1_global_dev_conditioned_continuous,R-1106,"(GI-IaaS) Network Cloud (Azure, Remote Access)",vpn_access,0.426495224237442,0.5156029462814331,0.08910772204399109,0.12903225806451615,0.13768115942028986,0.008648901355773703,0.5596339702606201,0.5480856895446777,0.006425976753234863,0.020701885223388672,5,False
M1_global_dev_conditioned_continuous,R-1115,(GI-SaaS) Salesforce,enterprise_systems,0.34154176712036133,0.6941598653793335,0.35261809825897217,0.1333333333333333,0.28444444444444444,0.15111111111111114,0.48708295822143555,0.3949054181575775,0.05807405710220337,0.13861173391342163,2,False
M1_global_dev_conditioned_continuous,R-1120,(GI-SaaS) Salesforce,absence,0.7705410122871399,0.7688491940498352,-0.0016918182373046875,0.4150943396226415,0.4276729559748428,0.01257861635220131,0.7324554920196533,0.7005656361579895,0.015420675277709961,0.055561065673828125,3,False
M1_global_dev_conditioned_continuous,R-1143,(GI-UX) Account Management,offboarding,0.9910497665405273,0.4161061942577362,-0.5749435722827911,0.8947368421052632,0.1234567901234568,-0.7712800519818064,0.9750943183898926,0.9733783602714539,0.0013151168823242188,0.0030664801597595215,0,False
M1_global_dev_conditioned_continuous,R-1133,(GI-UX) Account Management,email_support,0.7090182900428772,0.7331565618515015,0.024138271808624268,0.37606837606837606,0.3597883597883598,-0.01628001628001624,0.8798789978027344,0.5587689876556396,0.3964005708694458,0.4099631905555725,3,False
M1_global_dev_conditioned_continuous,R-115,(LF) IT Office Access Italy,offboarding,0.818256676197052,0.8062666654586792,-0.011990010738372803,0.7272727272727274,0.6666666666666667,-0.06060606060606066,0.8604562282562256,0.8406078219413757,0.01425325870513916,0.0418398380279541,1,False
M1_global_dev_conditioned_continuous,R-1150,(GI-UX) Group,hardware_support,0.797787070274353,0.7328838109970093,-0.06490325927734375,0.423728813559322,0.3724696356275303,-0.05125917793179169,0.41385617852211,0.3870985507965088,0.0,0.07293567061424255,4,False
M1_global_dev_conditioned_continuous,R-1180,(GI-SaaS) Salesforce,other,0.8695218563079834,0.7306192517280579,-0.13890260457992554,0.33783783783783783,0.2893081761006289,-0.04852966173720891,0.6082023978233337,0.5529550313949585,0.03312993049621582,0.11004030704498291,5,False
M1_global_dev_conditioned_continuous,R-1163,(GI-CF) Robot Process Automation,admin_rights,0.5232843160629272,0.6056510210037231,0.0823667049407959,0.14595210946408207,0.16462736373748613,0.01867525427340405,1.0,0.8858383297920227,0.001561880111694336,0.21196770668029785,5,False
M1_global_dev_conditioned_continuous,R-1193,(GI-SaaS) Salesforce,absence,0.787792980670929,0.7224158644676208,-0.0653771162033081,0.4489795918367347,0.4507042253521127,0.0017246335153779935,0.7275980710983276,0.6866075396537781,0.029122352600097656,0.06979560852050781,4,False
M1_global_dev_conditioned_continuous,R-1196,(GI-UX) Group,software_license,0.47740477323532104,0.5133875012397766,0.035982728004455566,0.12560386473429952,0.11764705882352942,-0.007956805910770096,0.8422582149505615,0.7330206036567688,0.10508924722671509,0.15526843070983887,2,False
M1_global_dev_conditioned_continuous,R-120,(GI-UX) Network Access,vpn_access,0.7514190673828125,0.7350709438323975,-0.01634812355041504,0.298932384341637,0.31343283582089554,0.014500451479258547,0.996056079864502,0.6994321942329407,0.05776941776275635,0.5124127268791199,5,False
M1_global_dev_conditioned_continuous,R-1203,(GI-UX) File & Print,hardware_support,0.7702558636665344,0.7720853090286255,0.0018294453620910645,0.4471544715447155,0.4425531914893617,-0.004601280055353818,1.0,0.5968816876411438,0.455402672290802,0.5577958822250366,4,False
M1_global_dev_conditioned_continuous,R-1210,(GI-IaaS) Development Platform,software_license,0.8487752676010132,0.8568463325500488,0.008071064949035645,0.29585798816568054,0.3003412969283277,0.004483308762647131,1.0,0.9612312316894531,0.0,0.08138453960418701,5,False
M1_global_dev_conditioned_continuous,R-1218,(GI-UX) Group,other,0.6456166505813599,0.6117993593215942,-0.033817291259765625,0.3137254901960784,0.37209302325581395,0.05836753305973552,0.992637038230896,0.9908877611160278,0.0007635951042175293,0.00347900390625,4,False
M1_global_dev_conditioned_continuous,R-122,(GI-CF) Robot Process Automation,admin_rights,0.6745015978813171,0.744854748249054,0.07035315036773682,0.11724137931034483,0.09930715935334872,-0.01793421995699611,0.914478063583374,0.8401816487312317,0.06476229429244995,0.10748255252838135,3,False
M1_global_dev_conditioned_continuous,R-1224,(GI-UX) Group,software_license,0.441707968711853,0.440792441368103,-0.00091552734375,0.05665722379603399,0.0676056338028169,0.010948410006782906,0.6593998670578003,0.646751880645752,0.007664799690246582,0.022843122482299805,4,False
M1_global_dev_conditioned_continuous,R-1222,"(GI-IaaS) Network Cloud (Azure, Remote Access)",other,0.47012245655059814,0.5738944411277771,0.10377198457717896,0.12580645161290324,0.12322274881516587,-0.0025837027977373694,0.5569139122962952,0.5306946039199829,0.003121674060821533,0.06302908062934875,5,False
M1_global_dev_conditioned_continuous,R-1232,(GI-UX) Network Access,vpn_access,0.5053461790084839,0.4652923345565796,-0.0400538444519043,0.3055555555555556,0.4123711340206186,0.10681557846506301,0.6103602647781372,0.5106161236763,0.041660189628601074,0.1528177261352539,2,False
M1_global_dev_conditioned_continuous,R-1240,(GI-UX) File & Print,admin_rights,0.6744352579116821,0.6985419988632202,0.024106740951538086,0.14236509758897817,0.13163972286374134,-0.010725374725236825,0.684263288974762,0.6040781736373901,0.08123141527175903,0.12040400505065918,2,False
M1_global_dev_conditioned_continuous,R-125,(GI-IaaS) Development Platform,software_license,0.7569887638092041,0.7266373038291931,-0.030351459980010986,0.26582278481012656,0.27361563517915305,0.007792850369026494,0.7871624231338501,0.7837808728218079,0.0,0.010962128639221191,3,False
M1_global_dev_conditioned_continuous,R-1255,(GI-UX) Group,offboarding,0.6907275915145874,0.8690184950828552,0.17829090356826782,0.55,0.7894736842105262,0.23947368421052617,0.9661756157875061,0.962914764881134,0.002243518829345703,0.0052291154861450195,3,False
M1_global_dev_conditioned_continuous,R-1260,(GI-UX) Group,onboarding,0.7607887983322144,0.7728887796401978,0.012099981307983398,0.6153846153846153,0.717948717948718,0.10256410256410264,0.968852698802948,0.9665477871894836,0.0003382563591003418,0.006684303283691406,4,False
M1_global_dev_conditioned_continuous,R-1256,(GI-UX) Account Management,offboarding,0.9910497665405273,0.9895293116569519,-0.0015204548835754395,0.8947368421052632,0.9821428571428571,0.08740601503759393,0.9694370031356812,0.9598523378372192,0.006566524505615234,0.016037046909332275,1,False
M1_global_dev_conditioned_continuous,R-1263,(GI-UX) Group,onboarding,0.16829849779605865,0.5862092971801758,0.4179107993841171,0.04316546762589928,0.3870967741935483,0.34393130656764903,0.914031982421875,0.9013280868530273,0.00977790355682373,0.02123171091079712,3,False
M1_global_dev_conditioned_continuous,R-1271,(GI-IaaS) Development Platform,project_tools,0.08748780936002731,0.09680727869272232,0.009319469332695007,0.1333333333333333,0.09999999999999999,-0.03333333333333331,0.5093199610710144,0.4925324022769928,0.003688514232635498,0.040130943059921265,3,False
M1_global_dev_conditioned_continuous,R-1275,(GI-CF) Robot Process Automation,admin_rights,0.7013965845108032,0.7025848627090454,0.0011882781982421875,0.153503893214683,0.15248618784530385,-0.001017705369379146,0.9366686344146729,0.8972736597061157,0.027744650840759277,0.07879102230072021,5,False
M1_global_dev_conditioned_continuous,R-1284,(GI-UX) File & Print,software_support,0.17000293731689453,0.19733619689941406,0.02733325958251953,0.10309278350515463,0.10752688172043011,0.004434098215275475,0.59076988697052,0.5643976926803589,0.026262998580932617,0.040118515491485596,4,False
M1_global_dev_conditioned_continuous,R-1291,(GI-IaaS) Development Platform,project_tools,0.5916267037391663,0.6167942881584167,0.02516758441925049,0.2597402597402597,0.2380952380952381,-0.021645021645021606,0.5344939231872559,0.47597822546958923,0.005066096782684326,0.12318825721740723,5,False
M1_global_dev_conditioned_continuous,R-1308,(LF) IT Office Access Italy,offboarding,0.8812751770019531,0.8704161643981934,-0.010859012603759766,0.6500000000000001,0.6190476190476191,-0.030952380952381064,0.9739329218864441,0.9680458903312683,0.004464924335479736,0.008667409420013428,2,False
M1_global_dev_conditioned_continuous,R-1306,(BF) Employee Platform (SAP SF),other,0.1467028558254242,0.11971518397331238,-0.026987671852111816,0.15217391304347824,0.1590909090909091,0.006916996047430846,0.4775533676147461,0.4692869186401367,0.0005273222923278809,0.016505658626556396,1,False
M1_global_dev_conditioned_continuous,R-1310,(GI-UX) Account Management,offboarding,0.9979963302612305,0.47915491461753845,-0.518841415643692,0.9821428571428571,0.1951219512195122,-0.7870209059233448,0.9756110906600952,0.9731753468513489,0.0010221600532531738,0.003857135772705078,0,False
M1_global_dev_conditioned_continuous,R-1311,(GI-UX) Network Access,vpn_access,0.7400915622711182,0.6754828691482544,-0.06460869312286377,0.315112540192926,0.3181818181818181,0.0030692779888921162,0.9966105818748474,0.9529701471328735,0.001420438289642334,0.19684350490570068,5,False
M1_global_dev_conditioned_continuous,R-1314,"(GI-IaaS) Network Cloud (Azure, Remote Access)",vpn_access,0.14952713251113892,0.17882473766803741,0.0292976051568985,0.1125,0.15469613259668508,0.042196132596685074,0.5932087302207947,0.5386137366294861,0.03179198503494263,0.09077847003936768,3,False
M1_global_dev_conditioned_continuous,R-1320,(GI-UX) Account Management,onboarding,0.8557122349739075,0.672703742980957,-0.18300849199295044,0.5517241379310344,0.4150943396226415,-0.1366297983083929,0.9816119074821472,0.9807049036026001,4.38690185546875e-05,0.0018216967582702637,0,False
M1_global_dev_conditioned_continuous,R-1327,(GI-UX) Group,software_support,0.7723084092140198,0.6989731788635254,-0.07333523035049438,0.47058823529411764,0.4,-0.07058823529411762,1.0,0.5726665258407593,0.45102572441101074,0.5722881555557251,2,False
M1_global_dev_conditioned_continuous,R-1334,(GI-UX) Account Management,offboarding,0.9979963302612305,0.4419323205947876,-0.5560640096664429,0.9821428571428571,0.13157894736842105,-0.8505639097744361,0.9864462614059448,0.981307864189148,0.0031648874282836914,0.008681714534759521,0,False
M1_global_dev_conditioned_continuous,R-1353,(GI-IaaS) Backend Application Srv. & Project Support,offboarding,0.8840070962905884,0.8220127820968628,-0.061994314193725586,0.742857142857143,0.8571428571428571,0.1142857142857141,0.9661625027656555,0.9575745463371277,0.00739973783493042,0.014056742191314697,3,False
M1_global_dev_conditioned_continuous,R-1348,(GI-CF) Robot Process Automation,admin_rights,0.5384695529937744,0.7756942510604858,0.23722469806671143,0.17844727694090382,0.1752808988764045,-0.00316637806449932,0.6298385858535767,0.6159567832946777,0.002915799617767334,0.031948208808898926,3,False
M1_global_dev_conditioned_continuous,R-1356,(GI-UX) Account Management,offboarding,0.9825198650360107,0.528038501739502,-0.4544813632965088,0.9090909090909091,0.1891891891891892,-0.7199017199017199,0.961226224899292,0.9566045999526978,0.0015866756439208984,0.00907444953918457,0,False
M1_global_dev_conditioned_continuous,R-1360,(GI-UX) Office365 & MS-Teams,other,0.6901524662971497,0.4723585247993469,-0.21779394149780273,0.166865315852205,0.08072916666666666,-0.08613614918553833,0.5505341291427612,0.526731014251709,0.009398102760314941,0.05056905746459961,1,False
M1_global_dev_conditioned_continuous,R-1362,(GI-UX) Account Management,onboarding,0.896743655204773,0.8216389417648315,-0.0751047134399414,0.7560975609756097,0.6237942122186494,-0.13230334875696026,0.9848543405532837,0.9834145307540894,0.0008413195610046387,0.0022859573364257812,1,False
M1_global_dev_conditioned_continuous,R-1377,(GI-IaaS) Backend System Management (2nd level),other,0.5509847402572632,0.5752465724945068,0.024261832237243652,0.40625,0.4,-0.006249999999999978,0.9364035129547119,0.6708563566207886,0.25333845615386963,0.4653915464878082,4,False
M1_global_dev_conditioned_continuous,R-138,(GI-UX) Group,software_license,0.45209699869155884,0.5932300090789795,0.14113301038742065,0.17794970986460348,0.19885277246653918,0.020903062601935696,0.488372266292572,0.47266334295272827,0.0017248094081878662,0.033301204442977905,2,False
M1_global_dev_conditioned_continuous,R-1381,(GI-UX) Group,software_license,0.5784998536109924,0.5598323941230774,-0.01866745948791504,0.19469026548672566,0.20179372197309414,0.007103456486368481,0.6655718684196472,0.627993643283844,0.008464336395263672,0.07330894470214844,3,False
M1_global_dev_conditioned_continuous,R-1382,(GI-UX) Group,software_license,0.566842257976532,0.5825202465057373,0.015677988529205322,0.162839248434238,0.15384615384615385,-0.008993094588084144,0.7887844443321228,0.7419400811195374,0.0231589674949646,0.08110964298248291,3,False
M1_global_dev_conditioned_continuous,R-1383,(GI-IaaS) Admin - Local IT purchase,other,0.24020051956176758,0.16830873489379883,-0.07189178466796875,0.0,0.0,0.0,0.633757472038269,0.596015214920044,0.03711807727813721,0.05939215421676636,5,False
M1_global_dev_conditioned_continuous,R-1387,(GI-CF) Robot Process Automation,admin_rights,0.6053926944732666,0.6773467063903809,0.07195401191711426,0.1592920353982301,0.1934782608695652,0.034186225471335124,0.979604959487915,0.8839749097824097,0.018939077854156494,0.20125025510787964,4,False
M1_global_dev_conditioned_continuous,R-1388,(GI-IaaS) Admin - License & Asset Management,software_license,0.6175588369369507,0.6599483489990234,0.042389512062072754,0.19831223628691982,0.21235521235521232,0.014042976068292495,0.9482884407043457,0.8356087803840637,0.002236604690551758,0.18901348114013672,4,False
M1_global_dev_conditioned_continuous,R-1401,(GI-UX) Group,password_reset,0.6597617864608765,0.6736680269241333,0.013906240463256836,0.2786885245901639,0.23728813559322037,-0.04140038899694354,0.7380269765853882,0.6788407564163208,0.044032514095306396,0.09887003898620605,5,False
M1_global_dev_conditioned_continuous,R-1398,(GI-UX) File & Print,onboarding,0.7908758521080017,0.14015084505081177,-0.6507250070571899,0.6,0.05517241379310344,-0.5448275862068965,0.9884189963340759,0.9847582578659058,0.0034037232398986816,0.005223393440246582,0,False
M1_global_dev_conditioned_continuous,R-1404,(GI-CF) Robot Process Automation,admin_rights,0.5229361057281494,0.43228426575660706,-0.09065183997154236,0.10952380952380952,0.09464508094645081,-0.01487872857735871,0.7922060489654541,0.7258960604667664,0.010938405990600586,0.10807836055755615,2,False
M1_global_dev_conditioned_continuous,R-1405,(BF) Purchasing Poland,other,0.27294740080833435,0.20490092039108276,-0.06804648041725159,0.16793893129770993,0.16216216216216217,-0.005776769135547755,0.5303983688354492,0.47737759351730347,0.050997763872146606,0.08397248387336731,5,False
M1_global_dev_conditioned_continuous,R-1413,(GI-IaaS) Backend M365 (2nd level),other,0.5303053855895996,0.5339010953903198,0.003595709800720215,0.2434782608695652,0.24137931034482757,-0.0020989505247376306,0.5719656348228455,0.5182703137397766,0.0015118122100830078,0.13289481401443481,3,False
M1_global_dev_conditioned_continuous,R-1415,(GI-UX) Account Management,onboarding,0.9545062780380249,0.7941519021987915,-0.1603543758392334,0.8493975903614458,0.5116279069767442,-0.3377696833847016,0.9791168570518494,0.9732568860054016,0.005159199237823486,0.008633196353912354,2,False
M1_global_dev_conditioned_continuous,R-1423,(GI-IaaS) Admin - Local IT purchase,other,0.467403769493103,0.467403769493103,0.0,0.13333333333333333,0.13333333333333333,0.0,0.7249376773834229,0.6969786882400513,0.0024513602256774902,0.06300073862075806,5,False
M1_global_dev_conditioned_continuous,R-1425,(GI-UX) Group,software_license,0.6823312640190125,0.6822754144668579,-5.5849552154541016e-05,0.19907407407407407,0.19999999999999998,0.0009259259259259134,0.39952248334884644,0.3672861158847809,0.033302247524261475,0.04999572038650513,0,False
M1_global_dev_conditioned_continuous,R-1436,(GI-IaaS) Development Platform,software_license,0.7793042063713074,0.8258744478225708,0.04657024145126343,0.31901840490797545,0.2965299684542587,-0.02248843645371673,0.90672767162323,0.8826176524162292,0.0,0.063312828540802,5,False
M1_global_dev_conditioned_continuous,R-1429,(GI-CF) Robot Process Automation,admin_rights,0.6799368858337402,0.6154375076293945,-0.0644993782043457,0.13734939759036144,0.13849765258215962,0.0011482549917981866,0.9499984979629517,0.7618586421012878,0.23268473148345947,0.23794806003570557,3,False
M1_global_dev_conditioned_continuous,R-1439,(BF) Information Security Office,admin_rights,0.6138231754302979,0.5838862061500549,-0.02993696928024292,0.15698924731182792,0.13287514318442153,-0.02411410412740639,0.7997041344642639,0.7205755114555359,0.09212112426757812,0.10883480310440063,2,False
M1_global_dev_conditioned_continuous,R-1440,(GI-CF) Robot Process Automation,admin_rights,0.6722676753997803,0.7437289357185364,0.0714612603187561,0.16444444444444445,0.1839080459770115,0.019463601532567043,0.9319694638252258,0.910495936870575,0.006563842296600342,0.03686511516571045,4,False
M1_global_dev_conditioned_continuous,R-1449,(LF) IT Office Access Italy,offboarding,0.8574826717376709,0.9363077878952026,0.07882511615753174,0.7647058823529412,0.8000000000000002,0.03529411764705892,0.9899188876152039,0.9867448806762695,0.0029302239418029785,0.005501985549926758,2,False
M1_global_dev_conditioned_continuous,R-1441,(GI-CF) Robot Process Automation,admin_rights,0.6737658381462097,0.7399362325668335,0.06617039442062378,0.17297297297297295,0.1887966804979253,0.015823707524952352,0.8895953297615051,0.8638423681259155,0.016696274280548096,0.05160146951675415,3,False
M1_global_dev_conditioned_continuous,R-1444,(GI-IaaS) Development Platform,other,0.3077675402164459,0.3351251482963562,0.02735760807991028,0.14634146341463417,0.16793893129770995,0.021597467883075788,0.6603964567184448,0.5167765617370605,0.10810154676437378,0.20968914031982422,4,False
M1_global_dev_conditioned_continuous,R-146,(GI-IaaS) Development Platform,software_license,0.8681343793869019,0.8437565565109253,-0.024377822875976562,0.28059701492537314,0.25,-0.030597014925373145,0.9115018248558044,0.8905296325683594,0.007607996463775635,0.045162737369537354,4,False
M1_global_dev_conditioned_continuous,R-1460,(GI-IaaS) Admin - License & Asset Management,software_license,0.7991596460342407,0.7884302139282227,-0.010729432106018066,0.20858895705521474,0.22845691382765532,0.019867956772440576,0.7755130529403687,0.747418999671936,0.01611417531967163,0.055149197578430176,4,False
M1_global_dev_conditioned_continuous,R-1461,(GI-UX) Group,password_reset,0.5273633599281311,0.5189160108566284,-0.008447349071502686,0.3166666666666667,0.2393162393162393,-0.07735042735042741,0.8452458381652832,0.7900406718254089,0.003668844699859619,0.11197865009307861,5,False
M1_global_dev_conditioned_continuous,R-1467,(GI-SaaS) Salesforce,enterprise_systems,0.7550757527351379,0.6684961318969727,-0.08657962083816528,0.24590163934426226,0.29437229437229434,0.04847065502803208,0.5230218172073364,0.4226017892360687,0.0929325520992279,0.15663808584213257,1,False
M1_global_dev_conditioned_continuous,R-1475,(GI-IaaS) Backend Application Srv. & Project Support,other,0.1951720416545868,0.22923509776592255,0.034063056111335754,0.13215859030837004,0.10169491525423727,-0.030463675054132777,0.47976750135421753,0.42594701051712036,0.03870844841003418,0.0943756103515625,1,False
M1_global_dev_conditioned_continuous,R-1476,(GI-CF) Robot Process Automation,admin_rights,0.7757638692855835,0.6916141510009766,-0.08414971828460693,0.16554809843400448,0.155005382131324,-0.010542716302680472,0.8316130042076111,0.8026947975158691,0.023482859134674072,0.04834562540054321,3,False
M1_global_dev_conditioned_continuous,R-1477,(GI-SM) Service Desk,other,0.26853686571121216,0.21978677809238434,-0.04875008761882782,0.11764705882352941,0.1111111111111111,-0.006535947712418305,0.7586383819580078,0.5177487134933472,0.2823067307472229,0.31954294443130493,4,False
M1_global_dev_conditioned_continuous,R-1479,(LF) IT Office Access Italy,office_access,0.666336715221405,0.5057358741760254,-0.16060084104537964,0.45045045045045046,0.4716981132075472,0.02124766275709672,0.8933740854263306,0.8557034730911255,0.018625915050506592,0.06513381004333496,4,False
M1_global_dev_conditioned_continuous,R-1483,(GI-UX) Group,admin_rights,0.4378165006637573,0.47662365436553955,0.03880715370178223,0.12072892938496582,0.16344086021505377,0.04271193083008795,0.8159599900245667,0.6572555303573608,0.18036216497421265,0.20547103881835938,1,False
M1_global_dev_conditioned_continuous,R-1485,(GI-UX) Account Management,onboarding,0.8182858228683472,0.829870879650116,0.011585056781768799,0.3929824561403508,0.5454545454545455,0.1524720893141947,0.967981219291687,0.9567433595657349,0.0014483928680419922,0.023065567016601562,0,False
M1_global_dev_conditioned_continuous,R-1481,(GI-UX) Group,software_license,0.5335535407066345,0.5507931113243103,0.01723957061767578,0.10152284263959392,0.12060301507537687,0.019080172435782944,0.635155439376831,0.6087034344673157,0.023222923278808594,0.04045259952545166,1,False
M1_global_dev_conditioned_continuous,R-1492,(GI-IaaS) Backend Application Srv. & Project Support,offboarding,0.81570965051651,0.6769518852233887,-0.13875776529312134,0.7317073170731706,0.509090909090909,-0.22261640798226157,0.9849720001220703,0.9807866811752319,0.0043288469314575195,0.006148099899291992,0,False
M1_global_dev_conditioned_continuous,R-1494,(GI-UX) Group,offboarding,0.8391727209091187,0.7335365414619446,-0.10563617944717407,0.6842105263157895,0.5500000000000002,-0.13421052631578934,0.9586575031280518,0.9581819772720337,0.0002605319023132324,0.0008141398429870605,1,False
M1_global_dev_conditioned_continuous,R-1498,(GI-UX) Account Management,email_support,0.7673508524894714,0.7705610990524292,0.0032102465629577637,0.41739130434782606,0.3801169590643275,-0.037274345283498544,0.6601485013961792,0.5605350732803345,0.0997016429901123,0.14111578464508057,5,False
M1_global_dev_conditioned_continuous,R-1504,(GI-IaaS) Development Platform,other,0.5992386937141418,0.5824021100997925,-0.016836583614349365,0.06873977086743044,0.05695142378559464,-0.0117883470818358,0.552794337272644,0.49303096532821655,0.028318166732788086,0.10046738386154175,2,False
M1_global_dev_conditioned_continuous,R-1511,(GI-UX) Group,password_reset,0.6829918026924133,0.6659681797027588,-0.01702362298965454,0.28571428571428575,0.2764227642276423,-0.009291521486643473,0.8452457189559937,0.7682399153709412,0.056882500648498535,0.11269420385360718,4,False
M1_global_dev_conditioned_continuous,R-1517,(GI-UX) Group,other,0.1962611973285675,0.20156702399253845,0.005305826663970947,0.108843537414966,0.11688311688311688,0.008039579468150884,0.7505980730056763,0.6202061176300049,0.13548576831817627,0.18977731466293335,4,False
M1_global_dev_conditioned_continuous,R-1531,(GI-IaaS) Development Platform,software_license,0.8437284231185913,0.7753580808639526,-0.06837034225463867,0.2650602409638554,0.31085043988269795,0.04579019891884256,0.7202190160751343,0.7164479494094849,0.0,0.013779878616333008,5,False
M1_global_dev_conditioned_continuous,R-154,(GI-UX) Network Access,vpn_access,0.7541282176971436,0.7433401346206665,-0.01078808307647705,0.3835616438356164,0.3247232472324723,-0.058838396603144105,0.9960559606552124,0.6938494443893433,0.07045722007751465,0.5128520131111145,5,False
M1_global_dev_conditioned_continuous,R-1540,(GI-UX) File & Print,software_support,0.42340290546417236,0.21662618219852448,-0.2067767232656479,0.3311258278145695,0.2962962962962963,-0.03482953151827323,0.630275309085846,0.5605043768882751,0.00926363468170166,0.12412130832672119,3,False
M1_global_dev_conditioned_continuous,R-1542,(GI-UX) Group,password_reset,0.8527591824531555,0.8563722372055054,0.0036130547523498535,0.4339622641509434,0.3238095238095238,-0.11015274034141959,0.8241270780563354,0.7300241589546204,0.017939329147338867,0.18415480852127075,5,False
M1_global_dev_conditioned_continuous,R-1544,(LF) IT Office Access Italy,offboarding,0.8012467622756958,0.8977043628692627,0.0964576005935669,0.6341463414634146,0.8235294117647058,0.1893830703012912,0.9596297740936279,0.9549853205680847,0.003598332405090332,0.0075130462646484375,2,False
M1_global_dev_conditioned_continuous,R-1554,(GI-UX) Group,offboarding,0.8202225565910339,0.9729926586151123,0.15277010202407837,0.56,0.8780487804878048,0.3180487804878047,0.9802184700965881,0.976050078868866,0.0023873448371887207,0.007687747478485107,2,False
M1_global_dev_conditioned_continuous,R-1562,(GI-UX) Account Management,email_support,0.48568737506866455,0.43398886919021606,-0.051698505878448486,0.12307692307692307,0.125,0.0019230769230769301,0.49727576971054077,0.46881943941116333,0.00031566619873046875,0.07593876123428345,5,False
M1_global_dev_conditioned_continuous,R-156,(BF) Information Security Office,admin_rights,0.7248709797859192,0.7015496492385864,-0.023321330547332764,0.17926565874730022,0.17372881355932204,-0.005536845187978173,0.9223060607910156,0.9001709222793579,0.008123397827148438,0.055764734745025635,4,False
M1_global_dev_conditioned_continuous,R-1563,(GI-CF) Robot Process Automation,admin_rights,0.47072547674179077,0.5083131194114685,0.037587642669677734,0.12612612612612611,0.06427688504326329,-0.06184924108286283,0.9126642346382141,0.8572136163711548,0.05274301767349243,0.07566148042678833,4,False
M1_global_dev_conditioned_continuous,R-1564,(GI-IaaS) Admin - License & Asset Management,software_license,0.7163154482841492,0.7383153438568115,0.021999895572662354,0.2028397565922921,0.203125,0.00028524340770791357,0.851335883140564,0.8174694776535034,0.02703380584716797,0.06239175796508789,4,False
M1_global_dev_conditioned_continuous,R-1569,(GI-IaaS) Backend Application Srv. & Project Support,offboarding,0.7597014904022217,0.7432502508163452,-0.016451239585876465,0.5,0.5,0.0,0.9889282584190369,0.9876741170883179,0.00034797191619873047,0.0023557543754577637,0,False
M1_global_dev_conditioned_continuous,R-1566,(GI-SaaS) Salesforce,admin_rights,0.7500185966491699,0.8005276918411255,0.050509095191955566,0.18523878437047758,0.2141863699582754,0.02894758558779781,0.7203476428985596,0.6707868576049805,0.03816598653793335,0.08834707736968994,5,False
M1_global_dev_conditioned_continuous,R-1567,(GI-UX) File & Print,admin_rights,0.6550630331039429,0.7152199745178223,0.060156941413879395,0.12014134275618375,0.14525139664804468,0.025110053891860926,0.8706099987030029,0.8502007722854614,0.023325681686401367,0.027506530284881592,3,False
M1_global_dev_conditioned_continuous,R-1570,(LF) IT Office Access Italy,offboarding,0.9347805380821228,0.8880865573883057,-0.04669398069381714,0.888888888888889,0.717948717948718,-0.170940170940171,0.9694678783416748,0.9647268056869507,0.003838777542114258,0.007227599620819092,2,False
M1_global_dev_conditioned_continuous,R-1571,(GI-UX) Group,offboarding,0.8681102395057678,0.8110630512237549,-0.05704718828201294,0.6111111111111112,0.717948717948718,0.10683760683760679,0.9877601265907288,0.9858518838882446,0.0005274415016174316,0.004633605480194092,1,False
M1_global_dev_conditioned_continuous,R-1574,(LF) IT Office Access Italy,offboarding,0.8832570314407349,0.8652955293655396,-0.017961502075195312,0.8235294117647058,0.6666666666666667,-0.1568627450980391,0.9867393374443054,0.9847464561462402,0.0010964274406433105,0.0040283203125,3,False
M1_global_dev_conditioned_continuous,R-1580,(GI-UX) Group,software_license,0.5753085613250732,0.5793732404708862,0.004064679145812988,0.13729977116704806,0.11055276381909548,-0.026747007347952573,0.8244210481643677,0.7720876336097717,0.0587955117225647,0.0710415244102478,2,False
M1_global_dev_conditioned_continuous,R-1584,"(GI-IaaS) Network On-Prem (LAN,WLAN,WAN 2nd level)",vpn_access,0.7006567716598511,0.5885415077209473,-0.11211526393890381,0.21866666666666668,0.1917098445595855,-0.02695682210708117,0.6399768590927124,0.510240375995636,0.12508022785186768,0.1853901743888855,3,False
M1_global_dev_conditioned_continuous,R-1588,(GI-UX) Group,hardware_support,0.4547306299209595,0.370731920003891,-0.08399870991706848,0.1739130434782609,0.5633802816901409,0.38946723821188,0.35545480251312256,0.33491334319114685,0.0064484477043151855,0.035347819328308105,2,False
M1_global_dev_conditioned_continuous,R-1587,(GI-SaaS) Salesforce,other,0.5247377753257751,0.527743935585022,0.003006160259246826,0.2857142857142857,0.2537313432835821,-0.0319829424307036,0.6280243396759033,0.5572746396064758,0.036899566650390625,0.12145125865936279,4,False
M1_global_dev_conditioned_continuous,R-1593,(GI-IaaS) Development Platform,software_license,0.8205729722976685,0.8037738800048828,-0.016799092292785645,0.2160278745644599,0.27184466019417475,0.055816785629714843,0.8565173149108887,0.8013252019882202,0.05428111553192139,0.0800548791885376,3,False
M1_global_dev_conditioned_continuous,R-1595,(GI-SaaS) Salesforce,absence,0.6872559785842896,0.596076250076294,-0.0911797285079956,0.4203821656050955,0.35064935064935066,-0.06973281495574485,0.7078198194503784,0.6490588784217834,0.009344220161437988,0.11460649967193604,2,False
M1_global_dev_conditioned_continuous,R-160,(GI-SaaS) SAP & Synertrade,other,0.9115393161773682,0.929401159286499,0.01786184310913086,0.7142857142857143,0.7407407407407406,0.026455026455026287,0.8880937695503235,0.6617010235786438,0.27943962812423706,0.2864592671394348,5,False
M1_global_dev_conditioned_continuous,R-161,(GI-SaaS) SAP & Synertrade,other,0.6343706846237183,0.6368111371994019,0.0024404525756835938,0.34285714285714286,0.33333333333333326,-0.009523809523809601,0.8880937099456787,0.681018054485321,0.19193792343139648,0.2885581851005554,5,False
M1_global_dev_conditioned_continuous,R-163,(GI-UX) File & Print,software_support,0.6053111553192139,0.5093291997909546,-0.09598195552825928,0.4406779661016949,0.5172413793103449,0.07656341320864996,0.8107990622520447,0.7499650120735168,0.03168666362762451,0.14737874269485474,4,False
M1_global_dev_conditioned_continuous,R-165,(GI-UX) Account Management,onboarding,0.26773080229759216,0.26773080229759216,0.0,0.07179487179487179,0.07179487179487179,0.0,0.9546806812286377,0.9196887016296387,0.02536994218826294,0.056604623794555664,3,False
M1_global_dev_conditioned_continuous,R-164,(GI-UX) Group,onboarding,0.22943049669265747,0.06139203906059265,-0.16803845763206482,0.06837606837606838,0.09448818897637795,0.02611212060030957,0.9546806812286377,0.9258288145065308,0.02191108465194702,0.049392640590667725,2,False
M1_global_dev_conditioned_continuous,R-179,(GI-IaaS) Development Platform,software_license,0.8242288827896118,0.8427537679672241,0.018524885177612305,0.26498422712933756,0.24773413897280963,-0.017250088156527926,0.9653041362762451,0.9498212933540344,0.0,0.07233834266662598,4,False
M1_global_dev_conditioned_continuous,R-170,(GI-CF) Robot Process Automation,admin_rights,0.5810744762420654,0.4276013672351837,-0.1534731090068817,0.17707150964812715,0.17002237136465326,-0.007049138283473894,0.9958082437515259,0.7511730194091797,0.2841552495956421,0.325549840927124,3,False
M1_global_dev_conditioned_continuous,R-184,(GI-IaaS) Cloud Services,other,0.7439938187599182,0.7380369305610657,-0.005956888198852539,0.4629629629629629,0.453125,-0.00983796296296291,0.9993037581443787,0.6886500120162964,0.31829261779785156,0.4423169493675232,3,False
M1_global_dev_conditioned_continuous,R-189,(GI-UX) File & Print,hardware_support,0.5074008107185364,0.531574547290802,0.024173736572265625,0.3488372093023256,0.4444444444444444,0.09560723514211883,0.5228423476219177,0.4044935703277588,0.10727784037590027,0.19054275751113892,3,False
M1_global_dev_conditioned_continuous,R-19,(GI-IaaS) Development Platform,other,0.37308546900749207,0.5554189682006836,0.18233349919319153,0.058823529411764705,0.061068702290076333,0.0022451728783116284,0.5998032093048096,0.5762170553207397,0.029482722282409668,0.029482722282409668,5,False
M1_global_dev_conditioned_continuous,R-195,(LF) IT Office Access Italy,offboarding,0.8789782524108887,0.9322159886360168,0.053237736225128174,0.7894736842105262,0.85,0.06052631578947376,0.877083957195282,0.8428294062614441,0.035223960876464844,0.049154818058013916,1,False
M1_global_dev_conditioned_continuous,R-191,(GI-UX) Account Management,email_support,0.6475433111190796,0.7138249278068542,0.06628161668777466,0.326530612244898,0.28080229226361036,-0.045728319981287624,0.5604469776153564,0.514255166053772,0.0326157808303833,0.09161320328712463,5,False
M1_global_dev_conditioned_continuous,R-197,(GI-SaaS) Salesforce,admin_rights,0.44922545552253723,0.6660085916519165,0.21678313612937927,0.0721311475409836,0.1825962910128388,0.11046514347185521,0.5492721199989319,0.5183147192001343,0.011298656463623047,0.052636563777923584,5,False
M1_global_dev_conditioned_continuous,R-205,(GI-CF) Robot Process Automation,admin_rights,0.5989834070205688,0.7263691425323486,0.12738573551177979,0.11736526946107784,0.15835140997830802,0.04098614051723018,0.8243292570114136,0.8159920573234558,0.0,0.022448182106018066,0,False
M1_global_dev_conditioned_continuous,R-209,(GI-UX) Group,software_license,0.6129921078681946,0.6553584933280945,0.0423663854598999,0.21141649048625794,0.1952277657266811,-0.016188724759576834,0.9893381595611572,0.6516870260238647,0.26473021507263184,0.5523185133934021,3,False
M1_global_dev_conditioned_continuous,R-212,(GI-UX) File & Print,software_support,0.5993193984031677,0.4883161187171936,-0.11100327968597412,0.42276422764227645,0.380952380952381,-0.04181184668989546,0.8289503455162048,0.6328839063644409,0.15307742357254028,0.2971348166465759,5,False
M1_global_dev_conditioned_continuous,R-222,(GI-IaaS) Backend Application Srv. & Project Support,other,0.7387349009513855,0.7181151509284973,-0.020619750022888184,0.24561403508771928,0.2450331125827815,-0.0005809225049377975,0.659192681312561,0.609504759311676,0.031106948852539062,0.08612978458404541,5,False
M1_global_dev_conditioned_continuous,R-226,(GI-CF) Robot Process Automation,admin_rights,0.6908160448074341,0.7683376669883728,0.07752162218093872,0.1734475374732334,0.1581196581196581,-0.015327879353575297,0.8728991746902466,0.8660737872123718,0.0029010772705078125,0.016399383544921875,2,False
M1_global_dev_conditioned_continuous,R-227,(GI-UX) Network Access,admin_rights,0.5024102330207825,0.42086562514305115,-0.08154460787773132,0.11214953271028036,0.12790697674418605,0.015757444033905693,0.8299995064735413,0.8012323379516602,0.013795077800750732,0.06857651472091675,4,False
M1_global_dev_conditioned_continuous,R-229,(GI-UX) Network Access,vpn_access,0.6887232065200806,0.7245470285415649,0.035823822021484375,0.40789473684210525,0.4155844155844156,0.007689678742310357,0.9957883358001709,0.9464656114578247,0.011029064655303955,0.21102547645568848,5,False
M1_global_dev_conditioned_continuous,R-23,(GI-SM) Service Desk,software_support,0.10772611200809479,0.14507968723773956,0.037353575229644775,0.12790697674418605,0.15384615384615383,0.025939177101967775,0.8620724081993103,0.6864698529243469,0.17331594228744507,0.2700854539871216,5,False
M1_global_dev_conditioned_continuous,R-241,(LF) IT Office Access Italy,offboarding,0.7506841421127319,0.7667142152786255,0.016030073165893555,0.6842105263157895,0.7368421052631577,0.05263157894736825,0.8927445411682129,0.8642265200614929,0.02085435390472412,0.04918336868286133,2,False
M1_global_dev_conditioned_continuous,R-256,(GI-UX) Group,hardware_support,0.625343918800354,0.661384105682373,0.03604018688201904,0.22641509433962265,0.3333333333333333,0.10691823899371067,0.4683423936367035,0.4356805682182312,0.015457510948181152,0.0625971257686615,3,False
M1_global_dev_conditioned_continuous,R-257,(GI-UX) Group,software_license,0.6726280450820923,0.5718355774879456,-0.10079246759414673,0.1141439205955335,0.11246943765281173,-0.0016744829427217667,0.8964309692382812,0.7749520540237427,0.11460423469543457,0.19417357444763184,3,False
M1_global_dev_conditioned_continuous,R-262,(GI-IaaS) Development Platform,software_license,0.8816733956336975,0.8710980415344238,-0.010575354099273682,0.26116838487972505,0.30625,0.045081615120274976,0.8098392486572266,0.7985810041427612,0.0009353160858154297,0.02862393856048584,4,False
M1_global_dev_conditioned_continuous,R-266,(GI-UX) Group,software_license,0.6000194549560547,0.6119871139526367,0.011967658996582031,0.14545454545454545,0.2012847965738758,0.05583025111933035,0.8415434956550598,0.7689796090126038,0.06222277879714966,0.10694289207458496,4,False
M1_global_dev_conditioned_continuous,R-272,(GI-UX) Group,software_license,0.5607293248176575,0.5768079161643982,0.016078591346740723,0.19230769230769232,0.19450317124735728,0.0021954789396649577,0.8708574771881104,0.8033553957939148,0.054581522941589355,0.10590553283691406,4,False
M1_global_dev_conditioned_continuous,R-275,(GI-UX) Group,software_license,0.689255952835083,0.7106736898422241,0.021417737007141113,0.19522776572668113,0.23175965665236054,0.036531890925679406,0.7947006225585938,0.7273498177528381,0.07260966300964355,0.09243035316467285,5,False
M1_global_dev_conditioned_continuous,R-281,(GI-UX) File & Print,other,0.4868375062942505,0.4345210790634155,-0.05231642723083496,0.10666666666666666,0.09815950920245398,-0.008507157464212683,0.8171223402023315,0.7271459698677063,0.102169930934906,0.11953353881835938,2,False
M1_global_dev_conditioned_continuous,R-289,(GI-UX) Group,software_license,0.5878350734710693,0.5965868234634399,0.008751749992370605,0.23728813559322032,0.1929824561403509,-0.04430567945286942,0.8935129642486572,0.8377200365066528,0.028951168060302734,0.10791885852813721,4,False
M1_global_dev_conditioned_continuous,R-292,(GI-UX) File & Print,admin_rights,0.5866557359695435,0.5102176666259766,-0.0764380693435669,0.1472957422324511,0.14549653579676675,-0.0017992064356843473,0.8020263910293579,0.7733322381973267,0.00809478759765625,0.05466461181640625,4,False
M1_global_dev_conditioned_continuous,R-331,(LF) IT Office Access Italy,offboarding,0.8259543180465698,0.8259543180465698,0.0,0.8947368421052632,0.8947368421052632,0.0,0.9577348232269287,0.9548518061637878,0.0007926821708679199,0.005903065204620361,3,False
M1_global_dev_conditioned_continuous,R-304,(GI-UX) File & Print,admin_rights,0.6426204442977905,0.5435003042221069,-0.0991201400756836,0.12485811577752554,0.12727272727272726,0.002414611495201724,0.8792657852172852,0.8317006826400757,0.037722229957580566,0.07913583517074585,4,False
M1_global_dev_conditioned_continuous,R-34,(GI-UX) Group,software_support,0.4972418248653412,0.4731871783733368,-0.024054646492004395,0.1415929203539823,0.14937759336099585,0.007784673007013548,0.7266864776611328,0.6188424825668335,0.0020785927772521973,0.19474256038665771,4,False
M1_global_dev_conditioned_continuous,R-346,"(GI-IaaS) Network On-Prem (LAN,WLAN,WAN 2nd level)",vpn_access,0.7510156035423279,0.7069838047027588,-0.04403179883956909,0.3650190114068441,0.3142857142857143,-0.05073329712112984,0.5418274998664856,0.5163906216621399,0.014446377754211426,0.060132384300231934,4,False
M1_global_dev_conditioned_continuous,R-352,(BF) Employee Platform (SAP SF),other,0.6126821637153625,0.6126821637153625,0.0,0.25000000000000006,0.25000000000000006,0.0,0.8321695327758789,0.5549013614654541,0.31965386867523193,0.356397807598114,1,False
M1_global_dev_conditioned_continuous,R-367,(GI-UX) File & Print,hardware_support,0.7686426639556885,0.6251925230026245,-0.14345014095306396,0.4046692607003891,0.41935483870967744,0.014685578009288325,0.5378596782684326,0.4780947268009186,0.0,0.1767842173576355,3,False
M1_global_dev_conditioned_continuous,R-354,(GI-SaaS) Salesforce,other,0.49410468339920044,0.469707727432251,-0.024396955966949463,0.11398963730569947,0.1282051282051282,0.014215490899428723,0.44120484590530396,0.4358295500278473,0.0008799731731414795,0.00911104679107666,0,False
M1_global_dev_conditioned_continuous,R-374,(GI-IaaS) Admin - License & Asset Management,software_license,0.6950409412384033,0.7444770336151123,0.049436092376708984,0.1787941787941788,0.1814254859611231,0.002631307166944291,0.9818040132522583,0.827303409576416,0.0,0.3969727158546448,4,False
M1_global_dev_conditioned_continuous,R-383,(GI-UX) Network Access,vpn_access,0.6030316352844238,0.6322402954101562,0.029208660125732422,0.30370370370370375,0.325,0.021296296296296258,0.9851242303848267,0.978492259979248,0.006674349308013916,0.009119093418121338,5,False
M1_global_dev_conditioned_continuous,R-385,(GI-SaaS) SAP & Synertrade,enterprise_systems,0.9338142275810242,0.8627777099609375,-0.07103651762008667,0.7400000000000001,0.5599999999999999,-0.18000000000000016,0.9219274520874023,0.8955990076065063,0.016326069831848145,0.04695773124694824,5,False
M1_global_dev_conditioned_continuous,R-399,(GI-CF) Robot Process Automation,admin_rights,0.5319980382919312,0.5311064720153809,-0.000891566276550293,0.13953488372093023,0.1185006045949214,-0.02103427912600883,0.6842633485794067,0.5934299826622009,0.10604429244995117,0.11836594343185425,3,False
M1_global_dev_conditioned_continuous,R-387,(GI-UX) Network Access,other,0.12856876850128174,0.11511319875717163,-0.013455569744110107,0.10204081632653061,0.10457516339869281,0.002534347072162199,0.7904136180877686,0.7170039415359497,0.04332864284515381,0.13354706764221191,4,False
M1_global_dev_conditioned_continuous,R-4,(GI-CF) Robot Process Automation,admin_rights,0.7161387205123901,0.7789291143417358,0.0627903938293457,0.1504424778761062,0.1488888888888889,-0.0015535889872173025,0.5804017782211304,0.5600010752677917,0.009255290031433105,0.03608989715576172,2,False
M1_global_dev_conditioned_continuous,R-400,(GI-CF) Robot Process Automation,admin_rights,0.6402822732925415,0.743644118309021,0.10336184501647949,0.125,0.16758544652701216,0.042585446527012155,0.8821656107902527,0.8240413665771484,0.016942620277404785,0.1384558081626892,4,False
M1_global_dev_conditioned_continuous,R-403,(GI-UX) File & Print,other,0.41169124841690063,0.32301831245422363,-0.088672935962677,0.04651162790697674,0.04166666666666667,-0.004844961240310065,0.7053936719894409,0.652342677116394,0.053224265575408936,0.07510697841644287,5,False
M1_global_dev_conditioned_continuous,R-406,(BF) Information Security Office,admin_rights,0.770952582359314,0.7778346538543701,0.006882071495056152,0.163355408388521,0.17758046614872364,0.014225057760202636,0.7664949893951416,0.7239192128181458,0.028608620166778564,0.08099162578582764,4,False
M1_global_dev_conditioned_continuous,R-405,(GI-IaaS) Backend Application Srv. & Project Support,other,0.6478137969970703,0.646774411201477,-0.0010393857955932617,0.17135549872122763,0.1769911504424779,0.005635651721250273,0.8833548426628113,0.5707387328147888,0.3438795208930969,0.4323768615722656,5,False
M1_global_dev_conditioned_continuous,R-41,(GI-UX) Group,software_license,0.5403847694396973,0.5644265413284302,0.02404177188873291,0.14193548387096774,0.12300683371298406,-0.018928650157983687,0.7080228328704834,0.6984031796455383,0.0031708478927612305,0.023099541664123535,3,False
M1_global_dev_conditioned_continuous,R-410,(GI-UX) Group,software_license,0.38010352849960327,0.511167049407959,0.1310635209083557,0.11464968152866242,0.14285714285714285,0.028207461328480427,0.7170097827911377,0.6871002912521362,0.005356729030609131,0.04985928535461426,5,False
M1_global_dev_conditioned_continuous,R-413,(GI-UX) Account Management,onboarding,0.8652865290641785,0.9612201452255249,0.09593361616134644,0.47560975609756095,0.8705882352941177,0.3949784791965567,0.9550623893737793,0.919009804725647,0.035653114318847656,0.05367708206176758,0,False
M1_global_dev_conditioned_continuous,R-414,(GI-IaaS) Backend Application Srv. & Project Support,offboarding,0.9050855040550232,0.8424720764160156,-0.06261342763900757,0.8235294117647058,0.6829268292682926,-0.14060258249641322,0.9851658940315247,0.978824257850647,0.006135821342468262,0.009661614894866943,0,False
M1_global_dev_conditioned_continuous,R-418,(GI-UX) Network Access,vpn_access,0.7734475135803223,0.7843899130821228,0.010942399501800537,0.35627530364372473,0.32950191570881227,-0.026773387934912463,0.9876163005828857,0.9844552874565125,0.002492070198059082,0.007122516632080078,5,False
M1_global_dev_conditioned_continuous,R-440,(GI-UX) Windows,admin_rights,0.6312026977539062,0.7200227975845337,0.08882009983062744,0.150561797752809,0.18124341412012648,0.030681616367317477,0.7491886615753174,0.7284302711486816,0.01950860023498535,0.030716300010681152,2,False
M1_global_dev_conditioned_continuous,R-446,(GI-UX) Group,vpn_access,0.7203295230865479,0.719035267829895,-0.001294255256652832,0.36301369863013705,0.26174496644295303,-0.10126873218718402,0.5752803683280945,0.5126160383224487,0.058859169483184814,0.09246402978897095,4,False
M1_global_dev_conditioned_continuous,R-455,(GI-IaaS) Backend Application Srv. & Project Support,offboarding,0.6893326044082642,0.5187966823577881,-0.17053592205047607,0.6111111111111113,0.45,-0.16111111111111126,0.7796412706375122,0.7668769359588623,0.00410383939743042,0.025597691535949707,0,False
M1_global_dev_conditioned_continuous,R-45,(GI-CF) Robot Process Automation,admin_rights,0.7569953203201294,0.716385006904602,-0.040610313415527344,0.16139585605234463,0.15351351351351353,-0.007882342538831105,0.9563285708427429,0.8889642953872681,0.07215672731399536,0.09513694047927856,2,False
M1_global_dev_conditioned_continuous,R-460,(GI-IaaS) Backend Application Srv. & Project Support,offboarding,0.7420286536216736,0.7463486194610596,0.004319965839385986,0.6153846153846154,0.7027027027027027,0.08731808731808732,0.8259540796279907,0.7981835603713989,0.01773601770401001,0.043182969093322754,0,False
M1_global_dev_conditioned_continuous,R-463,(GI-UX) Account Management,other,0.16697631776332855,0.22838982939720154,0.061413511633872986,0.0625,0.05714285714285715,-0.005357142857142852,0.7602166533470154,0.7457689046859741,0.0002429485321044922,0.02759110927581787,0,False
M1_global_dev_conditioned_continuous,R-465,(LF) IT Office Access Italy,offboarding,0.9804811477661133,0.7693594694137573,-0.21112167835235596,0.8780487804878048,0.7567567567567567,-0.12129202373104808,0.8407493829727173,0.8224549293518066,0.006071627140045166,0.04974466562271118,2,False
M1_global_dev_conditioned_continuous,R-479,(GI-IaaS) Backend Application Srv. & Project Support,offboarding,0.8089526891708374,0.9864991903305054,0.17754650115966797,0.7777777777777778,0.8717948717948718,0.09401709401709402,0.847148060798645,0.8111560940742493,0.036310017108917236,0.053436458110809326,1,False
M1_global_dev_conditioned_continuous,R-47,(BF) Information Security Office,admin_rights,0.748134970664978,0.7437394857406616,-0.004395484924316406,0.16797312430011196,0.1364705882352941,-0.03150253606481787,0.7653406858444214,0.7206345796585083,0.0090179443359375,0.08275389671325684,4,False
M1_global_dev_conditioned_continuous,R-483,(LF) IT Office Access Italy,offboarding,0.817418098449707,0.6457992196083069,-0.17161887884140015,0.7272727272727274,0.47058823529411764,-0.25668449197860976,0.9006366729736328,0.8729349374771118,0.007892131805419922,0.05459177494049072,2,False
M1_global_dev_conditioned_continuous,R-487,(GI-SaaS) Salesforce,other,0.7979134321212769,0.8076455593109131,0.00973212718963623,0.4,0.3775510204081633,-0.022448979591836726,0.9373676776885986,0.6301457285881042,0.3291652798652649,0.45916610956192017,5,False
M1_global_dev_conditioned_continuous,R-489,(GI-UX) Mobile Device Management,other,0.6602283716201782,0.6904405951499939,0.030212223529815674,0.3,0.3157894736842105,0.01578947368421052,0.9818277359008789,0.7650992274284363,0.26960742473602295,0.2728480100631714,4,False
M1_global_dev_conditioned_continuous,R-5,(GI-UX) File & Print,software_support,0.3789626359939575,0.48709332942962646,0.10813069343566895,0.15238095238095237,0.15315315315315317,0.000772200772200804,0.8071073293685913,0.7846022844314575,0.0008388757705688477,0.044996440410614014,3,False
M1_global_dev_conditioned_continuous,R-497,(GI-SM) Service Desk,other,0.516537606716156,0.4522172510623932,-0.06432035565376282,0.09523809523809525,0.11111111111111112,0.015873015873015872,0.55619215965271,0.5388680696487427,0.011873126029968262,0.04563724994659424,5,False
M1_global_dev_conditioned_continuous,R-504,(GI-UX) Application,absence,0.5254156589508057,0.5884261131286621,0.06301045417785645,0.4316546762589928,0.45390070921985815,0.02224603296086536,0.5940266847610474,0.5754765868186951,0.009801208972930908,0.03089272975921631,2,False
M1_global_dev_conditioned_continuous,R-505,(GI-UX) Group,software_license,0.6399557590484619,0.5727110505104065,-0.06724470853805542,0.22480620155038758,0.2595744680851064,0.034768266534718845,0.7774654626846313,0.5932093262672424,0.21859240531921387,0.2442840337753296,2,False
M1_global_dev_conditioned_continuous,R-507,(GI-UX) Group,other,0.9038152694702148,0.8825353980064392,-0.021279871463775635,0.44,0.4376899696048632,-0.002310030395136775,0.5339007377624512,0.38104763627052307,0.1350400447845459,0.2199581265449524,3,False
M1_global_dev_conditioned_continuous,R-509,(GI-UX) File & Print,other,0.34266790747642517,0.355393648147583,0.012725740671157837,0.1506849315068493,0.1643835616438356,0.0136986301369863,0.5546534061431885,0.44249647855758667,0.048804402351379395,0.21608424186706543,4,False
M1_global_dev_conditioned_continuous,R-513,(GI-UX) MAC OS,other,0.698784351348877,0.5864540934562683,-0.11233025789260864,0.19689119170984457,0.16815742397137745,-0.028733767738467114,0.9786639213562012,0.7968718409538269,0.21380829811096191,0.23235994577407837,3,False
M1_global_dev_conditioned_continuous,R-527,(GI-CF) Robot Process Automation,admin_rights,0.6402202844619751,0.4839758276939392,-0.1562444567680359,0.15789473684210523,0.1681614349775785,0.010266698135473262,0.9318428635597229,0.8613680601119995,0.037639737129211426,0.14054220914840698,4,False
M1_global_dev_conditioned_continuous,R-528,(GI-UX) Group,vpn_access,0.6857506632804871,0.7023780345916748,0.016627371311187744,0.3380281690140845,0.35211267605633806,0.014084507042253558,0.6017083525657654,0.5500765442848206,0.0182420015335083,0.09905093908309937,4,False
M1_global_dev_conditioned_continuous,R-532,(GI-UX) Group,password_reset,0.5996165871620178,0.5494505167007446,-0.05016607046127319,0.24390243902439024,0.26229508196721313,0.01839264294282289,0.7332671880722046,0.7148265838623047,0.013376355171203613,0.02912592887878418,3,False
M1_global_dev_conditioned_continuous,R-546,(GI-SaaS) Salesforce,other,0.39241963624954224,0.43221861124038696,0.03979897499084473,0.14457831325301204,0.1395348837209302,-0.005043429532081839,0.9484521150588989,0.6178489923477173,0.08036458492279053,0.5692435503005981,3,False
M1_global_dev_conditioned_continuous,R-541,(GI-UX) Network Access,vpn_access,0.37083882093429565,0.44255274534225464,0.07171392440795898,0.12048192771084337,0.163265306122449,0.04278337841160562,0.537338137626648,0.5142810940742493,0.010598957538604736,0.03993833065032959,2,False
M1_global_dev_conditioned_continuous,R-560,(GI-UX) File & Print,onboarding,0.7916346788406372,0.6699680089950562,-0.12166666984558105,0.6666666666666665,0.6666666666666665,0.0,0.9728562831878662,0.970541775226593,0.0016210079193115234,0.003909468650817871,5,False
M1_global_dev_conditioned_continuous,R-562,(GI-UX) File & Print,onboarding,0.8177248239517212,0.777786374092102,-0.03993844985961914,0.7058823529411765,0.7368421052631577,0.030959752321981227,0.9786417484283447,0.9764143824577332,0.002215147018432617,0.0033715367317199707,4,False
M1_global_dev_conditioned_continuous,R-563,(GI-IaaS) Development Platform,project_tools,0.6243588328361511,0.7373237609863281,0.112964928150177,0.2105263157894737,0.26666666666666666,0.05614035087719296,0.9147495031356812,0.5786148309707642,0.3657330870628357,0.4855988621711731,4,False
M1_global_dev_conditioned_continuous,R-566,(GI-UX) File & Print,software_support,0.15228766202926636,0.1535760760307312,0.0012884140014648438,0.12,0.14953271028037382,0.029532710280373825,0.4619560241699219,0.429413378238678,0.019443541765213013,0.050228118896484375,5,False
M1_global_dev_conditioned_continuous,R-57,(BF) Information Security Office,admin_rights,0.6879339218139648,0.6714265942573547,-0.016507327556610107,0.16574585635359115,0.1399548532731377,-0.025791003080453456,0.8733963966369629,0.8592293858528137,0.013550758361816406,0.027166247367858887,3,False
M1_global_dev_conditioned_continuous,R-570,(GI-IaaS) Development Platform,software_license,0.769942581653595,0.6959367990493774,-0.07400578260421753,0.33552631578947373,0.2483660130718954,-0.08716030271757833,0.8286571502685547,0.7612481713294983,0.07678943872451782,0.09112578630447388,5,False
M1_global_dev_conditioned_continuous,R-571,(GI-IaaS) Development Platform,software_license,0.6852433681488037,0.7437701225280762,0.05852675437927246,0.26837060702875404,0.3446153846153846,0.07624477758663056,0.6968128681182861,0.6430720090866089,0.05938005447387695,0.07041341066360474,4,False
M1_global_dev_conditioned_continuous,R-572,(GI-IaaS) Development Platform,software_license,0.7014076709747314,0.6941655278205872,-0.007242143154144287,0.28307692307692306,0.27299703264094954,-0.010079890435973515,0.8843713998794556,0.8624064326286316,0.0,0.0551145076751709,5,False
M1_global_dev_conditioned_continuous,R-573,(GI-UX) Account Management,collaboration,0.8728058338165283,0.8238223791122437,-0.04898345470428467,0.4060721062618596,0.40996168582375475,0.0038895795618951734,0.9536957144737244,0.8926901817321777,0.004688560962677002,0.2718331217765808,5,False
M1_global_dev_conditioned_continuous,R-577,(GI-UX) File & Print,onboarding,0.8205814361572266,0.9218432903289795,0.10126185417175293,0.8000000000000002,0.8648648648648648,0.06486486486486465,0.9807201623916626,0.9795693159103394,0.00017410516738891602,0.0031426548957824707,3,False
M1_global_dev_conditioned_continuous,R-576,(GI-UX) Account Management,onboarding,0.6747599840164185,0.7076776027679443,0.03291761875152588,0.4810126582278481,0.44307692307692303,-0.037935735150925076,0.8903993368148804,0.8713169097900391,0.016204118728637695,0.028824329376220703,0,False
M1_global_dev_conditioned_continuous,R-578,(GI-UX) Account Management,onboarding,0.8865333199501038,0.7702045440673828,-0.11632877588272095,0.6123778501628665,0.5562913907284768,-0.056086459434389724,0.9129790663719177,0.9028965830802917,0.007589995861053467,0.01756519079208374,0,False
M1_global_dev_conditioned_continuous,R-585,(GI-UX) File & Print,onboarding,0.7441296577453613,0.11552567034959793,-0.6286039873957634,0.6153846153846154,0.07643312101910829,-0.5389514943655072,0.9918771982192993,0.9904540777206421,0.0005685687065124512,0.0027316808700561523,0,False
M1_global_dev_conditioned_continuous,R-59,(GI-UX) Group,password_reset,0.841679036617279,0.8528035879135132,0.01112455129623413,0.31683168316831684,0.2882882882882883,-0.02854339488002855,0.824127197265625,0.7558659315109253,0.02934819459915161,0.11715978384017944,4,False
M1_global_dev_conditioned_continuous,R-590,(GI-UX) Group,admin_rights,0.6682488918304443,0.7143158912658691,0.046066999435424805,0.16375545851528386,0.15167930660888404,-0.012076151906399823,0.8415732979774475,0.82709801197052,0.00842660665512085,0.029649436473846436,2,False
M1_global_dev_conditioned_continuous,R-591,(GI-UX) File & Print,onboarding,0.7519643902778625,0.15727171301841736,-0.5946926772594452,0.6153846153846154,0.050955414012738856,-0.5644292013718766,0.9917552471160889,0.990325927734375,0.00044667720794677734,0.002347588539123535,0,False
M1_global_dev_conditioned_continuous,R-60,(GI-UX) Application,absence,0.6459171772003174,0.7138592004776001,0.06794202327728271,0.4183006535947712,0.375,-0.0433006535947712,0.6646742820739746,0.6235898733139038,0.01415705680847168,0.07959866523742676,3,False
M1_global_dev_conditioned_continuous,R-593,(GI-CF) Robot Process Automation,admin_rights,0.6509029865264893,0.6644465923309326,0.01354360580444336,0.1945945945945946,0.1648106904231626,-0.029783904171432007,0.9621644616127014,0.7143024206161499,0.3030741810798645,0.32108479738235474,2,False
M1_global_dev_conditioned_continuous,R-606,(GI-CyberSec) Security Operation Center,email_support,0.8741787672042847,0.8597990870475769,-0.014379680156707764,0.3,0.2580645161290323,-0.04193548387096768,0.685208797454834,0.5793882012367249,0.03302896022796631,0.20391616225242615,5,False
M1_global_dev_conditioned_continuous,R-607,(GI-IaaS) Development Platform,other,0.5427366495132446,0.5984172821044922,0.05568063259124756,0.2318840579710145,0.253968253968254,0.022084195997239514,0.6137546300888062,0.5571531057357788,0.0031329989433288574,0.11513549089431763,4,False
M1_global_dev_conditioned_continuous,R-614,(GI-UX) File & Print,software_support,0.5550572872161865,0.6346402168273926,0.07958292961120605,0.45161290322580644,0.4727272727272727,0.02111436950146628,0.6448843479156494,0.5408893823623657,0.07044440507888794,0.1687946319580078,4,False
M1_global_dev_conditioned_continuous,R-612,(GI-CF) Robot Process Automation,admin_rights,0.6431934833526611,0.6935953497886658,0.05040186643600464,0.16089385474860335,0.17002237136465323,0.009128516616049881,0.9395609498023987,0.7310537099838257,0.0021356940269470215,0.3660052418708801,3,False
M1_global_dev_conditioned_continuous,R-617,(GI-UX) Windows,other,0.6551302075386047,0.5792950391769409,-0.07583516836166382,0.16768916155419222,0.23076923076923078,0.06308006921503856,0.7516289353370667,0.6265877485275269,0.1275838017463684,0.18044227361679077,4,False
M1_global_dev_conditioned_continuous,R-621,(GI-CF) Robot Process Automation,admin_rights,0.5336750745773315,0.5587434768676758,0.02506840229034424,0.09828009828009827,0.10895883777239711,0.010678739492298833,0.825417160987854,0.8000892400741577,0.010160088539123535,0.04482614994049072,4,False
M1_global_dev_conditioned_continuous,R-624,(GI-SaaS) Salesforce,admin_rights,0.7926929593086243,0.7074894905090332,-0.08520346879959106,0.24932975871313673,0.21385542168674695,-0.035474337026389774,0.8489986658096313,0.7555443644523621,0.0049225687980651855,0.19865989685058594,3,False
M1_global_dev_conditioned_continuous,R-625,(GI-IaaS) Development Platform,other,0.4220008850097656,0.30663177371025085,-0.11536911129951477,0.11,0.1164021164021164,0.006402116402116395,0.5079503655433655,0.48600441217422485,0.009331166744232178,0.056122541427612305,4,False
M1_global_dev_conditioned_continuous,R-63,(GI-SaaS) SAP & Synertrade,other,0.8631719350814819,0.8357312679290771,-0.027440667152404785,0.4,0.5,0.09999999999999998,0.898497462272644,0.5590146780014038,0.40168285369873047,0.4532068967819214,1,False
M1_global_dev_conditioned_continuous,R-631,"(GI-IaaS) Network On-Prem (LAN,WLAN,WAN 2nd level)",vpn_access,0.8350437879562378,0.8747953176498413,0.039751529693603516,0.21201413427561838,0.32051282051282054,0.10849868623720216,0.6066684722900391,0.5710955262184143,0.008240580558776855,0.06995844841003418,4,False
M1_global_dev_conditioned_continuous,R-636,(GI-UX) Group,software_license,0.6731675863265991,0.6699441075325012,-0.0032234787940979004,0.16589861751152074,0.17817371937639195,0.012275101864871213,0.5845530033111572,0.5133951306343079,0.04744243621826172,0.10579997301101685,3,False
M1_global_dev_conditioned_continuous,R-645,(GI-SaaS) SAP & Synertrade,enterprise_systems,0.7847170829772949,0.6925726532936096,-0.0921444296836853,0.14935064935064934,0.15333333333333332,0.003982683982683977,0.5966615080833435,0.5868132710456848,0.010907948017120361,0.01512986421585083,3,False
M1_global_dev_conditioned_continuous,R-638,(GI-IaaS) Development Platform,project_tools,0.3755979537963867,0.41951143741607666,0.04391348361968994,0.13043478260869565,0.14814814814814814,0.01771336553945249,0.5026131868362427,0.4606477618217468,0.006351351737976074,0.08003216981887817,3,False
M1_global_dev_conditioned_continuous,R-646,(GI-CF) Robot Process Automation,admin_rights,0.675873875617981,0.6051937341690063,-0.07068014144897461,0.12646370023419204,0.14011299435028252,0.013649294116090477,0.7352818846702576,0.7177214622497559,0.008325636386871338,0.03660011291503906,2,False
M1_global_dev_conditioned_continuous,R-647,(GI-UX) File & Print,access_problem,0.829626202583313,0.8180545568466187,-0.011571645736694336,0.33112582781456956,0.37037037037037035,0.03924454255580079,0.7343599796295166,0.7007355093955994,0.012746453285217285,0.05733442306518555,4,False
M1_global_dev_conditioned_continuous,R-653,(GI-UX) File & Print,onboarding,0.7241608500480652,0.9914724826812744,0.26731163263320923,0.6666666666666665,0.9268292682926829,0.26016260162601634,0.9748132228851318,0.9727548360824585,0.0018661022186279297,0.003954172134399414,3,False
M1_global_dev_conditioned_continuous,R-651,(GI-UX) File & Print,hardware_support,0.23610667884349823,0.25367578864097595,0.017569109797477722,0.1923076923076923,0.1568627450980392,-0.03544494720965308,0.5121114253997803,0.42677029967308044,0.013784736394882202,0.173026442527771,4,False
M1_global_dev_conditioned_continuous,R-669,(GI-IaaS) Development Platform,software_license,0.829723596572876,0.8276862502098083,-0.002037346363067627,0.2716049382716049,0.2795031055900621,0.007898167318457161,1.0000001192092896,0.9535665512084961,0.0,0.11608397960662842,5,False
M1_global_dev_conditioned_continuous,R-671,(GI-IaaS) Development Platform,software_license,0.8531920909881592,0.8388729095458984,-0.014319181442260742,0.26829268292682923,0.3058103975535168,0.03751771462668757,1.0000001192092896,0.9535665512084961,0.0,0.11608397960662842,5,False
M1_global_dev_conditioned_continuous,R-680,(GI-IaaS) Development Platform,software_license,0.8852930068969727,0.8816450834274292,-0.003647923469543457,0.29333333333333333,0.2977346278317152,0.004401294498381891,0.8856897354125977,0.8773742914199829,0.007025480270385742,0.01151728630065918,4,False
M1_global_dev_conditioned_continuous,R-686,(GI-IaaS) Development Platform,software_license,0.8573402166366577,0.8297600150108337,-0.027580201625823975,0.3108108108108108,0.29931972789115646,-0.011491082919654338,0.8271549940109253,0.7695133686065674,0.04604971408843994,0.09837996959686279,3,False
M1_global_dev_conditioned_continuous,R-691,(GI-IaaS) Development Platform,software_license,0.8127389550209045,0.7940720319747925,-0.01866692304611206,0.2962962962962963,0.22740524781341107,-0.06889104848288521,0.7778307199478149,0.769692063331604,0.004742860794067383,0.019510746002197266,3,False
M1_global_dev_conditioned_continuous,R-708,(GI-CF) Robot Process Automation,admin_rights,0.5423585176467896,0.6384376883506775,0.09607917070388794,0.127208480565371,0.0967741935483871,-0.03043428701698392,0.7057700157165527,0.6325783133506775,0.026960134506225586,0.11633890867233276,4,False
M1_global_dev_conditioned_continuous,R-709,(GI-UX) Group,software_license,0.5730290412902832,0.4790145456790924,-0.0940144956111908,0.2004264392324094,0.10864197530864197,-0.09178446392376743,0.650195837020874,0.6290812492370605,0.0035103559494018555,0.043591856956481934,2,False
M1_global_dev_conditioned_continuous,R-713,(GI-IaaS) Development Platform,software_license,0.8734642267227173,0.8353615999221802,-0.03810262680053711,0.3003194888178914,0.2786377708978328,-0.021681717920058574,0.916827917098999,0.8876646161079407,0.023847639560699463,0.04497617483139038,4,False
M1_global_dev_conditioned_continuous,R-715,(GI-CF) Robot Process Automation,admin_rights,0.5532107949256897,0.5383081436157227,-0.014902651309967041,0.14645308924485126,0.09056603773584906,-0.055887051509002195,0.688135027885437,0.6783913373947144,0.005608797073364258,0.015694618225097656,2,False
M1_global_dev_conditioned_continuous,R-72,(LF) IT Office Access Italy,offboarding,0.8092120885848999,0.924868106842041,0.11565601825714111,0.6190476190476191,0.7777777777777778,0.15873015873015872,0.974276602268219,0.9725666046142578,0.0014901161193847656,0.002658665180206299,2,False
M1_global_dev_conditioned_continuous,R-726,(LF) IT Office Access Italy,offboarding,0.9111438393592834,0.9111438393592834,0.0,0.8235294117647058,0.8235294117647058,0.0,0.823729932308197,0.7974510192871094,0.025071322917938232,0.03790193796157837,1,False
M1_global_dev_conditioned_continuous,R-73,(GI-IaaS) Backend Application Srv. & Project Support,offboarding,0.8128095269203186,0.9110293984413147,0.0982198715209961,0.7,0.7567567567567567,0.05675675675675673,0.9709506034851074,0.9672124981880188,0.003068089485168457,0.00550234317779541,2,False
M1_global_dev_conditioned_continuous,R-740,(GI-UX) Group,software_license,0.41101571917533875,0.47274109721183777,0.06172537803649902,0.20718816067653278,0.14798206278026907,-0.059206097896263715,0.9223726987838745,0.8701518177986145,0.023540079593658447,0.11268281936645508,5,False
M1_global_dev_conditioned_continuous,R-732,(GI-UX) Network Access,vpn_access,0.8851820230484009,0.9050358533859253,0.019853830337524414,0.3003003003003003,0.419889502762431,0.11958920246213067,0.6431130170822144,0.6064165830612183,0.03839594125747681,0.05147385597229004,3,False
M1_global_dev_conditioned_continuous,R-741,(GI-SaaS) Salesforce,enterprise_systems,0.6126590967178345,0.6345962285995483,0.021937131881713867,0.30158730158730157,0.2568093385214008,-0.04477796306590076,0.5828491449356079,0.515905499458313,0.0582197904586792,0.10196185111999512,2,False
M1_global_dev_conditioned_continuous,R-75,(GI-IaaS) Backend Application Srv. & Project Support,offboarding,0.875771164894104,0.9002376198768616,0.02446645498275757,0.75,0.8235294117647058,0.07352941176470584,0.95749831199646,0.9551162719726562,0.0018569231033325195,0.004061698913574219,1,False
M1_global_dev_conditioned_continuous,R-754,(GI-UX) File & Print,onboarding,0.7076236009597778,0.11783216893672943,-0.5897914320230484,0.6,0.06504065040650406,-0.5349593495934959,0.9841275811195374,0.9829261898994446,0.0002778172492980957,0.002031981945037842,0,False
M1_global_dev_conditioned_continuous,R-755,(GI-UX) Account Management,onboarding,0.9563822746276855,0.8589998483657837,-0.09738242626190186,0.8562691131498472,0.45360824742268047,-0.40266086572716675,0.9943743944168091,0.9911378026008606,0.0031211376190185547,0.004416525363922119,1,False
M1_global_dev_conditioned_continuous,R-757,(GI-UX) Account Management,onboarding,0.9019793272018433,0.9021631479263306,0.0001838207244873047,0.5714285714285714,0.610062893081761,0.038634321653189585,0.9744294285774231,0.9579450488090515,0.014826297760009766,0.022920072078704834,2,False
M1_global_dev_conditioned_continuous,R-759,(GI-UX) Group,software_license,0.6078176498413086,0.600081741809845,-0.007735908031463623,0.267223382045929,0.16450216450216448,-0.10272121754376451,0.5550193786621094,0.49548912048339844,0.0,0.11663821339607239,3,False
M1_global_dev_conditioned_continuous,R-760,(GI-UX) Group,software_support,0.41923969984054565,0.45103561878204346,0.0317959189414978,0.2033898305084746,0.1509433962264151,-0.0524464342820595,0.6094628572463989,0.5465752482414246,0.06775987148284912,0.09590506553649902,4,False
M1_global_dev_conditioned_continuous,R-765,(GI-UX) File & Print,onboarding,0.6419122219085693,0.20265725255012512,-0.4392549693584442,0.4067796610169491,0.07692307692307693,-0.3298565840938722,0.9499793648719788,0.9460284113883972,0.003527343273162842,0.008068561553955078,1,False
M1_global_dev_conditioned_continuous,R-772,(BF) Information Security Office,admin_rights,0.7412413358688354,0.6797229647636414,-0.06151837110519409,0.16685714285714284,0.20242024202420242,0.035563099167059575,0.6003344058990479,0.5774829983711243,0.006005764007568359,0.05610024929046631,4,False
M1_global_dev_conditioned_continuous,R-775,(GI-UX) Network Access,vpn_access,0.8891221880912781,0.9133181571960449,0.024195969104766846,0.3313953488372093,0.42777777777777776,0.09638242894056848,0.9339691400527954,0.9155027270317078,0.0008687973022460938,0.0566868782043457,4,False
M1_global_dev_conditioned_continuous,R-783,(GI-UX) File & Print,onboarding,0.7180896997451782,0.1151420846581459,-0.6029476150870323,0.5416666666666667,0.06535947712418301,-0.47630718954248374,0.9876525402069092,0.9859907031059265,0.001243293285369873,0.0026163458824157715,0,False
M1_global_dev_conditioned_continuous,R-788,(GI-UX) Account Management,onboarding,0.8917371034622192,0.8983985185623169,0.006661415100097656,0.6459627329192547,0.6625386996904025,0.01657596677114781,0.9885249137878418,0.9878443479537964,0.0003762245178222656,0.0012755393981933594,0,False
M1_global_dev_conditioned_continuous,R-795,(GI-UX) Group,onboarding,0.9759930372238159,0.9753314256668091,-0.0006616115570068359,0.85,0.9,0.050000000000000044,0.9831502437591553,0.9813467264175415,0.0017415285110473633,0.002708911895751953,2,False
M1_global_dev_conditioned_continuous,R-792,(GI-UX) Account Management,onboarding,0.7340101003646851,0.9052976965904236,0.17128759622573853,0.31128404669260706,0.6706948640483384,0.3594108173557314,0.9867312908172607,0.9849880337715149,0.0020084381103515625,0.0023283958435058594,2,False
M1_global_dev_conditioned_continuous,R-801,(GI-SM) Service Desk,software_license,0.8585919737815857,0.8647663593292236,0.0061743855476379395,0.22222222222222224,0.2789317507418398,0.05670952851961755,0.9333515167236328,0.9068835377693176,0.0049779415130615234,0.06235063076019287,5,False
M1_global_dev_conditioned_continuous,R-808,(GI-UX) Application,other,0.5979365706443787,0.638930082321167,0.04099351167678833,0.3813953488372093,0.415929203539823,0.034533854702613664,0.737634003162384,0.6701946258544922,0.052896320819854736,0.11598092317581177,4,False
M1_global_dev_conditioned_continuous,R-802,(GI-UX) File & Print,onboarding,0.7810916900634766,0.1239655464887619,-0.6571261435747147,0.6842105263157895,0.056338028169014086,-0.6278724981467754,0.9897894859313965,0.9881144762039185,0.0002765059471130371,0.0033392906188964844,0,False
M1_global_dev_conditioned_continuous,R-814,(GI-UX) File & Print,other,0.6857014894485474,0.7834266424179077,0.09772515296936035,0.2758620689655173,0.3448275862068966,0.06896551724137928,0.9914794564247131,0.9875897169113159,0.003183305263519287,0.006136715412139893,3,False
M1_global_dev_conditioned_continuous,R-812,(GI-UX) Group,software_support,0.12045449018478394,0.13365969061851501,0.013205200433731079,0.09999999999999999,0.09174311926605504,-0.008256880733944955,0.7272045612335205,0.6604440808296204,0.025162100791931152,0.12768924236297607,4,False
M1_global_dev_conditioned_continuous,R-818,(GI-IaaS) Development Platform,software_license,0.7574946284294128,0.7786718606948853,0.021177232265472412,0.29139072847682124,0.311864406779661,0.02047367830283975,0.8617717027664185,0.8513213396072388,0.0,0.036469221115112305,5,False
M1_global_dev_conditioned_continuous,R-823,(GI-IaaS) Development Platform,software_license,0.7703371644020081,0.8046540021896362,0.034316837787628174,0.3017751479289941,0.3042071197411003,0.002431971812106193,0.9128170013427734,0.904933750629425,0.0,0.02781689167022705,5,False
M1_global_dev_conditioned_continuous,R-825,(GI-IaaS) Development Platform,other,0.36532241106033325,0.37085258960723877,0.005530178546905518,0.015625,0.017241379310344827,0.0016163793103448273,0.8100952506065369,0.8086192011833191,0.0,0.005669951438903809,4,False
M1_global_dev_conditioned_continuous,R-826,(GI-UX) Group,hardware_support,0.4850296378135681,0.40501338243484497,-0.08001625537872314,0.11881188118811882,0.12121212121212119,0.0024002400240023675,0.641083836555481,0.6015691757202148,0.0018303990364074707,0.06789135932922363,0,False
M1_global_dev_conditioned_continuous,R-827,(GI-IaaS) Azure Data Center,other,0.13430865108966827,0.22268353402614594,0.08837488293647766,0.05405405405405406,0.09411764705882353,0.04006359300476947,0.4551165699958801,0.42057904601097107,0.009950697422027588,0.07207697629928589,3,False
M1_global_dev_conditioned_continuous,R-833,(GI-SM) Service Desk,other,0.14906136691570282,0.1689029335975647,0.019841566681861877,0.09448818897637795,0.08917197452229299,-0.005316214454084964,0.6208144426345825,0.5487520694732666,0.05161553621292114,0.10514295101165771,3,False
M1_global_dev_conditioned_continuous,R-85,(GI-UX) Account Management,offboarding,0.9895293116569519,0.5163272619247437,-0.47320204973220825,0.9821428571428571,0.14285714285714285,-0.8392857142857142,0.9431507587432861,0.9416660070419312,0.0006644725799560547,0.004017949104309082,0,False
M1_global_dev_conditioned_continuous,R-838,(GI-IaaS) Backend M365 (2nd level),other,0.22820402681827545,0.1773366630077362,-0.050867363810539246,0.10796915167095116,0.11140583554376658,0.003436683872815427,0.780945897102356,0.5734971761703491,0.0037114620208740234,0.3747769594192505,5,False
M1_global_dev_conditioned_continuous,R-850,(GI-UX) Account Management,email_support,0.7612293362617493,0.6523389220237732,-0.10889041423797607,0.390625,0.31496062992125984,-0.07566437007874016,0.8512862920761108,0.681406557559967,0.10777199268341064,0.2506348490715027,5,False
M1_global_dev_conditioned_continuous,R-856,"(GI-IaaS) Network On-Prem (LAN,WLAN,WAN 2nd level)",other,0.39832624793052673,0.4842555522918701,0.08592930436134338,0.3924050632911392,0.39285714285714285,0.000452079566003627,0.5832465887069702,0.5326996445655823,0.04444795846939087,0.07424777746200562,5,False
M1_global_dev_conditioned_continuous,R-86,(GI-IaaS) Backend Application Srv. & Project Support,offboarding,0.9020517468452454,0.9020517468452454,0.0,0.7647058823529412,0.7647058823529412,0.0,0.9814795255661011,0.9749930500984192,0.0072002410888671875,0.008746504783630371,0,False
M1_global_dev_conditioned_continuous,R-858,"(GI-IaaS) Network Cloud (Azure, Remote Access)",vpn_access,0.8951030969619751,0.8959031701087952,0.0008000731468200684,0.3367697594501718,0.3763066202090593,0.039536860758887515,0.7019479870796204,0.5769409537315369,0.14184385538101196,0.1734967827796936,2,False
M1_global_dev_conditioned_continuous,R-870,(GI-UX) File & Print,onboarding,0.7425475120544434,0.9618426561355591,0.21929514408111572,0.6486486486486486,0.8205128205128205,0.1718641718641719,0.987468957901001,0.9840095639228821,0.0007691383361816406,0.00670093297958374,4,False
M1_global_dev_conditioned_continuous,R-888,(GI-UX) File & Print,other,0.7321215867996216,0.8303385972976685,0.09821701049804688,0.3076923076923077,0.5806451612903226,0.2729528535980149,0.9911747574806213,0.9900017976760864,0.0007495284080505371,0.0020864009857177734,3,False
M1_global_dev_conditioned_continuous,R-871,(GI-UX) Account Management,onboarding,0.8948476314544678,0.7649053335189819,-0.12994229793548584,0.6708860759493671,0.46527777777777773,-0.20560829817158938,0.9604579210281372,0.9547654986381531,0.0053855180740356445,0.009237110614776611,3,False
M1_global_dev_conditioned_continuous,R-899,(GI-UX) File & Print,onboarding,0.9095966815948486,0.7806785106658936,-0.12891817092895508,0.85,0.5945945945945946,-0.25540540540540535,0.9903714656829834,0.9858673214912415,0.002606332302093506,0.00818490982055664,4,False
M1_global_dev_conditioned_continuous,R-902,(GI-UX) File & Print,onboarding,0.8220914602279663,0.1859843134880066,-0.6361071467399597,0.7272727272727274,0.09090909090909091,-0.6363636363636365,0.9870439767837524,0.985967755317688,0.0005794167518615723,0.002109229564666748,0,False
M1_global_dev_conditioned_continuous,R-904,(GI-UX) File & Print,onboarding,0.9046282172203064,0.11947951465845108,-0.7851487025618553,0.8235294117647058,0.05970149253731343,-0.7638279192273925,0.9900925159454346,0.9861448407173157,0.003596663475036621,0.005995690822601318,0,False
M1_global_dev_conditioned_continuous,R-91,(GI-UX) Group,software_license,0.7335789799690247,0.6508291959762573,-0.08274978399276733,0.1990950226244344,0.19580419580419578,-0.0032908268202386237,0.7685316801071167,0.7149326205253601,0.01776498556137085,0.1198662519454956,3,False
M1_global_dev_conditioned_continuous,R-905,(GI-UX) Account Management,onboarding,0.8719974756240845,0.9621667265892029,0.09016925096511841,0.576388888888889,0.8171428571428573,0.24075396825396833,0.9919266700744629,0.9906104207038879,0.0007760524749755859,0.002077639102935791,2,False
M1_global_dev_conditioned_continuous,R-917,(GI-IaaS) Development Platform,project_tools,0.5891363620758057,0.8561498522758484,0.2670134902000427,0.2580645161290322,0.5617977528089888,0.3037332366799566,0.5490164756774902,0.4784184992313385,0.0330885648727417,0.12197023630142212,3,False
M1_global_dev_conditioned_continuous,R-923,(GI-UX) Group,admin_rights,0.7277680039405823,0.5484557747840881,-0.17931222915649414,0.1334894613583138,0.1033210332103321,-0.030168428147981693,0.5125280618667603,0.49387866258621216,0.017370522022247314,0.034596651792526245,3,False
M1_global_dev_conditioned_continuous,R-919,(BF) Information Security Office,admin_rights,0.667422890663147,0.7956585884094238,0.12823569774627686,0.13942857142857143,0.17218543046357618,0.03275685903500475,0.985489547252655,0.906927227973938,0.07662343978881836,0.11098039150238037,3,False
M1_global_dev_conditioned_continuous,R-926,(GI-IaaS) Development Platform,other,0.6930964589118958,0.7141684293746948,0.021071970462799072,0.16748768472906403,0.12727272727272726,-0.04021495745633677,0.6818645000457764,0.6392947435379028,0.047805070877075195,0.057219743728637695,4,False
M1_global_dev_conditioned_continuous,R-929,(GI-UX) Account Management,onboarding,0.8169187307357788,0.8044714331626892,-0.0124472975730896,0.6204620462046204,0.5159235668789809,-0.10453847932563953,0.9818878769874573,0.9800585508346558,0.00046831369400024414,0.003041505813598633,2,False
M1_global_dev_conditioned_continuous,R-93,(GI-CF) Robot Process Automation,admin_rights,0.43758711218833923,0.34134095907211304,-0.0962461531162262,0.09641532756489493,0.0921544209215442,-0.004260906643350729,0.8599211573600769,0.8113468885421753,0.027642667293548584,0.0718887448310852,5,False
M1_global_dev_conditioned_continuous,R-930,(GI-IaaS) Development Platform,software_license,0.8196015357971191,0.8559764623641968,0.03637492656707764,0.3384615384615385,0.3167701863354037,-0.021691352126134766,0.9168280363082886,0.8777042627334595,0.031792640686035156,0.06542479991912842,5,False
M1_global_dev_conditioned_continuous,R-933,(GI-IaaS) Development Platform,other,0.7690291404724121,0.79518723487854,0.02615809440612793,0.24342105263157895,0.27414330218068533,0.03072224954910638,0.7317225337028503,0.6246681809425354,0.11342358589172363,0.15185308456420898,4,False
M1_global_dev_conditioned_continuous,R-932,(GI-SaaS) Salesforce,admin_rights,0.7272316217422485,0.8004583120346069,0.0732266902923584,0.19316493313521543,0.24343015214384509,0.05026521900862965,0.7873700857162476,0.6491732597351074,0.02696216106414795,0.26337671279907227,3,False
M1_global_dev_conditioned_continuous,R-936,(GI-UX) File & Print,other,0.8382248878479004,0.7806450724601746,-0.05757981538772583,0.625,0.4,-0.22499999999999998,0.991174578666687,0.9878624677658081,0.0011273622512817383,0.006195008754730225,4,False
M1_global_dev_conditioned_continuous,R-942,(GI-UX) Account Management,onboarding,0.37375950813293457,0.31287020444869995,-0.06088930368423462,0.0717948717948718,0.061224489795918366,-0.010570381998953438,0.9261789321899414,0.8989027142524719,0.02841353416442871,0.04050123691558838,3,False
M1_global_dev_conditioned_continuous,R-943,"(GI-IaaS) Network On-Prem (LAN,WLAN,WAN 2nd level)",vpn_access,0.48199769854545593,0.5671428442001343,0.08514514565467834,0.19801980198019803,0.11805555555555554,-0.07996424642464249,0.5770089030265808,0.5310161113739014,0.05252581834793091,0.06702327728271484,3,False
M1_global_dev_conditioned_continuous,R-944,(GI-IaaS) Backend Application Srv. & Project Support,offboarding,0.988696813583374,0.8881419897079468,-0.10055482387542725,0.85,0.7894736842105262,-0.06052631578947376,0.9905260801315308,0.9890867471694946,0.0012128353118896484,0.0031470060348510742,0,False
M1_global_dev_conditioned_continuous,R-947,(GI-UX) Account Management,offboarding,0.9979963302612305,0.49150487780570984,-0.5064914524555206,0.9821428571428571,0.15,-0.8321428571428571,0.973723828792572,0.9720679521560669,0.0003209710121154785,0.004388391971588135,0,False
M1_global_dev_conditioned_continuous,R-953,(GI-CF) Robot Process Automation,admin_rights,0.4565059542655945,0.3505665361881256,-0.10593941807746887,0.0819277108433735,0.07371007371007371,-0.008217637133299788,0.7307182550430298,0.7228760123252869,0.006448805332183838,0.019195914268493652,1,False
M1_global_dev_conditioned_continuous,R-954,(GI-UX) File & Print,onboarding,0.6802774667739868,0.1292542666196823,-0.5510232001543045,0.6153846153846154,0.07407407407407408,-0.5413105413105413,0.9814780950546265,0.979505181312561,0.0018748044967651367,0.003499269485473633,0,False
M1_global_dev_conditioned_continuous,R-964,(GI-UX) Network Access,vpn_access,0.7325417399406433,0.8952717781066895,0.16273003816604614,0.3356643356643357,0.397212543554007,0.0615482078896713,0.963829755783081,0.6659331917762756,0.356475293636322,0.38808971643447876,4,False
M1_global_dev_conditioned_continuous,R-966,(GI-UX) Account Management,email_support,0.6770340800285339,0.4442853331565857,-0.23274874687194824,0.33333333333333337,0.13761467889908255,-0.19571865443425082,0.8512864112854004,0.6717773675918579,0.09204578399658203,0.3293439745903015,5,False
M1_global_dev_conditioned_continuous,R-967,(LF) IT Office Access Italy,office_access,0.5673980712890625,0.7829904556274414,0.2155923843383789,0.45454545454545453,0.4716981132075472,0.017152658662092646,0.9390976428985596,0.9003855586051941,0.045147478580474854,0.05617743730545044,3,False
M1_global_dev_conditioned_continuous,R-985,(GI-UX) Account Management,offboarding,0.9895293116569519,0.46824389696121216,-0.5212854146957397,0.9821428571428571,0.1927710843373494,-0.7893717728055076,0.9874145984649658,0.9852105379104614,4.661083221435547e-05,0.004625201225280762,0,False
M1_global_dev_conditioned_continuous,R-990,(GI-IaaS) Development Platform,access_problem,0.458732008934021,0.47874635457992554,0.02001434564590454,0.10218978102189781,0.078125,-0.02406478102189781,0.8491711020469666,0.5884672403335571,0.29683881998062134,0.35192176699638367,4,False
M1_global_dev_conditioned_continuous,R-991,(GI-IaaS) Development Platform,access_problem,0.45511865615844727,0.4951333701610565,0.04001471400260925,0.07751937984496124,0.09022556390977444,0.012706184064813206,0.8523308634757996,0.7037206888198853,0.16148585081100464,0.2115054726600647,5,False
M1_global_dev_conditioned_continuous,R-997,(GI-UX) Unified Communication,other,0.19183218479156494,0.14900165796279907,-0.04283052682876587,0.14754098360655737,0.16216216216216217,0.014621178555604797,0.640261173248291,0.5291224718093872,0.010365426540374756,0.1899217665195465,4,False
M2_team_dev_conditioned_continuous,R-100,(GI-IaaS) Admin - Local IT purchase,other,0.5895600318908691,0.5895600318908691,0.0,0.5,0.5,0.0,0.4417307376861572,0.4262809157371521,0.0009710788726806641,0.030615508556365967,4,False
M2_team_dev_conditioned_continuous,R-1002,(GI-UX) File & Print,onboarding,0.8262795805931091,0.8718404769897461,0.04556089639663696,0.7272727272727274,0.7692307692307692,0.04195804195804176,0.9835428595542908,0.9823434948921204,0.0007875561714172363,0.002096116542816162,0,False
M2_team_dev_conditioned_continuous,R-1004,(GI-UX) File & Print,onboarding,0.7451382875442505,0.9334040880203247,0.18826580047607422,0.6486486486486486,0.8648648648648648,0.21621621621621623,0.9802106022834778,0.9760651588439941,0.004369080066680908,0.0062806010246276855,1,False
M2_team_dev_conditioned_continuous,R-1006,(GI-IaaS) Development Platform,software_license,0.858873724937439,0.8543277978897095,-0.004545927047729492,0.2751677852348994,0.2754098360655738,0.0002420508306744118,0.9273176193237305,0.900359034538269,0.0,0.07632613182067871,4,False
M2_team_dev_conditioned_continuous,R-1003,(GI-UX) Account Management,onboarding,0.8615769743919373,0.8629366159439087,0.0013596415519714355,0.5460526315789473,0.5815602836879432,0.03550765210899587,0.9898489713668823,0.9877109527587891,0.002393960952758789,0.0030056238174438477,5,False
M2_team_dev_conditioned_continuous,R-1007,(GI-UX) Group,vpn_access,0.8702541589736938,0.6089253425598145,-0.2613288164138794,0.2794117647058823,0.0891089108910891,-0.1903028538147932,0.7904136180877686,0.6832613945007324,0.1014372706413269,0.14977645874023438,2,False
M2_team_dev_conditioned_continuous,R-1016,(GI-UX) Group,software_support,0.5377545952796936,0.525493323802948,-0.012261271476745605,0.16666666666666669,0.16216216216216217,-0.004504504504504514,0.7709735035896301,0.730560839176178,0.03222852945327759,0.05926424264907837,2,False
M2_team_dev_conditioned_continuous,R-1021,(GI-SM) Service Desk,other,0.08451848477125168,0.17621877789497375,0.09170029312372208,0.018461538461538463,0.0243161094224924,0.005854570960953938,0.5464298129081726,0.49958673119544983,0.02174907922744751,0.08864825963973999,2,False
M2_team_dev_conditioned_continuous,R-1020,(BF) Information Security Office,admin_rights,0.7069748044013977,0.6235114336013794,-0.08346337080001831,0.13574660633484162,0.16339869281045752,0.0276520864756159,0.7411284446716309,0.6947420239448547,0.032095909118652344,0.08486711978912354,2,False
M2_team_dev_conditioned_continuous,R-1024,(GI-UX) Windows,admin_rights,0.6480311155319214,0.6819428205490112,0.033911705017089844,0.1599099099099099,0.14446952595936793,-0.015440383950541953,0.9945774674415588,0.8743798136711121,0.13314872980117798,0.16711223125457764,3,False
M2_team_dev_conditioned_continuous,R-1032,(GI-CF) Robot Process Automation,admin_rights,0.6140122413635254,0.6679445505142212,0.0539323091506958,0.14831981460023172,0.11922141119221412,-0.0290984034080176,0.7944412231445312,0.7735104560852051,0.006741166114807129,0.048583924770355225,3,False
M2_team_dev_conditioned_continuous,R-1036,(LF) IT Office Access Italy,office_access,0.7941827774047852,0.7457429766654968,-0.04843980073928833,0.48076923076923084,0.4854368932038835,0.004667662434652664,0.9019222259521484,0.88750821352005,0.004760026931762695,0.035939812660217285,5,False
M2_team_dev_conditioned_continuous,R-1033,(GI-UX) Network Access,vpn_access,0.908271074295044,0.9276027679443359,0.019331693649291992,0.34848484848484845,0.3507462686567164,0.0022614201718679228,0.8120355606079102,0.6854199767112732,0.01991981267929077,0.22287887334823608,2,False
M2_team_dev_conditioned_continuous,R-1039,(GI-IaaS) Development Platform,other,0.5399194955825806,0.5749785900115967,0.03505909442901611,0.12658227848101267,0.23333333333333334,0.10675105485232067,0.44303590059280396,0.39604097604751587,0.028113096952438354,0.08270794153213501,0,False
M2_team_dev_conditioned_continuous,R-105,(GI-UX) File & Print,hardware_support,0.18560701608657837,0.23784810304641724,0.05224108695983887,0.1724137931034483,0.18823529411764706,0.01582150101419877,0.34468740224838257,0.2836891710758209,0.061859965324401855,0.08573031425476074,0,False
M2_team_dev_conditioned_continuous,R-1051,(GI-CF) Robot Process Automation,admin_rights,0.5170419216156006,0.558485746383667,0.041443824768066406,0.1345093715545755,0.16435432230522945,0.029844950750653937,0.7941269874572754,0.7698143124580383,0.01692885160446167,0.04419374465942383,2,False
M2_team_dev_conditioned_continuous,R-1060,(BF) Employee Platform (SAP SF),other,0.7664002180099487,0.7746453285217285,0.008245110511779785,0.2898550724637681,0.20618556701030924,-0.08366950545345889,0.7914108633995056,0.6482924222946167,0.14574986696243286,0.19330698251724243,4,False
M2_team_dev_conditioned_continuous,R-1062,(LF) IT Office Access Italy,offboarding,0.8928325176239014,0.890223503112793,-0.0026090145111083984,0.7368421052631577,0.8235294117647058,0.0866873065015481,0.986281156539917,0.9832005500793457,0.0013720989227294922,0.005002260208129883,0,False
M2_team_dev_conditioned_continuous,R-1067,(GI-UX) Group,offboarding,0.9003426432609558,0.9003426432609558,0.0,0.8235294117647058,0.8235294117647058,0.0,0.9876869320869446,0.9848119616508484,0.002103865146636963,0.005251705646514893,1,False
M2_team_dev_conditioned_continuous,R-1069,(GI-IaaS) Backend Application Srv. & Project Support,offboarding,0.8937969207763672,0.8815202713012695,-0.012276649475097656,0.7647058823529412,0.7894736842105262,0.02476780185758498,0.9905262589454651,0.9890152215957642,0.0015132427215576172,0.0023096203804016113,1,False
M2_team_dev_conditioned_continuous,R-108,(GI-UX) Network Access,other,0.7171250581741333,0.5422224998474121,-0.1749025583267212,0.2842639593908629,0.12359550561797751,-0.1606684537728854,0.7693555355072021,0.677189826965332,0.09323692321777344,0.13904482126235962,3,False
M2_team_dev_conditioned_continuous,R-1083,"(GI-IaaS) Network Cloud (Azure, Remote Access)",vpn_access,0.8720619678497314,0.904033899307251,0.03197193145751953,0.4013840830449827,0.3593220338983051,-0.042062049146677605,0.7019481062889099,0.6458013653755188,0.048452913761138916,0.08826786279678345,5,False
M2_team_dev_conditioned_continuous,R-1089,(GI-UX) Group,hardware_support,0.45262598991394043,0.4240396022796631,-0.028586387634277344,0.16666666666666666,0.39534883720930236,0.2286821705426357,0.5561780333518982,0.4455460011959076,0.1279371976852417,0.16095268726348877,2,False
M2_team_dev_conditioned_continuous,R-1091,(GI-UX) File & Print,onboarding,0.775239109992981,0.7796316742897034,0.004392564296722412,0.5853658536585366,0.6,0.014634146341463428,0.9868484139442444,0.9852932095527649,0.0014588236808776855,0.002531290054321289,1,False
M2_team_dev_conditioned_continuous,R-109,(GI-UX) Application,absence,0.7340463399887085,0.7949563264846802,0.06090998649597168,0.40268456375838924,0.4625850340136054,0.059900470255216165,0.7522178888320923,0.713605523109436,0.0233917236328125,0.06951725482940674,3,False
M2_team_dev_conditioned_continuous,R-1093,(GI-IaaS) Backend Application Srv. & Project Support,offboarding,0.8631132245063782,0.8830257058143616,0.0199124813079834,0.6666666666666666,0.8,0.13333333333333341,0.9777603149414062,0.9727632403373718,0.002710580825805664,0.008188486099243164,0,False
M2_team_dev_conditioned_continuous,R-1106,"(GI-IaaS) Network Cloud (Azure, Remote Access)",vpn_access,0.512769877910614,0.55560702085495,0.04283714294433594,0.12686567164179102,0.12949640287769787,0.002630731235906847,0.5596339702606201,0.5480856895446777,0.006425976753234863,0.020701885223388672,3,False
M2_team_dev_conditioned_continuous,R-1105,(GI-SaaS) Salesforce,absence,0.6749778985977173,0.6786535382270813,0.0036756396293640137,0.43661971830985913,0.380952380952381,-0.05566733735747814,0.5724667310714722,0.5410593748092651,0.01042473316192627,0.05256444215774536,1,False
M2_team_dev_conditioned_continuous,R-1109,(GI-UX) Group,software_support,0.36884981393814087,0.4330267310142517,0.06417691707611084,0.12716763005780346,0.126984126984127,-0.00018350307367645535,0.979118287563324,0.790088951587677,0.22015011310577393,0.24373465776443481,2,False
M2_team_dev_conditioned_continuous,R-1115,(GI-SaaS) Salesforce,enterprise_systems,0.37158048152923584,0.5775864720344543,0.2060059905052185,0.14,0.1509433962264151,0.010943396226415075,0.48708295822143555,0.3949054181575775,0.05807405710220337,0.13861173391342163,2,False
M2_team_dev_conditioned_continuous,R-1120,(GI-SaaS) Salesforce,absence,0.7515342235565186,0.7473424673080444,-0.004191756248474121,0.4074074074074074,0.43421052631578944,0.02680311890838205,0.7324554920196533,0.7005656361579895,0.015420675277709961,0.055561065673828125,3,False
M2_team_dev_conditioned_continuous,R-1133,(GI-UX) Account Management,email_support,0.7128336429595947,0.7612903714179993,0.04845672845840454,0.31213872832369943,0.366120218579235,0.05398149025553556,0.8798789978027344,0.5587689876556396,0.3964005708694458,0.4099631905555725,1,False
M2_team_dev_conditioned_continuous,R-1143,(GI-UX) Account Management,offboarding,0.9979963302612305,0.896471381187439,-0.1015249490737915,0.9821428571428571,0.765625,-0.2165178571428571,0.9750943183898926,0.9733783602714539,0.0013151168823242188,0.0030664801597595215,0,False
M2_team_dev_conditioned_continuous,R-115,(LF) IT Office Access Italy,offboarding,0.7067021131515503,0.7067021131515503,0.0,0.6666666666666665,0.6666666666666665,0.0,0.8604562282562256,0.8406078219413757,0.01425325870513916,0.0418398380279541,0,False
M2_team_dev_conditioned_continuous,R-1150,(GI-UX) Group,hardware_support,0.5997838377952576,0.5521448850631714,-0.04763895273208618,0.47747747747747754,0.3870967741935484,-0.09038070328392916,0.41385617852211,0.3870985507965088,0.0,0.07293567061424255,3,False
M2_team_dev_conditioned_continuous,R-1163,(GI-CF) Robot Process Automation,admin_rights,0.535315990447998,0.5734643936157227,0.03814840316772461,0.15158371040723984,0.150561797752809,-0.0010219126544308288,1.0,0.8858383297920227,0.001561880111694336,0.21196770668029785,5,False
M2_team_dev_conditioned_continuous,R-1180,(GI-SaaS) Salesforce,other,0.709854781627655,0.8160460591316223,0.10619127750396729,0.2967741935483871,0.30769230769230765,0.010918114143920576,0.6082023978233337,0.5529550313949585,0.03312993049621582,0.11004030704498291,4,False
M2_team_dev_conditioned_continuous,R-1193,(GI-SaaS) Salesforce,absence,0.7609433531761169,0.7490599751472473,-0.011883378028869629,0.43283582089552236,0.45033112582781454,0.017495304932292177,0.7275980710983276,0.6866075396537781,0.029122352600097656,0.06979560852050781,3,False
M2_team_dev_conditioned_continuous,R-120,(GI-UX) Network Access,vpn_access,0.71802818775177,0.726547122001648,0.00851893424987793,0.315018315018315,0.33454545454545453,0.019527139527139525,0.996056079864502,0.6994321942329407,0.05776941776275635,0.5124127268791199,4,False
M2_team_dev_conditioned_continuous,R-1196,(GI-UX) Group,software_license,0.5137358903884888,0.5614439249038696,0.04770803451538086,0.11274509803921567,0.1802197802197802,0.06747468218056452,0.8422582149505615,0.7330206036567688,0.10508924722671509,0.15526843070983887,3,False
M2_team_dev_conditioned_continuous,R-1203,(GI-UX) File & Print,hardware_support,0.8743990659713745,0.8156034350395203,-0.05879563093185425,0.451063829787234,0.46351931330472107,0.012455483517487043,1.0,0.5968816876411438,0.455402672290802,0.5577958822250366,2,False
M2_team_dev_conditioned_continuous,R-1210,(GI-IaaS) Development Platform,software_license,0.8641201257705688,0.8497745990753174,-0.014345526695251465,0.3148148148148148,0.3161094224924012,0.001294607677586379,1.0,0.9612312316894531,0.0,0.08138453960418701,5,False
M2_team_dev_conditioned_continuous,R-1218,(GI-UX) Group,other,0.6549829840660095,0.734499454498291,0.0795164704322815,0.28571428571428564,0.3333333333333333,0.04761904761904767,0.992637038230896,0.9908877611160278,0.0007635951042175293,0.00347900390625,4,False
M2_team_dev_conditioned_continuous,R-122,(GI-CF) Robot Process Automation,admin_rights,0.6051898002624512,0.6649584770202637,0.0597686767578125,0.0979020979020979,0.17987152034261242,0.08196942244051451,0.914478063583374,0.8401816487312317,0.06476229429244995,0.10748255252838135,3,False
M2_team_dev_conditioned_continuous,R-1222,"(GI-IaaS) Network Cloud (Azure, Remote Access)",other,0.48213768005371094,0.5271591544151306,0.04502147436141968,0.14673046251993618,0.08798646362098138,-0.058743998898954805,0.5569139122962952,0.5306946039199829,0.003121674060821533,0.06302908062934875,0,False
M2_team_dev_conditioned_continuous,R-1232,(GI-UX) Network Access,vpn_access,0.5426216721534729,0.48031121492385864,-0.06231045722961426,0.2814814814814815,0.3344709897610921,0.052989508279610575,0.6103602647781372,0.5106161236763,0.041660189628601074,0.1528177261352539,1,False
M2_team_dev_conditioned_continuous,R-1224,(GI-UX) Group,software_license,0.45461398363113403,0.7309608459472656,0.2763468623161316,0.0676056338028169,0.35859519408502777,0.2909895602822109,0.6593998670578003,0.646751880645752,0.007664799690246582,0.022843122482299805,2,False
M2_team_dev_conditioned_continuous,R-1240,(GI-UX) File & Print,admin_rights,0.6974179744720459,0.360037624835968,-0.3373803496360779,0.12727272727272726,0.06573957016434892,-0.06153315710837834,0.684263288974762,0.6040781736373901,0.08123141527175903,0.12040400505065918,1,False
M2_team_dev_conditioned_continuous,R-125,(GI-IaaS) Development Platform,software_license,0.7326237559318542,0.765042781829834,0.032419025897979736,0.27609427609427606,0.23606557377049178,-0.040028702323784277,0.7871624231338501,0.7837808728218079,0.0,0.010962128639221191,2,False
M2_team_dev_conditioned_continuous,R-1255,(GI-UX) Group,offboarding,0.9568862915039062,0.8624085187911987,-0.09447777271270752,0.8780487804878048,0.5416666666666667,-0.33638211382113803,0.9661756157875061,0.962914764881134,0.002243518829345703,0.0052291154861450195,0,False
M2_team_dev_conditioned_continuous,R-1256,(GI-UX) Account Management,offboarding,0.9910497665405273,0.9895293116569519,-0.0015204548835754395,0.8947368421052632,0.9821428571428571,0.08740601503759393,0.9694370031356812,0.9598523378372192,0.006566524505615234,0.016037046909332275,4,False
M2_team_dev_conditioned_continuous,R-1263,(GI-UX) Group,onboarding,0.20244789123535156,0.6025056838989258,0.4000577926635742,0.06329113924050633,0.5116279069767442,0.4483367677362379,0.914031982421875,0.9013280868530273,0.00977790355682373,0.02123171091079712,0,False
M2_team_dev_conditioned_continuous,R-1260,(GI-UX) Group,onboarding,0.7318435311317444,0.6954731941223145,-0.03637033700942993,0.5500000000000002,0.6315789473684211,0.08157894736842097,0.968852698802948,0.9665477871894836,0.0003382563591003418,0.006684303283691406,0,False
M2_team_dev_conditioned_continuous,R-1271,(GI-IaaS) Development Platform,project_tools,0.18660208582878113,0.7838882207870483,0.5972861349582672,0.1267605633802817,0.4854368932038835,0.3586763298236018,0.5093199610710144,0.4925324022769928,0.003688514232635498,0.040130943059921265,0,False
M2_team_dev_conditioned_continuous,R-1284,(GI-UX) File & Print,software_support,0.1958305537700653,0.44341224431991577,0.24758169054985046,0.12371134020618556,0.26086956521739135,0.13715822501120578,0.59076988697052,0.5643976926803589,0.026262998580932617,0.040118515491485596,0,False
M2_team_dev_conditioned_continuous,R-1275,(GI-CF) Robot Process Automation,admin_rights,0.6893061399459839,0.7677009701728821,0.0783948302268982,0.17016574585635358,0.1670235546038544,-0.003142191252499177,0.9366686344146729,0.8972736597061157,0.027744650840759277,0.07879102230072021,3,False
M2_team_dev_conditioned_continuous,R-1291,(GI-IaaS) Development Platform,project_tools,0.6942709684371948,0.629410982131958,-0.06485998630523682,0.2716049382716049,0.23255813953488372,-0.039046798736721205,0.5344939231872559,0.47597822546958923,0.005066096782684326,0.12318825721740723,3,False
M2_team_dev_conditioned_continuous,R-1308,(LF) IT Office Access Italy,offboarding,0.8726205229759216,0.8672617673873901,-0.005358755588531494,0.6842105263157895,0.6842105263157895,0.0,0.9739329218864441,0.9680458903312683,0.004464924335479736,0.008667409420013428,1,False
M2_team_dev_conditioned_continuous,R-1306,(BF) Employee Platform (SAP SF),other,0.10751046985387802,0.1838834434747696,0.07637297362089157,0.1553398058252427,0.18181818181818182,0.026478375992939118,0.4775533676147461,0.4692869186401367,0.0005273222923278809,0.016505658626556396,1,False
M2_team_dev_conditioned_continuous,R-1310,(GI-UX) Account Management,offboarding,0.9979963302612305,0.9819236993789673,-0.016072630882263184,0.9821428571428571,0.9174311926605505,-0.06471166448230659,0.9756110906600952,0.9731753468513489,0.0010221600532531738,0.003857135772705078,0,False
M2_team_dev_conditioned_continuous,R-1311,(GI-UX) Network Access,vpn_access,0.7693513631820679,0.7350125908851624,-0.03433877229690552,0.4280936454849499,0.39616613418530355,-0.03192751129964633,0.9966105818748474,0.9529701471328735,0.001420438289642334,0.19684350490570068,5,False
M2_team_dev_conditioned_continuous,R-1314,"(GI-IaaS) Network Cloud (Azure, Remote Access)",vpn_access,0.12787511944770813,0.15489518642425537,0.02702006697654724,0.14201183431952663,0.16842105263157897,0.02640921831205234,0.5932087302207947,0.5386137366294861,0.03179198503494263,0.09077847003936768,1,False
M2_team_dev_conditioned_continuous,R-1320,(GI-UX) Account Management,onboarding,0.9139610528945923,0.7262212038040161,-0.18773984909057617,0.7687687687687689,0.3985239852398524,-0.3702447835289165,0.9816119074821472,0.9807049036026001,4.38690185546875e-05,0.0018216967582702637,3,False
M2_team_dev_conditioned_continuous,R-1327,(GI-UX) Group,software_support,0.7585010528564453,0.6680294275283813,-0.09047162532806396,0.5354330708661418,0.25490196078431376,-0.280531110081828,1.0,0.5726665258407593,0.45102572441101074,0.5722881555557251,2,False
M2_team_dev_conditioned_continuous,R-1334,(GI-UX) Account Management,offboarding,0.9979963302612305,0.9330343008041382,-0.06496202945709229,0.9821428571428571,0.8347826086956522,-0.14736024844720486,0.9864462614059448,0.981307864189148,0.0031648874282836914,0.008681714534759521,0,False
M2_team_dev_conditioned_continuous,R-1353,(GI-IaaS) Backend Application Srv. & Project Support,offboarding,0.7906865477561951,0.9007289409637451,0.11004239320755005,0.5641025641025642,0.717948717948718,0.15384615384615374,0.9661625027656555,0.9575745463371277,0.00739973783493042,0.014056742191314697,2,False
M2_team_dev_conditioned_continuous,R-1356,(GI-UX) Account Management,offboarding,0.9895293116569519,0.9895293116569519,0.0,0.9821428571428571,0.9821428571428571,0.0,0.961226224899292,0.9566045999526978,0.0015866756439208984,0.00907444953918457,2,False
M2_team_dev_conditioned_continuous,R-1348,(GI-CF) Robot Process Automation,admin_rights,0.5426967144012451,0.6112027168273926,0.06850600242614746,0.17122473246135553,0.16554809843400448,-0.005676634027351052,0.6298385858535767,0.6159567832946777,0.002915799617767334,0.031948208808898926,2,False
M2_team_dev_conditioned_continuous,R-1360,(GI-UX) Office365 & MS-Teams,other,0.7390542030334473,0.5138503313064575,-0.22520387172698975,0.15700483091787443,0.07898089171974522,-0.07802393919812921,0.5505341291427612,0.526731014251709,0.009398102760314941,0.05056905746459961,1,False
M2_team_dev_conditioned_continuous,R-1362,(GI-UX) Account Management,onboarding,0.8749473690986633,0.8522480726242065,-0.022699296474456787,0.732484076433121,0.5529010238907851,-0.17958305254233586,0.9848543405532837,0.9834145307540894,0.0008413195610046387,0.0022859573364257812,3,False
M2_team_dev_conditioned_continuous,R-1377,(GI-IaaS) Backend System Management (2nd level),other,0.5541160106658936,0.5308513641357422,-0.023264646530151367,0.38048780487804873,0.49246231155778897,0.11197450667974024,0.9364035129547119,0.6708563566207886,0.25333845615386963,0.4653915464878082,4,False
M2_team_dev_conditioned_continuous,R-1381,(GI-UX) Group,software_license,0.4475097060203552,0.5025025010108948,0.05499279499053955,0.20091324200913244,0.19413092550790068,-0.006782316501231761,0.6655718684196472,0.627993643283844,0.008464336395263672,0.07330894470214844,4,False
M2_team_dev_conditioned_continuous,R-138,(GI-UX) Group,software_license,0.5803698301315308,0.5088838338851929,-0.07148599624633789,0.17311233885819519,0.1579961464354528,-0.015116192422742397,0.488372266292572,0.47266334295272827,0.0017248094081878662,0.033301204442977905,3,False
M2_team_dev_conditioned_continuous,R-1382,(GI-UX) Group,software_license,0.544909656047821,0.5460147261619568,0.0011050701141357422,0.16666666666666666,0.1863354037267081,0.019668737060041436,0.7887844443321228,0.7419400811195374,0.0231589674949646,0.08110964298248291,3,False
M2_team_dev_conditioned_continuous,R-1383,(GI-IaaS) Admin - Local IT purchase,other,0.24791167676448822,0.18769946694374084,-0.060212209820747375,0.0,0.014598540145985401,0.014598540145985401,0.633757472038269,0.596015214920044,0.03711807727813721,0.05939215421676636,2,False
M2_team_dev_conditioned_continuous,R-1398,(GI-UX) File & Print,onboarding,0.793000340461731,0.9728739261627197,0.17987358570098877,0.6842105263157895,0.8421052631578947,0.1578947368421052,0.9884189963340759,0.9847582578659058,0.0034037232398986816,0.005223393440246582,1,False
M2_team_dev_conditioned_continuous,R-1387,(GI-CF) Robot Process Automation,admin_rights,0.6588159799575806,0.6182619333267212,-0.040554046630859375,0.14285714285714288,0.1916038751345533,0.048746732277410415,0.979604959487915,0.8839749097824097,0.018939077854156494,0.20125025510787964,4,False
M2_team_dev_conditioned_continuous,R-1388,(GI-IaaS) Admin - License & Asset Management,software_license,0.6066800951957703,0.6186423897743225,0.011962294578552246,0.242798353909465,0.2725366876310273,0.029738333721562288,0.9482884407043457,0.8356087803840637,0.002236604690551758,0.18901348114013672,5,False
M2_team_dev_conditioned_continuous,R-1401,(GI-UX) Group,password_reset,0.6122227907180786,0.6852402687072754,0.07301747798919678,0.31746031746031744,0.23728813559322037,-0.08017218186709707,0.7380269765853882,0.6788407564163208,0.044032514095306396,0.09887003898620605,4,False
M2_team_dev_conditioned_continuous,R-1404,(GI-CF) Robot Process Automation,admin_rights,0.47956836223602295,0.489384263753891,0.009815901517868042,0.08695652173913045,0.09382716049382717,0.00687063875469672,0.7922060489654541,0.7258960604667664,0.010938405990600586,0.10807836055755615,2,False
M2_team_dev_conditioned_continuous,R-1405,(BF) Purchasing Poland,other,0.2618413269519806,0.44612663984298706,0.18428531289100647,0.18404907975460122,0.41975308641975306,0.23570400666515184,0.5303983688354492,0.47737759351730347,0.050997763872146606,0.08397248387336731,5,False
M2_team_dev_conditioned_continuous,R-1413,(GI-IaaS) Backend M365 (2nd level),other,0.5483194589614868,0.5817971229553223,0.03347766399383545,0.1834862385321101,0.24,0.05651376146788989,0.5719656348228455,0.5182703137397766,0.0015118122100830078,0.13289481401443481,2,False
M2_team_dev_conditioned_continuous,R-1423,(GI-IaaS) Admin - Local IT purchase,other,0.467403769493103,0.467403769493103,0.0,0.13333333333333333,0.13333333333333333,0.0,0.7249376773834229,0.6969786882400513,0.0024513602256774902,0.06300073862075806,5,False
M2_team_dev_conditioned_continuous,R-1415,(GI-UX) Account Management,onboarding,0.8950724601745605,0.8910782933235168,-0.003994166851043701,0.6982248520710058,0.6457142857142858,-0.05251056635672002,0.9791168570518494,0.9732568860054016,0.005159199237823486,0.008633196353912354,2,False
M2_team_dev_conditioned_continuous,R-1425,(GI-UX) Group,software_license,0.6482225656509399,0.7286555767059326,0.08043301105499268,0.19679633867276883,0.2643171806167401,0.06752084194397126,0.39952248334884644,0.3672861158847809,0.033302247524261475,0.04999572038650513,1,False
M2_team_dev_conditioned_continuous,R-1429,(GI-CF) Robot Process Automation,admin_rights,0.644192099571228,0.6794431209564209,0.03525102138519287,0.13366336633663364,0.1651376146788991,0.03147424834226545,0.9499984979629517,0.7618586421012878,0.23268473148345947,0.23794806003570557,2,False
M2_team_dev_conditioned_continuous,R-1436,(GI-IaaS) Development Platform,software_license,0.8304775357246399,0.8258293867111206,-0.004648149013519287,0.32098765432098764,0.34757834757834755,0.02659069325735991,0.90672767162323,0.8826176524162292,0.0,0.063312828540802,4,False
M2_team_dev_conditioned_continuous,R-1439,(BF) Information Security Office,admin_rights,0.6217515468597412,0.6394121646881104,0.01766061782836914,0.193756727664155,0.16870144284128744,-0.025055284822867563,0.7997041344642639,0.7205755114555359,0.09212112426757812,0.10883480310440063,3,False
M2_team_dev_conditioned_continuous,R-1440,(GI-CF) Robot Process Automation,admin_rights,0.6574579477310181,0.7490363121032715,0.09157836437225342,0.1612541993281075,0.1664841182913472,0.00522991896323971,0.9319694638252258,0.910495936870575,0.006563842296600342,0.03686511516571045,4,False
M2_team_dev_conditioned_continuous,R-1441,(GI-CF) Robot Process Automation,admin_rights,0.6886382699012756,0.7510688304901123,0.06243056058883667,0.14831460674157307,0.1795142555438226,0.03119964880224954,0.8895953297615051,0.8638423681259155,0.016696274280548096,0.05160146951675415,3,False
M2_team_dev_conditioned_continuous,R-1449,(LF) IT Office Access Italy,offboarding,0.8753395080566406,0.9705634713172913,0.09522396326065063,0.8235294117647058,0.85,0.026470588235294135,0.9899188876152039,0.9867448806762695,0.0029302239418029785,0.005501985549926758,2,False
M2_team_dev_conditioned_continuous,R-1444,(GI-IaaS) Development Platform,other,0.2940446138381958,0.36915355920791626,0.07510894536972046,0.1487603305785124,0.12499999999999999,-0.023760330578512415,0.6603964567184448,0.5167765617370605,0.10810154676437378,0.20968914031982422,2,False
M2_team_dev_conditioned_continuous,R-146,(GI-IaaS) Development Platform,software_license,0.8439936637878418,0.8767344951629639,0.03274083137512207,0.34705882352941175,0.2716049382716049,-0.07545388525780683,0.9115018248558044,0.8905296325683594,0.007607996463775635,0.045162737369537354,5,False
M2_team_dev_conditioned_continuous,R-1461,(GI-UX) Group,password_reset,0.5304872989654541,0.5390955209732056,0.008608222007751465,0.304,0.2622950819672131,-0.04170491803278692,0.8452458381652832,0.7900406718254089,0.003668844699859619,0.11197865009307861,4,False
M2_team_dev_conditioned_continuous,R-1460,(GI-IaaS) Admin - License & Asset Management,software_license,0.7435007095336914,0.8360167741775513,0.09251606464385986,0.19379844961240308,0.19591836734693877,0.0021199177345356812,0.7755130529403687,0.747418999671936,0.01611417531967163,0.055149197578430176,4,False
M2_team_dev_conditioned_continuous,R-1467,(GI-SaaS) Salesforce,enterprise_systems,0.7719519734382629,0.5233626961708069,-0.24858927726745605,0.23333333333333334,0.15841584158415842,-0.07491749174917492,0.5230218172073364,0.4226017892360687,0.0929325520992279,0.15663808584213257,0,False
M2_team_dev_conditioned_continuous,R-1475,(GI-IaaS) Backend Application Srv. & Project Support,other,0.35425975918769836,0.3637484014034271,0.00948864221572876,0.10619469026548671,0.09691629955947137,-0.009278390706015341,0.47976750135421753,0.42594701051712036,0.03870844841003418,0.0943756103515625,2,False
M2_team_dev_conditioned_continuous,R-1477,(GI-SM) Service Desk,other,0.24705937504768372,0.1998974084854126,-0.04716196656227112,0.1095890410958904,0.13157894736842107,0.021989906272530668,0.7586383819580078,0.5177487134933472,0.2823067307472229,0.31954294443130493,2,False
M2_team_dev_conditioned_continuous,R-1479,(LF) IT Office Access Italy,office_access,0.5612895488739014,0.5900685787200928,0.028779029846191406,0.4132231404958678,0.45871559633027525,0.045492455834407475,0.8933740854263306,0.8557034730911255,0.018625915050506592,0.06513381004333496,4,False
M2_team_dev_conditioned_continuous,R-1476,(GI-CF) Robot Process Automation,admin_rights,0.7683221101760864,0.6547355055809021,-0.11358660459518433,0.18634886240520043,0.16026344676180024,-0.026085415643400195,0.8316130042076111,0.8026947975158691,0.023482859134674072,0.04834562540054321,2,False
M2_team_dev_conditioned_continuous,R-1481,(GI-UX) Group,software_license,0.5024333000183105,0.649193286895752,0.1467599868774414,0.09375,0.2973523421588595,0.20360234215885947,0.635155439376831,0.6087034344673157,0.023222923278808594,0.04045259952545166,0,False
M2_team_dev_conditioned_continuous,R-1483,(GI-UX) Group,admin_rights,0.48373621702194214,0.5223738551139832,0.038637638092041016,0.13563218390804596,0.14806629834254142,0.012434114434495463,0.8159599900245667,0.6572555303573608,0.18036216497421265,0.20547103881835938,1,False
M2_team_dev_conditioned_continuous,R-1492,(GI-IaaS) Backend Application Srv. & Project Support,offboarding,0.8489252328872681,0.8371710181236267,-0.011754214763641357,0.8,0.742857142857143,-0.05714285714285705,0.9849720001220703,0.9807866811752319,0.0043288469314575195,0.006148099899291992,2,False
M2_team_dev_conditioned_continuous,R-1485,(GI-UX) Account Management,onboarding,0.8289968967437744,0.9005248546600342,0.07152795791625977,0.3505154639175258,0.7588424437299035,0.4083269798123777,0.967981219291687,0.9567433595657349,0.0014483928680419922,0.023065567016601562,0,False
M2_team_dev_conditioned_continuous,R-1494,(GI-UX) Group,offboarding,0.8569452166557312,0.9676361083984375,0.1106908917427063,0.8108108108108109,0.8205128205128205,0.009702009702009629,0.9586575031280518,0.9581819772720337,0.0002605319023132324,0.0008141398429870605,1,False
M2_team_dev_conditioned_continuous,R-1498,(GI-UX) Account Management,email_support,0.8088209629058838,0.8116260766983032,0.0028051137924194336,0.36158192090395486,0.3163841807909604,-0.04519774011299443,0.6601485013961792,0.5605350732803345,0.0997016429901123,0.14111578464508057,4,False
M2_team_dev_conditioned_continuous,R-1511,(GI-UX) Group,password_reset,0.6757252812385559,0.6692299842834473,-0.006495296955108643,0.2622950819672131,0.25196850393700787,-0.010326578030205202,0.8452457189559937,0.7682399153709412,0.056882500648498535,0.11269420385360718,4,False
M2_team_dev_conditioned_continuous,R-1504,(GI-IaaS) Development Platform,other,0.6553279161453247,0.6369156241416931,-0.018412292003631592,0.06229508196721312,0.06199021207177814,-0.00030486989543497545,0.552794337272644,0.49303096532821655,0.028318166732788086,0.10046738386154175,1,False
M2_team_dev_conditioned_continuous,R-1517,(GI-UX) Group,other,0.2545081675052643,0.16893284022808075,-0.08557532727718353,0.1090909090909091,0.12738853503184713,0.018297625940938034,0.7505980730056763,0.6202061176300049,0.13548576831817627,0.18977731466293335,1,False
M2_team_dev_conditioned_continuous,R-1531,(GI-IaaS) Development Platform,software_license,0.7636064887046814,0.8381459712982178,0.07453948259353638,0.277602523659306,0.24539877300613494,-0.03220375065317105,0.7202190160751343,0.7164479494094849,0.0,0.013779878616333008,4,False
M2_team_dev_conditioned_continuous,R-154,(GI-UX) Network Access,vpn_access,0.7477315664291382,0.7449513673782349,-0.0027801990509033203,0.3055555555555555,0.34027777777777785,0.03472222222222232,0.9960559606552124,0.6938494443893433,0.07045722007751465,0.5128520131111145,4,False
M2_team_dev_conditioned_continuous,R-1540,(GI-UX) File & Print,software_support,0.22764934599399567,0.37861424684524536,0.1509649008512497,0.3287671232876712,0.3937007874015748,0.06493366411390361,0.630275309085846,0.5605043768882751,0.00926363468170166,0.12412130832672119,2,False
M2_team_dev_conditioned_continuous,R-1542,(GI-UX) Group,password_reset,0.8626390099525452,0.8141159415245056,-0.04852306842803955,0.3364485981308411,0.33333333333333337,-0.003115264797507733,0.8241270780563354,0.7300241589546204,0.017939329147338867,0.18415480852127075,2,False
M2_team_dev_conditioned_continuous,R-1544,(LF) IT Office Access Italy,offboarding,0.8151147365570068,0.9820327758789062,0.16691803932189941,0.6829268292682926,0.9,0.2170731707317074,0.9596297740936279,0.9549853205680847,0.003598332405090332,0.0075130462646484375,1,False
M2_team_dev_conditioned_continuous,R-1554,(GI-UX) Group,offboarding,0.8759380578994751,0.8140056133270264,-0.06193244457244873,0.7647058823529412,0.5945945945945946,-0.1701112877583466,0.9802184700965881,0.976050078868866,0.0023873448371887207,0.007687747478485107,1,False
M2_team_dev_conditioned_continuous,R-156,(BF) Information Security Office,admin_rights,0.6086752414703369,0.7505191564559937,0.14184391498565674,0.16294642857142858,0.18660812294182216,0.023661694370393588,0.9223060607910156,0.9001709222793579,0.008123397827148438,0.055764734745025635,4,False
M2_team_dev_conditioned_continuous,R-1562,(GI-UX) Account Management,email_support,0.4213812053203583,0.6464166641235352,0.22503545880317688,0.12121212121212122,0.27983539094650206,0.15862326973438085,0.49727576971054077,0.46881943941116333,0.00031566619873046875,0.07593876123428345,3,False
M2_team_dev_conditioned_continuous,R-1563,(GI-CF) Robot Process Automation,admin_rights,0.36536741256713867,0.47765785455703735,0.11229044198989868,0.05700123915737299,0.0757396449704142,0.01873840581304121,0.9126642346382141,0.8572136163711548,0.05274301767349243,0.07566148042678833,5,False
M2_team_dev_conditioned_continuous,R-1566,(GI-SaaS) Salesforce,admin_rights,0.7966002225875854,0.7492638826370239,-0.04733633995056152,0.181058495821727,0.18208516886930984,0.0010266730475828323,0.7203476428985596,0.6707868576049805,0.03816598653793335,0.08834707736968994,4,False
M2_team_dev_conditioned_continuous,R-1564,(GI-IaaS) Admin - License & Asset Management,software_license,0.7555500864982605,0.7498949766159058,-0.005655109882354736,0.2312633832976445,0.2208067940552017,-0.010456589242442804,0.851335883140564,0.8174694776535034,0.02703380584716797,0.06239175796508789,4,False
M2_team_dev_conditioned_continuous,R-1567,(GI-UX) File & Print,admin_rights,0.5544002652168274,0.6623250842094421,0.10792481899261475,0.14678899082568808,0.11307420494699646,-0.03371478587869162,0.8706099987030029,0.8502007722854614,0.023325681686401367,0.027506530284881592,2,False
M2_team_dev_conditioned_continuous,R-1569,(GI-IaaS) Backend Application Srv. & Project Support,offboarding,0.6943413019180298,0.7597014904022217,0.0653601884841919,0.4590163934426229,0.5,0.040983606557377095,0.9889282584190369,0.9876741170883179,0.00034797191619873047,0.0023557543754577637,2,False
M2_team_dev_conditioned_continuous,R-1570,(LF) IT Office Access Italy,offboarding,0.8685729503631592,0.8797289133071899,0.011155962944030762,0.608695652173913,0.7647058823529412,0.15601023017902826,0.9694678783416748,0.9647268056869507,0.003838777542114258,0.007227599620819092,0,False
M2_team_dev_conditioned_continuous,R-1571,(GI-UX) Group,offboarding,0.8110630512237549,0.8039594292640686,-0.007103621959686279,0.717948717948718,0.6511627906976744,-0.0667859272510436,0.9877601265907288,0.9858518838882446,0.0005274415016174316,0.004633605480194092,0,False
M2_team_dev_conditioned_continuous,R-1574,(LF) IT Office Access Italy,offboarding,0.8832570314407349,0.8755694627761841,-0.007687568664550781,0.8235294117647058,0.7692307692307692,-0.05429864253393668,0.9867393374443054,0.9847464561462402,0.0010964274406433105,0.0040283203125,1,False
M2_team_dev_conditioned_continuous,R-1580,(GI-UX) Group,software_license,0.5729398131370544,0.5556213855743408,-0.017318427562713623,0.13793103448275862,0.17484008528784648,0.036909050805087856,0.8244210481643677,0.7720876336097717,0.0587955117225647,0.0710415244102478,2,False
M2_team_dev_conditioned_continuous,R-1587,(GI-SaaS) Salesforce,other,0.5176634788513184,0.5211973190307617,0.0035338401794433594,0.31205673758865243,0.16470588235294115,-0.1473508552357113,0.6280243396759033,0.5572746396064758,0.036899566650390625,0.12145125865936279,4,False
M2_team_dev_conditioned_continuous,R-1584,"(GI-IaaS) Network On-Prem (LAN,WLAN,WAN 2nd level)",vpn_access,0.6509629487991333,0.594353973865509,-0.05660897493362427,0.2531017369727047,0.15760869565217392,-0.0954930413205308,0.6399768590927124,0.510240375995636,0.12508022785186768,0.1853901743888855,3,False
M2_team_dev_conditioned_continuous,R-1588,(GI-UX) Group,hardware_support,0.5605694651603699,0.7740364074707031,0.21346694231033325,0.2909090909090909,0.5952380952380952,0.30432900432900434,0.35545480251312256,0.33491334319114685,0.0064484477043151855,0.035347819328308105,0,False
M2_team_dev_conditioned_continuous,R-1593,(GI-IaaS) Development Platform,software_license,0.8095353841781616,0.8433340787887573,0.0337986946105957,0.2638888888888889,0.297029702970297,0.03314081408140812,0.8565173149108887,0.8013252019882202,0.05428111553192139,0.0800548791885376,3,False
M2_team_dev_conditioned_continuous,R-1595,(GI-SaaS) Salesforce,absence,0.8311165571212769,0.6353508234024048,-0.19576573371887207,0.4697986577181208,0.40789473684210525,-0.06190392087601554,0.7078198194503784,0.6490588784217834,0.009344220161437988,0.11460649967193604,3,False
M2_team_dev_conditioned_continuous,R-160,(GI-SaaS) SAP & Synertrade,other,0.9115393161773682,0.9115393161773682,0.0,0.7142857142857143,0.7142857142857143,0.0,0.8880937695503235,0.6617010235786438,0.27943962812423706,0.2864592671394348,4,False
M2_team_dev_conditioned_continuous,R-161,(GI-SaaS) SAP & Synertrade,other,0.5886943340301514,0.6368111371994019,0.04811680316925049,0.34285714285714286,0.33333333333333326,-0.009523809523809601,0.8880937099456787,0.681018054485321,0.19193792343139648,0.2885581851005554,2,False
M2_team_dev_conditioned_continuous,R-163,(GI-UX) File & Print,software_support,0.47473883628845215,0.5283800363540649,0.05364120006561279,0.47933884297520657,0.3428571428571428,-0.13648170011806376,0.8107990622520447,0.7499650120735168,0.03168666362762451,0.14737874269485474,2,False
M2_team_dev_conditioned_continuous,R-164,(GI-UX) Group,onboarding,0.18893608450889587,0.7658059597015381,0.5768698751926422,0.049999999999999996,0.7368421052631577,0.6868421052631577,0.9546806812286377,0.9258288145065308,0.02191108465194702,0.049392640590667725,0,False
M2_team_dev_conditioned_continuous,R-165,(GI-UX) Account Management,onboarding,0.34974563121795654,0.6022355556488037,0.25248992443084717,0.061538461538461535,0.332046332046332,0.27050787050787045,0.9546806812286377,0.9196887016296387,0.02536994218826294,0.056604623794555664,0,False
M2_team_dev_conditioned_continuous,R-170,(GI-CF) Robot Process Automation,admin_rights,0.43614327907562256,0.523635983467102,0.08749270439147949,0.15277777777777782,0.16382252559726962,0.011044747819491801,0.9958082437515259,0.7511730194091797,0.2841552495956421,0.325549840927124,2,False
M2_team_dev_conditioned_continuous,R-179,(GI-IaaS) Development Platform,software_license,0.8469760417938232,0.8539665937423706,0.006990551948547363,0.27076923076923076,0.31044776119402984,0.039678530424799074,0.9653041362762451,0.9498212933540344,0.0,0.07233834266662598,4,False
M2_team_dev_conditioned_continuous,R-189,(GI-UX) File & Print,hardware_support,0.539618968963623,0.6291407346725464,0.08952176570892334,0.25,0.2727272727272727,0.022727272727272707,0.5228423476219177,0.4044935703277588,0.10727784037590027,0.19054275751113892,1,False
M2_team_dev_conditioned_continuous,R-184,(GI-IaaS) Cloud Services,other,0.6916874051094055,0.6320513486862183,-0.059636056423187256,0.46399999999999997,0.2782608695652174,-0.18573913043478257,0.9993037581443787,0.6886500120162964,0.31829261779785156,0.4423169493675232,3,False
M2_team_dev_conditioned_continuous,R-19,(GI-IaaS) Development Platform,other,0.4557402431964874,0.4945332109928131,0.038792967796325684,0.07142857142857144,0.08888888888888888,0.01746031746031744,0.5998032093048096,0.5762170553207397,0.029482722282409668,0.029482722282409668,1,False
M2_team_dev_conditioned_continuous,R-195,(LF) IT Office Access Italy,offboarding,0.5703895092010498,0.909457266330719,0.3390677571296692,0.3902439024390244,0.8235294117647058,0.43328550932568144,0.877083957195282,0.8428294062614441,0.035223960876464844,0.049154818058013916,3,False
M2_team_dev_conditioned_continuous,R-191,(GI-UX) Account Management,email_support,0.6645194888114929,0.6517804861068726,-0.012739002704620361,0.28571428571428575,0.3170028818443804,0.03128859613009466,0.5604469776153564,0.514255166053772,0.0326157808303833,0.09161320328712463,2,False
M2_team_dev_conditioned_continuous,R-197,(GI-SaaS) Salesforce,admin_rights,0.7226234674453735,0.7331473231315613,0.010523855686187744,0.16119402985074627,0.1880108991825613,0.02681686933181504,0.5492721199989319,0.5183147192001343,0.011298656463623047,0.052636563777923584,1,False
M2_team_dev_conditioned_continuous,R-205,(GI-CF) Robot Process Automation,admin_rights,0.6702882051467896,0.7231113910675049,0.05282318592071533,0.1257413997627521,0.20250521920668058,0.07676381944392849,0.8243292570114136,0.8159920573234558,0.0,0.022448182106018066,1,False
M2_team_dev_conditioned_continuous,R-209,(GI-UX) Group,software_license,0.4969823658466339,0.6297862529754639,0.13280388712882996,0.23965141612200436,0.20042643923240935,-0.039224976889595004,0.9893381595611572,0.6516870260238647,0.26473021507263184,0.5523185133934021,3,False
M2_team_dev_conditioned_continuous,R-212,(GI-UX) File & Print,software_support,0.6700127124786377,0.546183705329895,-0.12382900714874268,0.42016806722689076,0.39316239316239315,-0.02700567406449761,0.8289503455162048,0.6328839063644409,0.15307742357254028,0.2971348166465759,4,False
M2_team_dev_conditioned_continuous,R-222,(GI-IaaS) Backend Application Srv. & Project Support,other,0.7596651911735535,0.7052903175354004,-0.054374873638153076,0.27986348122866894,0.2440677966101695,-0.03579568461849944,0.659192681312561,0.609504759311676,0.031106948852539062,0.08612978458404541,5,False
M2_team_dev_conditioned_continuous,R-226,(GI-CF) Robot Process Automation,admin_rights,0.6876590251922607,0.7510418891906738,0.06338286399841309,0.18724279835390947,0.1638655462184874,-0.023377252135422077,0.8728991746902466,0.8660737872123718,0.0029010772705078125,0.016399383544921875,3,False
M2_team_dev_conditioned_continuous,R-227,(GI-UX) Network Access,admin_rights,0.5641493797302246,0.47150352597236633,-0.09264585375785828,0.11737089201877937,0.09987819732034103,-0.017492694698438338,0.8299995064735413,0.8012323379516602,0.013795077800750732,0.06857651472091675,4,False
M2_team_dev_conditioned_continuous,R-229,(GI-UX) Network Access,vpn_access,0.7238371968269348,0.7189623117446899,-0.004874885082244873,0.3462897526501767,0.3181818181818182,-0.02810793446835852,0.9957883358001709,0.9464656114578247,0.011029064655303955,0.21102547645568848,5,False
M2_team_dev_conditioned_continuous,R-23,(GI-SM) Service Desk,software_support,0.10456405580043793,0.09759983420372009,-0.0069642215967178345,0.13636363636363638,0.07692307692307693,-0.059440559440559454,0.8620724081993103,0.6864698529243469,0.17331594228744507,0.2700854539871216,4,False
M2_team_dev_conditioned_continuous,R-241,(LF) IT Office Access Italy,offboarding,0.7998145818710327,0.7044795751571655,-0.09533500671386719,0.5641025641025642,0.6486486486486486,0.08454608454608437,0.8927445411682129,0.8642265200614929,0.02085435390472412,0.04918336868286133,1,False
M2_team_dev_conditioned_continuous,R-256,(GI-UX) Group,hardware_support,0.6366932392120361,0.6896575689315796,0.05296432971954346,0.20618556701030927,0.2903225806451613,0.08413701363485204,0.4683423936367035,0.4356805682182312,0.015457510948181152,0.0625971257686615,1,False
M2_team_dev_conditioned_continuous,R-257,(GI-UX) Group,software_license,0.6267126798629761,0.5935053825378418,-0.03320729732513428,0.14761904761904762,0.14423076923076922,-0.003388278388278404,0.8964309692382812,0.7749520540237427,0.11460423469543457,0.19417357444763184,2,False
M2_team_dev_conditioned_continuous,R-262,(GI-IaaS) Development Platform,software_license,0.8694033026695251,0.883089542388916,0.01368623971939087,0.27692307692307694,0.24025974025974026,-0.03666333666333668,0.8098392486572266,0.7985810041427612,0.0009353160858154297,0.02862393856048584,2,False
M2_team_dev_conditioned_continuous,R-266,(GI-UX) Group,software_license,0.628531813621521,0.5877448320388794,-0.0407869815826416,0.1737193763919822,0.1978021978021978,0.024082821410215588,0.8415434956550598,0.7689796090126038,0.06222277879714966,0.10694289207458496,3,False
M2_team_dev_conditioned_continuous,R-272,(GI-UX) Group,software_license,0.47221657633781433,0.5013527274131775,0.02913615107536316,0.16631130063965885,0.18376068376068377,0.017449383121024925,0.8708574771881104,0.8033553957939148,0.054581522941589355,0.10590553283691406,3,False
M2_team_dev_conditioned_continuous,R-275,(GI-UX) Group,software_license,0.6873274445533752,0.5944485664367676,-0.09287887811660767,0.21973094170403587,0.17333333333333334,-0.04639760837070253,0.7947006225585938,0.7273498177528381,0.07260966300964355,0.09243035316467285,3,False
M2_team_dev_conditioned_continuous,R-281,(GI-UX) File & Print,other,0.4519274830818176,0.4254456162452698,-0.02648186683654785,0.09068010075566751,0.06973848069738481,-0.020941620058282706,0.8171223402023315,0.7271459698677063,0.102169930934906,0.11953353881835938,3,False
M2_team_dev_conditioned_continuous,R-289,(GI-UX) Group,software_license,0.5049025416374207,0.6443948149681091,0.13949227333068848,0.2183406113537118,0.2361111111111111,0.017770499757399305,0.8935129642486572,0.8377200365066528,0.028951168060302734,0.10791885852813721,3,False
M2_team_dev_conditioned_continuous,R-292,(GI-UX) File & Print,admin_rights,0.596432089805603,0.6824033260345459,0.08597123622894287,0.1531213191990577,0.13523131672597866,-0.017890002473079036,0.8020263910293579,0.7733322381973267,0.00809478759765625,0.05466461181640625,2,False
M2_team_dev_conditioned_continuous,R-304,(GI-UX) File & Print,admin_rights,0.5441848039627075,0.6247567534446716,0.08057194948196411,0.12542759407069556,0.10324129651860744,-0.02218629755208812,0.8792657852172852,0.8317006826400757,0.037722229957580566,0.07913583517074585,1,False
M2_team_dev_conditioned_continuous,R-331,(LF) IT Office Access Italy,offboarding,0.8784432411193848,0.8784432411193848,0.0,0.8484848484848484,0.8484848484848484,0.0,0.9577348232269287,0.9548518061637878,0.0007926821708679199,0.005903065204620361,1,False
M2_team_dev_conditioned_continuous,R-34,(GI-UX) Group,software_support,0.4585709273815155,0.2790219783782959,-0.1795489490032196,0.13114754098360656,0.1368421052631579,0.00569456427955134,0.7266864776611328,0.6188424825668335,0.0020785927772521973,0.19474256038665771,2,False
M2_team_dev_conditioned_continuous,R-352,(BF) Employee Platform (SAP SF),other,0.6575882434844971,0.6126821637153625,-0.04490607976913452,0.25000000000000006,0.25000000000000006,0.0,0.8321695327758789,0.5549013614654541,0.31965386867523193,0.356397807598114,1,False
M2_team_dev_conditioned_continuous,R-346,"(GI-IaaS) Network On-Prem (LAN,WLAN,WAN 2nd level)",vpn_access,0.6933923959732056,0.7398220300674438,0.04642963409423828,0.352059925093633,0.303886925795053,-0.04817299929857999,0.5418274998664856,0.5163906216621399,0.014446377754211426,0.060132384300231934,4,False
M2_team_dev_conditioned_continuous,R-354,(GI-SaaS) Salesforce,other,0.578971266746521,0.5198836326599121,-0.05908763408660889,0.12621359223300968,0.13043478260869565,0.004221190375685968,0.44120484590530396,0.4358295500278473,0.0008799731731414795,0.00911104679107666,0,False
M2_team_dev_conditioned_continuous,R-367,(GI-UX) File & Print,hardware_support,0.7858169078826904,0.575432538986206,-0.21038436889648438,0.37301587301587297,0.3571428571428572,-0.01587301587301576,0.5378596782684326,0.4780947268009186,0.0,0.1767842173576355,1,False
M2_team_dev_conditioned_continuous,R-374,(GI-IaaS) Admin - License & Asset Management,software_license,0.7682941555976868,0.6055618524551392,-0.1627323031425476,0.4982578397212545,0.28688524590163933,-0.21137259381961515,0.9818040132522583,0.827303409576416,0.0,0.3969727158546448,5,False
M2_team_dev_conditioned_continuous,R-383,(GI-UX) Network Access,vpn_access,0.6852620840072632,0.6725231409072876,-0.012738943099975586,0.4719101123595506,0.33976833976833976,-0.13214177259121085,0.9851242303848267,0.978492259979248,0.006674349308013916,0.009119093418121338,3,False
M2_team_dev_conditioned_continuous,R-385,(GI-SaaS) SAP & Synertrade,enterprise_systems,0.9256417155265808,0.9474155902862549,0.021773874759674072,0.5652173913043478,0.7916666666666666,0.22644927536231885,0.9219274520874023,0.8955990076065063,0.016326069831848145,0.04695773124694824,4,False
M2_team_dev_conditioned_continuous,R-399,(GI-CF) Robot Process Automation,admin_rights,0.5595824122428894,0.5192223191261292,-0.040360093116760254,0.12311265969802554,0.10050251256281406,-0.022610147135211478,0.6842633485794067,0.5934299826622009,0.10604429244995117,0.11836594343185425,2,False
M2_team_dev_conditioned_continuous,R-387,(GI-UX) Network Access,other,0.18445727229118347,0.18252338469028473,-0.0019338876008987427,0.10416666666666667,0.10958904109589042,0.0054223744292237475,0.7904136180877686,0.7170039415359497,0.04332864284515381,0.13354706764221191,2,False
M2_team_dev_conditioned_continuous,R-4,(GI-CF) Robot Process Automation,admin_rights,0.6628922820091248,0.7851077318191528,0.12221544981002808,0.1655773420479303,0.14781634938409854,-0.017760992663831743,0.5804017782211304,0.5600010752677917,0.009255290031433105,0.03608989715576172,2,False
M2_team_dev_conditioned_continuous,R-400,(GI-CF) Robot Process Automation,admin_rights,0.6997222900390625,0.6604249477386475,-0.03929734230041504,0.15929203539823006,0.18331616889804328,0.02402413349981322,0.8821656107902527,0.8240413665771484,0.016942620277404785,0.1384558081626892,4,False
M2_team_dev_conditioned_continuous,R-403,(GI-UX) File & Print,other,0.3884812593460083,0.363884299993515,-0.024596959352493286,0.04081632653061225,0.04166666666666667,0.0008503401360544227,0.7053936719894409,0.652342677116394,0.053224265575408936,0.07510697841644287,2,False
M2_team_dev_conditioned_continuous,R-405,(GI-IaaS) Backend Application Srv. & Project Support,other,0.7487145662307739,0.7233033180236816,-0.025411248207092285,0.23781212841854937,0.22084367245657568,-0.01696845596197369,0.8833548426628113,0.5707387328147888,0.3438795208930969,0.4323768615722656,4,False
M2_team_dev_conditioned_continuous,R-406,(BF) Information Security Office,admin_rights,0.7484053373336792,0.5844991207122803,-0.16390621662139893,0.17917133258678608,0.20689655172413796,0.027725219137351875,0.7664949893951416,0.7239192128181458,0.028608620166778564,0.08099162578582764,2,False
M2_team_dev_conditioned_continuous,R-41,(GI-UX) Group,software_license,0.6059376001358032,0.6620631217956543,0.056125521659851074,0.12314225053078558,0.16195856873822975,0.038816318207444175,0.7080228328704834,0.6984031796455383,0.0031708478927612305,0.023099541664123535,2,False
M2_team_dev_conditioned_continuous,R-410,(GI-UX) Group,software_license,0.32686561346054077,0.4873081147670746,0.1604425013065338,0.11914893617021277,0.1522198731501057,0.03307093697989294,0.7170097827911377,0.6871002912521362,0.005356729030609131,0.04985928535461426,2,False
M2_team_dev_conditioned_continuous,R-413,(GI-UX) Account Management,onboarding,0.89443039894104,0.9726732969284058,0.07824289798736572,0.6412698412698412,0.8779069767441859,0.23663713547434473,0.9550623893737793,0.919009804725647,0.035653114318847656,0.05367708206176758,3,False
M2_team_dev_conditioned_continuous,R-414,(GI-IaaS) Backend Application Srv. & Project Support,offboarding,0.8935197591781616,0.9187633991241455,0.025243639945983887,0.7894736842105262,0.7368421052631577,-0.052631578947368474,0.9851658940315247,0.978824257850647,0.006135821342468262,0.009661614894866943,0,False
M2_team_dev_conditioned_continuous,R-418,(GI-UX) Network Access,vpn_access,0.7492893934249878,0.702207624912262,-0.04708176851272583,0.2845528455284553,0.2546816479400749,-0.02987119758838036,0.9876163005828857,0.9844552874565125,0.002492070198059082,0.007122516632080078,1,False
M2_team_dev_conditioned_continuous,R-440,(GI-UX) Windows,admin_rights,0.658397376537323,0.415671169757843,-0.24272620677947998,0.14189189189189189,0.08132147395171536,-0.06057041794017652,0.7491886615753174,0.7284302711486816,0.01950860023498535,0.030716300010681152,0,False
M2_team_dev_conditioned_continuous,R-446,(GI-UX) Group,vpn_access,0.7542402744293213,0.639928936958313,-0.1143113374710083,0.2704626334519573,0.2,-0.0704626334519573,0.5752803683280945,0.5126160383224487,0.058859169483184814,0.09246402978897095,1,False
M2_team_dev_conditioned_continuous,R-455,(GI-IaaS) Backend Application Srv. & Project Support,offboarding,0.7683563232421875,0.6991398334503174,-0.06921648979187012,0.6875,0.6285714285714286,-0.05892857142857144,0.7796412706375122,0.7668769359588623,0.00410383939743042,0.025597691535949707,2,False
M2_team_dev_conditioned_continuous,R-45,(GI-CF) Robot Process Automation,admin_rights,0.7130047082901001,0.7671056389808655,0.05410093069076538,0.1780673181324647,0.14766558089033657,-0.030401737242128135,0.9563285708427429,0.8889642953872681,0.07215672731399536,0.09513694047927856,2,False
M2_team_dev_conditioned_continuous,R-460,(GI-IaaS) Backend Application Srv. & Project Support,offboarding,0.8197667598724365,0.8310173153877258,0.011250555515289307,0.7692307692307692,0.8108108108108109,0.04158004158004169,0.8259540796279907,0.7981835603713989,0.01773601770401001,0.043182969093322754,3,False
M2_team_dev_conditioned_continuous,R-465,(LF) IT Office Access Italy,offboarding,0.8881881237030029,0.985563337802887,0.09737521409988403,0.8235294117647058,0.8780487804878048,0.05451936872309893,0.8407493829727173,0.8224549293518066,0.006071627140045166,0.04974466562271118,2,False
M2_team_dev_conditioned_continuous,R-463,(GI-UX) Account Management,other,0.17213237285614014,0.29327499866485596,0.12114262580871582,0.0625,0.09523809523809523,0.03273809523809523,0.7602166533470154,0.7457689046859741,0.0002429485321044922,0.02759110927581787,0,False
M2_team_dev_conditioned_continuous,R-479,(GI-IaaS) Backend Application Srv. & Project Support,offboarding,0.9274953603744507,0.9274953603744507,0.0,0.8484848484848484,0.8484848484848484,0.0,0.847148060798645,0.8111560940742493,0.036310017108917236,0.053436458110809326,2,False
M2_team_dev_conditioned_continuous,R-47,(BF) Information Security Office,admin_rights,0.7313158512115479,0.7267768383026123,-0.004539012908935547,0.21205357142857145,0.15990730011587484,-0.05214627131269661,0.7653406858444214,0.7206345796585083,0.0090179443359375,0.08275389671325684,4,False
M2_team_dev_conditioned_continuous,R-483,(LF) IT Office Access Italy,offboarding,0.791578471660614,0.913455605506897,0.12187713384628296,0.7567567567567567,0.8235294117647058,0.06677265500794916,0.9006366729736328,0.8729349374771118,0.007892131805419922,0.05459177494049072,0,False
M2_team_dev_conditioned_continuous,R-489,(GI-UX) Mobile Device Management,other,0.6785387396812439,0.668953537940979,-0.009585201740264893,0.3448275862068966,0.3225806451612903,-0.02224694104560626,0.9818277359008789,0.7650992274284363,0.26960742473602295,0.2728480100631714,4,False
M2_team_dev_conditioned_continuous,R-487,(GI-SaaS) Salesforce,other,0.8206895589828491,0.8263217806816101,0.005632221698760986,0.36363636363636365,0.3769633507853403,0.013326987148976677,0.9373676776885986,0.6301457285881042,0.3291652798652649,0.45916610956192017,2,False
M2_team_dev_conditioned_continuous,R-5,(GI-UX) File & Print,software_support,0.3844250738620758,0.4123058319091797,0.027880758047103882,0.15833333333333333,0.21739130434782608,0.059057971014492755,0.8071073293685913,0.7846022844314575,0.0008388757705688477,0.044996440410614014,0,False
M2_team_dev_conditioned_continuous,R-497,(GI-SM) Service Desk,other,0.4527179002761841,0.4369455575942993,-0.015772342681884766,0.10983397190293742,0.05722070844686648,-0.05261326345607094,0.55619215965271,0.5388680696487427,0.011873126029968262,0.04563724994659424,1,False
M2_team_dev_conditioned_continuous,R-504,(GI-UX) Application,absence,0.48947393894195557,0.5023571252822876,0.012883186340332031,0.43537414965986393,0.4161073825503355,-0.019266767109528404,0.5940266847610474,0.5754765868186951,0.009801208972930908,0.03089272975921631,2,False
M2_team_dev_conditioned_continuous,R-505,(GI-UX) Group,software_license,0.613644540309906,0.6710400581359863,0.05739551782608032,0.2546201232032854,0.2674897119341564,0.012869588730870962,0.7774654626846313,0.5932093262672424,0.21859240531921387,0.2442840337753296,1,False
M2_team_dev_conditioned_continuous,R-507,(GI-UX) Group,other,0.9031186103820801,0.8401495218276978,-0.06296908855438232,0.4444444444444445,0.45751633986928103,0.013071895424836555,0.5339007377624512,0.38104763627052307,0.1350400447845459,0.2199581265449524,1,False
M2_team_dev_conditioned_continuous,R-509,(GI-UX) File & Print,other,0.24957343935966492,0.30396682024002075,0.054393380880355835,0.1973684210526316,0.21333333333333332,0.01596491228070171,0.5546534061431885,0.44249647855758667,0.048804402351379395,0.21608424186706543,4,False
M2_team_dev_conditioned_continuous,R-513,(GI-UX) MAC OS,other,0.6708924770355225,0.6484614610671997,-0.022431015968322754,0.19047619047619047,0.19333333333333336,0.0028571428571428914,0.9786639213562012,0.7968718409538269,0.21380829811096191,0.23235994577407837,5,False
M2_team_dev_conditioned_continuous,R-527,(GI-CF) Robot Process Automation,admin_rights,0.5023006200790405,0.6065505146980286,0.10424989461898804,0.1375291375291375,0.1645714285714286,0.027042291042291083,0.9318428635597229,0.8613680601119995,0.037639737129211426,0.14054220914840698,5,False
M2_team_dev_conditioned_continuous,R-532,(GI-UX) Group,password_reset,0.5795860886573792,0.637055516242981,0.05746942758560181,0.24590163934426232,0.2982456140350877,0.052343974690825384,0.7332671880722046,0.7148265838623047,0.013376355171203613,0.02912592887878418,2,False
M2_team_dev_conditioned_continuous,R-528,(GI-UX) Group,vpn_access,0.6958433389663696,0.7333149909973145,0.037471652030944824,0.28776978417266186,0.24742268041237114,-0.040347103760290715,0.6017083525657654,0.5500765442848206,0.0182420015335083,0.09905093908309937,2,False
M2_team_dev_conditioned_continuous,R-546,(GI-SaaS) Salesforce,other,0.4350755512714386,0.3615501821041107,-0.07352536916732788,0.1797752808988764,0.12048192771084339,-0.05929335318803301,0.9484521150588989,0.6178489923477173,0.08036458492279053,0.5692435503005981,3,False
M2_team_dev_conditioned_continuous,R-541,(GI-UX) Network Access,vpn_access,0.49211201071739197,0.43979936838150024,-0.052312642335891724,0.1486988847583643,0.15770609318996417,0.009007208431599883,0.537338137626648,0.5142810940742493,0.010598957538604736,0.03993833065032959,2,False
M2_team_dev_conditioned_continuous,R-560,(GI-UX) File & Print,onboarding,0.7846869230270386,0.7850236892700195,0.00033676624298095703,0.6153846153846154,0.6842105263157895,0.06882591093117407,0.9728562831878662,0.970541775226593,0.0016210079193115234,0.003909468650817871,1,False
M2_team_dev_conditioned_continuous,R-562,(GI-UX) File & Print,onboarding,0.8008283972740173,0.8036544919013977,0.002826094627380371,0.6,0.6842105263157895,0.08421052631578951,0.9786417484283447,0.9764143824577332,0.002215147018432617,0.0033715367317199707,1,False
M2_team_dev_conditioned_continuous,R-563,(GI-IaaS) Development Platform,project_tools,0.6979999542236328,0.7159094214439392,0.017909467220306396,0.2553191489361702,0.24719101123595508,-0.008128137700215116,0.9147495031356812,0.5786148309707642,0.3657330870628357,0.4855988621711731,4,False
M2_team_dev_conditioned_continuous,R-566,(GI-UX) File & Print,software_support,0.16813924908638,0.8204678297042847,0.6523285806179047,0.12962962962962962,0.5357142857142857,0.40608465608465605,0.4619560241699219,0.429413378238678,0.019443541765213013,0.050228118896484375,0,False
M2_team_dev_conditioned_continuous,R-57,(BF) Information Security Office,admin_rights,0.705091118812561,0.7115377187728882,0.0064465999603271484,0.1545157780195865,0.15127919911012233,-0.0032365789094641606,0.8733963966369629,0.8592293858528137,0.013550758361816406,0.027166247367858887,3,False
M2_team_dev_conditioned_continuous,R-570,(GI-IaaS) Development Platform,software_license,0.6993520259857178,0.7513470649719238,0.051995038986206055,0.26885245901639343,0.26006191950464397,-0.008790539511749462,0.8286571502685547,0.7612481713294983,0.07678943872451782,0.09112578630447388,1,False
M2_team_dev_conditioned_continuous,R-571,(GI-IaaS) Development Platform,software_license,0.6835280060768127,0.6794373393058777,-0.004090666770935059,0.2721518987341772,0.2671009771986971,-0.005050921535480146,0.6968128681182861,0.6430720090866089,0.05938005447387695,0.07041341066360474,2,False
M2_team_dev_conditioned_continuous,R-572,(GI-IaaS) Development Platform,software_license,0.7142611742019653,0.6888415217399597,-0.025419652462005615,0.2857142857142857,0.2984126984126984,0.012698412698412709,0.8843713998794556,0.8624064326286316,0.0,0.0551145076751709,5,False
M2_team_dev_conditioned_continuous,R-573,(GI-UX) Account Management,collaboration,0.8754918575286865,0.8820303678512573,0.006538510322570801,0.4038461538461538,0.38113207547169814,-0.02271407837445566,0.9536957144737244,0.8926901817321777,0.004688560962677002,0.2718331217765808,5,False
M2_team_dev_conditioned_continuous,R-577,(GI-UX) File & Print,onboarding,0.7192927598953247,0.8059744834899902,0.08668172359466553,0.6666666666666667,0.7333333333333334,0.06666666666666665,0.9807201623916626,0.9795693159103394,0.00017410516738891602,0.0031426548957824707,0,False
M2_team_dev_conditioned_continuous,R-576,(GI-UX) Account Management,onboarding,0.7278324365615845,0.7770712375640869,0.04923880100250244,0.5167173252279635,0.481586402266289,-0.03513092296167453,0.8903993368148804,0.8713169097900391,0.016204118728637695,0.028824329376220703,0,False
M2_team_dev_conditioned_continuous,R-585,(GI-UX) File & Print,onboarding,0.64686518907547,0.7441296577453613,0.09726446866989136,0.5106382978723404,0.6153846153846154,0.10474631751227503,0.9918771982192993,0.9904540777206421,0.0005685687065124512,0.0027316808700561523,1,False
M2_team_dev_conditioned_continuous,R-578,(GI-UX) Account Management,onboarding,0.7764694094657898,0.6903911828994751,-0.0860782265663147,0.5286624203821656,0.510204081632653,-0.018458338749512637,0.9129790663719177,0.9028965830802917,0.007589995861053467,0.01756519079208374,0,False
M2_team_dev_conditioned_continuous,R-59,(GI-UX) Group,password_reset,0.8481276631355286,0.754616379737854,-0.09351128339767456,0.2833333333333333,0.26785714285714285,-0.015476190476190477,0.824127197265625,0.7558659315109253,0.02934819459915161,0.11715978384017944,3,False
M2_team_dev_conditioned_continuous,R-591,(GI-UX) File & Print,onboarding,0.7702109217643738,0.8657010793685913,0.09549015760421753,0.5555555555555555,0.8235294117647058,0.2679738562091504,0.9917552471160889,0.990325927734375,0.00044667720794677734,0.002347588539123535,0,False
M2_team_dev_conditioned_continuous,R-590,(GI-UX) Group,admin_rights,0.6507235765457153,0.6357170939445496,-0.015006482601165771,0.1888412017167382,0.09806157354618014,-0.09077962817055807,0.8415732979774475,0.82709801197052,0.00842660665512085,0.029649436473846436,3,False
M2_team_dev_conditioned_continuous,R-60,(GI-UX) Application,absence,0.6693406701087952,0.6818457841873169,0.012505114078521729,0.40259740259740256,0.40268456375838924,8.71611609866707e-05,0.6646742820739746,0.6235898733139038,0.01415705680847168,0.07959866523742676,4,False
M2_team_dev_conditioned_continuous,R-593,(GI-CF) Robot Process Automation,admin_rights,0.6781158447265625,0.6082991361618042,-0.0698167085647583,0.16591928251121077,0.18061674008810574,0.014697457576894973,0.9621644616127014,0.7143024206161499,0.3030741810798645,0.32108479738235474,2,False
M2_team_dev_conditioned_continuous,R-606,(GI-CyberSec) Security Operation Center,email_support,0.8493553996086121,0.8437812328338623,-0.005574166774749756,0.27027027027027023,0.26785714285714285,-0.0024131274131273805,0.685208797454834,0.5793882012367249,0.03302896022796631,0.20391616225242615,4,False
M2_team_dev_conditioned_continuous,R-607,(GI-IaaS) Development Platform,other,0.5504047870635986,0.5984172821044922,0.048012495040893555,0.2807017543859649,0.253968253968254,-0.026733500417710887,0.6137546300888062,0.5571531057357788,0.0031329989433288574,0.11513549089431763,3,False
M2_team_dev_conditioned_continuous,R-614,(GI-UX) File & Print,software_support,0.5588910579681396,0.6757657527923584,0.11687469482421875,0.4727272727272727,0.5289256198347108,0.05619834710743804,0.6448843479156494,0.5408893823623657,0.07044440507888794,0.1687946319580078,4,False
M2_team_dev_conditioned_continuous,R-612,(GI-CF) Robot Process Automation,admin_rights,0.7262250781059265,0.6255687475204468,-0.10065633058547974,0.13754227733934613,0.12307692307692307,-0.014465354262423055,0.9395609498023987,0.7310537099838257,0.0021356940269470215,0.3660052418708801,3,False
M2_team_dev_conditioned_continuous,R-617,(GI-UX) Windows,other,0.6604554057121277,0.5186906456947327,-0.14176476001739502,0.20272904483430798,0.20302375809935208,0.0002947132650440998,0.7516289353370667,0.6265877485275269,0.1275838017463684,0.18044227361679077,3,False
M2_team_dev_conditioned_continuous,R-621,(GI-CF) Robot Process Automation,admin_rights,0.421161413192749,0.5246074199676514,0.10344600677490234,0.10098522167487685,0.14891179839633448,0.04792657672145763,0.825417160987854,0.8000892400741577,0.010160088539123535,0.04482614994049072,3,False
M2_team_dev_conditioned_continuous,R-624,(GI-SaaS) Salesforce,admin_rights,0.7471669912338257,0.7043181657791138,-0.042848825454711914,0.17945007235890015,0.18289085545722714,0.0034407830983269883,0.8489986658096313,0.7555443644523621,0.0049225687980651855,0.19865989685058594,4,False
M2_team_dev_conditioned_continuous,R-63,(GI-SaaS) SAP & Synertrade,other,0.83514004945755,0.8962467908859253,0.061106741428375244,0.5413533834586466,0.45112781954887216,-0.09022556390977443,0.898497462272644,0.5590146780014038,0.40168285369873047,0.4532068967819214,2,False
M2_team_dev_conditioned_continuous,R-625,(GI-IaaS) Development Platform,other,0.4124940037727356,0.3735388219356537,-0.03895518183708191,0.11282051282051282,0.11956521739130435,0.006744704570791529,0.5079503655433655,0.48600441217422485,0.009331166744232178,0.056122541427612305,3,False
M2_team_dev_conditioned_continuous,R-631,"(GI-IaaS) Network On-Prem (LAN,WLAN,WAN 2nd level)",vpn_access,0.7016680836677551,0.8465052843093872,0.14483720064163208,0.19310344827586207,0.3684210526315789,0.17531760435571686,0.6066684722900391,0.5710955262184143,0.008240580558776855,0.06995844841003418,2,False
M2_team_dev_conditioned_continuous,R-636,(GI-UX) Group,software_license,0.6436779499053955,0.7033668756484985,0.05968892574310303,0.17233560090702948,0.2260127931769723,0.0536771922699428,0.5845530033111572,0.5133951306343079,0.04744243621826172,0.10579997301101685,1,False
M2_team_dev_conditioned_continuous,R-638,(GI-IaaS) Development Platform,project_tools,0.4456234574317932,0.4564700424671173,0.010846585035324097,0.12413793103448278,0.15,0.02586206896551721,0.5026131868362427,0.4606477618217468,0.006351351737976074,0.08003216981887817,1,False
M2_team_dev_conditioned_continuous,R-645,(GI-SaaS) SAP & Synertrade,enterprise_systems,0.7639851570129395,0.7023909687995911,-0.06159418821334839,0.2702702702702703,0.3571428571428571,0.08687258687258681,0.5966615080833435,0.5868132710456848,0.010907948017120361,0.01512986421585083,3,False
M2_team_dev_conditioned_continuous,R-646,(GI-CF) Robot Process Automation,admin_rights,0.7035444974899292,0.5959054827690125,-0.10763901472091675,0.15742793791574283,0.19646799116997793,0.039040053254235096,0.7352818846702576,0.7177214622497559,0.008325636386871338,0.03660011291503906,2,False
M2_team_dev_conditioned_continuous,R-647,(GI-UX) File & Print,access_problem,0.8030864596366882,0.7248706817626953,-0.07821577787399292,0.29411764705882354,0.17061611374407581,-0.12350153331474772,0.7343599796295166,0.7007355093955994,0.012746453285217285,0.05733442306518555,2,False
M2_team_dev_conditioned_continuous,R-651,(GI-UX) File & Print,hardware_support,0.22492429614067078,0.30489784479141235,0.07997354865074158,0.12612612612612611,0.4155844155844156,0.2894582894582895,0.5121114253997803,0.42677029967308044,0.013784736394882202,0.173026442527771,2,False
M2_team_dev_conditioned_continuous,R-653,(GI-UX) File & Print,onboarding,0.7836217284202576,0.7792121767997742,-0.0044095516204833984,0.6842105263157895,0.631578947368421,-0.052631578947368474,0.9748132228851318,0.9727548360824585,0.0018661022186279297,0.003954172134399414,1,False
M2_team_dev_conditioned_continuous,R-669,(GI-IaaS) Development Platform,software_license,0.8160005807876587,0.8247241973876953,0.008723616600036621,0.3072289156626506,0.29565217391304344,-0.011576741749607156,1.0000001192092896,0.9535665512084961,0.0,0.11608397960662842,4,False
M2_team_dev_conditioned_continuous,R-671,(GI-IaaS) Development Platform,software_license,0.839919924736023,0.8548723459243774,0.014952421188354492,0.2600619195046439,0.27355623100303955,0.01349431149839564,1.0000001192092896,0.9535665512084961,0.0,0.11608397960662842,4,False
M2_team_dev_conditioned_continuous,R-680,(GI-IaaS) Development Platform,software_license,0.885358452796936,0.8631852865219116,-0.022173166275024414,0.3042071197411003,0.27891156462585037,-0.025295555115249946,0.8856897354125977,0.8773742914199829,0.007025480270385742,0.01151728630065918,1,False
M2_team_dev_conditioned_continuous,R-686,(GI-IaaS) Development Platform,software_license,0.866460382938385,0.862366259098053,-0.004094123840332031,0.2781456953642384,0.26666666666666666,-0.011479028697571725,0.8271549940109253,0.7695133686065674,0.04604971408843994,0.09837996959686279,4,False
M2_team_dev_conditioned_continuous,R-691,(GI-IaaS) Development Platform,software_license,0.7920576333999634,0.8060182332992554,0.013960599899291992,0.1951219512195122,0.28328611898017,0.08816416776065777,0.7778307199478149,0.769692063331604,0.004742860794067383,0.019510746002197266,2,False
M2_team_dev_conditioned_continuous,R-708,(GI-CF) Robot Process Automation,admin_rights,0.4885064363479614,0.41404902935028076,-0.07445740699768066,0.11708482676224613,0.0967741935483871,-0.020310633213859036,0.7057700157165527,0.6325783133506775,0.026960134506225586,0.11633890867233276,3,False
M2_team_dev_conditioned_continuous,R-709,(GI-UX) Group,software_license,0.4318714141845703,0.4818641245365143,0.04999271035194397,0.13991769547325103,0.1568627450980392,0.016945049624788183,0.650195837020874,0.6290812492370605,0.0035103559494018555,0.043591856956481934,1,False
M2_team_dev_conditioned_continuous,R-713,(GI-IaaS) Development Platform,software_license,0.8518165946006775,0.834405243396759,-0.017411351203918457,0.259493670886076,0.26755852842809363,0.008064857542017634,0.916827917098999,0.8876646161079407,0.023847639560699463,0.04497617483139038,4,False
M2_team_dev_conditioned_continuous,R-715,(GI-CF) Robot Process Automation,admin_rights,0.5230616331100464,0.4797361493110657,-0.04332548379898071,0.13769751693002255,0.08805031446540881,-0.04964720246461374,0.688135027885437,0.6783913373947144,0.005608797073364258,0.015694618225097656,2,False
M2_team_dev_conditioned_continuous,R-72,(LF) IT Office Access Italy,offboarding,0.8213154077529907,0.7665768265724182,-0.05473858118057251,0.717948717948718,0.5641025641025642,-0.15384615384615374,0.974276602268219,0.9725666046142578,0.0014901161193847656,0.002658665180206299,1,False
M2_team_dev_conditioned_continuous,R-726,(LF) IT Office Access Italy,offboarding,0.7754455804824829,0.8144986629486084,0.03905308246612549,0.6842105263157895,0.7272727272727274,0.04306220095693791,0.823729932308197,0.7974510192871094,0.025071322917938232,0.03790193796157837,2,False
M2_team_dev_conditioned_continuous,R-73,(GI-IaaS) Backend Application Srv. & Project Support,offboarding,0.9288856983184814,0.9771063923835754,0.048220694065093994,0.8484848484848484,0.8717948717948718,0.02331002331002341,0.9709506034851074,0.9672124981880188,0.003068089485168457,0.00550234317779541,2,False
M2_team_dev_conditioned_continuous,R-732,(GI-UX) Network Access,vpn_access,0.8448995351791382,0.8822554349899292,0.037355899810791016,0.23270440251572325,0.2529411764705882,0.02023677395486498,0.6431130170822144,0.6064165830612183,0.03839594125747681,0.05147385597229004,3,False
M2_team_dev_conditioned_continuous,R-740,(GI-UX) Group,software_license,0.47482404112815857,0.5822067260742188,0.10738268494606018,0.21321961620469082,0.17371937639198218,-0.03950023981270864,0.9223726987838745,0.8701518177986145,0.023540079593658447,0.11268281936645508,4,False
M2_team_dev_conditioned_continuous,R-75,(GI-IaaS) Backend Application Srv. & Project Support,offboarding,0.8782057762145996,0.8813016414642334,0.003095865249633789,0.7894736842105262,0.6976744186046512,-0.09179926560587504,0.95749831199646,0.9551162719726562,0.0018569231033325195,0.004061698913574219,0,False
M2_team_dev_conditioned_continuous,R-741,(GI-SaaS) Salesforce,enterprise_systems,0.6720831394195557,0.48551222681999207,-0.1865709125995636,0.3071161048689139,0.18604651162790697,-0.12106959324100691,0.5828491449356079,0.515905499458313,0.0582197904586792,0.10196185111999512,1,False
M2_team_dev_conditioned_continuous,R-754,(GI-UX) File & Print,onboarding,0.7076236009597778,0.7076236009597778,0.0,0.6,0.6,0.0,0.9841275811195374,0.9829261898994446,0.0002778172492980957,0.002031981945037842,1,False
M2_team_dev_conditioned_continuous,R-755,(GI-UX) Account Management,onboarding,0.9019763469696045,0.9458374977111816,0.04386115074157715,0.7231270358306189,0.7868852459016394,0.06375821007102056,0.9943743944168091,0.9911378026008606,0.0031211376190185547,0.004416525363922119,5,False
M2_team_dev_conditioned_continuous,R-757,(GI-UX) Account Management,onboarding,0.8753488063812256,0.8468660712242126,-0.02848273515701294,0.5543859649122808,0.4852459016393443,-0.06914006327293648,0.9744294285774231,0.9579450488090515,0.014826297760009766,0.022920072078704834,4,False
M2_team_dev_conditioned_continuous,R-760,(GI-UX) Group,software_support,0.3480488657951355,0.4457888901233673,0.09774002432823181,0.13714285714285712,0.1735159817351598,0.036373124592302686,0.6094628572463989,0.5465752482414246,0.06775987148284912,0.09590506553649902,2,False
M2_team_dev_conditioned_continuous,R-759,(GI-UX) Group,software_license,0.6172542572021484,0.6189872026443481,0.001732945442199707,0.18105263157894735,0.18181818181818182,0.0007655502392344693,0.5550193786621094,0.49548912048339844,0.0,0.11663821339607239,1,False
M2_team_dev_conditioned_continuous,R-765,(GI-UX) File & Print,onboarding,0.2538011074066162,0.6419122219085693,0.3881111145019531,0.08080808080808081,0.4067796610169491,0.3259715802088683,0.9499793648719788,0.9460284113883972,0.003527343273162842,0.008068561553955078,0,False
M2_team_dev_conditioned_continuous,R-772,(BF) Information Security Office,admin_rights,0.6977523565292358,0.7978191375732422,0.10006678104400635,0.18265895953757222,0.20922384701912264,0.02656488748155042,0.6003344058990479,0.5774829983711243,0.006005764007568359,0.05610024929046631,1,False
M2_team_dev_conditioned_continuous,R-775,(GI-UX) Network Access,vpn_access,0.7435978055000305,0.7892616391181946,0.04566383361816406,0.36170212765957444,0.3277777777777778,-0.033924349881796656,0.9339691400527954,0.9155027270317078,0.0008687973022460938,0.0566868782043457,3,False
M2_team_dev_conditioned_continuous,R-783,(GI-UX) File & Print,onboarding,0.7358930110931396,0.6997925639152527,-0.03610044717788696,0.55,0.5789473684210527,0.02894736842105261,0.9876525402069092,0.9859907031059265,0.001243293285369873,0.0026163458824157715,0,False
M2_team_dev_conditioned_continuous,R-788,(GI-UX) Account Management,onboarding,0.7751947641372681,0.8656356334686279,0.09044086933135986,0.4842105263157895,0.5379310344827587,0.053720508166969216,0.9885249137878418,0.9878443479537964,0.0003762245178222656,0.0012755393981933594,3,False
M2_team_dev_conditioned_continuous,R-792,(GI-UX) Account Management,onboarding,0.8796596527099609,0.920348584651947,0.040688931941986084,0.5878378378378378,0.7963525835866262,0.20851474574878837,0.9867312908172607,0.9849880337715149,0.0020084381103515625,0.0023283958435058594,5,False
M2_team_dev_conditioned_continuous,R-795,(GI-UX) Group,onboarding,0.8927266597747803,0.918212890625,0.025486230850219727,0.7894736842105262,0.8235294117647058,0.03405572755417963,0.9831502437591553,0.9813467264175415,0.0017415285110473633,0.002708911895751953,0,False
M2_team_dev_conditioned_continuous,R-801,(GI-SM) Service Desk,software_license,0.8544687032699585,0.8394701480865479,-0.014998555183410645,0.2713864306784661,0.28228228228228225,0.010895851603816176,0.9333515167236328,0.9068835377693176,0.0049779415130615234,0.06235063076019287,4,False
M2_team_dev_conditioned_continuous,R-802,(GI-UX) File & Print,onboarding,0.8767105937004089,0.8478120565414429,-0.028898537158966064,0.8235294117647058,0.7692307692307692,-0.05429864253393668,0.9897894859313965,0.9881144762039185,0.0002765059471130371,0.0033392906188964844,0,False
M2_team_dev_conditioned_continuous,R-808,(GI-UX) Application,other,0.6357408761978149,0.4919266700744629,-0.14381420612335205,0.32286995515695066,0.19387755102040813,-0.12899240413654253,0.737634003162384,0.6701946258544922,0.052896320819854736,0.11598092317581177,1,False
M2_team_dev_conditioned_continuous,R-812,(GI-UX) Group,software_support,0.17079854011535645,0.10300955176353455,-0.0677889883518219,0.09999999999999999,0.1415929203539823,0.04159292035398231,0.7272045612335205,0.6604440808296204,0.025162100791931152,0.12768924236297607,1,False
M2_team_dev_conditioned_continuous,R-814,(GI-UX) File & Print,other,0.5190122127532959,0.7513108253479004,0.2322986125946045,0.17391304347826086,0.3448275862068966,0.1709145427286357,0.9914794564247131,0.9875897169113159,0.003183305263519287,0.006136715412139893,2,False
M2_team_dev_conditioned_continuous,R-823,(GI-IaaS) Development Platform,software_license,0.7621893882751465,0.7705584764480591,0.008369088172912598,0.3192771084337349,0.3353658536585366,0.016088745224801693,0.9128170013427734,0.904933750629425,0.0,0.02781689167022705,4,False
M2_team_dev_conditioned_continuous,R-818,(GI-IaaS) Development Platform,software_license,0.7525858879089355,0.7892451286315918,0.03665924072265625,0.25913621262458475,0.27388535031847133,0.014749137693886583,0.8617717027664185,0.8513213396072388,0.0,0.036469221115112305,4,False
M2_team_dev_conditioned_continuous,R-825,(GI-IaaS) Development Platform,other,0.37779080867767334,0.40163177251815796,0.02384096384048462,0.01769911504424779,0.016393442622950817,-0.0013056724212969738,0.8100952506065369,0.8086192011833191,0.0,0.005669951438903809,3,False
M2_team_dev_conditioned_continuous,R-826,(GI-UX) Group,hardware_support,0.37840256094932556,0.26945430040359497,-0.10894826054573059,0.14285714285714288,0.12307692307692308,-0.019780219780219793,0.641083836555481,0.6015691757202148,0.0018303990364074707,0.06789135932922363,0,False
M2_team_dev_conditioned_continuous,R-833,(GI-SM) Service Desk,other,0.19832241535186768,0.2031584084033966,0.004835993051528931,0.14035087719298245,0.08571428571428572,-0.05463659147869673,0.6208144426345825,0.5487520694732666,0.05161553621292114,0.10514295101165771,2,False
M2_team_dev_conditioned_continuous,R-827,(GI-IaaS) Azure Data Center,other,0.15109214186668396,0.12610061466693878,-0.024991527199745178,0.12345679012345678,0.08791208791208792,-0.035544702211368864,0.4551165699958801,0.42057904601097107,0.009950697422027588,0.07207697629928589,5,False
M2_team_dev_conditioned_continuous,R-85,(GI-UX) Account Management,offboarding,0.9895293116569519,0.9839808344841003,-0.0055484771728515625,0.9821428571428571,0.9464285714285714,-0.0357142857142857,0.9431507587432861,0.9416660070419312,0.0006644725799560547,0.004017949104309082,1,False
M2_team_dev_conditioned_continuous,R-838,(GI-IaaS) Backend M365 (2nd level),other,0.17958396673202515,0.2586352229118347,0.07905125617980957,0.11933174224343675,0.10282776349614395,-0.0165039787472928,0.780945897102356,0.5734971761703491,0.0037114620208740234,0.3747769594192505,5,False
M2_team_dev_conditioned_continuous,R-856,"(GI-IaaS) Network On-Prem (LAN,WLAN,WAN 2nd level)",other,0.4106616973876953,0.5311973094940186,0.12053561210632324,0.32748538011695905,0.14634146341463414,-0.1811439167023249,0.5832465887069702,0.5326996445655823,0.04444795846939087,0.07424777746200562,2,False
M2_team_dev_conditioned_continuous,R-850,(GI-UX) Account Management,email_support,0.7408497333526611,0.7074999809265137,-0.03334975242614746,0.3414634146341463,0.352,0.010536585365853668,0.8512862920761108,0.681406557559967,0.10777199268341064,0.2506348490715027,5,False
M2_team_dev_conditioned_continuous,R-858,"(GI-IaaS) Network Cloud (Azure, Remote Access)",vpn_access,0.9298070669174194,0.858826220035553,-0.07098084688186646,0.37931034482758624,0.32982456140350874,-0.0494857834240775,0.7019479870796204,0.5769409537315369,0.14184385538101196,0.1734967827796936,3,False
M2_team_dev_conditioned_continuous,R-86,(GI-IaaS) Backend Application Srv. & Project Support,offboarding,0.9020517468452454,0.8986331224441528,-0.0034186244010925293,0.7647058823529412,0.7894736842105262,0.02476780185758498,0.9814795255661011,0.9749930500984192,0.0072002410888671875,0.008746504783630371,0,False
M2_team_dev_conditioned_continuous,R-870,(GI-UX) File & Print,onboarding,0.7861432433128357,0.922734260559082,0.13659101724624634,0.6153846153846154,0.888888888888889,0.27350427350427353,0.987468957901001,0.9840095639228821,0.0007691383361816406,0.00670093297958374,1,False
M2_team_dev_conditioned_continuous,R-871,(GI-UX) Account Management,onboarding,0.897255539894104,0.9124525785446167,0.015197038650512695,0.5868263473053892,0.7768115942028986,0.1899852468975094,0.9604579210281372,0.9547654986381531,0.0053855180740356445,0.009237110614776611,2,False
M2_team_dev_conditioned_continuous,R-888,(GI-UX) File & Print,other,0.7299060821533203,0.7601213455200195,0.03021526336669922,0.2903225806451613,0.29508196721311475,0.004759386567953439,0.9911747574806213,0.9900017976760864,0.0007495284080505371,0.0020864009857177734,4,False
M2_team_dev_conditioned_continuous,R-902,(GI-UX) File & Print,onboarding,0.8273346424102783,0.8220914602279663,-0.005243182182312012,0.6486486486486486,0.7272727272727274,0.07862407862407883,0.9870439767837524,0.985967755317688,0.0005794167518615723,0.002109229564666748,1,False
M2_team_dev_conditioned_continuous,R-899,(GI-UX) File & Print,onboarding,0.9095966815948486,0.8502174019813538,-0.05937927961349487,0.85,0.7692307692307692,-0.08076923076923082,0.9903714656829834,0.9858673214912415,0.002606332302093506,0.00818490982055664,2,False
M2_team_dev_conditioned_continuous,R-904,(GI-UX) File & Print,onboarding,0.8004222512245178,0.7067263722419739,-0.09369587898254395,0.631578947368421,0.6153846153846154,-0.0161943319838056,0.9900925159454346,0.9861448407173157,0.003596663475036621,0.005995690822601318,0,False
M2_team_dev_conditioned_continuous,R-905,(GI-UX) Account Management,onboarding,0.834213376045227,0.981430172920227,0.147216796875,0.5916398713826367,0.9096385542168673,0.3179986828342306,0.9919266700744629,0.9906104207038879,0.0007760524749755859,0.002077639102935791,5,False
M2_team_dev_conditioned_continuous,R-91,(GI-UX) Group,software_license,0.7355661392211914,0.666225790977478,-0.06934034824371338,0.18264840182648404,0.18303571428571427,0.00038731245923023794,0.7685316801071167,0.7149326205253601,0.01776498556137085,0.1198662519454956,3,False
M2_team_dev_conditioned_continuous,R-917,(GI-IaaS) Development Platform,project_tools,0.6305789351463318,0.4843323826789856,-0.1462465524673462,0.2619047619047619,0.23255813953488372,-0.0293466223698782,0.5490164756774902,0.4784184992313385,0.0330885648727417,0.12197023630142212,4,False
M2_team_dev_conditioned_continuous,R-919,(BF) Information Security Office,admin_rights,0.7388153076171875,0.7144109010696411,-0.024404406547546387,0.16849015317286653,0.16721672167216722,-0.0012734315006993069,0.985489547252655,0.906927227973938,0.07662343978881836,0.11098039150238037,2,False
M2_team_dev_conditioned_continuous,R-923,(GI-UX) Group,admin_rights,0.5432090759277344,0.7411799430847168,0.19797086715698242,0.12471131639722861,0.13154960981047936,0.006838293413250748,0.5125280618667603,0.49387866258621216,0.017370522022247314,0.034596651792526245,3,False
M2_team_dev_conditioned_continuous,R-926,(GI-IaaS) Development Platform,other,0.693292498588562,0.7057386636734009,0.012446165084838867,0.16901408450704225,0.13973799126637554,-0.029276093240666712,0.6818645000457764,0.6392947435379028,0.047805070877075195,0.057219743728637695,1,False
M2_team_dev_conditioned_continuous,R-929,(GI-UX) Account Management,onboarding,0.8853468894958496,0.8994841575622559,0.01413726806640625,0.44155844155844154,0.736842105263158,0.2952836637047164,0.9818878769874573,0.9800585508346558,0.00046831369400024414,0.003041505813598633,2,False
M2_team_dev_conditioned_continuous,R-930,(GI-IaaS) Development Platform,software_license,0.8240077495574951,0.8422688245773315,0.018261075019836426,0.30246913580246915,0.27863777089783276,-0.023831364904636387,0.9168280363082886,0.8777042627334595,0.031792640686035156,0.06542479991912842,5,False
M2_team_dev_conditioned_continuous,R-93,(GI-CF) Robot Process Automation,admin_rights,0.5218285322189331,0.5995641946792603,0.07773566246032715,0.11002444987775063,0.16573348264277715,0.05570903276502652,0.8599211573600769,0.8113468885421753,0.027642667293548584,0.0718887448310852,5,False
M2_team_dev_conditioned_continuous,R-932,(GI-SaaS) Salesforce,admin_rights,0.7992552518844604,0.7835749387741089,-0.015680313110351562,0.241234221598878,0.2076813655761024,-0.03355285602277561,0.7873700857162476,0.6491732597351074,0.02696216106414795,0.26337671279907227,4,False
M2_team_dev_conditioned_continuous,R-933,(GI-IaaS) Development Platform,other,0.7831969261169434,0.819809079170227,0.03661215305328369,0.2280130293159609,0.20624999999999996,-0.02176302931596094,0.7317225337028503,0.6246681809425354,0.11342358589172363,0.15185308456420898,2,False
M2_team_dev_conditioned_continuous,R-936,(GI-UX) File & Print,other,0.8260441422462463,0.9331823587417603,0.10713821649551392,0.5625000000000001,0.7692307692307692,0.20673076923076905,0.991174578666687,0.9878624677658081,0.0011273622512817383,0.006195008754730225,5,False
M2_team_dev_conditioned_continuous,R-942,(GI-UX) Account Management,onboarding,0.3259833753108978,0.779231071472168,0.45324769616127014,0.061855670103092786,0.43971631205673756,0.37786064195364477,0.9261789321899414,0.8989027142524719,0.02841353416442871,0.04050123691558838,0,False
M2_team_dev_conditioned_continuous,R-943,"(GI-IaaS) Network On-Prem (LAN,WLAN,WAN 2nd level)",vpn_access,0.5090510845184326,0.8324356079101562,0.32338452339172363,0.21232876712328766,0.28771929824561404,0.07539053112232638,0.5770089030265808,0.5310161113739014,0.05252581834793091,0.06702327728271484,1,False
M2_team_dev_conditioned_continuous,R-944,(GI-IaaS) Backend Application Srv. & Project Support,offboarding,0.988696813583374,0.7446557283401489,-0.2440410852432251,0.85,0.7027027027027027,-0.14729729729729724,0.9905260801315308,0.9890867471694946,0.0012128353118896484,0.0031470060348510742,3,False
M2_team_dev_conditioned_continuous,R-947,(GI-UX) Account Management,offboarding,0.9979963302612305,0.9392088651657104,-0.05878746509552002,0.9821428571428571,0.6599999999999999,-0.3221428571428572,0.973723828792572,0.9720679521560669,0.0003209710121154785,0.004388391971588135,0,False
M2_team_dev_conditioned_continuous,R-953,(GI-CF) Robot Process Automation,admin_rights,0.37198925018310547,0.3955259919166565,0.023536741733551025,0.06642066420664205,0.07334963325183373,0.006928969045191677,0.7307182550430298,0.7228760123252869,0.006448805332183838,0.019195914268493652,1,False
M2_team_dev_conditioned_continuous,R-954,(GI-UX) File & Print,onboarding,0.7939644455909729,0.818437933921814,0.024473488330841064,0.6842105263157895,0.6486486486486486,-0.03556187766714092,0.9814780950546265,0.979505181312561,0.0018748044967651367,0.003499269485473633,1,False
M2_team_dev_conditioned_continuous,R-966,(GI-UX) Account Management,email_support,0.7642896175384521,0.7021421790122986,-0.062147438526153564,0.33333333333333337,0.346774193548387,0.01344086021505364,0.8512864112854004,0.6717773675918579,0.09204578399658203,0.3293439745903015,4,False
M2_team_dev_conditioned_continuous,R-964,(GI-UX) Network Access,vpn_access,0.7305816411972046,0.7989069223403931,0.06832528114318848,0.34246575342465757,0.3525641025641026,0.010098349139445018,0.963829755783081,0.6659331917762756,0.356475293636322,0.38808971643447876,4,False
M2_team_dev_conditioned_continuous,R-967,(LF) IT Office Access Italy,office_access,0.5003675222396851,0.4791141748428345,-0.021253347396850586,0.5208333333333334,0.48076923076923084,-0.04006410256410253,0.9390976428985596,0.9003855586051941,0.045147478580474854,0.05617743730545044,3,False
M2_team_dev_conditioned_continuous,R-990,(GI-IaaS) Development Platform,access_problem,0.48138427734375,0.4101743996143341,-0.0712098777294159,0.09374999999999999,0.078125,-0.015624999999999986,0.8491711020469666,0.5884672403335571,0.29683881998062134,0.35192176699638367,2,False
M2_team_dev_conditioned_continuous,R-991,(GI-IaaS) Development Platform,access_problem,0.41375476121902466,0.28136247396469116,-0.1323922872543335,0.07462686567164178,0.08450704225352113,0.00988017658187934,0.8523308634757996,0.7037206888198853,0.16148585081100464,0.2115054726600647,3,False
M2_team_dev_conditioned_continuous,R-985,(GI-UX) Account Management,offboarding,0.9979963302612305,0.9839808344841003,-0.014015495777130127,0.9821428571428571,0.9464285714285714,-0.0357142857142857,0.9874145984649658,0.9852105379104614,4.661083221435547e-05,0.004625201225280762,0,False
M2_team_dev_conditioned_continuous,R-997,(GI-UX) Unified Communication,other,0.19043387472629547,0.17106696963310242,-0.019366905093193054,0.12030075187969926,0.14516129032258066,0.0248605384428814,0.640261173248291,0.5291224718093872,0.010365426540374756,0.1899217665195465,2,False
M3_class_dev_conditioned_continuous,R-100,(GI-IaaS) Admin - Local IT purchase,other,0.5895600318908691,0.5895600318908691,0.0,0.5,0.5,0.0,0.4417307376861572,0.4262809157371521,0.0009710788726806641,0.030615508556365967,5,False
M3_class_dev_conditioned_continuous,R-1002,(GI-UX) File & Print,onboarding,0.8262795805931091,0.1770247220993042,-0.6492548584938049,0.7272727272727274,0.06711409395973154,-0.6601586333129958,0.9835428595542908,0.9823434948921204,0.0007875561714172363,0.002096116542816162,0,False
M3_class_dev_conditioned_continuous,R-1003,(GI-UX) Account Management,onboarding,0.7219944000244141,0.7614642381668091,0.03946983814239502,0.4615384615384615,0.4948453608247423,0.03330689928628078,0.9898489713668823,0.9877109527587891,0.002393960952758789,0.0030056238174438477,1,False
M3_class_dev_conditioned_continuous,R-1006,(GI-IaaS) Development Platform,software_license,0.8486374616622925,0.8564440011978149,0.007806539535522461,0.3081967213114754,0.292358803986711,-0.015837917324764417,0.9273176193237305,0.900359034538269,0.0,0.07632613182067871,4,False
M3_class_dev_conditioned_continuous,R-1004,(GI-UX) File & Print,onboarding,0.8665444850921631,0.1293708086013794,-0.7371736764907837,0.7894736842105262,0.05555555555555555,-0.7339181286549706,0.9802106022834778,0.9760651588439941,0.004369080066680908,0.0062806010246276855,0,False
M3_class_dev_conditioned_continuous,R-1016,(GI-UX) Group,software_support,0.4796479344367981,0.5063298940658569,0.026681959629058838,0.15730337078651685,0.27586206896551724,0.11855869817900039,0.7709735035896301,0.730560839176178,0.03222852945327759,0.05926424264907837,0,False
M3_class_dev_conditioned_continuous,R-1007,(GI-UX) Group,vpn_access,0.7604957818984985,0.892305314540863,0.1318095326423645,0.32974910394265233,0.22456140350877193,-0.1051877004338804,0.7904136180877686,0.6832613945007324,0.1014372706413269,0.14977645874023438,0,False
M3_class_dev_conditioned_continuous,R-1021,(GI-SM) Service Desk,other,0.09274235367774963,0.20339208841323853,0.11064973473548889,0.018404907975460124,0.024615384615384615,0.006210476639924491,0.5464298129081726,0.49958673119544983,0.02174907922744751,0.08864825963973999,5,False
M3_class_dev_conditioned_continuous,R-1020,(BF) Information Security Office,admin_rights,0.6560793519020081,0.7093726992607117,0.05329334735870361,0.16017797552836485,0.15544041450777202,-0.004737561020592834,0.7411284446716309,0.6947420239448547,0.032095909118652344,0.08486711978912354,3,False
M3_class_dev_conditioned_continuous,R-1024,(GI-UX) Windows,admin_rights,0.676850438117981,0.706712007522583,0.02986156940460205,0.164079822616408,0.1573546180159635,-0.006725204600444484,0.9945774674415588,0.8743798136711121,0.13314872980117798,0.16711223125457764,3,False
M3_class_dev_conditioned_continuous,R-1032,(GI-CF) Robot Process Automation,admin_rights,0.6644812822341919,0.6728704571723938,0.008389174938201904,0.1896162528216704,0.1610738255033557,-0.028542427318314717,0.7944412231445312,0.7735104560852051,0.006741166114807129,0.048583924770355225,3,False
M3_class_dev_conditioned_continuous,R-1036,(LF) IT Office Access Italy,office_access,0.8412415981292725,0.7656317949295044,-0.07560980319976807,0.5319148936170213,0.5208333333333334,-0.011081560283687897,0.9019222259521484,0.88750821352005,0.004760026931762695,0.035939812660217285,5,False
M3_class_dev_conditioned_continuous,R-1033,(GI-UX) Network Access,vpn_access,0.8624321222305298,0.9233888983726501,0.06095677614212036,0.38127090301003347,0.3391003460207612,-0.042170556989272245,0.8120355606079102,0.6854199767112732,0.01991981267929077,0.22287887334823608,3,False
M3_class_dev_conditioned_continuous,R-1039,(GI-IaaS) Development Platform,other,0.539185643196106,0.48953378200531006,-0.0496518611907959,0.13157894736842105,0.19354838709677416,0.061969439728353115,0.44303590059280396,0.39604097604751587,0.028113096952438354,0.08270794153213501,5,False
M3_class_dev_conditioned_continuous,R-105,(GI-UX) File & Print,hardware_support,0.18334507942199707,0.2969924509525299,0.11364737153053284,0.14141414141414138,0.2368421052631579,0.09542796384901653,0.34468740224838257,0.2836891710758209,0.061859965324401855,0.08573031425476074,1,False
M3_class_dev_conditioned_continuous,R-1060,(BF) Employee Platform (SAP SF),other,0.6723129153251648,0.7401673793792725,0.06785446405410767,0.19178082191780824,0.2376237623762376,0.045842940458429376,0.7914108633995056,0.6482924222946167,0.14574986696243286,0.19330698251724243,5,False
M3_class_dev_conditioned_continuous,R-1062,(LF) IT Office Access Italy,offboarding,0.8566235899925232,0.8566235899925232,0.0,0.7894736842105262,0.7894736842105262,0.0,0.986281156539917,0.9832005500793457,0.0013720989227294922,0.005002260208129883,2,False
M3_class_dev_conditioned_continuous,R-1051,(GI-CF) Robot Process Automation,admin_rights,0.6006462574005127,0.5606008172035217,-0.04004544019699097,0.16757344940152338,0.13548387096774192,-0.03208957843378146,0.7941269874572754,0.7698143124580383,0.01692885160446167,0.04419374465942383,2,False
M3_class_dev_conditioned_continuous,R-1067,(GI-UX) Group,offboarding,0.9003426432609558,0.9915645718574524,0.09122192859649658,0.8235294117647058,0.975609756097561,0.1520803443328551,0.9876869320869446,0.9848119616508484,0.002103865146636963,0.005251705646514893,0,False
M3_class_dev_conditioned_continuous,R-1069,(GI-IaaS) Backend Application Srv. & Project Support,offboarding,0.910554051399231,0.8358321189880371,-0.07472193241119385,0.7428571428571429,0.7272727272727272,-0.0155844155844157,0.9905262589454651,0.9890152215957642,0.0015132427215576172,0.0023096203804016113,2,False
M3_class_dev_conditioned_continuous,R-108,(GI-UX) Network Access,other,0.5892307758331299,0.5900284647941589,0.0007976889610290527,0.12571428571428572,0.17894736842105266,0.05323308270676694,0.7693555355072021,0.677189826965332,0.09323692321777344,0.13904482126235962,5,False
M3_class_dev_conditioned_continuous,R-1083,"(GI-IaaS) Network Cloud (Azure, Remote Access)",vpn_access,0.7949867248535156,0.9104888439178467,0.11550211906433105,0.2736842105263158,0.440251572327044,0.16656736180072818,0.7019481062889099,0.6458013653755188,0.048452913761138916,0.08826786279678345,4,False
M3_class_dev_conditioned_continuous,R-1089,(GI-UX) Group,hardware_support,0.44584333896636963,0.5199055075645447,0.07406216859817505,0.16822429906542055,0.39252336448598135,0.2242990654205608,0.5561780333518982,0.4455460011959076,0.1279371976852417,0.16095268726348877,2,False
M3_class_dev_conditioned_continuous,R-109,(GI-UX) Application,absence,0.7559083104133606,0.7904804944992065,0.03457218408584595,0.38666666666666666,0.3855421686746988,-0.0011244979919678433,0.7522178888320923,0.713605523109436,0.0233917236328125,0.06951725482940674,5,False
M3_class_dev_conditioned_continuous,R-1093,(GI-IaaS) Backend Application Srv. & Project Support,offboarding,0.8595222234725952,0.9531059265136719,0.09358370304107666,0.7692307692307692,0.9047619047619048,0.1355311355311356,0.9777603149414062,0.9727632403373718,0.002710580825805664,0.008188486099243164,0,False
M3_class_dev_conditioned_continuous,R-1091,(GI-UX) File & Print,onboarding,0.8006221652030945,0.14114910364151,-0.6594730615615845,0.6666666666666666,0.05376344086021505,-0.6129032258064516,0.9868484139442444,0.9852932095527649,0.0014588236808776855,0.002531290054321289,0,False
M3_class_dev_conditioned_continuous,R-1105,(GI-SaaS) Salesforce,absence,0.5800257325172424,0.5678786635398865,-0.012147068977355957,0.43537414965986393,0.4266666666666667,-0.008707482993197235,0.5724667310714722,0.5410593748092651,0.01042473316192627,0.05256444215774536,3,False
M3_class_dev_conditioned_continuous,R-1106,"(GI-IaaS) Network Cloud (Azure, Remote Access)",vpn_access,0.40561383962631226,0.7709373831748962,0.365323543548584,0.14545454545454545,0.2721518987341772,0.12669735327963177,0.5596339702606201,0.5480856895446777,0.006425976753234863,0.020701885223388672,1,False
M3_class_dev_conditioned_continuous,R-1109,(GI-UX) Group,software_support,0.33748650550842285,0.44725310802459717,0.10976660251617432,0.15151515151515152,0.15894039735099336,0.007425245835841837,0.979118287563324,0.790088951587677,0.22015011310577393,0.24373465776443481,1,False
M3_class_dev_conditioned_continuous,R-1115,(GI-SaaS) Salesforce,enterprise_systems,0.3980696201324463,0.706479012966156,0.3084093928337097,0.11458333333333333,0.3445378151260504,0.2299544817927171,0.48708295822143555,0.3949054181575775,0.05807405710220337,0.13861173391342163,2,False
M3_class_dev_conditioned_continuous,R-1120,(GI-SaaS) Salesforce,absence,0.7578576803207397,0.6924481987953186,-0.06540948152542114,0.39490445859872614,0.38509316770186336,-0.009811290896862779,0.7324554920196533,0.7005656361579895,0.015420675277709961,0.055561065673828125,4,False
M3_class_dev_conditioned_continuous,R-1143,(GI-UX) Account Management,offboarding,0.9999999403953552,0.5573275089263916,-0.4426724314689636,1.0,0.1558441558441558,-0.8441558441558442,0.9750943183898926,0.9733783602714539,0.0013151168823242188,0.0030664801597595215,0,False
M3_class_dev_conditioned_continuous,R-115,(LF) IT Office Access Italy,offboarding,0.8316847681999207,0.690544605255127,-0.1411401629447937,0.7027027027027027,0.6111111111111112,-0.09159159159159158,0.8604562282562256,0.8406078219413757,0.01425325870513916,0.0418398380279541,5,False
M3_class_dev_conditioned_continuous,R-1133,(GI-UX) Account Management,email_support,0.7137172818183899,0.7516195774078369,0.03790229558944702,0.3684210526315789,0.348314606741573,-0.02010644589000593,0.8798789978027344,0.5587689876556396,0.3964005708694458,0.4099631905555725,1,False
M3_class_dev_conditioned_continuous,R-1150,(GI-UX) Group,hardware_support,0.599038302898407,0.7589519023895264,0.15991359949111938,0.3666666666666667,0.3689320388349514,0.0022653721682847072,0.41385617852211,0.3870985507965088,0.0,0.07293567061424255,3,False
M3_class_dev_conditioned_continuous,R-1163,(GI-CF) Robot Process Automation,admin_rights,0.570681095123291,0.571010410785675,0.0003293156623840332,0.13816534541336353,0.1826381059751973,0.044472760561833774,1.0,0.8858383297920227,0.001561880111694336,0.21196770668029785,5,False
M3_class_dev_conditioned_continuous,R-1180,(GI-SaaS) Salesforce,other,0.7410250902175903,0.7084217667579651,-0.032603323459625244,0.2857142857142857,0.29333333333333333,0.007619047619047636,0.6082023978233337,0.5529550313949585,0.03312993049621582,0.11004030704498291,5,False
M3_class_dev_conditioned_continuous,R-1193,(GI-SaaS) Salesforce,absence,0.7238824367523193,0.6494842767715454,-0.07439815998077393,0.4189189189189189,0.4335664335664336,0.014647514647514681,0.7275980710983276,0.6866075396537781,0.029122352600097656,0.06979560852050781,4,False
M3_class_dev_conditioned_continuous,R-1196,(GI-UX) Group,software_license,0.5452313423156738,0.6248005032539368,0.07956916093826294,0.11855670103092784,0.20869565217391306,0.09013895114298522,0.8422582149505615,0.7330206036567688,0.10508924722671509,0.15526843070983887,2,False
M3_class_dev_conditioned_continuous,R-120,(GI-UX) Network Access,vpn_access,0.7289827466011047,0.7265359163284302,-0.0024468302726745605,0.3065134099616858,0.2807017543859649,-0.025811655575720904,0.996056079864502,0.6994321942329407,0.05776941776275635,0.5124127268791199,4,False
M3_class_dev_conditioned_continuous,R-1203,(GI-UX) File & Print,hardware_support,0.670996904373169,0.7946851253509521,0.1236882209777832,0.44,0.4488188976377953,0.008818897637795309,1.0,0.5968816876411438,0.455402672290802,0.5577958822250366,4,False
M3_class_dev_conditioned_continuous,R-1210,(GI-IaaS) Development Platform,software_license,0.8620055913925171,0.8672962188720703,0.005290627479553223,0.30670926517571884,0.3009404388714733,-0.005768826304245522,1.0,0.9612312316894531,0.0,0.08138453960418701,5,False
M3_class_dev_conditioned_continuous,R-1218,(GI-UX) Group,other,0.6455915570259094,0.6578754186630249,0.012283861637115479,0.32653061224489793,0.3076923076923077,-0.018838304552590224,0.992637038230896,0.9908877611160278,0.0007635951042175293,0.00347900390625,3,False
M3_class_dev_conditioned_continuous,R-122,(GI-CF) Robot Process Automation,admin_rights,0.7271655797958374,0.6793754696846008,-0.04779011011123657,0.09988385598141696,0.17446808510638298,0.07458422912496603,0.914478063583374,0.8401816487312317,0.06476229429244995,0.10748255252838135,3,False
M3_class_dev_conditioned_continuous,R-1222,"(GI-IaaS) Network Cloud (Azure, Remote Access)",other,0.6302371025085449,0.5433897972106934,-0.08684730529785156,0.16613418530351437,0.13015873015873017,-0.0359754551447842,0.5569139122962952,0.5306946039199829,0.003121674060821533,0.06302908062934875,5,False
M3_class_dev_conditioned_continuous,R-1224,(GI-UX) Group,software_license,0.45461398363113403,0.6540949940681458,0.19948101043701172,0.0676056338028169,0.18907563025210083,0.12146999644928394,0.6593998670578003,0.646751880645752,0.007664799690246582,0.022843122482299805,1,False
M3_class_dev_conditioned_continuous,R-1232,(GI-UX) Network Access,vpn_access,0.5252355933189392,0.5115244388580322,-0.013711154460906982,0.25882352941176473,0.32081911262798635,0.06199558321622162,0.6103602647781372,0.5106161236763,0.041660189628601074,0.1528177261352539,1,False
M3_class_dev_conditioned_continuous,R-1240,(GI-UX) File & Print,admin_rights,0.5902807712554932,0.5381608009338379,-0.05211997032165527,0.10991636798088411,0.10989010989010989,-2.6258090774222698e-05,0.684263288974762,0.6040781736373901,0.08123141527175903,0.12040400505065918,1,False
M3_class_dev_conditioned_continuous,R-1255,(GI-UX) Group,offboarding,0.8962544202804565,0.6485418081283569,-0.2477126121520996,0.7428571428571429,0.5106382978723405,-0.23221884498480239,0.9661756157875061,0.962914764881134,0.002243518829345703,0.0052291154861450195,2,False
M3_class_dev_conditioned_continuous,R-125,(GI-IaaS) Development Platform,software_license,0.7869676351547241,0.8361722230911255,0.04920458793640137,0.2671232876712329,0.33066666666666666,0.06354337899543377,0.7871624231338501,0.7837808728218079,0.0,0.010962128639221191,2,False
M3_class_dev_conditioned_continuous,R-1256,(GI-UX) Account Management,offboarding,0.995202898979187,0.32750144600868225,-0.6677014529705048,0.9734513274336283,0.125,-0.8484513274336283,0.9694370031356812,0.9598523378372192,0.006566524505615234,0.016037046909332275,0,False
M3_class_dev_conditioned_continuous,R-1260,(GI-UX) Group,onboarding,0.594402015209198,0.10235299170017242,-0.4920490235090256,0.5531914893617021,0.06134969325153375,-0.4918417961101684,0.968852698802948,0.9665477871894836,0.0003382563591003418,0.006684303283691406,0,False
M3_class_dev_conditioned_continuous,R-1271,(GI-IaaS) Development Platform,project_tools,0.18690627813339233,0.49140429496765137,0.30449801683425903,0.13138686131386862,0.21739130434782608,0.08600444303395746,0.5093199610710144,0.4925324022769928,0.003688514232635498,0.040130943059921265,0,False
M3_class_dev_conditioned_continuous,R-1263,(GI-UX) Group,onboarding,0.13887865841388702,0.1576341688632965,0.018755510449409485,0.06329113924050633,0.0710059171597633,0.007714777919256968,0.914031982421875,0.9013280868530273,0.00977790355682373,0.02123171091079712,3,False
M3_class_dev_conditioned_continuous,R-1284,(GI-UX) File & Print,software_support,0.21835282444953918,0.5707063674926758,0.3523535430431366,0.09999999999999999,0.36036036036036034,0.26036036036036037,0.59076988697052,0.5643976926803589,0.026262998580932617,0.040118515491485596,1,False
M3_class_dev_conditioned_continuous,R-1275,(GI-CF) Robot Process Automation,admin_rights,0.7325677871704102,0.7499405145645142,0.017372727394104004,0.17305585980284774,0.17510548523206754,0.002049625429219798,0.9366686344146729,0.8972736597061157,0.027744650840759277,0.07879102230072021,2,False
M3_class_dev_conditioned_continuous,R-1291,(GI-IaaS) Development Platform,project_tools,0.5265119671821594,0.6393212080001831,0.11280924081802368,0.2894736842105263,0.25316455696202533,-0.036309127248500994,0.5344939231872559,0.47597822546958923,0.005066096782684326,0.12318825721740723,3,False
M3_class_dev_conditioned_continuous,R-1308,(LF) IT Office Access Italy,offboarding,0.9411302208900452,0.7892395257949829,-0.15189069509506226,0.8780487804878048,0.6190476190476191,-0.2590011614401857,0.9739329218864441,0.9680458903312683,0.004464924335479736,0.008667409420013428,3,False
M3_class_dev_conditioned_continuous,R-1310,(GI-UX) Account Management,offboarding,0.9910497665405273,0.4921633303165436,-0.49888643622398376,0.8947368421052632,0.15789473684210525,-0.736842105263158,0.9756110906600952,0.9731753468513489,0.0010221600532531738,0.003857135772705078,0,False
M3_class_dev_conditioned_continuous,R-1306,(BF) Employee Platform (SAP SF),other,0.18050804734230042,0.0771331712603569,-0.10337487608194351,0.20689655172413793,0.1627906976744186,-0.04410585404971934,0.4775533676147461,0.4692869186401367,0.0005273222923278809,0.016505658626556396,5,False
M3_class_dev_conditioned_continuous,R-1311,(GI-UX) Network Access,vpn_access,0.7612441778182983,0.7867622375488281,0.025518059730529785,0.3177570093457944,0.40390879478827363,0.08615178544247926,0.9966105818748474,0.9529701471328735,0.001420438289642334,0.19684350490570068,5,False
M3_class_dev_conditioned_continuous,R-1314,"(GI-IaaS) Network Cloud (Azure, Remote Access)",vpn_access,0.27120891213417053,0.15140612423419952,-0.11980278789997101,0.11976047904191617,0.13559322033898305,0.015832741297066882,0.5932087302207947,0.5386137366294861,0.03179198503494263,0.09077847003936768,2,False
M3_class_dev_conditioned_continuous,R-1320,(GI-UX) Account Management,onboarding,0.7780437469482422,0.8607437610626221,0.08270001411437988,0.293040293040293,0.5205479452054794,0.22750765216518642,0.9816119074821472,0.9807049036026001,4.38690185546875e-05,0.0018216967582702637,1,False
M3_class_dev_conditioned_continuous,R-1327,(GI-UX) Group,software_support,0.7752362489700317,0.9309555292129517,0.15571928024291992,0.5172413793103449,0.6299212598425197,0.11267988053217481,1.0,0.5726665258407593,0.45102572441101074,0.5722881555557251,1,False
M3_class_dev_conditioned_continuous,R-1334,(GI-UX) Account Management,offboarding,0.9979963302612305,0.5369188785552979,-0.4610774517059326,0.9821428571428571,0.22222222222222224,-0.7599206349206349,0.9864462614059448,0.981307864189148,0.0031648874282836914,0.008681714534759521,0,False
M3_class_dev_conditioned_continuous,R-1353,(GI-IaaS) Backend Application Srv. & Project Support,offboarding,0.8220127820968628,0.9854881763458252,0.1634753942489624,0.8571428571428571,0.9268292682926829,0.06968641114982577,0.9661625027656555,0.9575745463371277,0.00739973783493042,0.014056742191314697,1,False
M3_class_dev_conditioned_continuous,R-1356,(GI-UX) Account Management,offboarding,0.9895293116569519,0.44639384746551514,-0.5431354641914368,0.9821428571428571,0.13157894736842105,-0.8505639097744361,0.961226224899292,0.9566045999526978,0.0015866756439208984,0.00907444953918457,0,False
M3_class_dev_conditioned_continuous,R-1348,(GI-CF) Robot Process Automation,admin_rights,0.5852483510971069,0.7986384630203247,0.21339011192321777,0.15746180963572268,0.15384615384615383,-0.00361565578956885,0.6298385858535767,0.6159567832946777,0.002915799617767334,0.031948208808898926,2,False
M3_class_dev_conditioned_continuous,R-1360,(GI-UX) Office365 & MS-Teams,other,0.6155595183372498,0.7176676392555237,0.10210812091827393,0.1210592686002522,0.1647597254004577,0.043700456800205484,0.5505341291427612,0.526731014251709,0.009398102760314941,0.05056905746459961,5,False
M3_class_dev_conditioned_continuous,R-1362,(GI-UX) Account Management,onboarding,0.8925219178199768,0.8957469463348389,0.0032250285148620605,0.5874999999999999,0.7058823529411764,0.1183823529411765,0.9848543405532837,0.9834145307540894,0.0008413195610046387,0.0022859573364257812,0,False
M3_class_dev_conditioned_continuous,R-1377,(GI-IaaS) Backend System Management (2nd level),other,0.5808606147766113,0.5634835958480835,-0.017377018928527832,0.4356435643564356,0.5104166666666666,0.07477310231023104,0.9364035129547119,0.6708563566207886,0.25333845615386963,0.4653915464878082,5,False
M3_class_dev_conditioned_continuous,R-138,(GI-UX) Group,software_license,0.45541903376579285,0.6088247299194336,0.15340569615364075,0.17898832684824903,0.14613778705636743,-0.0328505397918816,0.488372266292572,0.47266334295272827,0.0017248094081878662,0.033301204442977905,3,False
M3_class_dev_conditioned_continuous,R-1381,(GI-UX) Group,software_license,0.5585748553276062,0.6998008489608765,0.14122599363327026,0.1872146118721461,0.22601279317697226,0.03879818130482615,0.6655718684196472,0.627993643283844,0.008464336395263672,0.07330894470214844,3,False
M3_class_dev_conditioned_continuous,R-1382,(GI-UX) Group,software_license,0.5566312074661255,0.6890386343002319,0.13240742683410645,0.16964285714285715,0.26639344262295084,0.09675058548009369,0.7887844443321228,0.7419400811195374,0.0231589674949646,0.08110964298248291,3,False
M3_class_dev_conditioned_continuous,R-1383,(GI-IaaS) Admin - Local IT purchase,other,0.21922729909420013,0.37255746126174927,0.15333016216754913,0.0,0.1212121212121212,0.1212121212121212,0.633757472038269,0.596015214920044,0.03711807727813721,0.05939215421676636,5,False
M3_class_dev_conditioned_continuous,R-1387,(GI-CF) Robot Process Automation,admin_rights,0.6166595220565796,0.6873691082000732,0.07070958614349365,0.17439293598233993,0.1446327683615819,-0.029760167620758032,0.979604959487915,0.8839749097824097,0.018939077854156494,0.20125025510787964,4,False
M3_class_dev_conditioned_continuous,R-1388,(GI-IaaS) Admin - License & Asset Management,software_license,0.6486244201660156,0.5558076500892639,-0.09281677007675171,0.2725450901803607,0.255578093306288,-0.016966996874072715,0.9482884407043457,0.8356087803840637,0.002236604690551758,0.18901348114013672,5,False
M3_class_dev_conditioned_continuous,R-1398,(GI-UX) File & Print,onboarding,0.7011674046516418,0.14555011689662933,-0.5556172877550125,0.4680851063829788,0.04790419161676647,-0.42018091476621233,0.9884189963340759,0.9847582578659058,0.0034037232398986816,0.005223393440246582,0,False
M3_class_dev_conditioned_continuous,R-1401,(GI-UX) Group,password_reset,0.6866233348846436,0.6783349514007568,-0.008288383483886719,0.2727272727272727,0.2413793103448276,-0.03134796238244511,0.7380269765853882,0.6788407564163208,0.044032514095306396,0.09887003898620605,5,False
M3_class_dev_conditioned_continuous,R-1404,(GI-CF) Robot Process Automation,admin_rights,0.4173818528652191,0.5396088361740112,0.12222698330879211,0.11177170035671818,0.08684863523573202,-0.02492306512098616,0.7922060489654541,0.7258960604667664,0.010938405990600586,0.10807836055755615,2,False
M3_class_dev_conditioned_continuous,R-1405,(BF) Purchasing Poland,other,0.32984858751296997,0.22912344336509705,-0.10072514414787292,0.17094017094017094,0.1208791208791209,-0.05006105006105005,0.5303983688354492,0.47737759351730347,0.050997763872146606,0.08397248387336731,5,False
M3_class_dev_conditioned_continuous,R-1413,(GI-IaaS) Backend M365 (2nd level),other,0.4182993769645691,0.5498577356338501,0.131558358669281,0.16260162601626016,0.19047619047619047,0.027874564459930307,0.5719656348228455,0.5182703137397766,0.0015118122100830078,0.13289481401443481,4,False
M3_class_dev_conditioned_continuous,R-1415,(GI-UX) Account Management,onboarding,0.8918411135673523,0.8719899654388428,-0.01985114812850952,0.6283987915407856,0.6343042071197411,0.00590541557895552,0.9791168570518494,0.9732568860054016,0.005159199237823486,0.008633196353912354,2,False
M3_class_dev_conditioned_continuous,R-1423,(GI-IaaS) Admin - Local IT purchase,other,0.49546748399734497,0.467403769493103,-0.028063714504241943,0.13333333333333333,0.13333333333333333,0.0,0.7249376773834229,0.6969786882400513,0.0024513602256774902,0.06300073862075806,5,False
M3_class_dev_conditioned_continuous,R-1425,(GI-UX) Group,software_license,0.623322606086731,0.7387681603431702,0.11544555425643921,0.18137254901960784,0.22270742358078602,0.04133487456117818,0.39952248334884644,0.3672861158847809,0.033302247524261475,0.04999572038650513,1,False
M3_class_dev_conditioned_continuous,R-1436,(GI-IaaS) Development Platform,software_license,0.8330814838409424,0.8072489500045776,-0.025832533836364746,0.33132530120481923,0.3086053412462908,-0.022719959958528435,0.90672767162323,0.8826176524162292,0.0,0.063312828540802,5,False
M3_class_dev_conditioned_continuous,R-1429,(GI-CF) Robot Process Automation,admin_rights,0.6702350378036499,0.7091559171676636,0.03892087936401367,0.1435294117647059,0.1580135440180587,0.014484132253352794,0.9499984979629517,0.7618586421012878,0.23268473148345947,0.23794806003570557,2,False
M3_class_dev_conditioned_continuous,R-1439,(BF) Information Security Office,admin_rights,0.6127120852470398,0.6694120168685913,0.056699931621551514,0.1569060773480663,0.2208067940552017,0.0639007167071354,0.7997041344642639,0.7205755114555359,0.09212112426757812,0.10883480310440063,2,False
M3_class_dev_conditioned_continuous,R-1440,(GI-CF) Robot Process Automation,admin_rights,0.7212743759155273,0.7665127515792847,0.045238375663757324,0.16974972796517956,0.1702586206896552,0.0005088927244756292,0.9319694638252258,0.910495936870575,0.006563842296600342,0.03686511516571045,4,False
M3_class_dev_conditioned_continuous,R-1441,(GI-CF) Robot Process Automation,admin_rights,0.7014046907424927,0.6740975379943848,-0.02730715274810791,0.15760266370699225,0.1644120707596254,0.006809407052633165,0.8895953297615051,0.8638423681259155,0.016696274280548096,0.05160146951675415,3,False
M3_class_dev_conditioned_continuous,R-1449,(LF) IT Office Access Italy,offboarding,0.851777970790863,0.9675794243812561,0.11580145359039307,0.7894736842105262,0.85,0.06052631578947376,0.9899188876152039,0.9867448806762695,0.0029302239418029785,0.005501985549926758,2,False
M3_class_dev_conditioned_continuous,R-1444,(GI-IaaS) Development Platform,other,0.3403968811035156,0.3287242650985718,-0.011672616004943848,0.15037593984962405,0.2127659574468085,0.06239001759718446,0.6603964567184448,0.5167765617370605,0.10810154676437378,0.20968914031982422,4,False
M3_class_dev_conditioned_continuous,R-146,(GI-IaaS) Development Platform,software_license,0.8582966327667236,0.8563458919525146,-0.0019507408142089844,0.32664756446991405,0.27840909090909094,-0.048238473560823114,0.9115018248558044,0.8905296325683594,0.007607996463775635,0.045162737369537354,5,False
M3_class_dev_conditioned_continuous,R-1461,(GI-UX) Group,password_reset,0.5579615831375122,0.5597454309463501,0.0017838478088378906,0.28346456692913385,0.288135593220339,0.004671026291205138,0.8452458381652832,0.7900406718254089,0.003668844699859619,0.11197865009307861,5,False
M3_class_dev_conditioned_continuous,R-1460,(GI-IaaS) Admin - License & Asset Management,software_license,0.7537165880203247,0.7903328537940979,0.03661626577377319,0.2605210420841683,0.26930693069306927,0.00878588860890095,0.7755130529403687,0.747418999671936,0.01611417531967163,0.055149197578430176,3,False
M3_class_dev_conditioned_continuous,R-1467,(GI-SaaS) Salesforce,enterprise_systems,0.7547835111618042,0.674138605594635,-0.08064490556716919,0.27049180327868855,0.3089430894308943,0.03845128615220578,0.5230218172073364,0.4226017892360687,0.0929325520992279,0.15663808584213257,2,False
M3_class_dev_conditioned_continuous,R-1475,(GI-IaaS) Backend Application Srv. & Project Support,other,0.3061404824256897,0.40776848793029785,0.10162800550460815,0.1212121212121212,0.09734513274336283,-0.02386698846875837,0.47976750135421753,0.42594701051712036,0.03870844841003418,0.0943756103515625,3,False
M3_class_dev_conditioned_continuous,R-1477,(GI-SM) Service Desk,other,0.18315979838371277,0.25190508365631104,0.06874528527259827,0.13888888888888887,0.1111111111111111,-0.027777777777777762,0.7586383819580078,0.5177487134933472,0.2823067307472229,0.31954294443130493,5,False
M3_class_dev_conditioned_continuous,R-1476,(GI-CF) Robot Process Automation,admin_rights,0.848718523979187,0.7744603157043457,-0.07425820827484131,0.18378378378378377,0.17166494312306102,-0.012118840660722746,0.8316130042076111,0.8026947975158691,0.023482859134674072,0.04834562540054321,2,False
M3_class_dev_conditioned_continuous,R-1479,(LF) IT Office Access Italy,office_access,0.8109843730926514,0.6966661214828491,-0.11431825160980225,0.462962962962963,0.4166666666666667,-0.046296296296296335,0.8933740854263306,0.8557034730911255,0.018625915050506592,0.06513381004333496,5,False
M3_class_dev_conditioned_continuous,R-1481,(GI-UX) Group,software_license,0.5031911134719849,0.6802362203598022,0.17704510688781738,0.09042553191489361,0.24789915966386555,0.15747362774897194,0.635155439376831,0.6087034344673157,0.023222923278808594,0.04045259952545166,0,False
M3_class_dev_conditioned_continuous,R-1483,(GI-UX) Group,admin_rights,0.4414055347442627,0.7604623436927795,0.31905680894851685,0.13013698630136988,0.1791359325605901,0.048998946259220216,0.8159599900245667,0.6572555303573608,0.18036216497421265,0.20547103881835938,2,False
M3_class_dev_conditioned_continuous,R-1492,(GI-IaaS) Backend Application Srv. & Project Support,offboarding,0.7459930777549744,0.9206376671791077,0.1746445894241333,0.6046511627906977,0.9047619047619048,0.300110741971207,0.9849720001220703,0.9807866811752319,0.0043288469314575195,0.006148099899291992,3,False
M3_class_dev_conditioned_continuous,R-1485,(GI-UX) Account Management,onboarding,0.7998092174530029,0.8772748708724976,0.07746565341949463,0.2971014492753623,0.5833333333333334,0.28623188405797106,0.967981219291687,0.9567433595657349,0.0014483928680419922,0.023065567016601562,1,False
M3_class_dev_conditioned_continuous,R-1494,(GI-UX) Group,offboarding,0.8244733810424805,0.9719815254211426,0.1475081443786621,0.6829268292682926,0.9,0.2170731707317074,0.9586575031280518,0.9581819772720337,0.0002605319023132324,0.0008141398429870605,1,False
M3_class_dev_conditioned_continuous,R-1498,(GI-UX) Account Management,email_support,0.8038548231124878,0.7647631168365479,-0.03909170627593994,0.30640668523676884,0.3254437869822485,0.01903710174547968,0.6601485013961792,0.5605350732803345,0.0997016429901123,0.14111578464508057,4,False
M3_class_dev_conditioned_continuous,R-1504,(GI-IaaS) Development Platform,other,0.6140677332878113,0.5992056131362915,-0.014862120151519775,0.05970149253731343,0.050505050505050504,-0.009196442032262928,0.552794337272644,0.49303096532821655,0.028318166732788086,0.10046738386154175,4,False
M3_class_dev_conditioned_continuous,R-1511,(GI-UX) Group,password_reset,0.6658660769462585,0.6737716197967529,0.007905542850494385,0.2439024390243902,0.27906976744186046,0.03516732841747025,0.8452457189559937,0.7682399153709412,0.056882500648498535,0.11269420385360718,5,False
M3_class_dev_conditioned_continuous,R-1517,(GI-UX) Group,other,0.20516268908977509,0.20470279455184937,-0.0004598945379257202,0.10062893081761007,0.1146496815286624,0.014020750711052327,0.7505980730056763,0.6202061176300049,0.13548576831817627,0.18977731466293335,5,False
M3_class_dev_conditioned_continuous,R-1531,(GI-IaaS) Development Platform,software_license,0.7669212818145752,0.8290643692016602,0.06214308738708496,0.3063063063063063,0.25386996904024767,-0.05243633726605862,0.7202190160751343,0.7164479494094849,0.0,0.013779878616333008,5,False
M3_class_dev_conditioned_continuous,R-1540,(GI-UX) File & Print,software_support,0.31736642122268677,0.3058183193206787,-0.011548101902008057,0.3246753246753247,0.43636363636363634,0.11168831168831167,0.630275309085846,0.5605043768882751,0.00926363468170166,0.12412130832672119,2,False
M3_class_dev_conditioned_continuous,R-154,(GI-UX) Network Access,vpn_access,0.7591544389724731,0.7535697221755981,-0.005584716796875,0.35664335664335667,0.3087719298245614,-0.04787142681879525,0.9960559606552124,0.6938494443893433,0.07045722007751465,0.5128520131111145,5,False
M3_class_dev_conditioned_continuous,R-1542,(GI-UX) Group,password_reset,0.8610329627990723,0.8130121231079102,-0.04802083969116211,0.31775700934579443,0.33333333333333337,0.015576323987538943,0.8241270780563354,0.7300241589546204,0.017939329147338867,0.18415480852127075,2,False
M3_class_dev_conditioned_continuous,R-1544,(LF) IT Office Access Italy,offboarding,0.8747031092643738,0.7403213977813721,-0.1343817114830017,0.7894736842105262,0.5652173913043479,-0.22425629290617832,0.9596297740936279,0.9549853205680847,0.003598332405090332,0.0075130462646484375,2,False
M3_class_dev_conditioned_continuous,R-1554,(GI-UX) Group,offboarding,0.8880467414855957,0.8880467414855957,0.0,0.8235294117647058,0.8235294117647058,0.0,0.9802184700965881,0.976050078868866,0.0023873448371887207,0.007687747478485107,2,False
M3_class_dev_conditioned_continuous,R-156,(BF) Information Security Office,admin_rights,0.6400859951972961,0.7265384197235107,0.0864524245262146,0.1737242128121607,0.15026455026455024,-0.02345966254761045,0.9223060607910156,0.9001709222793579,0.008123397827148438,0.055764734745025635,3,False
M3_class_dev_conditioned_continuous,R-1562,(GI-UX) Account Management,email_support,0.385404109954834,0.6325807571411133,0.2471766471862793,0.11398963730569948,0.1711711711711712,0.057181533865471715,0.49727576971054077,0.46881943941116333,0.00031566619873046875,0.07593876123428345,2,False
M3_class_dev_conditioned_continuous,R-1563,(GI-CF) Robot Process Automation,admin_rights,0.5315365791320801,0.5257649421691895,-0.005771636962890625,0.0703883495145631,0.08561236623067776,0.01522401671611466,0.9126642346382141,0.8572136163711548,0.05274301767349243,0.07566148042678833,5,False
M3_class_dev_conditioned_continuous,R-1564,(GI-IaaS) Admin - License & Asset Management,software_license,0.7140270471572876,0.7408934831619263,0.026866436004638672,0.14128035320088297,0.22267206477732793,0.08139171157644495,0.851335883140564,0.8174694776535034,0.02703380584716797,0.06239175796508789,1,False
M3_class_dev_conditioned_continuous,R-1566,(GI-SaaS) Salesforce,admin_rights,0.713749885559082,0.7116804122924805,-0.0020694732666015625,0.19318181818181818,0.1386748844375963,-0.054506933744221886,0.7203476428985596,0.6707868576049805,0.03816598653793335,0.08834707736968994,4,False
M3_class_dev_conditioned_continuous,R-1570,(LF) IT Office Access Italy,offboarding,0.9646995663642883,0.880445122718811,-0.0842544436454773,0.8780487804878048,0.7894736842105262,-0.08857509627727855,0.9694678783416748,0.9647268056869507,0.003838777542114258,0.007227599620819092,3,False
M3_class_dev_conditioned_continuous,R-1569,(GI-IaaS) Backend Application Srv. & Project Support,offboarding,0.7496617436408997,0.6786991357803345,-0.07096260786056519,0.4590163934426229,0.4444444444444444,-0.014571948998178486,0.9889282584190369,0.9876741170883179,0.00034797191619873047,0.0023557543754577637,3,False
M3_class_dev_conditioned_continuous,R-1567,(GI-UX) File & Print,admin_rights,0.6410001516342163,0.671148419380188,0.03014826774597168,0.10926365795724466,0.1434977578475336,0.034234099890288944,0.8706099987030029,0.8502007722854614,0.023325681686401367,0.027506530284881592,2,False
M3_class_dev_conditioned_continuous,R-1571,(GI-UX) Group,offboarding,0.9219253063201904,0.9703817963600159,0.04845649003982544,0.7000000000000001,0.8837209302325582,0.1837209302325581,0.9877601265907288,0.9858518838882446,0.0005274415016174316,0.004633605480194092,1,False
M3_class_dev_conditioned_continuous,R-1574,(LF) IT Office Access Italy,offboarding,0.9853775501251221,0.789018988609314,-0.1963585615158081,0.9500000000000001,0.7,-0.2500000000000001,0.9867393374443054,0.9847464561462402,0.0010964274406433105,0.0040283203125,4,False
M3_class_dev_conditioned_continuous,R-1580,(GI-UX) Group,software_license,0.6065350770950317,0.7716051340103149,0.1650700569152832,0.13615023474178406,0.25,0.11384976525821594,0.8244210481643677,0.7720876336097717,0.0587955117225647,0.0710415244102478,1,False
M3_class_dev_conditioned_continuous,R-1587,(GI-SaaS) Salesforce,other,0.5524040460586548,0.48889052867889404,-0.06351351737976074,0.28776978417266186,0.28125,-0.006519784172661858,0.6280243396759033,0.5572746396064758,0.036899566650390625,0.12145125865936279,5,False
M3_class_dev_conditioned_continuous,R-1584,"(GI-IaaS) Network On-Prem (LAN,WLAN,WAN 2nd level)",vpn_access,0.5945812463760376,0.6331806182861328,0.038599371910095215,0.3073286052009456,0.192090395480226,-0.11523820972071963,0.6399768590927124,0.510240375995636,0.12508022785186768,0.1853901743888855,3,False
M3_class_dev_conditioned_continuous,R-1588,(GI-UX) Group,hardware_support,0.41993749141693115,0.6743689775466919,0.25443148612976074,0.3283582089552239,0.5121951219512195,0.18383691299599564,0.35545480251312256,0.33491334319114685,0.0064484477043151855,0.035347819328308105,0,False
M3_class_dev_conditioned_continuous,R-1593,(GI-IaaS) Development Platform,software_license,0.8507890701293945,0.8795570135116577,0.028767943382263184,0.2611683848797251,0.3165829145728643,0.0554145296931392,0.8565173149108887,0.8013252019882202,0.05428111553192139,0.0800548791885376,2,False
M3_class_dev_conditioned_continuous,R-1595,(GI-SaaS) Salesforce,absence,0.5797209739685059,0.685185968875885,0.10546499490737915,0.39999999999999997,0.4313725490196078,0.03137254901960784,0.7078198194503784,0.6490588784217834,0.009344220161437988,0.11460649967193604,4,False
M3_class_dev_conditioned_continuous,R-161,(GI-SaaS) SAP & Synertrade,other,0.6246069669723511,0.6343706846237183,0.009763717651367188,0.4,0.34285714285714286,-0.05714285714285716,0.8880937099456787,0.681018054485321,0.19193792343139648,0.2885581851005554,5,False
M3_class_dev_conditioned_continuous,R-160,(GI-SaaS) SAP & Synertrade,other,0.8834064602851868,0.8925434350967407,0.009136974811553955,0.6896551724137931,0.6249999999999999,-0.06465517241379326,0.8880937695503235,0.6617010235786438,0.27943962812423706,0.2864592671394348,5,False
M3_class_dev_conditioned_continuous,R-163,(GI-UX) File & Print,software_support,0.5570330023765564,0.508813738822937,-0.048219263553619385,0.2782608695652174,0.5042016806722689,0.2259408111070515,0.8107990622520447,0.7499650120735168,0.03168666362762451,0.14737874269485474,2,False
M3_class_dev_conditioned_continuous,R-164,(GI-UX) Group,onboarding,0.12935304641723633,0.14170797169208527,0.012354925274848938,0.05042016806722689,0.03973509933774834,-0.010685068729478553,0.9546806812286377,0.9258288145065308,0.02191108465194702,0.049392640590667725,2,False
M3_class_dev_conditioned_continuous,R-165,(GI-UX) Account Management,onboarding,0.3404616713523865,0.7865362167358398,0.44607454538345337,0.06185567010309278,0.4825396825396825,0.4206840124365897,0.9546806812286377,0.9196887016296387,0.02536994218826294,0.056604623794555664,2,False
M3_class_dev_conditioned_continuous,R-170,(GI-CF) Robot Process Automation,admin_rights,0.4939865171909332,0.4687511920928955,-0.02523532509803772,0.13002364066193853,0.1690450054884742,0.039021364826535676,0.9958082437515259,0.7511730194091797,0.2841552495956421,0.325549840927124,2,False
M3_class_dev_conditioned_continuous,R-184,(GI-IaaS) Cloud Services,other,0.7580592632293701,0.7032631635665894,-0.05479609966278076,0.5840707964601769,0.43609022556390975,-0.14798057089626715,0.9993037581443787,0.6886500120162964,0.31829261779785156,0.4423169493675232,5,False
M3_class_dev_conditioned_continuous,R-179,(GI-IaaS) Development Platform,software_license,0.8238179087638855,0.8296035528182983,0.005785644054412842,0.2654320987654321,0.3076923076923077,0.0422602089268756,0.9653041362762451,0.9498212933540344,0.0,0.07233834266662598,4,False
M3_class_dev_conditioned_continuous,R-189,(GI-UX) File & Print,hardware_support,0.6682247519493103,0.4542566239833832,-0.21396812796592712,0.5846153846153845,0.42857142857142855,-0.156043956043956,0.5228423476219177,0.4044935703277588,0.10727784037590027,0.19054275751113892,2,False
M3_class_dev_conditioned_continuous,R-19,(GI-IaaS) Development Platform,other,0.3317963480949402,0.3732573390007019,0.04146099090576172,0.05714285714285714,0.058394160583941604,0.0012513034410844628,0.5998032093048096,0.5762170553207397,0.029482722282409668,0.029482722282409668,5,False
M3_class_dev_conditioned_continuous,R-195,(LF) IT Office Access Italy,offboarding,0.7185747623443604,0.822664201259613,0.10408943891525269,0.608695652173913,0.7272727272727274,0.11857707509881443,0.877083957195282,0.8428294062614441,0.035223960876464844,0.049154818058013916,5,False
M3_class_dev_conditioned_continuous,R-191,(GI-UX) Account Management,email_support,0.8528323769569397,0.6985713839530945,-0.15426099300384521,0.3660477453580902,0.3485254691689008,-0.01752227618918939,0.5604469776153564,0.514255166053772,0.0326157808303833,0.09161320328712463,3,False
M3_class_dev_conditioned_continuous,R-197,(GI-SaaS) Salesforce,admin_rights,0.6428873538970947,0.7203269004821777,0.07743954658508301,0.14814814814814814,0.17207334273624825,0.023925194588100107,0.5492721199989319,0.5183147192001343,0.011298656463623047,0.052636563777923584,1,False
M3_class_dev_conditioned_continuous,R-205,(GI-CF) Robot Process Automation,admin_rights,0.5295484662055969,0.6351183652877808,0.10556989908218384,0.10460772104607721,0.1602634467618002,0.055655725715723,0.8243292570114136,0.8159920573234558,0.0,0.022448182106018066,1,False
M3_class_dev_conditioned_continuous,R-209,(GI-UX) Group,software_license,0.5856478214263916,0.48635074496269226,-0.09929707646369934,0.21120689655172414,0.30674846625766866,0.09554156970594452,0.9893381595611572,0.6516870260238647,0.26473021507263184,0.5523185133934021,2,False
M3_class_dev_conditioned_continuous,R-212,(GI-UX) File & Print,software_support,0.524442195892334,0.5923995971679688,0.06795740127563477,0.38016528925619836,0.43548387096774194,0.05531858171154358,0.8289503455162048,0.6328839063644409,0.15307742357254028,0.2971348166465759,4,False
M3_class_dev_conditioned_continuous,R-222,(GI-IaaS) Backend Application Srv. & Project Support,other,0.7820230722427368,0.750235915184021,-0.03178715705871582,0.2424242424242424,0.2793650793650794,0.036940836940837024,0.659192681312561,0.609504759311676,0.031106948852539062,0.08612978458404541,5,False
M3_class_dev_conditioned_continuous,R-226,(GI-CF) Robot Process Automation,admin_rights,0.6625680327415466,0.676114022731781,0.013545989990234375,0.15214994487320835,0.16837782340862423,0.01622787853541588,0.8728991746902466,0.8660737872123718,0.0029010772705078125,0.016399383544921875,3,False
M3_class_dev_conditioned_continuous,R-227,(GI-UX) Network Access,admin_rights,0.588597297668457,0.5235816240310669,-0.06501567363739014,0.12602100350058346,0.09685230024213076,-0.029168703258452694,0.8299995064735413,0.8012323379516602,0.013795077800750732,0.06857651472091675,2,False
M3_class_dev_conditioned_continuous,R-229,(GI-UX) Network Access,vpn_access,0.7604000568389893,0.6926491856575012,-0.06775087118148804,0.4713804713804714,0.40531561461794025,-0.06606485676253115,0.9957883358001709,0.9464656114578247,0.011029064655303955,0.21102547645568848,5,False
M3_class_dev_conditioned_continuous,R-23,(GI-SM) Service Desk,software_support,0.12054529786109924,0.11975914239883423,-0.0007861554622650146,0.13496932515337423,0.15028901734104047,0.01531969218766624,0.8620724081993103,0.6864698529243469,0.17331594228744507,0.2700854539871216,4,False
M3_class_dev_conditioned_continuous,R-241,(LF) IT Office Access Italy,offboarding,0.9113593697547913,0.6935825347900391,-0.2177768349647522,0.8,0.4583333333333333,-0.34166666666666673,0.8927445411682129,0.8642265200614929,0.02085435390472412,0.04918336868286133,5,False
M3_class_dev_conditioned_continuous,R-256,(GI-UX) Group,hardware_support,0.6621181964874268,0.7328802347183228,0.070762038230896,0.34146341463414637,0.27906976744186046,-0.062393647192285906,0.4683423936367035,0.4356805682182312,0.015457510948181152,0.0625971257686615,2,False
M3_class_dev_conditioned_continuous,R-262,(GI-IaaS) Development Platform,software_license,0.8837634325027466,0.8568111062049866,-0.02695232629776001,0.2865671641791045,0.28361858190709044,-0.0029485822720140553,0.8098392486572266,0.7985810041427612,0.0009353160858154297,0.02862393856048584,2,False
M3_class_dev_conditioned_continuous,R-257,(GI-UX) Group,software_license,0.6184326410293579,0.6745452880859375,0.05611264705657959,0.12470023980815348,0.2079002079002079,0.08319996809205443,0.8964309692382812,0.7749520540237427,0.11460423469543457,0.19417357444763184,1,False
M3_class_dev_conditioned_continuous,R-266,(GI-UX) Group,software_license,0.598365306854248,0.7315112948417664,0.1331459879875183,0.16371681415929207,0.2255965292841649,0.061879715124872836,0.8415434956550598,0.7689796090126038,0.06222277879714966,0.10694289207458496,2,False
M3_class_dev_conditioned_continuous,R-272,(GI-UX) Group,software_license,0.5849064588546753,0.5430804491043091,-0.04182600975036621,0.17204301075268816,0.1743119266055046,0.002268915852816439,0.8708574771881104,0.8033553957939148,0.054581522941589355,0.10590553283691406,2,False
M3_class_dev_conditioned_continuous,R-275,(GI-UX) Group,software_license,0.6777567863464355,0.7239885330200195,0.046231746673583984,0.18843683083511778,0.24948024948024947,0.061043418645131686,0.7947006225585938,0.7273498177528381,0.07260966300964355,0.09243035316467285,3,False
M3_class_dev_conditioned_continuous,R-281,(GI-UX) File & Print,other,0.49770909547805786,0.4848645031452179,-0.012844592332839966,0.10975609756097561,0.1003671970624235,-0.009388900498552108,0.8171223402023315,0.7271459698677063,0.102169930934906,0.11953353881835938,5,False
M3_class_dev_conditioned_continuous,R-289,(GI-UX) Group,software_license,0.3947618305683136,0.5826635956764221,0.18790176510810852,0.18385650224215244,0.23946784922394676,0.05561134698179432,0.8935129642486572,0.8377200365066528,0.028951168060302734,0.10791885852813721,4,False
M3_class_dev_conditioned_continuous,R-292,(GI-UX) File & Print,admin_rights,0.7199931740760803,0.6159515380859375,-0.10404163599014282,0.16572077185017028,0.1695303550973654,0.003809583247195103,0.8020263910293579,0.7733322381973267,0.00809478759765625,0.05466461181640625,4,False
M3_class_dev_conditioned_continuous,R-331,(LF) IT Office Access Italy,offboarding,0.8784432411193848,0.8784432411193848,0.0,0.8484848484848484,0.8484848484848484,0.0,0.9577348232269287,0.9548518061637878,0.0007926821708679199,0.005903065204620361,3,False
M3_class_dev_conditioned_continuous,R-304,(GI-UX) File & Print,admin_rights,0.5424751043319702,0.5943125486373901,0.05183744430541992,0.12456747404844291,0.13938053097345132,0.014813056925008408,0.8792657852172852,0.8317006826400757,0.037722229957580566,0.07913583517074585,2,False
M3_class_dev_conditioned_continuous,R-34,(GI-UX) Group,software_support,0.5104645490646362,0.6988745927810669,0.18841004371643066,0.15238095238095237,0.3333333333333333,0.18095238095238095,0.7266864776611328,0.6188424825668335,0.0020785927772521973,0.19474256038665771,0,False
M3_class_dev_conditioned_continuous,R-352,(BF) Employee Platform (SAP SF),other,0.6126821637153625,0.6126821637153625,0.0,0.25000000000000006,0.25000000000000006,0.0,0.8321695327758789,0.5549013614654541,0.31965386867523193,0.356397807598114,5,False
M3_class_dev_conditioned_continuous,R-346,"(GI-IaaS) Network On-Prem (LAN,WLAN,WAN 2nd level)",vpn_access,0.7904284000396729,0.663382351398468,-0.12704604864120483,0.2797202797202797,0.30344827586206896,0.023727996141789276,0.5418274998664856,0.5163906216621399,0.014446377754211426,0.060132384300231934,3,False
M3_class_dev_conditioned_continuous,R-367,(GI-UX) File & Print,hardware_support,0.7059159874916077,0.7013169527053833,-0.004599034786224365,0.47244094488188976,0.42276422764227645,-0.04967671723961331,0.5378596782684326,0.4780947268009186,0.0,0.1767842173576355,4,False
M3_class_dev_conditioned_continuous,R-354,(GI-SaaS) Salesforce,other,0.48863497376441956,0.554602324962616,0.06596735119819641,0.13471502590673576,0.1386138613861386,0.00389883547940284,0.44120484590530396,0.4358295500278473,0.0008799731731414795,0.00911104679107666,4,False
M3_class_dev_conditioned_continuous,R-374,(GI-IaaS) Admin - License & Asset Management,software_license,0.6976088285446167,0.7779650688171387,0.08035624027252197,0.18404907975460125,0.3,0.11595092024539874,0.9818040132522583,0.827303409576416,0.0,0.3969727158546448,3,False
M3_class_dev_conditioned_continuous,R-385,(GI-SaaS) SAP & Synertrade,enterprise_systems,0.9884682297706604,0.9834707975387573,-0.004997432231903076,0.9777777777777777,0.9047619047619048,-0.07301587301587298,0.9219274520874023,0.8955990076065063,0.016326069831848145,0.04695773124694824,5,False
M3_class_dev_conditioned_continuous,R-383,(GI-UX) Network Access,vpn_access,0.6595219373703003,0.6972700953483582,0.03774815797805786,0.3623188405797101,0.30115830115830117,-0.06116053942140892,0.9851242303848267,0.978492259979248,0.006674349308013916,0.009119093418121338,3,False
M3_class_dev_conditioned_continuous,R-387,(GI-UX) Network Access,other,0.09508450329303741,0.17924727499485016,0.08416277170181274,0.10447761194029852,0.11594202898550725,0.01146441704520873,0.7904136180877686,0.7170039415359497,0.04332864284515381,0.13354706764221191,5,False
M3_class_dev_conditioned_continuous,R-399,(GI-CF) Robot Process Automation,admin_rights,0.4637882113456726,0.4666658341884613,0.0028776228427886963,0.13441483198146,0.10513141426783479,-0.02928341771362522,0.6842633485794067,0.5934299826622009,0.10604429244995117,0.11836594343185425,2,False
M3_class_dev_conditioned_continuous,R-4,(GI-CF) Robot Process Automation,admin_rights,0.7095111012458801,0.7248179316520691,0.015306830406188965,0.15419501133786848,0.1914191419141914,0.03722413057632293,0.5804017782211304,0.5600010752677917,0.009255290031433105,0.03608989715576172,1,False
M3_class_dev_conditioned_continuous,R-400,(GI-CF) Robot Process Automation,admin_rights,0.6693545579910278,0.744593620300293,0.07523906230926514,0.14545454545454545,0.16913319238900634,0.023678646934460895,0.8821656107902527,0.8240413665771484,0.016942620277404785,0.1384558081626892,4,False
M3_class_dev_conditioned_continuous,R-403,(GI-UX) File & Print,other,0.32031166553497314,0.3673238754272461,0.04701220989227295,0.0425531914893617,0.04545454545454545,0.0029013539651837478,0.7053936719894409,0.652342677116394,0.053224265575408936,0.07510697841644287,5,False
M3_class_dev_conditioned_continuous,R-405,(GI-IaaS) Backend Application Srv. & Project Support,other,0.7288830280303955,0.7269484996795654,-0.0019345283508300781,0.19832735961768222,0.22276621787025705,0.02443885825257483,0.8833548426628113,0.5707387328147888,0.3438795208930969,0.4323768615722656,5,False
M3_class_dev_conditioned_continuous,R-406,(BF) Information Security Office,admin_rights,0.7778952717781067,0.7654363512992859,-0.0124589204788208,0.19376391982182628,0.18547486033519553,-0.008289059486630751,0.7664949893951416,0.7239192128181458,0.028608620166778564,0.08099162578582764,2,False
M3_class_dev_conditioned_continuous,R-41,(GI-UX) Group,software_license,0.5614120960235596,0.6285780668258667,0.06716597080230713,0.12831858407079647,0.19475655430711608,0.06643797023631962,0.7080228328704834,0.6984031796455383,0.0031708478927612305,0.023099541664123535,2,False
M3_class_dev_conditioned_continuous,R-410,(GI-UX) Group,software_license,0.40013107657432556,0.5313658118247986,0.13123473525047302,0.12627291242362523,0.14102564102564102,0.014752728602015791,0.7170097827911377,0.6871002912521362,0.005356729030609131,0.04985928535461426,2,False
M3_class_dev_conditioned_continuous,R-414,(GI-IaaS) Backend Application Srv. & Project Support,offboarding,0.9050855040550232,0.9630158543586731,0.0579303503036499,0.8235294117647058,0.9268292682926829,0.10329985652797702,0.9851658940315247,0.978824257850647,0.006135821342468262,0.009661614894866943,0,False
M3_class_dev_conditioned_continuous,R-413,(GI-UX) Account Management,onboarding,0.9536324143409729,0.9504961967468262,-0.0031362175941467285,0.8298507462686567,0.875,0.045149253731343264,0.9550623893737793,0.919009804725647,0.035653114318847656,0.05367708206176758,3,False
M3_class_dev_conditioned_continuous,R-418,(GI-UX) Network Access,vpn_access,0.7784202098846436,0.6883552670478821,-0.09006494283676147,0.31343283582089554,0.25954198473282447,-0.05389085108807107,0.9876163005828857,0.9844552874565125,0.002492070198059082,0.007122516632080078,1,False
M3_class_dev_conditioned_continuous,R-440,(GI-UX) Windows,admin_rights,0.7368239164352417,0.7285403609275818,-0.008283555507659912,0.1564625850340136,0.16842105263157894,0.011958467597565331,0.7491886615753174,0.7284302711486816,0.01950860023498535,0.030716300010681152,2,False
M3_class_dev_conditioned_continuous,R-446,(GI-UX) Group,vpn_access,0.7568576335906982,0.772965133190155,0.016107499599456787,0.3566433566433566,0.3667820069204151,0.010138650277058514,0.5752803683280945,0.5126160383224487,0.058859169483184814,0.09246402978897095,4,False
M3_class_dev_conditioned_continuous,R-455,(GI-IaaS) Backend Application Srv. & Project Support,offboarding,0.7133603096008301,0.6991398334503174,-0.014220476150512695,0.6857142857142857,0.6285714285714286,-0.05714285714285716,0.7796412706375122,0.7668769359588623,0.00410383939743042,0.025597691535949707,4,False
M3_class_dev_conditioned_continuous,R-45,(GI-CF) Robot Process Automation,admin_rights,0.7298324704170227,0.7897968888282776,0.05996441841125488,0.14,0.16755037115588545,0.027550371155885434,0.9563285708427429,0.8889642953872681,0.07215672731399536,0.09513694047927856,1,False
M3_class_dev_conditioned_continuous,R-460,(GI-IaaS) Backend Application Srv. & Project Support,offboarding,0.709998369216919,0.7903867959976196,0.08038842678070068,0.6285714285714286,0.7777777777777778,0.14920634920634923,0.8259540796279907,0.7981835603713989,0.01773601770401001,0.043182969093322754,3,False
M3_class_dev_conditioned_continuous,R-463,(GI-UX) Account Management,other,0.13241684436798096,0.16697631776332855,0.034559473395347595,0.0606060606060606,0.0625,0.0018939393939393992,0.7602166533470154,0.7457689046859741,0.0002429485321044922,0.02759110927581787,5,False
M3_class_dev_conditioned_continuous,R-465,(LF) IT Office Access Italy,offboarding,0.8881881237030029,0.7293866872787476,-0.15880143642425537,0.8235294117647058,0.6666666666666665,-0.15686274509803932,0.8407493829727173,0.8224549293518066,0.006071627140045166,0.04974466562271118,5,False
M3_class_dev_conditioned_continuous,R-479,(GI-IaaS) Backend Application Srv. & Project Support,offboarding,0.778411865234375,0.7244170904159546,-0.05399477481842041,0.8333333333333333,0.6285714285714286,-0.2047619047619047,0.847148060798645,0.8111560940742493,0.036310017108917236,0.053436458110809326,5,False
M3_class_dev_conditioned_continuous,R-47,(BF) Information Security Office,admin_rights,0.7525888085365295,0.7292982935905457,-0.023290514945983887,0.1763392857142857,0.13130128956623682,-0.045037996148048876,0.7653406858444214,0.7206345796585083,0.0090179443359375,0.08275389671325684,3,False
M3_class_dev_conditioned_continuous,R-483,(LF) IT Office Access Italy,offboarding,0.7315508127212524,0.7718855738639832,0.04033476114273071,0.6666666666666665,0.6046511627906976,-0.06201550387596888,0.9006366729736328,0.8729349374771118,0.007892131805419922,0.05459177494049072,5,False
M3_class_dev_conditioned_continuous,R-487,(GI-SaaS) Salesforce,other,0.8074626922607422,0.7846097946166992,-0.02285289764404297,0.38341968911917096,0.3829787234042553,-0.00044096571491564207,0.9373676776885986,0.6301457285881042,0.3291652798652649,0.45916610956192017,5,False
M3_class_dev_conditioned_continuous,R-489,(GI-UX) Mobile Device Management,other,0.6916525363922119,0.8691011071205139,0.177448570728302,0.35714285714285715,0.6086956521739131,0.25155279503105593,0.9818277359008789,0.7650992274284363,0.26960742473602295,0.2728480100631714,3,False
M3_class_dev_conditioned_continuous,R-497,(GI-SM) Service Desk,other,0.6022112369537354,0.39336466789245605,-0.2088465690612793,0.09006622516556291,0.09775429326287978,0.007688068097316869,0.55619215965271,0.5388680696487427,0.011873126029968262,0.04563724994659424,5,False
M3_class_dev_conditioned_continuous,R-5,(GI-UX) File & Print,software_support,0.40612637996673584,0.46838855743408203,0.06226217746734619,0.15151515151515152,0.28037383177570097,0.12885868026054945,0.8071073293685913,0.7846022844314575,0.0008388757705688477,0.044996440410614014,0,False
M3_class_dev_conditioned_continuous,R-504,(GI-UX) Application,absence,0.4934427738189697,0.5587426424026489,0.0652998685836792,0.41379310344827586,0.42962962962962964,0.015836526181353783,0.5940266847610474,0.5754765868186951,0.009801208972930908,0.03089272975921631,3,False
M3_class_dev_conditioned_continuous,R-505,(GI-UX) Group,software_license,0.6175719499588013,0.6717156171798706,0.054143667221069336,0.25902335456475584,0.17987152034261245,-0.07915183422214339,0.7774654626846313,0.5932093262672424,0.21859240531921387,0.2442840337753296,1,False
M3_class_dev_conditioned_continuous,R-507,(GI-UX) Group,other,0.9012806415557861,0.9008867740631104,-0.00039386749267578125,0.478134110787172,0.4,-0.07813411078717197,0.5339007377624512,0.38104763627052307,0.1350400447845459,0.2199581265449524,4,False
M3_class_dev_conditioned_continuous,R-509,(GI-UX) File & Print,other,0.3446647524833679,0.33511126041412354,-0.009553492069244385,0.1917808219178082,0.15189873417721522,-0.039882087740592986,0.5546534061431885,0.44249647855758667,0.048804402351379395,0.21608424186706543,4,False
M3_class_dev_conditioned_continuous,R-513,(GI-UX) MAC OS,other,0.6724426746368408,0.7499522566795349,0.07750958204269409,0.18782608695652175,0.199288256227758,0.01146216927123625,0.9786639213562012,0.7968718409538269,0.21380829811096191,0.23235994577407837,5,False
M3_class_dev_conditioned_continuous,R-532,(GI-UX) Group,password_reset,0.5617244839668274,0.6072734594345093,0.045548975467681885,0.253968253968254,0.25600000000000006,0.002031746031746051,0.7332671880722046,0.7148265838623047,0.013376355171203613,0.02912592887878418,3,False
M3_class_dev_conditioned_continuous,R-528,(GI-UX) Group,vpn_access,0.76401686668396,0.7305599451065063,-0.03345692157745361,0.35820895522388063,0.34576271186440677,-0.012446243359473863,0.6017083525657654,0.5500765442848206,0.0182420015335083,0.09905093908309937,4,False
M3_class_dev_conditioned_continuous,R-527,(GI-CF) Robot Process Automation,admin_rights,0.5864880084991455,0.6780916452407837,0.09160363674163818,0.1409090909090909,0.14702450408401402,0.006115413174923118,0.9318428635597229,0.8613680601119995,0.037639737129211426,0.14054220914840698,5,False
M3_class_dev_conditioned_continuous,R-541,(GI-UX) Network Access,vpn_access,0.43489694595336914,0.42965465784072876,-0.005242288112640381,0.15444015444015444,0.12408759124087591,-0.030352563199278523,0.537338137626648,0.5142810940742493,0.010598957538604736,0.03993833065032959,2,False
M3_class_dev_conditioned_continuous,R-546,(GI-SaaS) Salesforce,other,0.41067415475845337,0.39241963624954224,-0.018254518508911133,0.16470588235294117,0.14457831325301204,-0.020127569099929132,0.9484521150588989,0.6178489923477173,0.08036458492279053,0.5692435503005981,5,False
M3_class_dev_conditioned_continuous,R-560,(GI-UX) File & Print,onboarding,0.7653993368148804,0.13192814588546753,-0.6334711909294128,0.5789473684210527,0.05517241379310345,-0.5237749546279492,0.9728562831878662,0.970541775226593,0.0016210079193115234,0.003909468650817871,0,False
M3_class_dev_conditioned_continuous,R-563,(GI-IaaS) Development Platform,project_tools,0.6847786903381348,0.7423000335693359,0.05752134323120117,0.24175824175824176,0.2619047619047619,0.020146520146520158,0.9147495031356812,0.5786148309707642,0.3657330870628357,0.4855988621711731,5,False
M3_class_dev_conditioned_continuous,R-566,(GI-UX) File & Print,software_support,0.14343151450157166,0.7563726902008057,0.612941175699234,0.11320754716981132,0.490566037735849,0.37735849056603765,0.4619560241699219,0.429413378238678,0.019443541765213013,0.050228118896484375,0,False
M3_class_dev_conditioned_continuous,R-562,(GI-UX) File & Print,onboarding,0.7773475646972656,0.15838764607906342,-0.6189599186182022,0.6666666666666666,0.05063291139240506,-0.6160337552742615,0.9786417484283447,0.9764143824577332,0.002215147018432617,0.0033715367317199707,0,False
M3_class_dev_conditioned_continuous,R-57,(BF) Information Security Office,admin_rights,0.6797671318054199,0.7210909128189087,0.04132378101348877,0.1613958560523446,0.1556756756756757,-0.00572018037666891,0.8733963966369629,0.8592293858528137,0.013550758361816406,0.027166247367858887,3,False
M3_class_dev_conditioned_continuous,R-570,(GI-IaaS) Development Platform,software_license,0.689035952091217,0.7078393697738647,0.018803417682647705,0.2616822429906542,0.2568807339449541,-0.004801509045700092,0.8286571502685547,0.7612481713294983,0.07678943872451782,0.09112578630447388,1,False
M3_class_dev_conditioned_continuous,R-571,(GI-IaaS) Development Platform,software_license,0.7032598257064819,0.7605568170547485,0.0572969913482666,0.28125,0.31007751937984496,0.028827519379844957,0.6968128681182861,0.6430720090866089,0.05938005447387695,0.07041341066360474,1,False
M3_class_dev_conditioned_continuous,R-572,(GI-IaaS) Development Platform,software_license,0.7127813696861267,0.6823341846466064,-0.030447185039520264,0.3214285714285714,0.27388535031847133,-0.047543221110100065,0.8843713998794556,0.8624064326286316,0.0,0.0551145076751709,5,False
M3_class_dev_conditioned_continuous,R-573,(GI-UX) Account Management,collaboration,0.8648294806480408,0.904512882232666,0.039683401584625244,0.29885057471264365,0.31086142322097376,0.012010848508330119,0.9536957144737244,0.8926901817321777,0.004688560962677002,0.2718331217765808,5,False
M3_class_dev_conditioned_continuous,R-576,(GI-UX) Account Management,onboarding,0.8338524699211121,0.7895547151565552,-0.044297754764556885,0.5686900958466453,0.4666666666666667,-0.10202342917997864,0.8903993368148804,0.8713169097900391,0.016204118728637695,0.028824329376220703,4,False
M3_class_dev_conditioned_continuous,R-577,(GI-UX) File & Print,onboarding,0.8194116353988647,0.18312498927116394,-0.6362866461277008,0.7058823529411765,0.05847953216374269,-0.6474028207774338,0.9807201623916626,0.9795693159103394,0.00017410516738891602,0.0031426548957824707,0,False
M3_class_dev_conditioned_continuous,R-59,(GI-UX) Group,password_reset,0.7629715204238892,0.833189845085144,0.07021832466125488,0.2654867256637168,0.3925233644859813,0.1270366388222645,0.824127197265625,0.7558659315109253,0.02934819459915161,0.11715978384017944,4,False
M3_class_dev_conditioned_continuous,R-578,(GI-UX) Account Management,onboarding,0.978337824344635,0.7769578695297241,-0.2013799548149109,0.8979591836734694,0.5472972972972973,-0.3506618863761721,0.9129790663719177,0.9028965830802917,0.007589995861053467,0.01756519079208374,4,False
M3_class_dev_conditioned_continuous,R-590,(GI-UX) Group,admin_rights,0.7041646242141724,0.7173793911933899,0.01321476697921753,0.16739130434782612,0.1723076923076923,0.004916387959866181,0.8415732979774475,0.82709801197052,0.00842660665512085,0.029649436473846436,2,False
M3_class_dev_conditioned_continuous,R-585,(GI-UX) File & Print,onboarding,0.7952620387077332,0.2356419414281845,-0.5596200972795486,0.7499999999999999,0.05714285714285714,-0.6928571428571427,0.9918771982192993,0.9904540777206421,0.0005685687065124512,0.0027316808700561523,0,False
M3_class_dev_conditioned_continuous,R-591,(GI-UX) File & Print,onboarding,0.8001920580863953,0.20203405618667603,-0.5981580018997192,0.7222222222222222,0.050955414012738856,-0.6712668082094834,0.9917552471160889,0.990325927734375,0.00044667720794677734,0.002347588539123535,0,False
M3_class_dev_conditioned_continuous,R-593,(GI-CF) Robot Process Automation,admin_rights,0.6491813659667969,0.6772631406784058,0.028081774711608887,0.2291220556745182,0.16609783845278725,-0.06302421722173096,0.9621644616127014,0.7143024206161499,0.3030741810798645,0.32108479738235474,2,False
M3_class_dev_conditioned_continuous,R-60,(GI-UX) Application,absence,0.6190993189811707,0.6385806202888489,0.019481301307678223,0.3870967741935484,0.3724137931034483,-0.014682981090100078,0.6646742820739746,0.6235898733139038,0.01415705680847168,0.07959866523742676,4,False
M3_class_dev_conditioned_continuous,R-606,(GI-CyberSec) Security Operation Center,email_support,0.8496038913726807,0.84407639503479,-0.005527496337890625,0.2280701754385965,0.33057851239669417,0.10250833695809766,0.685208797454834,0.5793882012367249,0.03302896022796631,0.20391616225242615,4,False
M3_class_dev_conditioned_continuous,R-607,(GI-IaaS) Development Platform,other,0.5637059211730957,0.6151665449142456,0.0514606237411499,0.22580645161290322,0.25,0.02419354838709678,0.6137546300888062,0.5571531057357788,0.0031329989433288574,0.11513549089431763,5,False
M3_class_dev_conditioned_continuous,R-614,(GI-UX) File & Print,software_support,0.6767052412033081,0.6188079118728638,-0.057897329330444336,0.5378151260504201,0.5254237288135594,-0.01239139723686078,0.6448843479156494,0.5408893823623657,0.07044440507888794,0.1687946319580078,4,False
M3_class_dev_conditioned_continuous,R-612,(GI-CF) Robot Process Automation,admin_rights,0.664995551109314,0.7322680950164795,0.06727254390716553,0.1452513966480447,0.12148481439820022,-0.023766582249844487,0.9395609498023987,0.7310537099838257,0.0021356940269470215,0.3660052418708801,3,False
M3_class_dev_conditioned_continuous,R-617,(GI-UX) Windows,other,0.5818281173706055,0.6358956098556519,0.05406749248504639,0.242299794661191,0.1923076923076923,-0.04999210235349871,0.7516289353370667,0.6265877485275269,0.1275838017463684,0.18044227361679077,5,False
M3_class_dev_conditioned_continuous,R-621,(GI-CF) Robot Process Automation,admin_rights,0.5180217027664185,0.550635576248169,0.03261387348175049,0.0967741935483871,0.10243902439024391,0.005664830841856816,0.825417160987854,0.8000892400741577,0.010160088539123535,0.04482614994049072,3,False
M3_class_dev_conditioned_continuous,R-624,(GI-SaaS) Salesforce,admin_rights,0.7424659132957458,0.7239469289779663,-0.01851898431777954,0.19999999999999998,0.22377622377622378,0.023776223776223793,0.8489986658096313,0.7555443644523621,0.0049225687980651855,0.19865989685058594,3,False
M3_class_dev_conditioned_continuous,R-625,(GI-IaaS) Development Platform,other,0.32084915041923523,0.3937895894050598,0.07294043898582458,0.10695187165775401,0.11764705882352941,0.010695187165775402,0.5079503655433655,0.48600441217422485,0.009331166744232178,0.056122541427612305,5,False
M3_class_dev_conditioned_continuous,R-63,(GI-SaaS) SAP & Synertrade,other,0.8194222450256348,0.8591427803039551,0.03972053527832031,0.423841059602649,0.47058823529411764,0.046747175691468634,0.898497462272644,0.5590146780014038,0.40168285369873047,0.4532068967819214,5,False
M3_class_dev_conditioned_continuous,R-636,(GI-UX) Group,software_license,0.7235184907913208,0.7266495227813721,0.0031310319900512695,0.15730337078651685,0.18791946308724833,0.03061609230073148,0.5845530033111572,0.5133951306343079,0.04744243621826172,0.10579997301101685,2,False
M3_class_dev_conditioned_continuous,R-631,"(GI-IaaS) Network On-Prem (LAN,WLAN,WAN 2nd level)",vpn_access,0.7879074811935425,0.8770133256912231,0.08910584449768066,0.19718309859154928,0.3605442176870748,0.1633611190955255,0.6066684722900391,0.5710955262184143,0.008240580558776855,0.06995844841003418,3,False
M3_class_dev_conditioned_continuous,R-638,(GI-IaaS) Development Platform,project_tools,0.41030019521713257,0.597959578037262,0.1876593828201294,0.1349693251533742,0.3795620437956204,0.24459271864224622,0.5026131868362427,0.4606477618217468,0.006351351737976074,0.08003216981887817,1,False
M3_class_dev_conditioned_continuous,R-646,(GI-CF) Robot Process Automation,admin_rights,0.6977924704551697,0.6129888296127319,-0.08480364084243774,0.15659955257270694,0.11858608893956671,-0.03801346363314023,0.7352818846702576,0.7177214622497559,0.008325636386871338,0.03660011291503906,2,False
M3_class_dev_conditioned_continuous,R-645,(GI-SaaS) SAP & Synertrade,enterprise_systems,0.7696824669837952,0.7002521753311157,-0.06943029165267944,0.1414790996784566,0.3400576368876081,0.1985785372091515,0.5966615080833435,0.5868132710456848,0.010907948017120361,0.01512986421585083,2,False
M3_class_dev_conditioned_continuous,R-647,(GI-UX) File & Print,access_problem,0.811450719833374,0.8350390195846558,0.02358829975128174,0.29268292682926833,0.38461538461538464,0.0919324577861163,0.7343599796295166,0.7007355093955994,0.012746453285217285,0.05733442306518555,5,False
M3_class_dev_conditioned_continuous,R-653,(GI-UX) File & Print,onboarding,0.7213263511657715,0.1256202757358551,-0.5957060754299164,0.55,0.03550295857988166,-0.5144970414201184,0.9748132228851318,0.9727548360824585,0.0018661022186279297,0.003954172134399414,0,False
M3_class_dev_conditioned_continuous,R-651,(GI-UX) File & Print,hardware_support,0.2678331136703491,0.2542044222354889,-0.01362869143486023,0.1714285714285714,0.14285714285714288,-0.028571428571428525,0.5121114253997803,0.42677029967308044,0.013784736394882202,0.173026442527771,3,False
M3_class_dev_conditioned_continuous,R-669,(GI-IaaS) Development Platform,software_license,0.8396892547607422,0.8239061832427979,-0.015783071517944336,0.3219814241486068,0.27936507936507937,-0.04261634478352744,1.0000001192092896,0.9535665512084961,0.0,0.11608397960662842,5,False
M3_class_dev_conditioned_continuous,R-671,(GI-IaaS) Development Platform,software_license,0.8331242203712463,0.8504729270935059,0.01734870672225952,0.26537216828478966,0.2984126984126984,0.03304053012790875,1.0000001192092896,0.9535665512084961,0.0,0.11608397960662842,5,False
M3_class_dev_conditioned_continuous,R-680,(GI-IaaS) Development Platform,software_license,0.8899199962615967,0.8540148138999939,-0.03590518236160278,0.31309904153354634,0.26666666666666666,-0.04643237486687968,0.8856897354125977,0.8773742914199829,0.007025480270385742,0.01151728630065918,3,False
M3_class_dev_conditioned_continuous,R-686,(GI-IaaS) Development Platform,software_license,0.8336455821990967,0.8747905492782593,0.0411449670791626,0.22463768115942026,0.26589595375722547,0.04125827259780521,0.8271549940109253,0.7695133686065674,0.04604971408843994,0.09837996959686279,3,False
M3_class_dev_conditioned_continuous,R-691,(GI-IaaS) Development Platform,software_license,0.771964967250824,0.7973886728286743,0.025423705577850342,0.19452887537993918,0.19584569732937684,0.0013168219494376632,0.7778307199478149,0.769692063331604,0.004742860794067383,0.019510746002197266,2,False
M3_class_dev_conditioned_continuous,R-708,(GI-CF) Robot Process Automation,admin_rights,0.3669661283493042,0.3716583847999573,0.004692256450653076,0.10625737898465171,0.09488139825218476,-0.011375980732466942,0.7057700157165527,0.6325783133506775,0.026960134506225586,0.11633890867233276,3,False
M3_class_dev_conditioned_continuous,R-709,(GI-UX) Group,software_license,0.5392930507659912,0.6670815348625183,0.1277884840965271,0.1545253863134658,0.18223234624145784,0.027706959927992048,0.650195837020874,0.6290812492370605,0.0035103559494018555,0.043591856956481934,1,False
M3_class_dev_conditioned_continuous,R-713,(GI-IaaS) Development Platform,software_license,0.8440665602684021,0.853672981262207,0.009606420993804932,0.3333333333333333,0.2786885245901639,-0.054644808743169404,0.916827917098999,0.8876646161079407,0.023847639560699463,0.04497617483139038,3,False
M3_class_dev_conditioned_continuous,R-72,(LF) IT Office Access Italy,offboarding,0.6593008041381836,0.8840652704238892,0.22476446628570557,0.6086956521739131,0.8095238095238095,0.20082815734989645,0.974276602268219,0.9725666046142578,0.0014901161193847656,0.002658665180206299,2,False
M3_class_dev_conditioned_continuous,R-715,(GI-CF) Robot Process Automation,admin_rights,0.5304305553436279,0.45646411180496216,-0.07396644353866577,0.13122171945701358,0.08142493638676845,-0.049796783070245126,0.688135027885437,0.6783913373947144,0.005608797073364258,0.015694618225097656,2,False
M3_class_dev_conditioned_continuous,R-726,(LF) IT Office Access Italy,offboarding,0.7051306962966919,0.6487551927566528,-0.05637550354003906,0.6111111111111112,0.4210526315789474,-0.19005847953216376,0.823729932308197,0.7974510192871094,0.025071322917938232,0.03790193796157837,4,False
M3_class_dev_conditioned_continuous,R-73,(GI-IaaS) Backend Application Srv. & Project Support,offboarding,0.9288856983184814,0.92530757188797,-0.0035781264305114746,0.8484848484848484,0.8717948717948718,0.02331002331002341,0.9709506034851074,0.9672124981880188,0.003068089485168457,0.00550234317779541,1,False
M3_class_dev_conditioned_continuous,R-732,(GI-UX) Network Access,vpn_access,0.7453915476799011,0.9138733148574829,0.1684817671775818,0.303951367781155,0.24242424242424243,-0.06152712535691257,0.6431130170822144,0.6064165830612183,0.03839594125747681,0.05147385597229004,2,False
M3_class_dev_conditioned_continuous,R-740,(GI-UX) Group,software_license,0.5122460722923279,0.6071973443031311,0.09495127201080322,0.13364055299539168,0.18672199170124482,0.053081438705853135,0.9223726987838745,0.8701518177986145,0.023540079593658447,0.11268281936645508,3,False
M3_class_dev_conditioned_continuous,R-75,(GI-IaaS) Backend Application Srv. & Project Support,offboarding,0.9002376198768616,0.9207130670547485,0.020475447177886963,0.8235294117647058,0.8000000000000002,-0.023529411764705688,0.95749831199646,0.9551162719726562,0.0018569231033325195,0.004061698913574219,1,False
M3_class_dev_conditioned_continuous,R-741,(GI-SaaS) Salesforce,enterprise_systems,0.6185766458511353,0.6394876837730408,0.020911037921905518,0.256,0.3162393162393162,0.06023931623931622,0.5828491449356079,0.515905499458313,0.0582197904586792,0.10196185111999512,2,False
M3_class_dev_conditioned_continuous,R-754,(GI-UX) File & Print,onboarding,0.700886607170105,0.11726147681474686,-0.5836251303553581,0.6500000000000001,0.06666666666666667,-0.5833333333333335,0.9841275811195374,0.9829261898994446,0.0002778172492980957,0.002031981945037842,0,False
M3_class_dev_conditioned_continuous,R-755,(GI-UX) Account Management,onboarding,0.8755676746368408,0.7074988484382629,-0.16806882619857788,0.5734265734265734,0.37857142857142856,-0.19485514485514488,0.9943743944168091,0.9911378026008606,0.0031211376190185547,0.004416525363922119,1,False
M3_class_dev_conditioned_continuous,R-757,(GI-UX) Account Management,onboarding,0.8795509934425354,0.8951007127761841,0.015549719333648682,0.568561872909699,0.6215384615384616,0.052976588628762644,0.9744294285774231,0.9579450488090515,0.014826297760009766,0.022920072078704834,2,False
M3_class_dev_conditioned_continuous,R-759,(GI-UX) Group,software_license,0.6144769191741943,0.6390326023101807,0.024555683135986328,0.17446808510638298,0.148619957537155,-0.02584812756922797,0.5550193786621094,0.49548912048339844,0.0,0.11663821339607239,2,False
M3_class_dev_conditioned_continuous,R-765,(GI-UX) File & Print,onboarding,0.6383589506149292,0.3437076807022095,-0.2946512699127197,0.36666666666666675,0.0808080808080808,-0.2858585858585859,0.9499793648719788,0.9460284113883972,0.003527343273162842,0.008068561553955078,0,False
M3_class_dev_conditioned_continuous,R-760,(GI-UX) Group,software_support,0.3293185234069824,0.4775499105453491,0.1482313871383667,0.1564245810055866,0.3238095238095238,0.16738494280393723,0.6094628572463989,0.5465752482414246,0.06775987148284912,0.09590506553649902,0,False
M3_class_dev_conditioned_continuous,R-775,(GI-UX) Network Access,vpn_access,0.9207150340080261,0.8889437317848206,-0.031771302223205566,0.31999999999999995,0.4356955380577428,0.11569553805774285,0.9339691400527954,0.9155027270317078,0.0008687973022460938,0.0566868782043457,3,False
M3_class_dev_conditioned_continuous,R-772,(BF) Information Security Office,admin_rights,0.7459044456481934,0.7973713874816895,0.051466941833496094,0.14423076923076925,0.16083916083916086,0.016608391608391615,0.6003344058990479,0.5774829983711243,0.006005764007568359,0.05610024929046631,2,False
M3_class_dev_conditioned_continuous,R-783,(GI-UX) File & Print,onboarding,0.652166485786438,0.12297099828720093,-0.5291954874992371,0.5641025641025641,0.06369426751592355,-0.5004082965866405,0.9876525402069092,0.9859907031059265,0.001243293285369873,0.0026163458824157715,0,False
M3_class_dev_conditioned_continuous,R-788,(GI-UX) Account Management,onboarding,0.8570518493652344,0.8852795362472534,0.028227686882019043,0.5723472668810288,0.6013513513513513,0.029004084470322544,0.9885249137878418,0.9878443479537964,0.0003762245178222656,0.0012755393981933594,2,False
M3_class_dev_conditioned_continuous,R-792,(GI-UX) Account Management,onboarding,0.7988649606704712,0.9582639932632446,0.15939903259277344,0.3591549295774647,0.8497109826589595,0.4905560530814948,0.9867312908172607,0.9849880337715149,0.0020084381103515625,0.0023283958435058594,1,False
M3_class_dev_conditioned_continuous,R-795,(GI-UX) Group,onboarding,0.8943341970443726,0.13399717211723328,-0.7603370249271393,0.7692307692307692,0.06097560975609757,-0.7082551594746715,0.9831502437591553,0.9813467264175415,0.0017415285110473633,0.002708911895751953,0,False
M3_class_dev_conditioned_continuous,R-801,(GI-SM) Service Desk,software_license,0.8812607526779175,0.8508887887001038,-0.03037196397781372,0.2932551319648094,0.25958702064896755,-0.03366811131584185,0.9333515167236328,0.9068835377693176,0.0049779415130615234,0.06235063076019287,4,False
M3_class_dev_conditioned_continuous,R-808,(GI-UX) Application,other,0.6347511410713196,0.6449836492538452,0.010232508182525635,0.43317972350230416,0.3856502242152466,-0.047529499287057575,0.737634003162384,0.6701946258544922,0.052896320819854736,0.11598092317581177,5,False
M3_class_dev_conditioned_continuous,R-802,(GI-UX) File & Print,onboarding,0.7545135021209717,0.12596550583839417,-0.6285479962825775,0.6153846153846154,0.06493506493506493,-0.5504495504495505,0.9897894859313965,0.9881144762039185,0.0002765059471130371,0.0033392906188964844,0,False
M3_class_dev_conditioned_continuous,R-812,(GI-UX) Group,software_support,0.19118760526180267,0.631830632686615,0.4406430274248123,0.10526315789473682,0.5043478260869565,0.39908466819221966,0.7272045612335205,0.6604440808296204,0.025162100791931152,0.12768924236297607,3,False
M3_class_dev_conditioned_continuous,R-814,(GI-UX) File & Print,other,0.6991250514984131,0.6624128818511963,-0.0367121696472168,0.2758620689655173,0.21428571428571427,-0.06157635467980302,0.9914794564247131,0.9875897169113159,0.003183305263519287,0.006136715412139893,2,False
M3_class_dev_conditioned_continuous,R-818,(GI-IaaS) Development Platform,software_license,0.8294490575790405,0.7629257440567017,-0.06652331352233887,0.38064516129032255,0.26148409893992935,-0.1191610623503932,0.8617717027664185,0.8513213396072388,0.0,0.036469221115112305,3,False
M3_class_dev_conditioned_continuous,R-825,(GI-IaaS) Development Platform,other,0.40109753608703613,0.38766419887542725,-0.013433337211608887,0.01834862385321101,0.01754385964912281,-0.0008047642040882007,0.8100952506065369,0.8086192011833191,0.0,0.005669951438903809,5,False
M3_class_dev_conditioned_continuous,R-823,(GI-IaaS) Development Platform,software_license,0.762070894241333,0.7853171229362488,0.02324622869491577,0.29341317365269465,0.2893081761006289,-0.004104997552065726,0.9128170013427734,0.904933750629425,0.0,0.02781689167022705,4,False
M3_class_dev_conditioned_continuous,R-827,(GI-IaaS) Azure Data Center,other,0.24869447946548462,0.16871264576911926,-0.07998183369636536,0.10126582278481013,0.13953488372093023,0.038269060936120106,0.4551165699958801,0.42057904601097107,0.009950697422027588,0.07207697629928589,5,False
M3_class_dev_conditioned_continuous,R-826,(GI-UX) Group,hardware_support,0.448028564453125,0.3492082953453064,-0.0988202691078186,0.13333333333333336,0.09638554216867469,-0.03694779116465867,0.641083836555481,0.6015691757202148,0.0018303990364074707,0.06789135932922363,2,False
M3_class_dev_conditioned_continuous,R-833,(GI-SM) Service Desk,other,0.20987047255039215,0.1706528216600418,-0.03921765089035034,0.12280701754385964,0.10852713178294575,-0.014279885760913893,0.6208144426345825,0.5487520694732666,0.05161553621292114,0.10514295101165771,5,False
M3_class_dev_conditioned_continuous,R-85,(GI-UX) Account Management,offboarding,0.9863351583480835,0.5294152498245239,-0.45691990852355957,0.9549549549549549,0.1558441558441558,-0.7991107991107991,0.9431507587432861,0.9416660070419312,0.0006644725799560547,0.004017949104309082,0,False
M3_class_dev_conditioned_continuous,R-850,(GI-UX) Account Management,email_support,0.6754360198974609,0.7712410688400269,0.09580504894256592,0.3023255813953489,0.4140625,0.11173691860465113,0.8512862920761108,0.681406557559967,0.10777199268341064,0.2506348490715027,3,False
M3_class_dev_conditioned_continuous,R-838,(GI-IaaS) Backend M365 (2nd level),other,0.2677765488624573,0.4194629192352295,0.15168637037277222,0.11851851851851852,0.11428571428571428,-0.004232804232804241,0.780945897102356,0.5734971761703491,0.0037114620208740234,0.3747769594192505,4,False
M3_class_dev_conditioned_continuous,R-856,"(GI-IaaS) Network On-Prem (LAN,WLAN,WAN 2nd level)",other,0.7236911654472351,0.463714063167572,-0.2599771022796631,0.34090909090909094,0.37349397590361444,0.0325848849945235,0.5832465887069702,0.5326996445655823,0.04444795846939087,0.07424777746200562,5,False
M3_class_dev_conditioned_continuous,R-86,(GI-IaaS) Backend Application Srv. & Project Support,offboarding,0.911095917224884,0.9880537986755371,0.07695788145065308,0.7894736842105262,0.9268292682926829,0.13735558408215665,0.9814795255661011,0.9749930500984192,0.0072002410888671875,0.008746504783630371,0,False
M3_class_dev_conditioned_continuous,R-858,"(GI-IaaS) Network Cloud (Azure, Remote Access)",vpn_access,0.8908662796020508,0.8856574296951294,-0.005208849906921387,0.3584229390681004,0.2968197879858657,-0.061603151082234686,0.7019479870796204,0.5769409537315369,0.14184385538101196,0.1734967827796936,2,False
M3_class_dev_conditioned_continuous,R-870,(GI-UX) File & Print,onboarding,0.7746347188949585,0.15395431220531464,-0.6206804066896439,0.6,0.0606060606060606,-0.5393939393939394,0.987468957901001,0.9840095639228821,0.0007691383361816406,0.00670093297958374,0,False
M3_class_dev_conditioned_continuous,R-888,(GI-UX) File & Print,other,0.6937546730041504,0.7151525020599365,0.021397829055786133,0.208955223880597,0.4117647058823529,0.20280948200175591,0.9911747574806213,0.9900017976760864,0.0007495284080505371,0.0020864009857177734,2,False
M3_class_dev_conditioned_continuous,R-871,(GI-UX) Account Management,onboarding,0.8403210043907166,0.877663254737854,0.03734225034713745,0.5684931506849316,0.5454545454545455,-0.023038605230386033,0.9604579210281372,0.9547654986381531,0.0053855180740356445,0.009237110614776611,3,False
M3_class_dev_conditioned_continuous,R-899,(GI-UX) File & Print,onboarding,0.8019843101501465,0.21470996737480164,-0.5872743427753448,0.7272727272727274,0.04411764705882353,-0.6831550802139039,0.9903714656829834,0.9858673214912415,0.002606332302093506,0.00818490982055664,0,False
M3_class_dev_conditioned_continuous,R-902,(GI-UX) File & Print,onboarding,0.7668166160583496,0.12581825256347656,-0.640998363494873,0.6,0.058479532163742694,-0.5415204678362573,0.9870439767837524,0.985967755317688,0.0005794167518615723,0.002109229564666748,0,False
M3_class_dev_conditioned_continuous,R-904,(GI-UX) File & Print,onboarding,0.7230511903762817,0.15906617045402527,-0.5639850199222565,0.43999999999999995,0.04651162790697675,-0.3934883720930232,0.9900925159454346,0.9861448407173157,0.003596663475036621,0.005995690822601318,0,False
M3_class_dev_conditioned_continuous,R-905,(GI-UX) Account Management,onboarding,0.9450407028198242,0.9530372619628906,0.007996559143066406,0.7529411764705882,0.8528528528528527,0.0999116763822645,0.9919266700744629,0.9906104207038879,0.0007760524749755859,0.002077639102935791,1,False
M3_class_dev_conditioned_continuous,R-917,(GI-IaaS) Development Platform,project_tools,0.9032005667686462,0.5887601375579834,-0.31444042921066284,0.823529411764706,0.3023255813953488,-0.5212038303693571,0.5490164756774902,0.4784184992313385,0.0330885648727417,0.12197023630142212,4,False
M3_class_dev_conditioned_continuous,R-91,(GI-UX) Group,software_license,0.6261358857154846,0.7352745532989502,0.10913866758346558,0.1870824053452116,0.20982142857142858,0.022739023226216987,0.7685316801071167,0.7149326205253601,0.01776498556137085,0.1198662519454956,2,False
M3_class_dev_conditioned_continuous,R-923,(GI-UX) Group,admin_rights,0.7057656645774841,0.5328534841537476,-0.17291218042373657,0.1308411214953271,0.10975609756097561,-0.02108502393435148,0.5125280618667603,0.49387866258621216,0.017370522022247314,0.034596651792526245,3,False
M3_class_dev_conditioned_continuous,R-919,(BF) Information Security Office,admin_rights,0.7091360092163086,0.7472739219665527,0.03813791275024414,0.15677491601343788,0.17428267800212538,0.017507761988687504,0.985489547252655,0.906927227973938,0.07662343978881836,0.11098039150238037,3,False
M3_class_dev_conditioned_continuous,R-926,(GI-IaaS) Development Platform,other,0.6985078454017639,0.682729184627533,-0.015778660774230957,0.16216216216216214,0.16379310344827586,0.001630941286113713,0.6818645000457764,0.6392947435379028,0.047805070877075195,0.057219743728637695,5,False
M3_class_dev_conditioned_continuous,R-929,(GI-UX) Account Management,onboarding,0.8102967739105225,0.907811164855957,0.09751439094543457,0.3684210526315789,0.6666666666666666,0.2982456140350877,0.9818878769874573,0.9800585508346558,0.00046831369400024414,0.003041505813598633,0,False
M3_class_dev_conditioned_continuous,R-93,(GI-CF) Robot Process Automation,admin_rights,0.49310094118118286,0.47750619053840637,-0.01559475064277649,0.0807061790668348,0.10817307692307693,0.027466897856242123,0.8599211573600769,0.8113468885421753,0.027642667293548584,0.0718887448310852,5,False
M3_class_dev_conditioned_continuous,R-930,(GI-IaaS) Development Platform,software_license,0.821821928024292,0.8090089559555054,-0.012812972068786621,0.3292682926829268,0.31666666666666665,-0.012601626016260137,0.9168280363082886,0.8777042627334595,0.031792640686035156,0.06542479991912842,4,False
M3_class_dev_conditioned_continuous,R-933,(GI-IaaS) Development Platform,other,0.8194155693054199,0.8154703378677368,-0.0039452314376831055,0.3115264797507788,0.2719033232628399,-0.039623156487938904,0.7317225337028503,0.6246681809425354,0.11342358589172363,0.15185308456420898,5,False
M3_class_dev_conditioned_continuous,R-932,(GI-SaaS) Salesforce,admin_rights,0.7469381093978882,0.8054777383804321,0.058539628982543945,0.25833333333333336,0.21407624633431088,-0.04425708699902248,0.7873700857162476,0.6491732597351074,0.02696216106414795,0.26337671279907227,3,False
M3_class_dev_conditioned_continuous,R-936,(GI-UX) File & Print,other,0.8382248878479004,0.7315691709518433,-0.10665571689605713,0.625,0.3870967741935484,-0.23790322580645162,0.991174578666687,0.9878624677658081,0.0011273622512817383,0.006195008754730225,2,False
M3_class_dev_conditioned_continuous,R-942,(GI-UX) Account Management,onboarding,0.3328482508659363,0.8136488199234009,0.4808005690574646,0.07216494845360825,0.5966101694915255,0.5244452210379172,0.9261789321899414,0.8989027142524719,0.02841353416442871,0.04050123691558838,2,False
M3_class_dev_conditioned_continuous,R-943,"(GI-IaaS) Network On-Prem (LAN,WLAN,WAN 2nd level)",vpn_access,0.5403243899345398,0.7858326435089111,0.24550825357437134,0.14760147601476015,0.2642642642642643,0.11666278824950416,0.5770089030265808,0.5310161113739014,0.05252581834793091,0.06702327728271484,1,False
M3_class_dev_conditioned_continuous,R-947,(GI-UX) Account Management,offboarding,0.9979963302612305,0.5988214612007141,-0.39917486906051636,0.9821428571428571,0.15789473684210525,-0.8242481203007519,0.973723828792572,0.9720679521560669,0.0003209710121154785,0.004388391971588135,0,False
M3_class_dev_conditioned_continuous,R-944,(GI-IaaS) Backend Application Srv. & Project Support,offboarding,0.8043577075004578,0.9013742804527283,0.09701657295227051,0.6511627906976744,0.7647058823529412,0.11354309165526688,0.9905260801315308,0.9890867471694946,0.0012128353118896484,0.0031470060348510742,3,False
M3_class_dev_conditioned_continuous,R-953,(GI-CF) Robot Process Automation,admin_rights,0.4524664282798767,0.4399355947971344,-0.01253083348274231,0.08484848484848485,0.08464328899637243,-0.00020519585211242752,0.7307182550430298,0.7228760123252869,0.006448805332183838,0.019195914268493652,1,False
M3_class_dev_conditioned_continuous,R-964,(GI-UX) Network Access,vpn_access,0.9033113718032837,0.7567191123962402,-0.14659225940704346,0.33766233766233766,0.27627627627627627,-0.0613860613860614,0.963829755783081,0.6659331917762756,0.356475293636322,0.38808971643447876,4,False
M3_class_dev_conditioned_continuous,R-954,(GI-UX) File & Print,onboarding,0.818437933921814,0.17260271310806274,-0.6458352208137512,0.6486486486486486,0.06779661016949153,-0.580852038479157,0.9814780950546265,0.979505181312561,0.0018748044967651367,0.003499269485473633,0,False
M3_class_dev_conditioned_continuous,R-966,(GI-UX) Account Management,email_support,0.42453083395957947,0.682969331741333,0.25843849778175354,0.15384615384615385,0.3397683397683398,0.18592218592218596,0.8512864112854004,0.6717773675918579,0.09204578399658203,0.3293439745903015,5,False
M3_class_dev_conditioned_continuous,R-967,(LF) IT Office Access Italy,office_access,0.766930103302002,0.5135710835456848,-0.25335901975631714,0.4672897196261682,0.462962962962963,-0.0043267566632052,0.9390976428985596,0.9003855586051941,0.045147478580474854,0.05617743730545044,5,False
M3_class_dev_conditioned_continuous,R-985,(GI-UX) Account Management,offboarding,0.9979963302612305,0.5891622304916382,-0.4088340997695923,0.9821428571428571,0.24175824175824176,-0.7403846153846153,0.9874145984649658,0.9852105379104614,4.661083221435547e-05,0.004625201225280762,0,False
M3_class_dev_conditioned_continuous,R-990,(GI-IaaS) Development Platform,access_problem,0.3941030502319336,0.5089592337608337,0.11485618352890015,0.13846153846153847,0.09448818897637797,-0.043973349485160504,0.8491711020469666,0.5884672403335571,0.29683881998062134,0.35192176699638367,5,False
M3_class_dev_conditioned_continuous,R-991,(GI-IaaS) Development Platform,access_problem,0.45495933294296265,0.40661823749542236,-0.04834109544754028,0.07692307692307691,0.09022556390977444,0.013302486986697531,0.8523308634757996,0.7037206888198853,0.16148585081100464,0.2115054726600647,5,False
M3_class_dev_conditioned_continuous,R-997,(GI-UX) Unified Communication,other,0.1883164644241333,0.2033144235610962,0.01499795913696289,0.15929203539823006,0.1308411214953271,-0.02845091390290297,0.640261173248291,0.5291224718093872,0.010365426540374756,0.1899217665195465,5,False
M4_intersection_dev_conditioned_continuous,R-100,(GI-IaaS) Admin - Local IT purchase,other,0.5895600318908691,0.5895600318908691,0.0,0.5,0.5,0.0,0.4417307376861572,0.4262809157371521,0.0009710788726806641,0.030615508556365967,4,False
M4_intersection_dev_conditioned_continuous,R-1002,(GI-UX) File & Print,onboarding,0.7796627879142761,0.7350098490715027,-0.04465293884277344,0.631578947368421,0.6666666666666665,0.0350877192982455,0.9835428595542908,0.9823434948921204,0.0007875561714172363,0.002096116542816162,1,False
M4_intersection_dev_conditioned_continuous,R-1004,(GI-UX) File & Print,onboarding,0.979221522808075,0.8118391036987305,-0.16738241910934448,0.85,0.6486486486486486,-0.2013513513513514,0.9802106022834778,0.9760651588439941,0.004369080066680908,0.0062806010246276855,3,False
M4_intersection_dev_conditioned_continuous,R-1003,(GI-UX) Account Management,onboarding,0.6921074390411377,0.7262760996818542,0.03416866064071655,0.2580645161290322,0.3969465648854962,0.13888204875646398,0.9898489713668823,0.9877109527587891,0.002393960952758789,0.0030056238174438477,5,False
M4_intersection_dev_conditioned_continuous,R-1006,(GI-IaaS) Development Platform,software_license,0.8581677675247192,0.8436406850814819,-0.014527082443237305,0.29530201342281875,0.2593856655290102,-0.03591634789380854,0.9273176193237305,0.900359034538269,0.0,0.07632613182067871,4,False
M4_intersection_dev_conditioned_continuous,R-1016,(GI-UX) Group,software_support,0.5144830942153931,0.45767882466316223,-0.056804269552230835,0.16666666666666666,0.2641509433962264,0.09748427672955975,0.7709735035896301,0.730560839176178,0.03222852945327759,0.05926424264907837,0,False
M4_intersection_dev_conditioned_continuous,R-1007,(GI-UX) Group,vpn_access,0.806610107421875,0.8651964664459229,0.05858635902404785,0.26909090909090905,0.35051546391752575,0.0814245548266167,0.7904136180877686,0.6832613945007324,0.1014372706413269,0.14977645874023438,0,False
M4_intersection_dev_conditioned_continuous,R-1020,(BF) Information Security Office,admin_rights,0.6886708736419678,0.575416088104248,-0.11325478553771973,0.15795328142380424,0.13498312710911137,-0.022970154314692875,0.7411284446716309,0.6947420239448547,0.032095909118652344,0.08486711978912354,2,False
M4_intersection_dev_conditioned_continuous,R-1021,(GI-SM) Service Desk,other,0.12512291967868805,0.1382070928812027,0.013084173202514648,0.01818181818181818,0.01904761904761905,0.0008658008658008684,0.5464298129081726,0.49958673119544983,0.02174907922744751,0.08864825963973999,2,False
M4_intersection_dev_conditioned_continuous,R-1024,(GI-UX) Windows,admin_rights,0.7320240139961243,0.6720943450927734,-0.05992966890335083,0.1493212669683258,0.18080357142857142,0.031482304460245636,0.9945774674415588,0.8743798136711121,0.13314872980117798,0.16711223125457764,4,False
M4_intersection_dev_conditioned_continuous,R-1033,(GI-UX) Network Access,vpn_access,0.7670501470565796,0.7704839706420898,0.003433823585510254,0.3250883392226148,0.3785714285714285,0.053483089348813684,0.8120355606079102,0.6854199767112732,0.01991981267929077,0.22287887334823608,2,False
M4_intersection_dev_conditioned_continuous,R-1032,(GI-CF) Robot Process Automation,admin_rights,0.6914961338043213,0.6379299163818359,-0.05356621742248535,0.16888888888888887,0.15806805708013175,-0.01082083180875712,0.7944412231445312,0.7735104560852051,0.006741166114807129,0.048583924770355225,3,False
M4_intersection_dev_conditioned_continuous,R-1036,(LF) IT Office Access Italy,office_access,0.6595072746276855,0.8688358068466187,0.2093285322189331,0.45045045045045046,0.4854368932038835,0.034986442753433045,0.9019222259521484,0.88750821352005,0.004760026931762695,0.035939812660217285,5,False
M4_intersection_dev_conditioned_continuous,R-105,(GI-UX) File & Print,hardware_support,0.13757365942001343,0.4238361716270447,0.28626251220703125,0.18181818181818185,0.29333333333333333,0.11151515151515148,0.34468740224838257,0.2836891710758209,0.061859965324401855,0.08573031425476074,2,False
M4_intersection_dev_conditioned_continuous,R-1039,(GI-IaaS) Development Platform,other,0.5325155258178711,0.45490333437919617,-0.07761219143867493,0.1449275362318841,0.1875,0.04257246376811591,0.44303590059280396,0.39604097604751587,0.028113096952438354,0.08270794153213501,1,False
M4_intersection_dev_conditioned_continuous,R-1060,(BF) Employee Platform (SAP SF),other,0.6406848430633545,0.7581753730773926,0.11749053001403809,0.23529411764705882,0.2105263157894737,-0.02476780185758512,0.7914108633995056,0.6482924222946167,0.14574986696243286,0.19330698251724243,4,False
M4_intersection_dev_conditioned_continuous,R-1062,(LF) IT Office Access Italy,offboarding,0.6623786687850952,0.8566235899925232,0.19424492120742798,0.4489795918367347,0.7894736842105262,0.3404940923737915,0.986281156539917,0.9832005500793457,0.0013720989227294922,0.005002260208129883,2,False
M4_intersection_dev_conditioned_continuous,R-1051,(GI-CF) Robot Process Automation,admin_rights,0.5273818969726562,0.5111545920372009,-0.016227304935455322,0.14863387978142076,0.16111707841031148,0.012483198628890718,0.7941269874572754,0.7698143124580383,0.01692885160446167,0.04419374465942383,1,False
M4_intersection_dev_conditioned_continuous,R-1067,(GI-UX) Group,offboarding,0.8802129626274109,0.9903959035873413,0.11018294095993042,0.7894736842105262,0.9268292682926829,0.13735558408215665,0.9876869320869446,0.9848119616508484,0.002103865146636963,0.005251705646514893,3,False
M4_intersection_dev_conditioned_continuous,R-1069,(GI-IaaS) Backend Application Srv. & Project Support,offboarding,0.803718626499176,0.7541657090187073,-0.04955291748046875,0.6666666666666667,0.6111111111111112,-0.05555555555555558,0.9905262589454651,0.9890152215957642,0.0015132427215576172,0.0023096203804016113,1,False
M4_intersection_dev_conditioned_continuous,R-108,(GI-UX) Network Access,other,0.5107507705688477,0.6200387477874756,0.10928797721862793,0.10526315789473685,0.16666666666666666,0.06140350877192981,0.7693555355072021,0.677189826965332,0.09323692321777344,0.13904482126235962,3,False
M4_intersection_dev_conditioned_continuous,R-1083,"(GI-IaaS) Network Cloud (Azure, Remote Access)",vpn_access,0.9021072387695312,0.8727329969406128,-0.029374241828918457,0.33207547169811324,0.31715210355987056,-0.014923368138242687,0.7019481062889099,0.6458013653755188,0.048452913761138916,0.08826786279678345,4,False
M4_intersection_dev_conditioned_continuous,R-1089,(GI-UX) Group,hardware_support,0.40778088569641113,0.47537511587142944,0.06759423017501831,0.125,0.4,0.275,0.5561780333518982,0.4455460011959076,0.1279371976852417,0.16095268726348877,2,False
M4_intersection_dev_conditioned_continuous,R-1091,(GI-UX) File & Print,onboarding,0.7974576354026794,0.8200034499168396,0.022545814514160156,0.6153846153846153,0.7058823529411765,0.09049773755656121,0.9868484139442444,0.9852932095527649,0.0014588236808776855,0.002531290054321289,2,False
M4_intersection_dev_conditioned_continuous,R-109,(GI-UX) Application,absence,0.7881712913513184,0.8047686815261841,0.016597390174865723,0.4,0.47552447552447547,0.07552447552447544,0.7522178888320923,0.713605523109436,0.0233917236328125,0.06951725482940674,4,False
M4_intersection_dev_conditioned_continuous,R-1093,(GI-IaaS) Backend Application Srv. & Project Support,offboarding,0.8653678297996521,0.8830257058143616,0.017657876014709473,0.7317073170731706,0.8,0.06829268292682944,0.9777603149414062,0.9727632403373718,0.002710580825805664,0.008188486099243164,0,False
M4_intersection_dev_conditioned_continuous,R-1105,(GI-SaaS) Salesforce,absence,0.54685378074646,0.5916538238525391,0.0448000431060791,0.452054794520548,0.3724137931034483,-0.07964100141709968,0.5724667310714722,0.5410593748092651,0.01042473316192627,0.05256444215774536,3,False
M4_intersection_dev_conditioned_continuous,R-1106,"(GI-IaaS) Network Cloud (Azure, Remote Access)",vpn_access,0.5235739946365356,0.5464378595352173,0.02286386489868164,0.1366906474820144,0.15555555555555556,0.01886490807354116,0.5596339702606201,0.5480856895446777,0.006425976753234863,0.020701885223388672,1,False
M4_intersection_dev_conditioned_continuous,R-1109,(GI-UX) Group,software_support,0.4017840325832367,0.48869356513023376,0.08690953254699707,0.13978494623655915,0.18823529411764706,0.0484503478810879,0.979118287563324,0.790088951587677,0.22015011310577393,0.24373465776443481,2,False
M4_intersection_dev_conditioned_continuous,R-1115,(GI-SaaS) Salesforce,enterprise_systems,0.26797720789909363,0.6163208484649658,0.3483436405658722,0.11707317073170731,0.19444444444444448,0.07737127371273717,0.48708295822143555,0.3949054181575775,0.05807405710220337,0.13861173391342163,2,False
M4_intersection_dev_conditioned_continuous,R-1120,(GI-SaaS) Salesforce,absence,0.7937456965446472,0.6729118824005127,-0.12083381414413452,0.445859872611465,0.41830065359477125,-0.027559219016693726,0.7324554920196533,0.7005656361579895,0.015420675277709961,0.055561065673828125,4,False
M4_intersection_dev_conditioned_continuous,R-1143,(GI-UX) Account Management,offboarding,0.9979963302612305,0.9979963302612305,0.0,0.9821428571428571,0.9821428571428571,0.0,0.9750943183898926,0.9733783602714539,0.0013151168823242188,0.0030664801597595215,5,False
M4_intersection_dev_conditioned_continuous,R-1133,(GI-UX) Account Management,email_support,0.7364848852157593,0.7583141326904297,0.02182924747467041,0.446866485013624,0.371830985915493,-0.07503549909813101,0.8798789978027344,0.5587689876556396,0.3964005708694458,0.4099631905555725,2,False
M4_intersection_dev_conditioned_continuous,R-115,(LF) IT Office Access Italy,offboarding,0.818256676197052,0.892463207244873,0.07420653104782104,0.7272727272727274,0.7894736842105262,0.06220095693779881,0.8604562282562256,0.8406078219413757,0.01425325870513916,0.0418398380279541,4,False
M4_intersection_dev_conditioned_continuous,R-1150,(GI-UX) Group,hardware_support,0.7633050084114075,0.5622947216033936,-0.20101028680801392,0.40800000000000003,0.39301310043668125,-0.014986899563318778,0.41385617852211,0.3870985507965088,0.0,0.07293567061424255,2,False
M4_intersection_dev_conditioned_continuous,R-1163,(GI-CF) Robot Process Automation,admin_rights,0.5959726572036743,0.5667867660522461,-0.029185891151428223,0.18283166109253066,0.16340621403912545,-0.01942544705340521,1.0,0.8858383297920227,0.001561880111694336,0.21196770668029785,5,False
M4_intersection_dev_conditioned_continuous,R-1180,(GI-SaaS) Salesforce,other,0.6832680702209473,0.7549655437469482,0.07169747352600098,0.3421052631578947,0.3496503496503497,0.007545086492455,0.6082023978233337,0.5529550313949585,0.03312993049621582,0.11004030704498291,5,False
M4_intersection_dev_conditioned_continuous,R-1193,(GI-SaaS) Salesforce,absence,0.6611513495445251,0.7962884306907654,0.13513708114624023,0.45517241379310347,0.4657534246575343,0.010581010864430807,0.7275980710983276,0.6866075396537781,0.029122352600097656,0.06979560852050781,4,False
M4_intersection_dev_conditioned_continuous,R-1196,(GI-UX) Group,software_license,0.5598007440567017,0.6430017948150635,0.08320105075836182,0.11734693877551018,0.2259414225941423,0.10859448381863211,0.8422582149505615,0.7330206036567688,0.10508924722671509,0.15526843070983887,2,False
M4_intersection_dev_conditioned_continuous,R-1203,(GI-UX) File & Print,hardware_support,0.815917432308197,0.9282841682434082,0.11236673593521118,0.4656488549618321,0.4225352112676056,-0.04311364369422649,1.0,0.5968816876411438,0.455402672290802,0.5577958822250366,4,False
M4_intersection_dev_conditioned_continuous,R-120,(GI-UX) Network Access,vpn_access,0.7405292987823486,0.7259801626205444,-0.0145491361618042,0.32967032967032966,0.34306569343065696,0.013395363760327295,0.996056079864502,0.6994321942329407,0.05776941776275635,0.5124127268791199,4,False
M4_intersection_dev_conditioned_continuous,R-1210,(GI-IaaS) Development Platform,software_license,0.8567900061607361,0.8329535722732544,-0.02383643388748169,0.30914826498422715,0.28923076923076924,-0.019917495753457914,1.0,0.9612312316894531,0.0,0.08138453960418701,4,False
M4_intersection_dev_conditioned_continuous,R-1218,(GI-UX) Group,other,0.6074190139770508,0.6346083879470825,0.02718937397003174,0.29629629629629634,0.3076923076923077,0.011396011396011374,0.992637038230896,0.9908877611160278,0.0007635951042175293,0.00347900390625,4,False
M4_intersection_dev_conditioned_continuous,R-1222,"(GI-IaaS) Network Cloud (Azure, Remote Access)",other,0.6888715028762817,0.547022819519043,-0.14184868335723877,0.12364760432766612,0.10634648370497428,-0.017301120622691846,0.5569139122962952,0.5306946039199829,0.003121674060821533,0.06302908062934875,0,False
M4_intersection_dev_conditioned_continuous,R-122,(GI-CF) Robot Process Automation,admin_rights,0.649202823638916,0.6612393856048584,0.012036561965942383,0.10093896713615022,0.15824175824175826,0.05730279110560804,0.914478063583374,0.8401816487312317,0.06476229429244995,0.10748255252838135,3,False
M4_intersection_dev_conditioned_continuous,R-1224,(GI-UX) Group,software_license,0.44248339533805847,0.6648821830749512,0.2223987877368927,0.0676056338028169,0.16666666666666669,0.09906103286384979,0.6593998670578003,0.646751880645752,0.007664799690246582,0.022843122482299805,2,False
M4_intersection_dev_conditioned_continuous,R-1232,(GI-UX) Network Access,vpn_access,0.5398130416870117,0.5196390151977539,-0.020174026489257812,0.34558823529411764,0.2787456445993031,-0.06684259069481452,0.6103602647781372,0.5106161236763,0.041660189628601074,0.1528177261352539,1,False
M4_intersection_dev_conditioned_continuous,R-1240,(GI-UX) File & Print,admin_rights,0.6930698752403259,0.6808990240097046,-0.012170851230621338,0.11611374407582938,0.13953488372093023,0.023421139645100855,0.684263288974762,0.6040781736373901,0.08123141527175903,0.12040400505065918,1,False
M4_intersection_dev_conditioned_continuous,R-125,(GI-IaaS) Development Platform,software_license,0.7023663520812988,0.7526587247848511,0.050292372703552246,0.2508474576271187,0.29729729729729726,0.04644983967017857,0.7871624231338501,0.7837808728218079,0.0,0.010962128639221191,2,False
M4_intersection_dev_conditioned_continuous,R-1255,(GI-UX) Group,offboarding,0.8886306285858154,0.8573601245880127,-0.031270503997802734,0.8235294117647058,0.7368421052631577,-0.0866873065015481,0.9661756157875061,0.962914764881134,0.002243518829345703,0.0052291154861450195,3,False
M4_intersection_dev_conditioned_continuous,R-1256,(GI-UX) Account Management,offboarding,0.9910497665405273,0.9895293116569519,-0.0015204548835754395,0.8947368421052632,0.9821428571428571,0.08740601503759393,0.9694370031356812,0.9598523378372192,0.006566524505615234,0.016037046909332275,5,False
M4_intersection_dev_conditioned_continuous,R-1260,(GI-UX) Group,onboarding,0.7882529497146606,0.7729591727256775,-0.015293776988983154,0.6315789473684211,0.5789473684210527,-0.052631578947368474,0.968852698802948,0.9665477871894836,0.0003382563591003418,0.006684303283691406,1,False
M4_intersection_dev_conditioned_continuous,R-1263,(GI-UX) Group,onboarding,0.16494031250476837,0.662447452545166,0.49750714004039764,0.06289308176100629,0.5416666666666667,0.47877358490566047,0.914031982421875,0.9013280868530273,0.00977790355682373,0.02123171091079712,0,False
M4_intersection_dev_conditioned_continuous,R-1271,(GI-IaaS) Development Platform,project_tools,0.13962404429912567,0.5637083053588867,0.42408426105976105,0.1167883211678832,0.20689655172413796,0.09010823055625476,0.5093199610710144,0.4925324022769928,0.003688514232635498,0.040130943059921265,0,False
M4_intersection_dev_conditioned_continuous,R-1275,(GI-CF) Robot Process Automation,admin_rights,0.7341141700744629,0.7608734369277954,0.02675926685333252,0.1778265642151482,0.17083333333333336,-0.0069932308818148325,0.9366686344146729,0.8972736597061157,0.027744650840759277,0.07879102230072021,3,False
M4_intersection_dev_conditioned_continuous,R-1284,(GI-UX) File & Print,software_support,0.19982463121414185,0.36346518993377686,0.163640558719635,0.1081081081081081,0.2764227642276423,0.16831465611953417,0.59076988697052,0.5643976926803589,0.026262998580932617,0.040118515491485596,1,False
M4_intersection_dev_conditioned_continuous,R-1291,(GI-IaaS) Development Platform,project_tools,0.6146488785743713,0.6519593596458435,0.03731048107147217,0.25287356321839083,0.2619047619047619,0.00903119868637109,0.5344939231872559,0.47597822546958923,0.005066096782684326,0.12318825721740723,3,False
M4_intersection_dev_conditioned_continuous,R-1308,(LF) IT Office Access Italy,offboarding,0.8431504964828491,0.944952666759491,0.10180217027664185,0.5500000000000002,0.8648648648648648,0.31486486486486465,0.9739329218864441,0.9680458903312683,0.004464924335479736,0.008667409420013428,5,False
M4_intersection_dev_conditioned_continuous,R-1310,(GI-UX) Account Management,offboarding,0.9200432896614075,0.9895293116569519,0.06948602199554443,0.7843137254901961,0.9821428571428571,0.19782913165266103,0.9756110906600952,0.9731753468513489,0.0010221600532531738,0.003857135772705078,5,False
M4_intersection_dev_conditioned_continuous,R-1306,(BF) Employee Platform (SAP SF),other,0.19785858690738678,0.06065801531076431,-0.13720057159662247,0.17073170731707318,0.2247191011235955,0.053987393806522316,0.4775533676147461,0.4692869186401367,0.0005273222923278809,0.016505658626556396,1,False
M4_intersection_dev_conditioned_continuous,R-1314,"(GI-IaaS) Network Cloud (Azure, Remote Access)",vpn_access,0.1703702211380005,0.2507038712501526,0.0803336501121521,0.1411764705882353,0.22134387351778656,0.08016740292955127,0.5932087302207947,0.5386137366294861,0.03179198503494263,0.09077847003936768,1,False
M4_intersection_dev_conditioned_continuous,R-1311,(GI-UX) Network Access,vpn_access,0.6783794164657593,0.7714415788650513,0.09306216239929199,0.31921824104234525,0.38390092879256965,0.0646826877502244,0.9966105818748474,0.9529701471328735,0.001420438289642334,0.19684350490570068,5,False
M4_intersection_dev_conditioned_continuous,R-1320,(GI-UX) Account Management,onboarding,0.7771972417831421,0.7768053412437439,-0.00039190053939819336,0.21705426356589147,0.4926470588235294,0.2755927952576379,0.9816119074821472,0.9807049036026001,4.38690185546875e-05,0.0018216967582702637,5,False
M4_intersection_dev_conditioned_continuous,R-1327,(GI-UX) Group,software_support,0.8311203122138977,0.681976318359375,-0.1491439938545227,0.5950413223140495,0.25742574257425743,-0.33761557973979206,1.0,0.5726665258407593,0.45102572441101074,0.5722881555557251,1,False
M4_intersection_dev_conditioned_continuous,R-1334,(GI-UX) Account Management,offboarding,0.9979963302612305,0.9979963302612305,0.0,0.9821428571428571,0.9821428571428571,0.0,0.9864462614059448,0.981307864189148,0.0031648874282836914,0.008681714534759521,5,False
M4_intersection_dev_conditioned_continuous,R-1353,(GI-IaaS) Backend Application Srv. & Project Support,offboarding,0.8610861897468567,0.9948192238807678,0.13373303413391113,0.8181818181818182,0.9268292682926829,0.10864745011086463,0.9661625027656555,0.9575745463371277,0.00739973783493042,0.014056742191314697,2,False
M4_intersection_dev_conditioned_continuous,R-1356,(GI-UX) Account Management,offboarding,0.9895293116569519,0.9895293116569519,0.0,0.9821428571428571,0.9821428571428571,0.0,0.961226224899292,0.9566045999526978,0.0015866756439208984,0.00907444953918457,5,False
M4_intersection_dev_conditioned_continuous,R-1348,(GI-CF) Robot Process Automation,admin_rights,0.5094556212425232,0.7190040349960327,0.20954841375350952,0.1769499417927823,0.15265486725663716,-0.024295074536145156,0.6298385858535767,0.6159567832946777,0.002915799617767334,0.031948208808898926,2,False
M4_intersection_dev_conditioned_continuous,R-1360,(GI-UX) Office365 & MS-Teams,other,0.661203145980835,0.519856333732605,-0.14134681224822998,0.16281895504252736,0.08125819134993448,-0.08156076369259288,0.5505341291427612,0.526731014251709,0.009398102760314941,0.05056905746459961,1,False
M4_intersection_dev_conditioned_continuous,R-1362,(GI-UX) Account Management,onboarding,0.9526210427284241,0.8942638039588928,-0.05835723876953125,0.735632183908046,0.7371794871794872,0.0015473032714412582,0.9848543405532837,0.9834145307540894,0.0008413195610046387,0.0022859573364257812,5,False
M4_intersection_dev_conditioned_continuous,R-1377,(GI-IaaS) Backend System Management (2nd level),other,0.5864800214767456,0.8459225296974182,0.2594425082206726,0.4236453201970444,0.5961538461538461,0.17250852595680177,0.9364035129547119,0.6708563566207886,0.25333845615386963,0.4653915464878082,4,False
M4_intersection_dev_conditioned_continuous,R-138,(GI-UX) Group,software_license,0.4691491425037384,0.5819541215896606,0.11280497908592224,0.16895874263261296,0.18840579710144928,0.019447054468836322,0.488372266292572,0.47266334295272827,0.0017248094081878662,0.033301204442977905,4,False
M4_intersection_dev_conditioned_continuous,R-1381,(GI-UX) Group,software_license,0.40223827958106995,0.5214364528656006,0.11919817328453064,0.18691588785046728,0.2603036876355749,0.0733877997851076,0.6655718684196472,0.627993643283844,0.008464336395263672,0.07330894470214844,4,False
M4_intersection_dev_conditioned_continuous,R-1382,(GI-UX) Group,software_license,0.5858216285705566,0.5743767023086548,-0.011444926261901855,0.12224938875305623,0.23275862068965517,0.11050923193659894,0.7887844443321228,0.7419400811195374,0.0231589674949646,0.08110964298248291,3,False
M4_intersection_dev_conditioned_continuous,R-1383,(GI-IaaS) Admin - Local IT purchase,other,0.3741753101348877,0.29692381620407104,-0.07725149393081665,0.0625,0.0,-0.0625,0.633757472038269,0.596015214920044,0.03711807727813721,0.05939215421676636,2,False
M4_intersection_dev_conditioned_continuous,R-1398,(GI-UX) File & Print,onboarding,0.7902098894119263,0.8661940097808838,0.07598412036895752,0.6666666666666666,0.7692307692307692,0.10256410256410253,0.9884189963340759,0.9847582578659058,0.0034037232398986816,0.005223393440246582,2,False
M4_intersection_dev_conditioned_continuous,R-1388,(GI-IaaS) Admin - License & Asset Management,software_license,0.6129970550537109,0.5357751250267029,-0.07722193002700806,0.2641509433962264,0.25311203319502074,-0.011038910201205676,0.9482884407043457,0.8356087803840637,0.002236604690551758,0.18901348114013672,5,False
M4_intersection_dev_conditioned_continuous,R-1387,(GI-CF) Robot Process Automation,admin_rights,0.661901593208313,0.6709381341934204,0.009036540985107422,0.1670281995661605,0.17094017094017097,0.0039119713740104756,0.979604959487915,0.8839749097824097,0.018939077854156494,0.20125025510787964,4,False
M4_intersection_dev_conditioned_continuous,R-1401,(GI-UX) Group,password_reset,0.6786535978317261,0.6861445307731628,0.007490932941436768,0.2711864406779661,0.2782608695652174,0.007074428887251294,0.7380269765853882,0.6788407564163208,0.044032514095306396,0.09887003898620605,5,False
M4_intersection_dev_conditioned_continuous,R-1404,(GI-CF) Robot Process Automation,admin_rights,0.5062670707702637,0.47408151626586914,-0.03218555450439453,0.08436724565756824,0.09605911330049262,0.011691867642924375,0.7922060489654541,0.7258960604667664,0.010938405990600586,0.10807836055755615,2,False
M4_intersection_dev_conditioned_continuous,R-1413,(GI-IaaS) Backend M365 (2nd level),other,0.5653843879699707,0.47496944665908813,-0.09041494131088257,0.26262626262626265,0.24324324324324323,-0.019383019383019423,0.5719656348228455,0.5182703137397766,0.0015118122100830078,0.13289481401443481,2,False
M4_intersection_dev_conditioned_continuous,R-1405,(BF) Purchasing Poland,other,0.2786625027656555,0.4558919668197632,0.17722946405410767,0.16129032258064516,0.26966292134831465,0.1083725987676695,0.5303983688354492,0.47737759351730347,0.050997763872146606,0.08397248387336731,5,False
M4_intersection_dev_conditioned_continuous,R-1423,(GI-IaaS) Admin - Local IT purchase,other,0.467403769493103,0.4752923548221588,0.007888585329055786,0.13333333333333333,0.13333333333333333,0.0,0.7249376773834229,0.6969786882400513,0.0024513602256774902,0.06300073862075806,5,False
M4_intersection_dev_conditioned_continuous,R-1415,(GI-UX) Account Management,onboarding,0.8308520317077637,0.9058868885040283,0.07503485679626465,0.47368421052631576,0.7507886435331229,0.27710443300680715,0.9791168570518494,0.9732568860054016,0.005159199237823486,0.008633196353912354,3,False
M4_intersection_dev_conditioned_continuous,R-1425,(GI-UX) Group,software_license,0.5689446926116943,0.6908361911773682,0.12189149856567383,0.10554089709762533,0.22818791946308725,0.12264702236546192,0.39952248334884644,0.3672861158847809,0.033302247524261475,0.04999572038650513,2,False
M4_intersection_dev_conditioned_continuous,R-1436,(GI-IaaS) Development Platform,software_license,0.8107298612594604,0.817176342010498,0.006446480751037598,0.3151515151515152,0.30000000000000004,-0.015151515151515138,0.90672767162323,0.8826176524162292,0.0,0.063312828540802,4,False
M4_intersection_dev_conditioned_continuous,R-1429,(GI-CF) Robot Process Automation,admin_rights,0.666429877281189,0.7262765169143677,0.05984663963317871,0.12009803921568628,0.16222479721900349,0.04212675800331721,0.9499984979629517,0.7618586421012878,0.23268473148345947,0.23794806003570557,2,False
M4_intersection_dev_conditioned_continuous,R-1439,(BF) Information Security Office,admin_rights,0.6225641965866089,0.6016640663146973,-0.02090013027191162,0.16575790621592149,0.14765100671140938,-0.01810689950451211,0.7997041344642639,0.7205755114555359,0.09212112426757812,0.10883480310440063,2,False
M4_intersection_dev_conditioned_continuous,R-1440,(GI-CF) Robot Process Automation,admin_rights,0.649214506149292,0.7520559430122375,0.10284143686294556,0.16720955483170466,0.17494600431965443,0.00773644948794977,0.9319694638252258,0.910495936870575,0.006563842296600342,0.03686511516571045,4,False
M4_intersection_dev_conditioned_continuous,R-1444,(GI-IaaS) Development Platform,other,0.25894325971603394,0.2890416979789734,0.030098438262939453,0.18487394957983191,0.1724137931034483,-0.012460156476383627,0.6603964567184448,0.5167765617370605,0.10810154676437378,0.20968914031982422,3,False
M4_intersection_dev_conditioned_continuous,R-1449,(LF) IT Office Access Italy,offboarding,0.851777970790863,0.8753395080566406,0.023561537265777588,0.7894736842105262,0.8235294117647058,0.03405572755417963,0.9899188876152039,0.9867448806762695,0.0029302239418029785,0.005501985549926758,4,False
M4_intersection_dev_conditioned_continuous,R-146,(GI-IaaS) Development Platform,software_license,0.8681535124778748,0.8901407718658447,0.02198725938796997,0.3480662983425415,0.34029850746268653,-0.007767790879854963,0.9115018248558044,0.8905296325683594,0.007607996463775635,0.045162737369537354,4,False
M4_intersection_dev_conditioned_continuous,R-1441,(GI-CF) Robot Process Automation,admin_rights,0.6570854783058167,0.6772642135620117,0.02017873525619507,0.16465422612513722,0.16361679224973089,-0.001037433875406335,0.8895953297615051,0.8638423681259155,0.016696274280548096,0.05160146951675415,3,False
M4_intersection_dev_conditioned_continuous,R-1461,(GI-UX) Group,password_reset,0.5276583433151245,0.5313552618026733,0.003696918487548828,0.2833333333333334,0.27199999999999996,-0.011333333333333417,0.8452458381652832,0.7900406718254089,0.003668844699859619,0.11197865009307861,5,False
M4_intersection_dev_conditioned_continuous,R-1460,(GI-IaaS) Admin - License & Asset Management,software_license,0.7728762626647949,0.8108192682266235,0.03794300556182861,0.18534482758620688,0.1716566866267465,-0.013688140959460388,0.7755130529403687,0.747418999671936,0.01611417531967163,0.055149197578430176,4,False
M4_intersection_dev_conditioned_continuous,R-1467,(GI-SaaS) Salesforce,enterprise_systems,0.6322537660598755,0.7120595574378967,0.07980579137802124,0.253968253968254,0.27419354838709675,0.020225294418842743,0.5230218172073364,0.4226017892360687,0.0929325520992279,0.15663808584213257,2,False
M4_intersection_dev_conditioned_continuous,R-1475,(GI-IaaS) Backend Application Srv. & Project Support,other,0.38576948642730713,0.33283841609954834,-0.05293107032775879,0.09090909090909091,0.08771929824561404,-0.0031897926634768675,0.47976750135421753,0.42594701051712036,0.03870844841003418,0.0943756103515625,5,False
M4_intersection_dev_conditioned_continuous,R-1476,(GI-CF) Robot Process Automation,admin_rights,0.8390569090843201,0.7117238640785217,-0.12733304500579834,0.17868675995694294,0.1693121693121693,-0.00937459064477364,0.8316130042076111,0.8026947975158691,0.023482859134674072,0.04834562540054321,2,False
M4_intersection_dev_conditioned_continuous,R-1477,(GI-SM) Service Desk,other,0.2709854543209076,0.2979620695114136,0.02697661519050598,0.15384615384615383,0.13333333333333333,-0.020512820512820495,0.7586383819580078,0.5177487134933472,0.2823067307472229,0.31954294443130493,2,False
M4_intersection_dev_conditioned_continuous,R-1479,(LF) IT Office Access Italy,office_access,0.5025115013122559,0.6756782531738281,0.17316675186157227,0.5102040816326531,0.462962962962963,-0.04724111866969005,0.8933740854263306,0.8557034730911255,0.018625915050506592,0.06513381004333496,5,False
M4_intersection_dev_conditioned_continuous,R-1481,(GI-UX) Group,software_license,0.5587764978408813,0.72918701171875,0.17041051387786865,0.09574468085106383,0.2100656455142232,0.11432096466315936,0.635155439376831,0.6087034344673157,0.023222923278808594,0.04045259952545166,0,False
M4_intersection_dev_conditioned_continuous,R-1483,(GI-UX) Group,admin_rights,0.44565725326538086,0.6597721576690674,0.21411490440368652,0.12023121387283237,0.18010471204188483,0.059873498169052464,0.8159599900245667,0.6572555303573608,0.18036216497421265,0.20547103881835938,1,False
M4_intersection_dev_conditioned_continuous,R-1485,(GI-UX) Account Management,onboarding,0.8263481855392456,0.8777541518211365,0.05140596628189087,0.3263888888888889,0.6431095406360424,0.3167206517471535,0.967981219291687,0.9567433595657349,0.0014483928680419922,0.023065567016601562,2,False
M4_intersection_dev_conditioned_continuous,R-1492,(GI-IaaS) Backend Application Srv. & Project Support,offboarding,0.8489252328872681,0.820875346660614,-0.028049886226654053,0.8,0.7692307692307692,-0.030769230769230882,0.9849720001220703,0.9807866811752319,0.0043288469314575195,0.006148099899291992,2,False
M4_intersection_dev_conditioned_continuous,R-1494,(GI-UX) Group,offboarding,0.873828649520874,0.7667128443717957,-0.10711580514907837,0.8484848484848484,0.717948717948718,-0.13053613053613045,0.9586575031280518,0.9581819772720337,0.0002605319023132324,0.0008141398429870605,3,False
M4_intersection_dev_conditioned_continuous,R-1498,(GI-UX) Account Management,email_support,0.7848279476165771,0.7732107639312744,-0.011617183685302734,0.34929577464788736,0.42424242424242425,0.0749466495945369,0.6601485013961792,0.5605350732803345,0.0997016429901123,0.14111578464508057,4,False
M4_intersection_dev_conditioned_continuous,R-1504,(GI-IaaS) Development Platform,other,0.5928293466567993,0.659770667552948,0.06694132089614868,0.05657237936772046,0.08469055374592835,0.02811817437820789,0.552794337272644,0.49303096532821655,0.028318166732788086,0.10046738386154175,3,False
M4_intersection_dev_conditioned_continuous,R-1511,(GI-UX) Group,password_reset,0.6665794253349304,0.676302969455719,0.009723544120788574,0.24590163934426232,0.28571428571428575,0.039812646370023436,0.8452457189559937,0.7682399153709412,0.056882500648498535,0.11269420385360718,5,False
M4_intersection_dev_conditioned_continuous,R-1517,(GI-UX) Group,other,0.17421796917915344,0.16514956951141357,-0.009068399667739868,0.12162162162162163,0.09999999999999999,-0.021621621621621637,0.7505980730056763,0.6202061176300049,0.13548576831817627,0.18977731466293335,2,False
M4_intersection_dev_conditioned_continuous,R-1531,(GI-IaaS) Development Platform,software_license,0.7632976770401001,0.8519721627235413,0.08867448568344116,0.3072289156626506,0.26426426426426425,-0.042964651398386344,0.7202190160751343,0.7164479494094849,0.0,0.013779878616333008,2,False
M4_intersection_dev_conditioned_continuous,R-1540,(GI-UX) File & Print,software_support,0.3272329270839691,0.5608751177787781,0.23364219069480896,0.36220472440944884,0.3548387096774193,-0.007366014732029524,0.630275309085846,0.5605043768882751,0.00926363468170166,0.12412130832672119,2,False
M4_intersection_dev_conditioned_continuous,R-154,(GI-UX) Network Access,vpn_access,0.7322925329208374,0.7502608299255371,0.017968297004699707,0.3843416370106761,0.33670033670033667,-0.04764130031033942,0.9960559606552124,0.6938494443893433,0.07045722007751465,0.5128520131111145,4,False
M4_intersection_dev_conditioned_continuous,R-1542,(GI-UX) Group,password_reset,0.8033533692359924,0.8480832576751709,0.04472988843917847,0.34234234234234234,0.2545454545454546,-0.08779688779688777,0.8241270780563354,0.7300241589546204,0.017939329147338867,0.18415480852127075,2,False
M4_intersection_dev_conditioned_continuous,R-1554,(GI-UX) Group,offboarding,0.9941989183425903,0.8877770900726318,-0.1064218282699585,0.9500000000000001,0.8181818181818182,-0.13181818181818183,0.9802184700965881,0.976050078868866,0.0023873448371887207,0.007687747478485107,3,False
M4_intersection_dev_conditioned_continuous,R-1544,(LF) IT Office Access Italy,offboarding,0.7459369897842407,0.8641886711120605,0.11825168132781982,0.608695652173913,0.5416666666666667,-0.06702898550724623,0.9596297740936279,0.9549853205680847,0.003598332405090332,0.0075130462646484375,4,False
M4_intersection_dev_conditioned_continuous,R-1562,(GI-UX) Account Management,email_support,0.40397951006889343,0.6288648843765259,0.22488537430763245,0.11458333333333334,0.2594142259414226,0.14483089260808926,0.49727576971054077,0.46881943941116333,0.00031566619873046875,0.07593876123428345,3,False
M4_intersection_dev_conditioned_continuous,R-156,(BF) Information Security Office,admin_rights,0.713464617729187,0.6992860436439514,-0.014178574085235596,0.15027624309392265,0.1677852348993289,0.017508991805406243,0.9223060607910156,0.9001709222793579,0.008123397827148438,0.055764734745025635,4,False
M4_intersection_dev_conditioned_continuous,R-1563,(GI-CF) Robot Process Automation,admin_rights,0.46355029940605164,0.5546648502349854,0.09111455082893372,0.09356725146198831,0.09208972845336481,-0.0014775230086234992,0.9126642346382141,0.8572136163711548,0.05274301767349243,0.07566148042678833,5,False
M4_intersection_dev_conditioned_continuous,R-1564,(GI-IaaS) Admin - License & Asset Management,software_license,0.688635528087616,0.7430462837219238,0.05441075563430786,0.17330210772833723,0.15850815850815853,-0.01479394922017871,0.851335883140564,0.8174694776535034,0.02703380584716797,0.06239175796508789,3,False
M4_intersection_dev_conditioned_continuous,R-1566,(GI-SaaS) Salesforce,admin_rights,0.7372266054153442,0.7563762068748474,0.019149601459503174,0.18051575931232092,0.1900709219858156,0.009555162673494683,0.7203476428985596,0.6707868576049805,0.03816598653793335,0.08834707736968994,4,False
M4_intersection_dev_conditioned_continuous,R-1567,(GI-UX) File & Print,admin_rights,0.6959494352340698,0.6426275372505188,-0.053321897983551025,0.08610086100861007,0.10935601458080194,0.023255153572191864,0.8706099987030029,0.8502007722854614,0.023325681686401367,0.027506530284881592,1,False
M4_intersection_dev_conditioned_continuous,R-1570,(LF) IT Office Access Italy,offboarding,0.9561131000518799,0.8777783513069153,-0.0783347487449646,0.8095238095238095,0.7894736842105262,-0.020050125313283318,0.9694678783416748,0.9647268056869507,0.003838777542114258,0.007227599620819092,5,False
M4_intersection_dev_conditioned_continuous,R-1569,(GI-IaaS) Backend Application Srv. & Project Support,offboarding,0.7597014904022217,0.7597014904022217,0.0,0.5,0.5,0.0,0.9889282584190369,0.9876741170883179,0.00034797191619873047,0.0023557543754577637,2,False
M4_intersection_dev_conditioned_continuous,R-1571,(GI-UX) Group,offboarding,0.9516363143920898,0.7267811298370361,-0.2248551845550537,0.8372093023255814,0.5306122448979591,-0.30659705742762233,0.9877601265907288,0.9858518838882446,0.0005274415016174316,0.004633605480194092,0,False
M4_intersection_dev_conditioned_continuous,R-1574,(LF) IT Office Access Italy,offboarding,0.9853775501251221,0.8832570314407349,-0.10212051868438721,0.9500000000000001,0.8235294117647058,-0.12647058823529422,0.9867393374443054,0.9847464561462402,0.0010964274406433105,0.0040283203125,4,False
M4_intersection_dev_conditioned_continuous,R-1580,(GI-UX) Group,software_license,0.6059657335281372,0.6173272132873535,0.011361479759216309,0.12500000000000003,0.1726315789473684,0.047631578947368386,0.8244210481643677,0.7720876336097717,0.0587955117225647,0.0710415244102478,1,False
M4_intersection_dev_conditioned_continuous,R-1584,"(GI-IaaS) Network On-Prem (LAN,WLAN,WAN 2nd level)",vpn_access,0.7250139713287354,0.6099400520324707,-0.11507391929626465,0.24146981627296588,0.17506631299734748,-0.06640350327561839,0.6399768590927124,0.510240375995636,0.12508022785186768,0.1853901743888855,3,False
M4_intersection_dev_conditioned_continuous,R-1587,(GI-SaaS) Salesforce,other,0.5230861902236938,0.518018364906311,-0.0050678253173828125,0.30434782608695654,0.18085106382978725,-0.1234967622571693,0.6280243396759033,0.5572746396064758,0.036899566650390625,0.12145125865936279,5,False
M4_intersection_dev_conditioned_continuous,R-1588,(GI-UX) Group,hardware_support,0.3087915778160095,0.4295397698879242,0.12074819207191467,0.18918918918918923,0.368421052631579,0.17923186344238975,0.35545480251312256,0.33491334319114685,0.0064484477043151855,0.035347819328308105,0,False
M4_intersection_dev_conditioned_continuous,R-1593,(GI-IaaS) Development Platform,software_license,0.8489145636558533,0.8735854625701904,0.024670898914337158,0.2688524590163935,0.3164556962025316,0.047603237186138125,0.8565173149108887,0.8013252019882202,0.05428111553192139,0.0800548791885376,2,False
M4_intersection_dev_conditioned_continuous,R-160,(GI-SaaS) SAP & Synertrade,other,0.9115393161773682,0.9115393161773682,0.0,0.7142857142857143,0.7142857142857143,0.0,0.8880937695503235,0.6617010235786438,0.27943962812423706,0.2864592671394348,4,False
M4_intersection_dev_conditioned_continuous,R-161,(GI-SaaS) SAP & Synertrade,other,0.6330829858779907,0.5528843998908997,-0.08019858598709106,0.3529411764705882,0.3,-0.052941176470588214,0.8880937099456787,0.681018054485321,0.19193792343139648,0.2885581851005554,5,False
M4_intersection_dev_conditioned_continuous,R-1595,(GI-SaaS) Salesforce,absence,0.596610426902771,0.6776177883148193,0.08100736141204834,0.46376811594202894,0.4210526315789474,-0.042715484363081535,0.7078198194503784,0.6490588784217834,0.009344220161437988,0.11460649967193604,4,False
M4_intersection_dev_conditioned_continuous,R-163,(GI-UX) File & Print,software_support,0.47495806217193604,0.5096350908279419,0.03467702865600586,0.48214285714285715,0.5084745762711865,0.02633171912832938,0.8107990622520447,0.7499650120735168,0.03168666362762451,0.14737874269485474,2,False
M4_intersection_dev_conditioned_continuous,R-164,(GI-UX) Group,onboarding,0.22872990369796753,0.7903108596801758,0.5615809559822083,0.05084745762711864,0.6842105263157895,0.6333630686886709,0.9546806812286377,0.9258288145065308,0.02191108465194702,0.049392640590667725,0,False
M4_intersection_dev_conditioned_continuous,R-165,(GI-UX) Account Management,onboarding,0.3511155843734741,0.7880804538726807,0.43696486949920654,0.07216494845360825,0.4746835443037974,0.4025185958501891,0.9546806812286377,0.9196887016296387,0.02536994218826294,0.056604623794555664,2,False
M4_intersection_dev_conditioned_continuous,R-170,(GI-CF) Robot Process Automation,admin_rights,0.4345477521419525,0.5346692800521851,0.10012152791023254,0.16475972540045766,0.1894273127753304,0.024667587374872735,0.9958082437515259,0.7511730194091797,0.2841552495956421,0.325549840927124,2,False
M4_intersection_dev_conditioned_continuous,R-179,(GI-IaaS) Development Platform,software_license,0.8462953567504883,0.8506276607513428,0.004332304000854492,0.26666666666666666,0.3048780487804878,0.038211382113821135,0.9653041362762451,0.9498212933540344,0.0,0.07233834266662598,4,False
M4_intersection_dev_conditioned_continuous,R-184,(GI-IaaS) Cloud Services,other,0.7271336317062378,0.7268328666687012,-0.0003007650375366211,0.48275862068965525,0.603448275862069,0.1206896551724137,0.9993037581443787,0.6886500120162964,0.31829261779785156,0.4423169493675232,3,False
M4_intersection_dev_conditioned_continuous,R-189,(GI-UX) File & Print,hardware_support,0.47777605056762695,0.474935382604599,-0.002840667963027954,0.40540540540540543,0.3157894736842105,-0.08961593172119492,0.5228423476219177,0.4044935703277588,0.10727784037590027,0.19054275751113892,2,False
M4_intersection_dev_conditioned_continuous,R-19,(GI-IaaS) Development Platform,other,0.5070780515670776,0.3439747989177704,-0.16310325264930725,0.06504065040650407,0.062015503875969,-0.0030251465305350736,0.5998032093048096,0.5762170553207397,0.029482722282409668,0.029482722282409668,5,False
M4_intersection_dev_conditioned_continuous,R-191,(GI-UX) Account Management,email_support,0.6371762752532959,0.6213281750679016,-0.015848100185394287,0.25484764542936283,0.2937853107344633,0.038937665305100455,0.5604469776153564,0.514255166053772,0.0326157808303833,0.09161320328712463,3,False
M4_intersection_dev_conditioned_continuous,R-195,(LF) IT Office Access Italy,offboarding,0.8939330577850342,0.7283757925033569,-0.16555726528167725,0.7894736842105262,0.5853658536585366,-0.20410783055198967,0.877083957195282,0.8428294062614441,0.035223960876464844,0.049154818058013916,4,False
M4_intersection_dev_conditioned_continuous,R-197,(GI-SaaS) Salesforce,admin_rights,0.7156077027320862,0.776771068572998,0.061163365840911865,0.15592203898050974,0.22280471821756226,0.06688267923705252,0.5492721199989319,0.5183147192001343,0.011298656463623047,0.052636563777923584,1,False
M4_intersection_dev_conditioned_continuous,R-205,(GI-CF) Robot Process Automation,admin_rights,0.6537609100341797,0.545143723487854,-0.10861718654632568,0.11393939393939395,0.09620253164556962,-0.017736862293824332,0.8243292570114136,0.8159920573234558,0.0,0.022448182106018066,1,False
M4_intersection_dev_conditioned_continuous,R-212,(GI-UX) File & Print,software_support,0.3549157977104187,0.6042660474777222,0.24935024976730347,0.3387096774193548,0.448,0.1092903225806452,0.8289503455162048,0.6328839063644409,0.15307742357254028,0.2971348166465759,4,False
M4_intersection_dev_conditioned_continuous,R-209,(GI-UX) Group,software_license,0.5732793807983398,0.6126447916030884,0.039365410804748535,0.2310924369747899,0.2340425531914893,0.002950116216699411,0.9893381595611572,0.6516870260238647,0.26473021507263184,0.5523185133934021,1,False
M4_intersection_dev_conditioned_continuous,R-222,(GI-IaaS) Backend Application Srv. & Project Support,other,0.7287624478340149,0.7829882502555847,0.054225802421569824,0.2465753424657534,0.274914089347079,0.028338746881325594,0.659192681312561,0.609504759311676,0.031106948852539062,0.08612978458404541,5,False
M4_intersection_dev_conditioned_continuous,R-226,(GI-CF) Robot Process Automation,admin_rights,0.6986695528030396,0.7336612939834595,0.03499174118041992,0.19814241486068113,0.18619246861924685,-0.011949946241434278,0.8728991746902466,0.8660737872123718,0.0029010772705078125,0.016399383544921875,3,False
M4_intersection_dev_conditioned_continuous,R-227,(GI-UX) Network Access,admin_rights,0.474364697933197,0.5076861381530762,0.03332144021987915,0.1083627797408716,0.12529002320185617,0.016927243460984565,0.8299995064735413,0.8012323379516602,0.013795077800750732,0.06857651472091675,3,False
M4_intersection_dev_conditioned_continuous,R-23,(GI-SM) Service Desk,software_support,0.13435202836990356,0.1678207516670227,0.03346872329711914,0.14689265536723164,0.17045454545454544,0.023561890087313797,0.8620724081993103,0.6864698529243469,0.17331594228744507,0.2700854539871216,4,False
M4_intersection_dev_conditioned_continuous,R-229,(GI-UX) Network Access,vpn_access,0.6966044902801514,0.6638099551200867,-0.0327945351600647,0.4105960264900662,0.4092409240924092,-0.0013551023976570153,0.9957883358001709,0.9464656114578247,0.011029064655303955,0.21102547645568848,5,False
M4_intersection_dev_conditioned_continuous,R-241,(LF) IT Office Access Italy,offboarding,0.7828459739685059,0.8925963640213013,0.10975039005279541,0.5306122448979592,0.7692307692307692,0.23861852433280994,0.8927445411682129,0.8642265200614929,0.02085435390472412,0.04918336868286133,4,False
M4_intersection_dev_conditioned_continuous,R-256,(GI-UX) Group,hardware_support,0.7822253704071045,0.7271660566329956,-0.05505931377410889,0.2222222222222222,0.2553191489361702,0.03309692671394798,0.4683423936367035,0.4356805682182312,0.015457510948181152,0.0625971257686615,2,False
M4_intersection_dev_conditioned_continuous,R-262,(GI-IaaS) Development Platform,software_license,0.828665554523468,0.8714189529418945,0.042753398418426514,0.24,0.2960725075528701,0.05607250755287013,0.8098392486572266,0.7985810041427612,0.0009353160858154297,0.02862393856048584,2,False
M4_intersection_dev_conditioned_continuous,R-257,(GI-UX) Group,software_license,0.6475862264633179,0.59788578748703,-0.04970043897628784,0.1330049261083744,0.20502092050209206,0.07201599439371767,0.8964309692382812,0.7749520540237427,0.11460423469543457,0.19417357444763184,1,False
M4_intersection_dev_conditioned_continuous,R-266,(GI-UX) Group,software_license,0.6116078495979309,0.6046170592308044,-0.006990790367126465,0.14184397163120566,0.16192560175054704,0.020081630119341387,0.8415434956550598,0.7689796090126038,0.06222277879714966,0.10694289207458496,3,False
M4_intersection_dev_conditioned_continuous,R-272,(GI-UX) Group,software_license,0.5573159456253052,0.5223212242126465,-0.03499472141265869,0.16317991631799164,0.15966386554621848,-0.003516050771773166,0.8708574771881104,0.8033553957939148,0.054581522941589355,0.10590553283691406,2,False
M4_intersection_dev_conditioned_continuous,R-281,(GI-UX) File & Print,other,0.4165012836456299,0.5354298949241638,0.11892861127853394,0.09261576971214018,0.10462287104622871,0.012007101334088527,0.8171223402023315,0.7271459698677063,0.102169930934906,0.11953353881835938,3,False
M4_intersection_dev_conditioned_continuous,R-275,(GI-UX) Group,software_license,0.653549313545227,0.6035259962081909,-0.05002331733703613,0.225531914893617,0.1774891774891775,-0.04804273740443951,0.7947006225585938,0.7273498177528381,0.07260966300964355,0.09243035316467285,3,False
M4_intersection_dev_conditioned_continuous,R-289,(GI-UX) Group,software_license,0.5384626388549805,0.4285144805908203,-0.10994815826416016,0.2905263157894737,0.18433179723502302,-0.10619451855445067,0.8935129642486572,0.8377200365066528,0.028951168060302734,0.10791885852813721,4,False
M4_intersection_dev_conditioned_continuous,R-292,(GI-UX) File & Print,admin_rights,0.6063871383666992,0.6352635622024536,0.028876423835754395,0.13689095127610207,0.14982973893303064,0.012938787656928574,0.8020263910293579,0.7733322381973267,0.00809478759765625,0.05466461181640625,2,False
M4_intersection_dev_conditioned_continuous,R-304,(GI-UX) File & Print,admin_rights,0.51990807056427,0.5130751132965088,-0.0068329572677612305,0.12240184757505772,0.12093023255813953,-0.0014716150169181846,0.8792657852172852,0.8317006826400757,0.037722229957580566,0.07913583517074585,0,False
M4_intersection_dev_conditioned_continuous,R-331,(LF) IT Office Access Italy,offboarding,0.8784432411193848,0.8721556663513184,-0.006287574768066406,0.8484848484848484,0.8108108108108109,-0.03767403767403754,0.9577348232269287,0.9548518061637878,0.0007926821708679199,0.005903065204620361,3,False
M4_intersection_dev_conditioned_continuous,R-34,(GI-UX) Group,software_support,0.517608106136322,0.41586410999298096,-0.10174399614334106,0.13617021276595745,0.14545454545454548,0.009284332688588026,0.7266864776611328,0.6188424825668335,0.0020785927772521973,0.19474256038665771,2,False
M4_intersection_dev_conditioned_continuous,R-352,(BF) Employee Platform (SAP SF),other,0.6126821637153625,0.5930825471878052,-0.019599616527557373,0.25000000000000006,0.24000000000000002,-0.010000000000000037,0.8321695327758789,0.5549013614654541,0.31965386867523193,0.356397807598114,1,False
M4_intersection_dev_conditioned_continuous,R-346,"(GI-IaaS) Network On-Prem (LAN,WLAN,WAN 2nd level)",vpn_access,0.6805150508880615,0.7014853954315186,0.02097034454345703,0.2867383512544803,0.25477707006369427,-0.031961281190786006,0.5418274998664856,0.5163906216621399,0.014446377754211426,0.060132384300231934,3,False
M4_intersection_dev_conditioned_continuous,R-367,(GI-UX) File & Print,hardware_support,0.7939630150794983,0.649535059928894,-0.14442795515060425,0.45217391304347826,0.4369747899159664,-0.015199123127511871,0.5378596782684326,0.4780947268009186,0.0,0.1767842173576355,3,False
M4_intersection_dev_conditioned_continuous,R-374,(GI-IaaS) Admin - License & Asset Management,software_license,0.6126335263252258,0.712249219417572,0.09961569309234619,0.2931726907630522,0.2631578947368421,-0.0300147960262101,0.9818040132522583,0.827303409576416,0.0,0.3969727158546448,5,False
M4_intersection_dev_conditioned_continuous,R-354,(GI-SaaS) Salesforce,other,0.5680837631225586,0.646981954574585,0.07889819145202637,0.1187214611872146,0.3841059602649007,0.2653844990776861,0.44120484590530396,0.4358295500278473,0.0008799731731414795,0.00911104679107666,0,False
M4_intersection_dev_conditioned_continuous,R-385,(GI-SaaS) SAP & Synertrade,enterprise_systems,0.988018274307251,0.8788954019546509,-0.1091228723526001,0.9438202247191012,0.5,-0.4438202247191012,0.9219274520874023,0.8955990076065063,0.016326069831848145,0.04695773124694824,5,False
M4_intersection_dev_conditioned_continuous,R-383,(GI-UX) Network Access,vpn_access,0.7315201759338379,0.6839077472686768,-0.04761242866516113,0.32432432432432434,0.34686346863468637,0.022539144310362025,0.9851242303848267,0.978492259979248,0.006674349308013916,0.009119093418121338,2,False
M4_intersection_dev_conditioned_continuous,R-387,(GI-UX) Network Access,other,0.18548686802387238,0.1602277159690857,-0.025259152054786682,0.11678832116788322,0.0923076923076923,-0.024480628860190923,0.7904136180877686,0.7170039415359497,0.04332864284515381,0.13354706764221191,3,False
M4_intersection_dev_conditioned_continuous,R-399,(GI-CF) Robot Process Automation,admin_rights,0.5039881467819214,0.5120813250541687,0.008093178272247314,0.13657407407407407,0.10986267166042446,-0.02671140241364961,0.6842633485794067,0.5934299826622009,0.10604429244995117,0.11836594343185425,2,False
M4_intersection_dev_conditioned_continuous,R-4,(GI-CF) Robot Process Automation,admin_rights,0.6751264333724976,0.7578732967376709,0.08274686336517334,0.11368909512761019,0.15955056179775282,0.045861466670142625,0.5804017782211304,0.5600010752677917,0.009255290031433105,0.03608989715576172,2,False
M4_intersection_dev_conditioned_continuous,R-400,(GI-CF) Robot Process Automation,admin_rights,0.6968111991882324,0.7351104617118835,0.03829926252365112,0.13683010262257697,0.15517241379310345,0.018342311170526482,0.8821656107902527,0.8240413665771484,0.016942620277404785,0.1384558081626892,4,False
M4_intersection_dev_conditioned_continuous,R-403,(GI-UX) File & Print,other,0.40173715353012085,0.3884812593460083,-0.013255894184112549,0.04166666666666667,0.04081632653061225,-0.0008503401360544227,0.7053936719894409,0.652342677116394,0.053224265575408936,0.07510697841644287,3,False
M4_intersection_dev_conditioned_continuous,R-405,(GI-IaaS) Backend Application Srv. & Project Support,other,0.7500095367431641,0.6838514804840088,-0.06615805625915527,0.19554455445544555,0.1949367088607595,-0.0006078455946860462,0.8833548426628113,0.5707387328147888,0.3438795208930969,0.4323768615722656,5,False
M4_intersection_dev_conditioned_continuous,R-406,(BF) Information Security Office,admin_rights,0.7546526193618774,0.7754486799240112,0.02079606056213379,0.1844769403824522,0.17903930131004367,-0.005437639072408518,0.7664949893951416,0.7239192128181458,0.028608620166778564,0.08099162578582764,2,False
M4_intersection_dev_conditioned_continuous,R-41,(GI-UX) Group,software_license,0.5676759481430054,0.685061514377594,0.11738556623458862,0.1310782241014799,0.19805825242718444,0.06698002832570454,0.7080228328704834,0.6984031796455383,0.0031708478927612305,0.023099541664123535,1,False
M4_intersection_dev_conditioned_continuous,R-410,(GI-UX) Group,software_license,0.3423219323158264,0.3797566294670105,0.03743469715118408,0.12836438923395446,0.15546218487394958,0.02709779563999512,0.7170097827911377,0.6871002912521362,0.005356729030609131,0.04985928535461426,1,False
M4_intersection_dev_conditioned_continuous,R-413,(GI-UX) Account Management,onboarding,0.8769801259040833,0.8697028756141663,-0.007277250289916992,0.4305555555555555,0.7358490566037736,0.3052935010482181,0.9550623893737793,0.919009804725647,0.035653114318847656,0.05367708206176758,3,False
M4_intersection_dev_conditioned_continuous,R-414,(GI-IaaS) Backend Application Srv. & Project Support,offboarding,0.8906985521316528,0.8306998014450073,-0.05999875068664551,0.7647058823529412,0.6341463414634146,-0.1305595408895266,0.9851658940315247,0.978824257850647,0.006135821342468262,0.009661614894866943,1,False
M4_intersection_dev_conditioned_continuous,R-418,(GI-UX) Network Access,vpn_access,0.7655444741249084,0.7236977815628052,-0.04184669256210327,0.3257575757575758,0.31111111111111117,-0.01464646464646463,0.9876163005828857,0.9844552874565125,0.002492070198059082,0.007122516632080078,1,False
M4_intersection_dev_conditioned_continuous,R-440,(GI-UX) Windows,admin_rights,0.6403828263282776,0.7244849801063538,0.08410215377807617,0.15261958997722097,0.14525139664804468,-0.0073681933291762924,0.7491886615753174,0.7284302711486816,0.01950860023498535,0.030716300010681152,2,False
M4_intersection_dev_conditioned_continuous,R-446,(GI-UX) Group,vpn_access,0.7746068239212036,0.6737536191940308,-0.10085320472717285,0.30434782608695654,0.37455830388692574,0.0702104777999692,0.5752803683280945,0.5126160383224487,0.058859169483184814,0.09246402978897095,3,False
M4_intersection_dev_conditioned_continuous,R-455,(GI-IaaS) Backend Application Srv. & Project Support,offboarding,0.8619686365127563,0.6893326044082642,-0.1726360321044922,0.8484848484848484,0.6111111111111113,-0.23737373737373713,0.7796412706375122,0.7668769359588623,0.00410383939743042,0.025597691535949707,4,False
M4_intersection_dev_conditioned_continuous,R-45,(GI-CF) Robot Process Automation,admin_rights,0.7722328901290894,0.7752231359481812,0.002990245819091797,0.18283166109253066,0.17989417989417988,-0.002937481198350772,0.9563285708427429,0.8889642953872681,0.07215672731399536,0.09513694047927856,2,False
M4_intersection_dev_conditioned_continuous,R-460,(GI-IaaS) Backend Application Srv. & Project Support,offboarding,0.771267294883728,0.7420492172241211,-0.029218077659606934,0.7222222222222222,0.6153846153846154,-0.10683760683760679,0.8259540796279907,0.7981835603713989,0.01773601770401001,0.043182969093322754,4,False
M4_intersection_dev_conditioned_continuous,R-463,(GI-UX) Account Management,other,0.16697631776332855,0.16697631776332855,0.0,0.0625,0.0625,0.0,0.7602166533470154,0.7457689046859741,0.0002429485321044922,0.02759110927581787,2,False
M4_intersection_dev_conditioned_continuous,R-465,(LF) IT Office Access Italy,offboarding,0.7810272574424744,0.643832802772522,-0.1371944546699524,0.6666666666666667,0.41025641025641024,-0.2564102564102565,0.8407493829727173,0.8224549293518066,0.006071627140045166,0.04974466562271118,5,False
M4_intersection_dev_conditioned_continuous,R-47,(BF) Information Security Office,admin_rights,0.7456070184707642,0.7675279378890991,0.02192091941833496,0.18502202643171806,0.1791044776119403,-0.005917548819777768,0.7653406858444214,0.7206345796585083,0.0090179443359375,0.08275389671325684,4,False
M4_intersection_dev_conditioned_continuous,R-479,(GI-IaaS) Backend Application Srv. & Project Support,offboarding,0.8203251957893372,0.7557874917984009,-0.06453770399093628,0.6875,0.6857142857142857,-0.0017857142857142794,0.847148060798645,0.8111560940742493,0.036310017108917236,0.053436458110809326,4,False
M4_intersection_dev_conditioned_continuous,R-483,(LF) IT Office Access Italy,offboarding,0.8112896084785461,0.7315508127212524,-0.0797387957572937,0.6842105263157895,0.6666666666666665,-0.017543859649122973,0.9006366729736328,0.8729349374771118,0.007892131805419922,0.05459177494049072,4,False
M4_intersection_dev_conditioned_continuous,R-487,(GI-SaaS) Salesforce,other,0.7971678972244263,0.8341877460479736,0.03701984882354736,0.3578947368421052,0.38251366120218583,0.02461892436008062,0.9373676776885986,0.6301457285881042,0.3291652798652649,0.45916610956192017,4,False
M4_intersection_dev_conditioned_continuous,R-489,(GI-UX) Mobile Device Management,other,0.661338746547699,0.6528732180595398,-0.00846552848815918,0.23076923076923075,0.16,-0.07076923076923075,0.9818277359008789,0.7650992274284363,0.26960742473602295,0.2728480100631714,4,False
M4_intersection_dev_conditioned_continuous,R-5,(GI-UX) File & Print,software_support,0.4411695897579193,0.43365323543548584,-0.007516354322433472,0.15789473684210528,0.23140495867768596,0.07351022183558067,0.8071073293685913,0.7846022844314575,0.0008388757705688477,0.044996440410614014,0,False
M4_intersection_dev_conditioned_continuous,R-497,(GI-SM) Service Desk,other,0.46274542808532715,0.6482893228530884,0.18554389476776123,0.08616187989556137,0.10875331564986739,0.022591435754306013,0.55619215965271,0.5388680696487427,0.011873126029968262,0.04563724994659424,2,False
M4_intersection_dev_conditioned_continuous,R-504,(GI-UX) Application,absence,0.6522464752197266,0.620857834815979,-0.03138864040374756,0.4492753623188405,0.41379310344827586,-0.035482258870564665,0.5940266847610474,0.5754765868186951,0.009801208972930908,0.03089272975921631,2,False
M4_intersection_dev_conditioned_continuous,R-505,(GI-UX) Group,software_license,0.6341109871864319,0.7087981700897217,0.0746871829032898,0.1965811965811966,0.2749003984063745,0.07831920182517788,0.7774654626846313,0.5932093262672424,0.21859240531921387,0.2442840337753296,1,False
M4_intersection_dev_conditioned_continuous,R-507,(GI-UX) Group,other,0.8940340280532837,0.6921160221099854,-0.20191800594329834,0.48484848484848486,0.4408945686900959,-0.04395391615838895,0.5339007377624512,0.38104763627052307,0.1350400447845459,0.2199581265449524,1,False
M4_intersection_dev_conditioned_continuous,R-509,(GI-UX) File & Print,other,0.3022153675556183,0.35187268257141113,0.04965731501579285,0.17391304347826086,0.20833333333333334,0.03442028985507248,0.5546534061431885,0.44249647855758667,0.048804402351379395,0.21608424186706543,4,False
M4_intersection_dev_conditioned_continuous,R-513,(GI-UX) MAC OS,other,0.6866559386253357,0.6480731964111328,-0.03858274221420288,0.19965576592082618,0.17747440273037543,-0.022181363190450748,0.9786639213562012,0.7968718409538269,0.21380829811096191,0.23235994577407837,5,False
M4_intersection_dev_conditioned_continuous,R-527,(GI-CF) Robot Process Automation,admin_rights,0.6630183458328247,0.66102135181427,-0.0019969940185546875,0.1443298969072165,0.1417142857142857,-0.0026156111929308,0.9318428635597229,0.8613680601119995,0.037639737129211426,0.14054220914840698,5,False
M4_intersection_dev_conditioned_continuous,R-528,(GI-UX) Group,vpn_access,0.7121104598045349,0.7421373724937439,0.030026912689208984,0.3127272727272727,0.2797202797202797,-0.033006993006993,0.6017083525657654,0.5500765442848206,0.0182420015335083,0.09905093908309937,4,False
M4_intersection_dev_conditioned_continuous,R-532,(GI-UX) Group,password_reset,0.5436017513275146,0.5838767886161804,0.04027503728866577,0.3304347826086957,0.2276422764227642,-0.1027925061859315,0.7332671880722046,0.7148265838623047,0.013376355171203613,0.02912592887878418,3,False
M4_intersection_dev_conditioned_continuous,R-546,(GI-SaaS) Salesforce,other,0.44475752115249634,0.37167787551879883,-0.07307964563369751,0.175,0.12048192771084339,-0.0545180722891566,0.9484521150588989,0.6178489923477173,0.08036458492279053,0.5692435503005981,4,False
M4_intersection_dev_conditioned_continuous,R-541,(GI-UX) Network Access,vpn_access,0.48901060223579407,0.42321082949638367,-0.0657997727394104,0.15849056603773584,0.15053763440860216,-0.007952931629133686,0.537338137626648,0.5142810940742493,0.010598957538604736,0.03993833065032959,2,False
M4_intersection_dev_conditioned_continuous,R-560,(GI-UX) File & Print,onboarding,0.6542026996612549,0.7014195322990417,0.047216832637786865,0.6111111111111112,0.6153846153846154,0.004273504273504258,0.9728562831878662,0.970541775226593,0.0016210079193115234,0.003909468650817871,3,False
M4_intersection_dev_conditioned_continuous,R-562,(GI-UX) File & Print,onboarding,0.7985270023345947,0.7434537410736084,-0.05507326126098633,0.6666666666666666,0.5454545454545454,-0.12121212121212122,0.9786417484283447,0.9764143824577332,0.002215147018432617,0.0033715367317199707,4,False
M4_intersection_dev_conditioned_continuous,R-563,(GI-IaaS) Development Platform,project_tools,0.6747362613677979,0.6755887269973755,0.0008524656295776367,0.24489795918367344,0.24175824175824176,-0.003139717425431676,0.9147495031356812,0.5786148309707642,0.3657330870628357,0.4855988621711731,5,False
M4_intersection_dev_conditioned_continuous,R-566,(GI-UX) File & Print,software_support,0.173334538936615,0.8259981870651245,0.6526636481285095,0.11009174311926605,0.6086956521739131,0.498603909054647,0.4619560241699219,0.429413378238678,0.019443541765213013,0.050228118896484375,0,False
M4_intersection_dev_conditioned_continuous,R-57,(BF) Information Security Office,admin_rights,0.6625845432281494,0.687644898891449,0.02506035566329956,0.15883668903803133,0.1439820022497188,-0.014854686788312532,0.8733963966369629,0.8592293858528137,0.013550758361816406,0.027166247367858887,3,False
M4_intersection_dev_conditioned_continuous,R-570,(GI-IaaS) Development Platform,software_license,0.8392632007598877,0.8269052505493164,-0.012357950210571289,0.32154340836012857,0.35962145110410093,0.03807804274397236,0.8286571502685547,0.7612481713294983,0.07678943872451782,0.09112578630447388,1,False
M4_intersection_dev_conditioned_continuous,R-571,(GI-IaaS) Development Platform,software_license,0.6887955069541931,0.746679425239563,0.05788391828536987,0.29012345679012347,0.304,0.013876543209876524,0.6968128681182861,0.6430720090866089,0.05938005447387695,0.07041341066360474,1,False
M4_intersection_dev_conditioned_continuous,R-572,(GI-IaaS) Development Platform,software_license,0.7593571543693542,0.7014868259429932,-0.057870328426361084,0.267515923566879,0.2719033232628399,0.004387399695960914,0.8843713998794556,0.8624064326286316,0.0,0.0551145076751709,4,False
M4_intersection_dev_conditioned_continuous,R-573,(GI-UX) Account Management,collaboration,0.8866744041442871,0.8886487483978271,0.001974344253540039,0.29739776951672864,0.2906976744186046,-0.006700095098124026,0.9536957144737244,0.8926901817321777,0.004688560962677002,0.2718331217765808,5,False
M4_intersection_dev_conditioned_continuous,R-576,(GI-UX) Account Management,onboarding,0.8370648622512817,0.8259813785552979,-0.011083483695983887,0.49838187702265374,0.44512195121951215,-0.053259925803141595,0.8903993368148804,0.8713169097900391,0.016204118728637695,0.028824329376220703,4,False
M4_intersection_dev_conditioned_continuous,R-577,(GI-UX) File & Print,onboarding,0.7321641445159912,0.7192927598953247,-0.012871384620666504,0.7272727272727272,0.6666666666666667,-0.06060606060606044,0.9807201623916626,0.9795693159103394,0.00017410516738891602,0.0031426548957824707,3,False
M4_intersection_dev_conditioned_continuous,R-585,(GI-UX) File & Print,onboarding,0.6398063898086548,0.5101068019866943,-0.12969958782196045,0.6285714285714286,0.45714285714285713,-0.17142857142857143,0.9918771982192993,0.9904540777206421,0.0005685687065124512,0.0027316808700561523,2,False
M4_intersection_dev_conditioned_continuous,R-59,(GI-UX) Group,password_reset,0.8449435234069824,0.8355826735496521,-0.009360849857330322,0.28571428571428575,0.40350877192982465,0.1177944862155389,0.824127197265625,0.7558659315109253,0.02934819459915161,0.11715978384017944,4,False
M4_intersection_dev_conditioned_continuous,R-578,(GI-UX) Account Management,onboarding,0.8177295923233032,0.801376223564148,-0.016353368759155273,0.5514950166112957,0.5242718446601942,-0.027223171951101577,0.9129790663719177,0.9028965830802917,0.007589995861053467,0.01756519079208374,5,False
M4_intersection_dev_conditioned_continuous,R-591,(GI-UX) File & Print,onboarding,0.901170015335083,0.821074903011322,-0.08009511232376099,0.8484848484848484,0.7499999999999999,-0.09848484848484851,0.9917552471160889,0.990325927734375,0.00044667720794677734,0.002347588539123535,1,False
M4_intersection_dev_conditioned_continuous,R-590,(GI-UX) Group,admin_rights,0.6431989669799805,0.6807284355163574,0.03752946853637695,0.18390804597701152,0.11124260355029585,-0.07266544242671567,0.8415732979774475,0.82709801197052,0.00842660665512085,0.029649436473846436,1,False
M4_intersection_dev_conditioned_continuous,R-593,(GI-CF) Robot Process Automation,admin_rights,0.646276593208313,0.6245958805084229,-0.021680712699890137,0.17980022197558268,0.19956616052060738,0.019765938545024703,0.9621644616127014,0.7143024206161499,0.3030741810798645,0.32108479738235474,2,False
M4_intersection_dev_conditioned_continuous,R-60,(GI-UX) Application,absence,0.6453239917755127,0.7073575258255005,0.06203353404998779,0.3783783783783784,0.423841059602649,0.04546268122427061,0.6646742820739746,0.6235898733139038,0.01415705680847168,0.07959866523742676,4,False
M4_intersection_dev_conditioned_continuous,R-606,(GI-CyberSec) Security Operation Center,email_support,0.8852344155311584,0.8391397595405579,-0.046094655990600586,0.3243243243243243,0.2522522522522523,-0.072072072072072,0.685208797454834,0.5793882012367249,0.03302896022796631,0.20391616225242615,4,False
M4_intersection_dev_conditioned_continuous,R-607,(GI-IaaS) Development Platform,other,0.6274135112762451,0.5899662971496582,-0.037447214126586914,0.2941176470588235,0.25,-0.044117647058823484,0.6137546300888062,0.5571531057357788,0.0031329989433288574,0.11513549089431763,3,False
M4_intersection_dev_conditioned_continuous,R-614,(GI-UX) File & Print,software_support,0.5666757822036743,0.620804488658905,0.05412870645523071,0.4464285714285715,0.45217391304347826,0.0057453416149067515,0.6448843479156494,0.5408893823623657,0.07044440507888794,0.1687946319580078,4,False
M4_intersection_dev_conditioned_continuous,R-612,(GI-CF) Robot Process Automation,admin_rights,0.7173035144805908,0.6189653873443604,-0.09833812713623047,0.1258426966292135,0.11764705882352941,-0.00819563780568408,0.9395609498023987,0.7310537099838257,0.0021356940269470215,0.3660052418708801,3,False
M4_intersection_dev_conditioned_continuous,R-617,(GI-UX) Windows,other,0.7980121374130249,0.5409955382347107,-0.2570165991783142,0.23461538461538464,0.1908713692946058,-0.043744015320778845,0.7516289353370667,0.6265877485275269,0.1275838017463684,0.18044227361679077,3,False
M4_intersection_dev_conditioned_continuous,R-621,(GI-CF) Robot Process Automation,admin_rights,0.47221770882606506,0.4046803116798401,-0.06753739714622498,0.09011264080100125,0.09429280397022333,0.004180163169222081,0.825417160987854,0.8000892400741577,0.010160088539123535,0.04482614994049072,3,False
M4_intersection_dev_conditioned_continuous,R-624,(GI-SaaS) Salesforce,admin_rights,0.721521258354187,0.6866189241409302,-0.034902334213256836,0.2244039270687237,0.2303206997084548,0.005916772639731116,0.8489986658096313,0.7555443644523621,0.0049225687980651855,0.19865989685058594,3,False
M4_intersection_dev_conditioned_continuous,R-625,(GI-IaaS) Development Platform,other,0.3893148899078369,0.3943819999694824,0.005067110061645508,0.10714285714285714,0.12359550561797752,0.016452648475120388,0.5079503655433655,0.48600441217422485,0.009331166744232178,0.056122541427612305,4,False
M4_intersection_dev_conditioned_continuous,R-63,(GI-SaaS) SAP & Synertrade,other,0.7883543968200684,0.8540875315666199,0.06573313474655151,0.423841059602649,0.43165467625899284,0.007813616656343836,0.898497462272644,0.5590146780014038,0.40168285369873047,0.4532068967819214,2,False
M4_intersection_dev_conditioned_continuous,R-636,(GI-UX) Group,software_license,0.640233039855957,0.6429954767227173,0.002762436866760254,0.1588785046728972,0.19534883720930232,0.03647033253640514,0.5845530033111572,0.5133951306343079,0.04744243621826172,0.10579997301101685,2,False
M4_intersection_dev_conditioned_continuous,R-631,"(GI-IaaS) Network On-Prem (LAN,WLAN,WAN 2nd level)",vpn_access,0.8442812561988831,0.8696622848510742,0.025381028652191162,0.23741007194244607,0.43205574912891986,0.1946456771864738,0.6066684722900391,0.5710955262184143,0.008240580558776855,0.06995844841003418,2,False
M4_intersection_dev_conditioned_continuous,R-638,(GI-IaaS) Development Platform,project_tools,0.44635409116744995,0.4753513038158417,0.028997212648391724,0.17741935483870966,0.16296296296296298,-0.014456391875746682,0.5026131868362427,0.4606477618217468,0.006351351737976074,0.08003216981887817,1,False
M4_intersection_dev_conditioned_continuous,R-645,(GI-SaaS) SAP & Synertrade,enterprise_systems,0.7760549783706665,0.7513048648834229,-0.024750113487243652,0.12941176470588237,0.14046822742474918,0.011056462718866816,0.5966615080833435,0.5868132710456848,0.010907948017120361,0.01512986421585083,1,False
M4_intersection_dev_conditioned_continuous,R-646,(GI-CF) Robot Process Automation,admin_rights,0.7093046307563782,0.7695472240447998,0.06024259328842163,0.13895216400911162,0.16143497757847533,0.022482813569363713,0.7352818846702576,0.7177214622497559,0.008325636386871338,0.03660011291503906,2,False
M4_intersection_dev_conditioned_continuous,R-647,(GI-UX) File & Print,access_problem,0.8188523054122925,0.8238334059715271,0.004981100559234619,0.2891566265060241,0.4177215189873417,0.12856489248131764,0.7343599796295166,0.7007355093955994,0.012746453285217285,0.05733442306518555,5,False
M4_intersection_dev_conditioned_continuous,R-653,(GI-UX) File & Print,onboarding,0.7545293569564819,0.790479302406311,0.0359499454498291,0.6,0.6842105263157895,0.08421052631578951,0.9748132228851318,0.9727548360824585,0.0018661022186279297,0.003954172134399414,3,False
M4_intersection_dev_conditioned_continuous,R-651,(GI-UX) File & Print,hardware_support,0.23818358778953552,0.3198850154876709,0.08170142769813538,0.1851851851851852,0.25316455696202533,0.06797937177684013,0.5121114253997803,0.42677029967308044,0.013784736394882202,0.173026442527771,4,False
M4_intersection_dev_conditioned_continuous,R-669,(GI-IaaS) Development Platform,software_license,0.8292198181152344,0.8314776420593262,0.002257823944091797,0.29906542056074764,0.5621621621621622,0.26309674160141455,1.0000001192092896,0.9535665512084961,0.0,0.11608397960662842,3,False
M4_intersection_dev_conditioned_continuous,R-671,(GI-IaaS) Development Platform,software_license,0.8438416719436646,0.8534482717514038,0.009606599807739258,0.26936026936026936,0.27522935779816515,0.0058690884378957975,1.0000001192092896,0.9535665512084961,0.0,0.11608397960662842,3,False
M4_intersection_dev_conditioned_continuous,R-680,(GI-IaaS) Development Platform,software_license,0.8879952430725098,0.8894850015640259,0.0014897584915161133,0.28013029315960913,0.2820512820512821,0.00192098889167297,0.8856897354125977,0.8773742914199829,0.007025480270385742,0.01151728630065918,0,False
M4_intersection_dev_conditioned_continuous,R-686,(GI-IaaS) Development Platform,software_license,0.8529648780822754,0.8667048215866089,0.013739943504333496,0.3102310231023102,0.30670926517571884,-0.0035217579265913734,0.8271549940109253,0.7695133686065674,0.04604971408843994,0.09837996959686279,2,False
M4_intersection_dev_conditioned_continuous,R-691,(GI-IaaS) Development Platform,software_license,0.7669296264648438,0.7677363157272339,0.0008066892623901367,0.20178041543026706,0.22018348623853212,0.01840307080826506,0.7778307199478149,0.769692063331604,0.004742860794067383,0.019510746002197266,2,False
M4_intersection_dev_conditioned_continuous,R-708,(GI-CF) Robot Process Automation,admin_rights,0.4028143286705017,0.5280950665473938,0.1252807378768921,0.13194444444444445,0.10460772104607723,-0.02733672339836722,0.7057700157165527,0.6325783133506775,0.026960134506225586,0.11633890867233276,3,False
M4_intersection_dev_conditioned_continuous,R-713,(GI-IaaS) Development Platform,software_license,0.856082022190094,0.8253735899925232,-0.0307084321975708,0.2885245901639344,0.30201342281879195,0.013488832654857563,0.916827917098999,0.8876646161079407,0.023847639560699463,0.04497617483139038,3,False
M4_intersection_dev_conditioned_continuous,R-709,(GI-UX) Group,software_license,0.48030179738998413,0.5965895056724548,0.1162877082824707,0.1336206896551724,0.15725806451612903,0.023637374860956628,0.650195837020874,0.6290812492370605,0.0035103559494018555,0.043591856956481934,1,False
M4_intersection_dev_conditioned_continuous,R-715,(GI-CF) Robot Process Automation,admin_rights,0.5488030314445496,0.46230828762054443,-0.08649474382400513,0.15248618784530385,0.08386277001270648,-0.06862341783259737,0.688135027885437,0.6783913373947144,0.005608797073364258,0.015694618225097656,2,False
M4_intersection_dev_conditioned_continuous,R-72,(LF) IT Office Access Italy,offboarding,0.8213154077529907,0.8975115418434143,0.07619613409042358,0.717948717948718,0.7499999999999999,0.03205128205128194,0.974276602268219,0.9725666046142578,0.0014901161193847656,0.002658665180206299,4,False
M4_intersection_dev_conditioned_continuous,R-73,(GI-IaaS) Backend Application Srv. & Project Support,offboarding,0.9110293984413147,0.8988111019134521,-0.012218296527862549,0.7567567567567567,0.8108108108108109,0.05405405405405417,0.9709506034851074,0.9672124981880188,0.003068089485168457,0.00550234317779541,3,False
M4_intersection_dev_conditioned_continuous,R-732,(GI-UX) Network Access,vpn_access,0.893634557723999,0.9105256199836731,0.016891062259674072,0.32432432432432434,0.3028571428571428,-0.021467181467181518,0.6431130170822144,0.6064165830612183,0.03839594125747681,0.05147385597229004,2,False
M4_intersection_dev_conditioned_continuous,R-726,(LF) IT Office Access Italy,offboarding,0.8010460138320923,0.7809752225875854,-0.020070791244506836,0.6666666666666666,0.7567567567567567,0.09009009009009006,0.823729932308197,0.7974510192871094,0.025071322917938232,0.03790193796157837,4,False
M4_intersection_dev_conditioned_continuous,R-740,(GI-UX) Group,software_license,0.48783057928085327,0.47164881229400635,-0.016181766986846924,0.19574468085106383,0.15948275862068964,-0.036261922230374194,0.9223726987838745,0.8701518177986145,0.023540079593658447,0.11268281936645508,3,False
M4_intersection_dev_conditioned_continuous,R-741,(GI-SaaS) Salesforce,enterprise_systems,0.5801161527633667,0.6576364040374756,0.07752025127410889,0.3501945525291829,0.2945736434108527,-0.05562090911833023,0.5828491449356079,0.515905499458313,0.0582197904586792,0.10196185111999512,2,False
M4_intersection_dev_conditioned_continuous,R-75,(GI-IaaS) Backend Application Srv. & Project Support,offboarding,0.8782057762145996,0.875771164894104,-0.0024346113204956055,0.7894736842105262,0.75,-0.039473684210526216,0.95749831199646,0.9551162719726562,0.0018569231033325195,0.004061698913574219,0,False
M4_intersection_dev_conditioned_continuous,R-754,(GI-UX) File & Print,onboarding,0.8358868360519409,0.7076236009597778,-0.12826323509216309,0.7058823529411765,0.6,-0.10588235294117654,0.9841275811195374,0.9829261898994446,0.0002778172492980957,0.002031981945037842,1,False
M4_intersection_dev_conditioned_continuous,R-757,(GI-UX) Account Management,onboarding,0.8852200508117676,0.9033781290054321,0.01815807819366455,0.5589225589225589,0.6563467492260062,0.09742419030344729,0.9744294285774231,0.9579450488090515,0.014826297760009766,0.022920072078704834,5,False
M4_intersection_dev_conditioned_continuous,R-755,(GI-UX) Account Management,onboarding,0.8757787942886353,0.908283531665802,0.03250473737716675,0.6291390728476821,0.7047619047619047,0.07562283191422259,0.9943743944168091,0.9911378026008606,0.0031211376190185547,0.004416525363922119,5,False
M4_intersection_dev_conditioned_continuous,R-759,(GI-UX) Group,software_license,0.6401678323745728,0.6557750701904297,0.015607237815856934,0.17190775681341716,0.25048923679060664,0.07858147997718948,0.5550193786621094,0.49548912048339844,0.0,0.11663821339607239,0,False
M4_intersection_dev_conditioned_continuous,R-760,(GI-UX) Group,software_support,0.34451034665107727,0.4751683473587036,0.13065800070762634,0.16883116883116883,0.2962962962962963,0.12746512746512745,0.6094628572463989,0.5465752482414246,0.06775987148284912,0.09590506553649902,0,False
M4_intersection_dev_conditioned_continuous,R-765,(GI-UX) File & Print,onboarding,0.6336096525192261,0.6419122219085693,0.008302569389343262,0.37288135593220334,0.4067796610169491,0.03389830508474578,0.9499793648719788,0.9460284113883972,0.003527343273162842,0.008068561553955078,1,False
M4_intersection_dev_conditioned_continuous,R-772,(BF) Information Security Office,admin_rights,0.7740227580070496,0.7553893327713013,-0.01863342523574829,0.15366430260047284,0.18322295805739516,0.029558655456922323,0.6003344058990479,0.5774829983711243,0.006005764007568359,0.05610024929046631,1,False
M4_intersection_dev_conditioned_continuous,R-775,(GI-UX) Network Access,vpn_access,0.6902515292167664,0.7837219834327698,0.09347045421600342,0.38285714285714284,0.24855491329479767,-0.13430222956234517,0.9339691400527954,0.9155027270317078,0.0008687973022460938,0.0566868782043457,3,False
M4_intersection_dev_conditioned_continuous,R-783,(GI-UX) File & Print,onboarding,0.618438184261322,0.7929126024246216,0.17447441816329956,0.5306122448979592,0.7272727272727274,0.1966604823747682,0.9876525402069092,0.9859907031059265,0.001243293285369873,0.0026163458824157715,2,False
M4_intersection_dev_conditioned_continuous,R-788,(GI-UX) Account Management,onboarding,0.8817368149757385,0.9087920188903809,0.027055203914642334,0.5838926174496645,0.6925566343042071,0.10866401685454263,0.9885249137878418,0.9878443479537964,0.0003762245178222656,0.0012755393981933594,5,False
M4_intersection_dev_conditioned_continuous,R-792,(GI-UX) Account Management,onboarding,0.7463479042053223,0.8518534898757935,0.10550558567047119,0.42222222222222217,0.5789473684210527,0.1567251461988305,0.9867312908172607,0.9849880337715149,0.0020084381103515625,0.0023283958435058594,5,False
M4_intersection_dev_conditioned_continuous,R-795,(GI-UX) Group,onboarding,0.8943341970443726,0.8827746510505676,-0.011559545993804932,0.7692307692307692,0.7142857142857143,-0.05494505494505486,0.9831502437591553,0.9813467264175415,0.0017415285110473633,0.002708911895751953,1,False
M4_intersection_dev_conditioned_continuous,R-801,(GI-SM) Service Desk,software_license,0.8488796353340149,0.8618432283401489,0.012963593006134033,0.29629629629629634,0.2608695652173913,-0.03542673107890504,0.9333515167236328,0.9068835377693176,0.0049779415130615234,0.06235063076019287,5,False
M4_intersection_dev_conditioned_continuous,R-808,(GI-UX) Application,other,0.6047366857528687,0.6153007745742798,0.010564088821411133,0.3963963963963964,0.4109589041095891,0.014562507713192674,0.737634003162384,0.6701946258544922,0.052896320819854736,0.11598092317581177,2,False
M4_intersection_dev_conditioned_continuous,R-802,(GI-UX) File & Print,onboarding,0.7656494379043579,0.6860774755477905,-0.07957196235656738,0.6666666666666666,0.6153846153846154,-0.05128205128205121,0.9897894859313965,0.9881144762039185,0.0002765059471130371,0.0033392906188964844,0,False
M4_intersection_dev_conditioned_continuous,R-814,(GI-UX) File & Print,other,0.7834266424179077,0.6539236903190613,-0.12950295209884644,0.3448275862068966,0.25,-0.09482758620689657,0.9914794564247131,0.9875897169113159,0.003183305263519287,0.006136715412139893,2,False
M4_intersection_dev_conditioned_continuous,R-812,(GI-UX) Group,software_support,0.14553895592689514,0.5787256956100464,0.43318673968315125,0.10526315789473682,0.4310344827586207,0.3257713248638839,0.7272045612335205,0.6604440808296204,0.025162100791931152,0.12768924236297607,2,False
M4_intersection_dev_conditioned_continuous,R-818,(GI-IaaS) Development Platform,software_license,0.8173519968986511,0.8375527858734131,0.020200788974761963,0.29801324503311255,0.32894736842105265,0.030934123387940105,0.8617717027664185,0.8513213396072388,0.0,0.036469221115112305,4,False
M4_intersection_dev_conditioned_continuous,R-823,(GI-IaaS) Development Platform,software_license,0.7772426605224609,0.7872836589813232,0.010040998458862305,0.34042553191489366,0.2829581993569132,-0.05746733255798048,0.9128170013427734,0.904933750629425,0.0,0.02781689167022705,4,False
M4_intersection_dev_conditioned_continuous,R-825,(GI-IaaS) Development Platform,other,0.41125476360321045,0.3749440312385559,-0.03631073236465454,0.01652892561983471,0.017094017094017092,0.0005650914741823811,0.8100952506065369,0.8086192011833191,0.0,0.005669951438903809,4,False
M4_intersection_dev_conditioned_continuous,R-826,(GI-UX) Group,hardware_support,0.41562020778656006,0.4203408360481262,0.004720628261566162,0.1,0.11538461538461539,0.015384615384615385,0.641083836555481,0.6015691757202148,0.0018303990364074707,0.06789135932922363,3,False
M4_intersection_dev_conditioned_continuous,R-827,(GI-IaaS) Azure Data Center,other,0.10808239132165909,0.14038147032260895,0.03229907900094986,0.0963855421686747,0.0909090909090909,-0.005476451259583806,0.4551165699958801,0.42057904601097107,0.009950697422027588,0.07207697629928589,5,False
M4_intersection_dev_conditioned_continuous,R-833,(GI-SM) Service Desk,other,0.22283455729484558,0.17826196551322937,-0.04457259178161621,0.12121212121212122,0.128,0.006787878787878787,0.6208144426345825,0.5487520694732666,0.05161553621292114,0.10514295101165771,3,False
M4_intersection_dev_conditioned_continuous,R-85,(GI-UX) Account Management,offboarding,0.9979963302612305,0.9895293116569519,-0.008467018604278564,0.9821428571428571,0.9821428571428571,0.0,0.9431507587432861,0.9416660070419312,0.0006644725799560547,0.004017949104309082,5,False
M4_intersection_dev_conditioned_continuous,R-838,(GI-IaaS) Backend M365 (2nd level),other,0.14731228351593018,0.1428213119506836,-0.004490971565246582,0.1137440758293839,0.10837438423645321,-0.0053696915929306865,0.780945897102356,0.5734971761703491,0.0037114620208740234,0.3747769594192505,5,False
M4_intersection_dev_conditioned_continuous,R-850,(GI-UX) Account Management,email_support,0.741483747959137,0.6547828316688538,-0.0867009162902832,0.4089219330855019,0.32699619771863114,-0.08192573536687076,0.8512862920761108,0.681406557559967,0.10777199268341064,0.2506348490715027,4,False
M4_intersection_dev_conditioned_continuous,R-856,"(GI-IaaS) Network On-Prem (LAN,WLAN,WAN 2nd level)",other,0.3823133409023285,0.5161470174789429,0.13383367657661438,0.30120481927710846,0.1827956989247312,-0.11840912035237727,0.5832465887069702,0.5326996445655823,0.04444795846939087,0.07424777746200562,2,False
M4_intersection_dev_conditioned_continuous,R-86,(GI-IaaS) Backend Application Srv. & Project Support,offboarding,0.881951093673706,0.8986331224441528,0.016682028770446777,0.5652173913043479,0.7894736842105262,0.22425629290617832,0.9814795255661011,0.9749930500984192,0.0072002410888671875,0.008746504783630371,0,False
M4_intersection_dev_conditioned_continuous,R-858,"(GI-IaaS) Network Cloud (Azure, Remote Access)",vpn_access,0.798272430896759,0.8275480270385742,0.029275596141815186,0.4178082191780822,0.30769230769230765,-0.11011591148577454,0.7019479870796204,0.5769409537315369,0.14184385538101196,0.1734967827796936,2,False
M4_intersection_dev_conditioned_continuous,R-870,(GI-UX) File & Print,onboarding,0.8041317462921143,0.7746347188949585,-0.02949702739715576,0.7027027027027027,0.6,-0.10270270270270276,0.987468957901001,0.9840095639228821,0.0007691383361816406,0.00670093297958374,2,False
M4_intersection_dev_conditioned_continuous,R-888,(GI-UX) File & Print,other,0.8054047226905823,0.8519262671470642,0.046521544456481934,0.3076923076923077,0.5641025641025642,0.2564102564102565,0.9911747574806213,0.9900017976760864,0.0007495284080505371,0.0020864009857177734,3,False
M4_intersection_dev_conditioned_continuous,R-871,(GI-UX) Account Management,onboarding,0.8107997179031372,0.8996514678001404,0.08885174989700317,0.5197368421052633,0.6514657980456027,0.1317289559403394,0.9604579210281372,0.9547654986381531,0.0053855180740356445,0.009237110614776611,5,False
M4_intersection_dev_conditioned_continuous,R-899,(GI-UX) File & Print,onboarding,0.8019843101501465,0.7536122798919678,-0.04837203025817871,0.7272727272727274,0.6,-0.12727272727272743,0.9903714656829834,0.9858673214912415,0.002606332302093506,0.00818490982055664,3,False
M4_intersection_dev_conditioned_continuous,R-902,(GI-UX) File & Print,onboarding,0.7668166160583496,0.8032944202423096,0.03647780418395996,0.6,0.6153846153846154,0.015384615384615441,0.9870439767837524,0.985967755317688,0.0005794167518615723,0.002109229564666748,3,False
M4_intersection_dev_conditioned_continuous,R-904,(GI-UX) File & Print,onboarding,0.8233960866928101,0.7992768287658691,-0.024119257926940918,0.7272727272727274,0.5945945945945946,-0.13267813267813278,0.9900925159454346,0.9861448407173157,0.003596663475036621,0.005995690822601318,1,False
M4_intersection_dev_conditioned_continuous,R-905,(GI-UX) Account Management,onboarding,0.9131535291671753,0.9251584410667419,0.01200491189956665,0.6217948717948718,0.7284345047923323,0.10663963299746049,0.9919266700744629,0.9906104207038879,0.0007760524749755859,0.002077639102935791,5,False
M4_intersection_dev_conditioned_continuous,R-91,(GI-UX) Group,software_license,0.7807526588439941,0.6802800893783569,-0.10047256946563721,0.21982758620689657,0.16554809843400448,-0.0542794877728921,0.7685316801071167,0.7149326205253601,0.01776498556137085,0.1198662519454956,1,False
M4_intersection_dev_conditioned_continuous,R-917,(GI-IaaS) Development Platform,project_tools,0.7005932927131653,0.6605796813964844,-0.04001361131668091,0.25,0.24444444444444444,-0.005555555555555564,0.5490164756774902,0.4784184992313385,0.0330885648727417,0.12197023630142212,4,False
M4_intersection_dev_conditioned_continuous,R-923,(GI-UX) Group,admin_rights,0.570730447769165,0.4782828092575073,-0.09244763851165771,0.13863636363636364,0.13333333333333333,-0.005303030303030309,0.5125280618667603,0.49387866258621216,0.017370522022247314,0.034596651792526245,3,False
M4_intersection_dev_conditioned_continuous,R-919,(BF) Information Security Office,admin_rights,0.7425551414489746,0.7243064641952515,-0.018248677253723145,0.16017797552836485,0.15855039637599097,-0.0016275791523738814,0.985489547252655,0.906927227973938,0.07662343978881836,0.11098039150238037,2,False
M4_intersection_dev_conditioned_continuous,R-926,(GI-IaaS) Development Platform,other,0.659855306148529,0.7516700029373169,0.09181469678878784,0.15023474178403753,0.13574660633484162,-0.014488135449195916,0.6818645000457764,0.6392947435379028,0.047805070877075195,0.057219743728637695,4,False
M4_intersection_dev_conditioned_continuous,R-929,(GI-UX) Account Management,onboarding,0.8697871565818787,0.7861154675483704,-0.0836716890335083,0.6153846153846154,0.3806228373702422,-0.2347617780143732,0.9818878769874573,0.9800585508346558,0.00046831369400024414,0.003041505813598633,5,False
M4_intersection_dev_conditioned_continuous,R-93,(GI-CF) Robot Process Automation,admin_rights,0.4795290231704712,0.45352667570114136,-0.026002347469329834,0.10110974106041924,0.1472957422324511,0.04618600117203185,0.8599211573600769,0.8113468885421753,0.027642667293548584,0.0718887448310852,5,False
M4_intersection_dev_conditioned_continuous,R-930,(GI-IaaS) Development Platform,software_license,0.8356032967567444,0.8193362951278687,-0.016267001628875732,0.3312101910828026,0.27936507936507937,-0.051845111717723213,0.9168280363082886,0.8777042627334595,0.031792640686035156,0.06542479991912842,4,False
M4_intersection_dev_conditioned_continuous,R-932,(GI-SaaS) Salesforce,admin_rights,0.8110110759735107,0.8052115440368652,-0.005799531936645508,0.27900552486187846,0.2333333333333333,-0.04567219152854515,0.7873700857162476,0.6491732597351074,0.02696216106414795,0.26337671279907227,4,False
M4_intersection_dev_conditioned_continuous,R-933,(GI-IaaS) Development Platform,other,0.7683296203613281,0.7978963851928711,0.02956676483154297,0.23333333333333334,0.23974763406940067,0.00641430073606733,0.7317225337028503,0.6246681809425354,0.11342358589172363,0.15185308456420898,3,False
M4_intersection_dev_conditioned_continuous,R-936,(GI-UX) File & Print,other,0.7842203378677368,0.8382248878479004,0.054004549980163574,0.43243243243243246,0.625,0.19256756756756754,0.991174578666687,0.9878624677658081,0.0011273622512817383,0.006195008754730225,4,False
M4_intersection_dev_conditioned_continuous,R-942,(GI-UX) Account Management,onboarding,0.468507319688797,0.8819972276687622,0.4134899079799652,0.0707070707070707,0.5175718849840255,0.4468648142769548,0.9261789321899414,0.8989027142524719,0.02841353416442871,0.04050123691558838,2,False
M4_intersection_dev_conditioned_continuous,R-943,"(GI-IaaS) Network On-Prem (LAN,WLAN,WAN 2nd level)",vpn_access,0.46597564220428467,0.8435602188110352,0.3775845766067505,0.12811387900355872,0.27540983606557373,0.147295957062015,0.5770089030265808,0.5310161113739014,0.05252581834793091,0.06702327728271484,1,False
M4_intersection_dev_conditioned_continuous,R-944,(GI-IaaS) Backend Application Srv. & Project Support,offboarding,0.9525271058082581,0.9013742804527283,-0.051152825355529785,0.9189189189189189,0.7647058823529412,-0.15421303656597762,0.9905260801315308,0.9890867471694946,0.0012128353118896484,0.0031470060348510742,3,False
M4_intersection_dev_conditioned_continuous,R-947,(GI-UX) Account Management,offboarding,0.9786322116851807,0.987688422203064,0.0090562105178833,0.8760330578512396,0.9734513274336283,0.09741826958238864,0.973723828792572,0.9720679521560669,0.0003209710121154785,0.004388391971588135,5,False
M4_intersection_dev_conditioned_continuous,R-953,(GI-CF) Robot Process Automation,admin_rights,0.37991008162498474,0.4928504228591919,0.11294034123420715,0.072992700729927,0.08353808353808354,0.010545382808156534,0.7307182550430298,0.7228760123252869,0.006448805332183838,0.019195914268493652,1,False
M4_intersection_dev_conditioned_continuous,R-954,(GI-UX) File & Print,onboarding,0.7614434957504272,0.8004191517829895,0.038975656032562256,0.6,0.6666666666666667,0.06666666666666676,0.9814780950546265,0.979505181312561,0.0018748044967651367,0.003499269485473633,2,False
M4_intersection_dev_conditioned_continuous,R-964,(GI-UX) Network Access,vpn_access,0.7654674053192139,0.7246180772781372,-0.04084932804107666,0.2866666666666667,0.3355263157894737,0.04885964912280699,0.963829755783081,0.6659331917762756,0.356475293636322,0.38808971643447876,4,False
M4_intersection_dev_conditioned_continuous,R-966,(GI-UX) Account Management,email_support,0.7088456153869629,0.6653033494949341,-0.04354226589202881,0.340080971659919,0.3374485596707819,-0.0026324119891371067,0.8512864112854004,0.6717773675918579,0.09204578399658203,0.3293439745903015,4,False
M4_intersection_dev_conditioned_continuous,R-985,(GI-UX) Account Management,offboarding,0.9979963302612305,0.9979963302612305,0.0,0.9821428571428571,0.9821428571428571,0.0,0.9874145984649658,0.9852105379104614,4.661083221435547e-05,0.004625201225280762,5,False
M4_intersection_dev_conditioned_continuous,R-967,(LF) IT Office Access Italy,office_access,0.5462791919708252,0.5924556255340576,0.04617643356323242,0.45454545454545453,0.462962962962963,0.00841750841750849,0.9390976428985596,0.9003855586051941,0.045147478580474854,0.05617743730545044,5,False
M4_intersection_dev_conditioned_continuous,R-990,(GI-IaaS) Development Platform,access_problem,0.43242305517196655,0.46896985173225403,0.036546796560287476,0.13043478260869568,0.09374999999999999,-0.03668478260869569,0.8491711020469666,0.5884672403335571,0.29683881998062134,0.35192176699638367,5,False
M4_intersection_dev_conditioned_continuous,R-991,(GI-IaaS) Development Platform,access_problem,0.3314664959907532,0.2776034474372864,-0.0538630485534668,0.08759124087591241,0.09722222222222221,0.009630981346309797,0.8523308634757996,0.7037206888198853,0.16148585081100464,0.2115054726600647,5,False
M4_intersection_dev_conditioned_continuous,R-997,(GI-UX) Unified Communication,other,0.17573979496955872,0.2091980278491974,0.03345823287963867,0.12727272727272726,0.12213740458015267,-0.005135322692574593,0.640261173248291,0.5291224718093872,0.010365426540374756,0.1899217665195465,3,False
