retriever,routing,lift,split,n,minilm_d_proxy_top1,minilm_fb_proxy_top1,minilm_d_proxy_best5,minilm_fb_proxy_best5,minilm_d_proxy_mean5,minilm_fb_proxy_mean5,minilm_d_same_reply_hit1,minilm_fb_same_reply_hit1,minilm_d_same_reply_hit5,minilm_fb_same_reply_hit5,minilm_d_group_hit1,minilm_fb_group_hit1,minilm_d_group_hit5,minilm_fb_group_hit5,bge_d_proxy_top1,bge_fb_proxy_top1,bge_d_proxy_best5,bge_fb_proxy_best5,bge_d_proxy_mean5,bge_fb_proxy_mean5,bge_d_same_reply_hit1,bge_fb_same_reply_hit1,bge_d_same_reply_hit5,bge_fb_same_reply_hit5,bge_d_group_hit1,bge_fb_group_hit1,bge_d_group_hit5,bge_fb_group_hit5,primary_ci_lo,primary_ci_hi,primary_wilcoxon_p,pct_top1_changed,pct_improved,pct_worsened
dense_minilm,M4_intersection,laplace|abs,dev,319,0.04188954903741242,0.8406513939877289,0.012325063301104363,0.8927082974335243,0.049668202982473895,0.8168953134033093,0.06896551724137931,0.3761755485893417,0.05329153605015674,0.5015673981191222,-0.006269592476489028,0.050156739811912224,-0.003134796238244514,0.07210031347962383,0.02119348378017031,0.9092084050739073,0.006918599426185823,0.9366005021016052,0.023100192475842087,0.8972541566552787,0.06896551724137931,0.3761755485893417,0.05329153605015674,0.5015673981191222,-0.006269592476489028,0.050156739811912224,-0.003134796238244514,0.07210031347962383,0.023172264955762693,0.06162547905926462,0.001735738895574397,0.47962382445141066,0.28213166144200624,0.1974921630094044
dense_minilm,M4_intersection,laplace_eb_k2|abs,dev,319,0.05260207955973649,0.8513639245100529,0.018198486686126565,0.8985817208185465,0.055478415965193116,0.8227055263860286,0.07836990595611286,0.38557993730407525,0.05642633228840126,0.5047021943573667,-0.003134796238244514,0.05329153605015674,0.0,0.07523510971786834,0.025477153193614325,0.9134920744873514,0.009247163246417868,0.9389290659218372,0.026361728816944235,0.9005156929963808,0.07836990595611286,0.38557993730407525,0.05642633228840126,0.5047021943573667,-0.003134796238244514,0.05329153605015674,0.0,0.07523510971786834,0.035607030014376095,0.07216314634098014,5.290241995020653e-08,0.30094043887147337,0.21316614420062696,0.0877742946708464
dense_minilm,M4_intersection,laplace_eb_k10|abs,dev,319,0.04879496217381244,0.847556807124129,0.018195157794743122,0.898578391927163,0.05324944709208691,0.8204765575129224,0.07210031347962383,0.3793103448275862,0.050156739811912224,0.49843260188087773,-0.003134796238244514,0.05329153605015674,0.0,0.07523510971786834,0.02406953233162811,0.9120844536253652,0.008954303765371676,0.938636206440791,0.025336124343931864,0.8994900885233684,0.07210031347962383,0.3793103448275862,0.050156739811912224,0.49843260188087773,-0.003134796238244514,0.05329153605015674,0.0,0.07523510971786834,0.031950226971780335,0.06817818259832019,8.150688460270382e-06,0.3887147335423197,0.2476489028213166,0.14106583072100312
dense_minilm,M4_intersection,laplace|std0.5,dev,319,0.013362581126368532,0.812124426076685,0.0058575778919327595,0.8862408120243527,0.017179889883554088,0.7844070003043896,0.025078369905956112,0.3322884012539185,0.025078369905956112,0.47335423197492166,-0.003134796238244514,0.05329153605015674,0.003134796238244514,0.07836990595611286,0.008215776618371563,0.8962306979121085,0.0029343418940481346,0.9326162445694676,0.00809003996624842,0.8822440041456852,0.025078369905956112,0.3322884012539185,0.025078369905956112,0.47335423197492166,-0.003134796238244514,0.05329153605015674,0.003134796238244514,0.07836990595611286,0.004962949798118358,0.022699428154710315,0.05010639574090028,0.15987460815047022,0.09717868338557993,0.06269592476489028
dense_minilm,M4_intersection,laplace_eb_k2|std0.5,dev,319,0.014167870520424319,0.8129297154707408,0.007279997241908106,0.887663231374328,0.016541246070196632,0.783768356491032,0.025078369905956112,0.3322884012539185,0.0219435736677116,0.4702194357366771,-0.003134796238244514,0.05329153605015674,0.003134796238244514,0.07836990595611286,0.008813380073977863,0.8968283013677149,0.0028955392702993553,0.9325774419457188,0.0075369375626495256,0.8816909017420861,0.025078369905956112,0.3322884012539185,0.0219435736677116,0.4702194357366771,-0.003134796238244514,0.05329153605015674,0.003134796238244514,0.07836990595611286,0.005906452701009554,0.023460159252242978,0.003968030368262883,0.09717868338557993,0.06896551724137931,0.02821316614420063
dense_minilm,M4_intersection,laplace_eb_k10|std0.5,dev,319,0.01053193155500956,0.8092937765053261,0.004745054955019099,0.885128289087439,0.016001670641772048,0.7832287810626074,0.018808777429467086,0.32601880877742945,0.012539184952978056,0.4608150470219436,-0.003134796238244514,0.05329153605015674,0.003134796238244514,0.07836990595611286,0.007412115234566333,0.8954270365283034,0.0023568713552899493,0.9320387740307093,0.007500915747824882,0.8816548799272617,0.018808777429467086,0.32601880877742945,0.012539184952978056,0.4608150470219436,-0.003134796238244514,0.05329153605015674,0.003134796238244514,0.07836990595611286,0.0035125650161859758,0.018031497213253773,0.0332943137998865,0.10658307210031348,0.07210031347962383,0.034482758620689655
dense_minilm,M4_intersection,laplace|std1,dev,319,0.029531487441829006,0.8282933323921454,0.01199467587620487,0.8923779100086248,0.032431431058619085,0.7996585414794546,0.050156739811912224,0.3573667711598746,0.0438871473354232,0.49216300940438873,0.0,0.05642633228840126,0.003134796238244514,0.07836990595611286,0.015388014548250874,0.9034029358419878,0.005842874229514861,0.9355247769049343,0.015285473277202593,0.8894394374566392,0.050156739811912224,0.3573667711598746,0.0438871473354232,0.49216300940438873,0.0,0.05642633228840126,0.003134796238244514,0.07836990595611286,0.01523037541564262,0.04600999278533139,0.0018926897230979174,0.2727272727272727,0.1724137931034483,0.10031347962382445
dense_minilm,M4_intersection,laplace_eb_k2|std1,dev,319,0.02361652652111173,0.8223783714714282,0.01333252511054371,0.8937157592429636,0.029748769436136684,0.796975879856972,0.04075235109717868,0.34796238244514105,0.04075235109717868,0.4890282131661442,0.0,0.05642633228840126,0.003134796238244514,0.07836990595611286,0.012872730489808564,0.9008876517835456,0.006099387209243535,0.9357812898846629,0.014048731682068877,0.8882026958615057,0.04075235109717868,0.34796238244514105,0.04075235109717868,0.4890282131661442,0.0,0.05642633228840126,0.003134796238244514,0.07836990595611286,0.011727904064761808,0.03734865762690391,0.0003571020545220848,0.16300940438871472,0.11285266457680251,0.050156739811912224
dense_minilm,M4_intersection,laplace_eb_k10|std1,dev,319,0.017861270932568278,0.8166231158828847,0.010079104044594361,0.8904623381770143,0.02547445367776488,0.7927015640986003,0.03761755485893417,0.3448275862068966,0.034482758620689655,0.4827586206896552,-0.003134796238244514,0.05329153605015674,0.003134796238244514,0.07836990595611286,0.011230194082828151,0.8992451153765652,0.004705029968931383,0.9343869326443508,0.01204844591759589,0.8862024100970325,0.03761755485893417,0.3448275862068966,0.034482758620689655,0.4827586206896552,-0.003134796238244514,0.05329153605015674,0.003134796238244514,0.07836990595611286,0.008554076996623161,0.02875880747916743,0.007022875127472495,0.19435736677115986,0.12539184952978055,0.06896551724137931
dense_minilm,M4_intersection,laplace|std2,dev,319,0.037999014577428374,0.8367608595277448,0.013882920192700569,0.8942661543251205,0.0457570860892254,0.8129841965100608,0.07836990595611286,0.38557993730407525,0.05329153605015674,0.5015673981191222,-0.006269592476489028,0.050156739811912224,-0.003134796238244514,0.07210031347962383,0.019404009591823087,0.9074189308855601,0.007233793458968495,0.9369156961343879,0.021916758191996608,0.8960707223714333,0.07836990595611286,0.38557993730407525,0.05329153605015674,0.5015673981191222,-0.006269592476489028,0.050156739811912224,-0.003134796238244514,0.07210031347962383,0.021625455376052746,0.056158223642520946,0.00019228769768808037,0.4012539184952978,0.2507836990595611,0.15047021943573669
dense_minilm,M4_intersection,laplace_eb_k2|std2,dev,319,0.0451318031311222,0.8438936480814386,0.015772759260428735,0.8961559933928487,0.04413677390466289,0.8113638843254982,0.07523510971786834,0.3824451410658307,0.05642633228840126,0.5047021943573667,-0.003134796238244514,0.05329153605015674,0.003134796238244514,0.07836990595611286,0.022590758284804963,0.910605679578542,0.007757073098962957,0.9374389757743824,0.021142196468425023,0.8952961606478615,0.07523510971786834,0.3824451410658307,0.05642633228840126,0.5047021943573667,-0.003134796238244514,0.05329153605015674,0.003134796238244514,0.07836990595611286,0.029209922762079673,0.0629735679029951,1.7027788248767806e-07,0.2476489028213166,0.18181818181818182,0.06583072100313479
dense_minilm,M4_intersection,laplace_eb_k10|std2,dev,319,0.03839379891192651,0.837155643862243,0.015733119929472107,0.896116354061892,0.040534173339885606,0.807761283760721,0.07210031347962383,0.3793103448275862,0.047021943573667714,0.4952978056426332,0.0,0.05642633228840126,0.0,0.07523510971786834,0.020440155996424278,0.9084550772901613,0.007065428648622806,0.9367473313240422,0.019636620361603165,0.8937905845410399,0.07210031347962383,0.3793103448275862,0.047021943573667714,0.4952978056426332,0.0,0.05642633228840126,0.0,0.07523510971786834,0.02280555232909733,0.055519900240623,3.786029136394469e-05,0.29780564263322884,0.1974921630094044,0.10031347962382445
dense_minilm,M5_backoff,laplace|abs,dev,319,0.039304271095131633,0.8380661160454481,0.008651034351800303,0.8890342684842202,0.04894120838948552,0.816168318810321,0.06269592476489028,0.36990595611285265,0.03761755485893417,0.48589341692789967,-0.009404388714733543,0.047021943573667714,-0.003134796238244514,0.07210031347962383,0.018811425632070226,0.9068263469258072,0.003991278081104673,0.9336731807565241,0.0233127759354989,0.8974667401149354,0.06269592476489028,0.36990595611285265,0.03761755485893417,0.48589341692789967,-0.009404388714733543,0.047021943573667714,-0.003134796238244514,0.07210031347962383,0.02136657704543731,0.05895352500803228,0.0023769315853129336,0.48589341692789967,0.2852664576802508,0.1974921630094044
dense_minilm,M5_backoff,laplace_eb_k2|abs,dev,319,0.04033095736441941,0.8390928023147359,0.011060378441242589,0.8914436125736626,0.048979380035475126,0.8162064904563104,0.05956112852664577,0.3667711598746082,0.034482758620689655,0.4827586206896552,-0.006269592476489028,0.050156739811912224,0.0,0.07523510971786834,0.02088715645213112,0.9089020777458682,0.005388017171602638,0.935069919847022,0.02316362913873128,0.8973175933181678,0.05956112852664577,0.3667711598746082,0.034482758620689655,0.4827586206896552,-0.006269592476489028,0.050156739811912224,0.0,0.07523510971786834,0.023303959474294537,0.06107539484937174,0.0001454494930303288,0.34169278996865204,0.21630094043887146,0.12539184952978055
dense_minilm,M5_backoff,laplace_eb_k10|abs,dev,319,0.04358920654673188,0.8423510514970484,0.013136646777484858,0.8935198809099048,0.04852139576335312,0.8157485061841885,0.06583072100313479,0.3730407523510972,0.03761755485893417,0.48589341692789967,-0.006269592476489028,0.050156739811912224,0.0,0.07523510971786834,0.02225184776939942,0.9102667690631364,0.0066843494352502135,0.9363662521106696,0.02369631674596135,0.897850280925398,0.06583072100313479,0.3730407523510972,0.03761755485893417,0.48589341692789967,-0.006269592476489028,0.050156739811912224,0.0,0.07523510971786834,0.026367695055913683,0.06348441970362372,0.00011856519245264293,0.43260188087774293,0.26332288401253917,0.16614420062695925
dense_minilm,M5_backoff,laplace|std0.5,dev,319,0.012906334943905893,0.8116681798942224,0.008737992156635632,0.8891212262890555,0.01900298287595701,0.7862300932967926,0.0219435736677116,0.329153605015674,0.02821316614420063,0.47648902821316613,-0.006269592476489028,0.050156739811912224,0.003134796238244514,0.07836990595611286,0.008281635079637964,0.8962965563733749,0.003969272102308124,0.9336511747777275,0.009000686848051494,0.8831546510274881,0.0219435736677116,0.329153605015674,0.02821316614420063,0.47648902821316613,-0.006269592476489028,0.050156739811912224,0.003134796238244514,0.07836990595611286,0.004797787875591027,0.02233399679901831,0.09337627437220898,0.15987460815047022,0.09404388714733543,0.06583072100313479
dense_minilm,M5_backoff,laplace_eb_k2|std0.5,dev,319,0.01434972214287725,0.8131115670931938,0.005777708415327401,0.8861609425477474,0.017382470455289255,0.7846095808761246,0.0219435736677116,0.329153605015674,0.018808777429467086,0.4670846394984326,-0.006269592476489028,0.050156739811912224,0.003134796238244514,0.07836990595611286,0.008278391764829151,0.8962933130585662,0.0026044727866552466,0.9322863754620746,0.00803960569226256,0.8821935698716993,0.0219435736677116,0.329153605015674,0.018808777429467086,0.4670846394984326,-0.006269592476489028,0.050156739811912224,0.003134796238244514,0.07836990595611286,0.006220396756425173,0.02361327163104353,0.007928791831643658,0.11285266457680251,0.07523510971786834,0.03761755485893417
dense_minilm,M5_backoff,laplace_eb_k10|std0.5,dev,319,0.010971927600781372,0.8097337725510978,0.004644055912113488,0.8850272900445334,0.016840674240013644,0.784067784660849,0.01567398119122257,0.322884012539185,0.012539184952978056,0.4608150470219436,-0.006269592476489028,0.050156739811912224,0.003134796238244514,0.07836990595611286,0.0071681370742642395,0.8951830583680013,0.0023568713552899493,0.9320387740307093,0.007972629503770307,0.882126593683207,0.01567398119122257,0.322884012539185,0.012539184952978056,0.4608150470219436,-0.006269592476489028,0.050156739811912224,0.003134796238244514,0.07836990595611286,0.004107735596807399,0.018466012235322155,0.05413063649743804,0.12225705329153605,0.07836990595611286,0.0438871473354232
dense_minilm,M5_backoff,laplace|std1,dev,319,0.030367501395342864,0.8291293463456594,0.013293802364492865,0.8936770364969128,0.034977539299423786,0.8022046497202592,0.050156739811912224,0.3573667711598746,0.04075235109717868,0.4890282131661442,-0.003134796238244514,0.05329153605015674,0.003134796238244514,0.07836990595611286,0.01600384030222519,0.9040187615959622,0.006007674532624248,0.9356895772080437,0.016604939000359895,0.8907589031797964,0.050156739811912224,0.3573667711598746,0.04075235109717868,0.4890282131661442,-0.003134796238244514,0.05329153605015674,0.003134796238244514,0.07836990595611286,0.016303403263321865,0.04646133126918703,0.002929772945660751,0.27586206896551724,0.16927899686520376,0.10658307210031348
dense_minilm,M5_backoff,laplace_eb_k2|std1,dev,319,0.02258879625965435,0.8213506412099708,0.012471748743685061,0.892854982876105,0.032106669873092616,0.799333780293928,0.03761755485893417,0.3448275862068966,0.034482758620689655,0.4827586206896552,-0.003134796238244514,0.05329153605015674,0.003134796238244514,0.07836990595611286,0.012040197288728433,0.9000551185824655,0.005674807068696217,0.9353567097441156,0.015078055092533554,0.8892320192719702,0.03761755485893417,0.3448275862068966,0.034482758620689655,0.4827586206896552,-0.003134796238244514,0.05329153605015674,0.003134796238244514,0.07836990595611286,0.010909339305025098,0.03608190149746156,0.002868876247643338,0.18808777429467086,0.11912225705329153,0.06896551724137931
dense_minilm,M5_backoff,laplace_eb_k10|std1,dev,319,0.018102337223795888,0.8168641821741124,0.009609225775380866,0.8899924599078008,0.027855567900364673,0.7950826783212,0.03134796238244514,0.3385579937304075,0.03134796238244514,0.47962382445141066,-0.006269592476489028,0.050156739811912224,0.003134796238244514,0.07836990595611286,0.010666177657704369,0.8986810989514413,0.004603059874806658,0.9342849625502261,0.013353750903778315,0.8875077150832149,0.03134796238244514,0.3385579937304075,0.03134796238244514,0.47962382445141066,-0.006269592476489028,0.050156739811912224,0.003134796238244514,0.07836990595611286,0.008650010710342737,0.029028421372969314,0.01687860300599304,0.2225705329153605,0.13479623824451412,0.0877742946708464
dense_minilm,M5_backoff,laplace|std2,dev,319,0.04383138547356599,0.8425932304238825,0.016420506524815456,0.8968037406572353,0.04949357882142067,0.8167206892422562,0.08150470219435736,0.3887147335423197,0.0438871473354232,0.49216300940438873,-0.009404388714733543,0.047021943573667714,-0.003134796238244514,0.07210031347962383,0.021904481428917672,0.9099194027226547,0.007445548115105465,0.9371274507905248,0.023893715875649528,0.8980476800550861,0.08150470219435736,0.3887147335423197,0.0438871473354232,0.49216300940438873,-0.009404388714733543,0.047021943573667714,-0.003134796238244514,0.07210031347962383,0.026323134049796575,0.06310463616081446,6.529521247860919e-05,0.4231974921630094,0.2664576802507837,0.15673981191222572
dense_minilm,M5_backoff,laplace_eb_k2|std2,dev,319,0.041516568651860784,0.8402784136021773,0.013365084474736994,0.893748318607157,0.04329890133258317,0.8105260117534185,0.06583072100313479,0.3730407523510972,0.047021943573667714,0.4952978056426332,-0.006269592476489028,0.050156739811912224,0.003134796238244514,0.07836990595611286,0.02067216679593986,0.9086870880896769,0.005813724942341867,0.9354956276177613,0.020548331102233697,0.8947022952816702,0.06583072100313479,0.3730407523510972,0.047021943573667714,0.4952978056426332,-0.006269592476489028,0.050156739811912224,0.003134796238244514,0.07836990595611286,0.025506142926253497,0.059596889676835636,5.3242723272585145e-06,0.27899686520376177,0.19122257053291536,0.0877742946708464
dense_minilm,M5_backoff,laplace_eb_k10|std2,dev,319,0.03832559711460409,0.8370874420649206,0.014237917749485626,0.8946211518819056,0.04207833961446457,0.8093054500353,0.06583072100313479,0.3730407523510972,0.03761755485893417,0.48589341692789967,-0.003134796238244514,0.05329153605015674,0.0,0.07523510971786834,0.019824041094525853,0.9078389623882629,0.006216448022280367,0.9358983506976998,0.020299636887906116,0.8944536010673427,0.06583072100313479,0.3730407523510972,0.03761755485893417,0.48589341692789967,-0.003134796238244514,0.05329153605015674,0.0,0.07523510971786834,0.022875151249834084,0.05664841637809448,0.00034753233547403983,0.3385579937304075,0.21003134796238246,0.12852664576802508
dense_minilm,semantic_intersection_tau0.6,laplace|abs,dev,319,0.021832193093240075,0.8205940380435566,0.0037172162981242594,0.8841004504305442,0.020565544732125202,0.7877926551529607,0.0438871473354232,0.3510971786833856,0.01567398119122257,0.46394984326018807,-0.006269592476489028,0.050156739811912224,-0.003134796238244514,0.07210031347962383,0.010182729522262622,0.8981976508159997,0.002400376206281417,0.9320822788817008,0.009478945156623578,0.8836329093360601,0.0438871473354232,0.3510971786833856,0.01567398119122257,0.46394984326018807,-0.006269592476489028,0.050156739811912224,-0.003134796238244514,0.07210031347962383,0.00832377022313287,0.03740163362792293,0.025856582749865784,0.3793103448275862,0.219435736677116,0.15987460815047022
dense_minilm,semantic_intersection_tau0.6,laplace_eb_k2|abs,dev,319,0.02307019184188783,0.8218320367922043,0.004177291004635324,0.8845605251370553,0.02101731831470627,0.7882444287355417,0.047021943573667714,0.3542319749216301,0.012539184952978056,0.4608150470219436,-0.003134796238244514,0.05329153605015674,0.0,0.07523510971786834,0.010258256267978107,0.8982731775617151,0.0026085974654433868,0.9322905001408628,0.009927768785751728,0.8840817329651884,0.047021943573667714,0.3542319749216301,0.012539184952978056,0.4608150470219436,-0.003134796238244514,0.05329153605015674,0.0,0.07523510971786834,0.01127275639099761,0.03658314031843668,0.002004078892179111,0.2006269592476489,0.12539184952978055,0.07523510971786834
dense_minilm,semantic_intersection_tau0.6,laplace_eb_k10|abs,dev,319,0.0250323008874367,0.8237941458377531,0.00474301083334561,0.8851262449657655,0.019743142807184717,0.7869702532280202,0.047021943573667714,0.3542319749216301,0.01567398119122257,0.46394984326018807,-0.003134796238244514,0.05329153605015674,0.0,0.07523510971786834,0.010979678750411843,0.8989946000441489,0.0027314211507576012,0.932413323826177,0.009312198883313746,0.8834661630627503,0.047021943573667714,0.3542319749216301,0.01567398119122257,0.46394984326018807,-0.003134796238244514,0.05329153605015674,0.0,0.07523510971786834,0.013487898144976099,0.03890346696711259,0.009977827755972193,0.2852664576802508,0.16614420062695925,0.11912225705329153
dense_minilm,semantic_intersection_tau0.6,laplace|std0.5,dev,319,0.006064646576639253,0.8048264915269557,0.0020016973668878727,0.8823849314993079,0.008937861174812135,0.7761649715956476,0.018808777429467086,0.32601880877742945,0.006269592476489028,0.45454545454545453,-0.003134796238244514,0.05329153605015674,0.003134796238244514,0.07836990595611286,0.0029852347314170908,0.8910001560251541,0.0010090608581853884,0.9306909635336048,0.004392509587506141,0.8785464737669428,0.018808777429467086,0.32601880877742945,0.006269592476489028,0.45454545454545453,-0.003134796238244514,0.05329153605015674,0.003134796238244514,0.07836990595611286,0.0008368254875688344,0.012270583044212063,0.5229617822633396,0.109717868338558,0.05956112852664577,0.050156739811912224
dense_minilm,semantic_intersection_tau0.6,laplace_eb_k2|std0.5,dev,319,0.006617956120392372,0.8053798010707088,0.0011956872984907095,0.8815789214309107,0.007565081245660031,0.7747921916664955,0.018808777429467086,0.32601880877742945,0.003134796238244514,0.45141065830721006,-0.003134796238244514,0.05329153605015674,0.003134796238244514,0.07836990595611286,0.003124355522442761,0.8911392768161798,0.0005241533431887253,0.9302060560186081,0.003566800426913653,0.8777207646063502,0.018808777429467086,0.32601880877742945,0.003134796238244514,0.45141065830721006,-0.003134796238244514,0.05329153605015674,0.003134796238244514,0.07836990595611286,0.0013930757474562964,0.012750990156282822,0.11192770811902444,0.05642633228840126,0.034482758620689655,0.0219435736677116
dense_minilm,semantic_intersection_tau0.6,laplace_eb_k10|std0.5,dev,319,0.004864206228136643,0.8036260511784531,0.0007547734299423553,0.8811380075623623,0.007992334747949735,0.7752194451687852,0.01567398119122257,0.322884012539185,0.0,0.4482758620689655,-0.003134796238244514,0.05329153605015674,0.003134796238244514,0.07836990595611286,0.0027927855339169878,0.890807706827654,0.0005119743765708421,0.9301938770519902,0.003971978844520068,0.8781259430239569,0.01567398119122257,0.322884012539185,0.0,0.4482758620689655,-0.003134796238244514,0.05329153605015674,0.003134796238244514,0.07836990595611286,-0.00016466152845505261,0.010631430177105631,0.7533040472859123,0.07523510971786834,0.04075235109717868,0.034482758620689655
dense_minilm,semantic_intersection_tau0.6,laplace|std1,dev,319,0.013292242413777916,0.8120540873640943,0.004619859322485132,0.885003093454905,0.01471850068124484,0.7819456111020803,0.034482758620689655,0.34169278996865204,0.012539184952978056,0.4608150470219436,0.0,0.05642633228840126,0.003134796238244514,0.07836990595611286,0.0059656857696820205,0.893980607063419,0.002545244828286963,0.9322271475037064,0.007299167235443212,0.8814531314148799,0.034482758620689655,0.34169278996865204,0.012539184952978056,0.4608150470219436,0.0,0.05642633228840126,0.003134796238244514,0.07836990595611286,0.0022617662039389804,0.02650721454788525,0.05381854608164319,0.219435736677116,0.13166144200626959,0.0877742946708464
dense_minilm,semantic_intersection_tau0.6,laplace_eb_k2|std1,dev,319,0.014182490241191231,0.8129443351915077,0.003513394665194903,0.8838966287976149,0.013272406291625342,0.7804995167124608,0.02821316614420063,0.335423197492163,0.012539184952978056,0.4608150470219436,0.0,0.05642633228840126,0.003134796238244514,0.07836990595611286,0.006522248344361595,0.8945371696380986,0.0019531330344818975,0.9316350357099012,0.006375035522126105,0.8805289997015626,0.02821316614420063,0.335423197492163,0.012539184952978056,0.4608150470219436,0.0,0.05642633228840126,0.003134796238244514,0.07836990595611286,0.004845109738432875,0.02571126350601637,0.020918115456636074,0.109717868338558,0.06896551724137931,0.04075235109717868
dense_minilm,semantic_intersection_tau0.6,laplace_eb_k10|std1,dev,319,0.009404438042715426,0.808166282993032,0.003325408342116305,0.8837086424745363,0.011786728634916505,0.7790138390557519,0.02821316614420063,0.335423197492163,0.012539184952978056,0.4608150470219436,-0.003134796238244514,0.05329153605015674,0.003134796238244514,0.07836990595611286,0.005087571458009343,0.8931024927517464,0.00191595823413526,0.9315978609095547,0.005962036526688961,0.8801160007061257,0.02821316614420063,0.335423197492163,0.012539184952978056,0.4608150470219436,-0.003134796238244514,0.05329153605015674,0.003134796238244514,0.07836990595611286,0.0025948592651413526,0.017759044879469374,0.30991616167779235,0.15047021943573669,0.08463949843260188,0.06583072100313479
dense_minilm,semantic_intersection_tau0.6,laplace|std2,dev,319,0.019069809711838963,0.8178316546621555,0.004804024221755121,0.885187258354175,0.01891212979547656,0.786139240216312,0.05329153605015674,0.3605015673981191,0.012539184952978056,0.4608150470219436,-0.006269592476489028,0.050156739811912224,-0.003134796238244514,0.07210031347962383,0.008834780757330055,0.8968497020510671,0.0023510897047467364,0.9320329923801661,0.00907075143533067,0.8832247156147673,0.05329153605015674,0.3605015673981191,0.012539184952978056,0.4608150470219436,-0.006269592476489028,0.050156739811912224,-0.003134796238244514,0.07210031347962383,0.006907092760022157,0.033307799967852506,0.00879850354594896,0.329153605015674,0.1974921630094044,0.13166144200626959
dense_minilm,semantic_intersection_tau0.6,laplace_eb_k2|std2,dev,319,0.020226466571649414,0.8189883115219658,0.004537323612404468,0.8849205577448244,0.016903443578455513,0.7841305539992909,0.047021943573667714,0.3542319749216301,0.01567398119122257,0.46394984326018807,-0.003134796238244514,0.05329153605015674,0.003134796238244514,0.07836990595611286,0.009063607099287935,0.8970785283930249,0.002643481504207121,0.9323253841796265,0.008231141406540587,0.8823851055859774,0.047021943573667714,0.3542319749216301,0.01567398119122257,0.46394984326018807,-0.003134796238244514,0.05329153605015674,0.003134796238244514,0.07836990595611286,0.009608191226063104,0.032676537107197465,0.002358528480221628,0.16614420062695925,0.10658307210031348,0.05956112852664577
dense_minilm,semantic_intersection_tau0.6,laplace_eb_k10|std2,dev,319,0.018041678543748527,0.816803523494065,0.004552266440795133,0.884935500573215,0.01640057850126936,0.7836276889221048,0.047021943573667714,0.3542319749216301,0.012539184952978056,0.4608150470219436,0.0,0.05642633228840126,0.0,0.07523510971786834,0.008801883477776029,0.896816804771513,0.0025365698300185246,0.9322184725054379,0.008181665515451223,0.8823356296948879,0.047021943573667714,0.3542319749216301,0.012539184952978056,0.4608150470219436,0.0,0.05642633228840126,0.0,0.07523510971786834,0.007482833936109812,0.030450232044376174,0.05286350603976755,0.22570532915360503,0.13166144200626959,0.09404388714733543
dense_minilm,semantic_intersection_tau0.7,laplace|abs,dev,319,0.017113515715987706,0.8158753606663042,0.00032763094363915133,0.8807108650760591,0.01404898532412269,0.7812760957449583,0.03761755485893417,0.3448275862068966,0.006269592476489028,0.45454545454545453,-0.006269592476489028,0.050156739811912224,-0.006269592476489028,0.06896551724137931,0.00788135793889204,0.895896279232629,0.0006783410299534335,0.9303602437053728,0.007054729913843088,0.8812086940932797,0.03761755485893417,0.3448275862068966,0.006269592476489028,0.45454545454545453,-0.006269592476489028,0.050156739811912224,-0.006269592476489028,0.06896551724137931,0.006144934725658647,0.03040976629455261,0.03073480543340223,0.3103448275862069,0.1786833855799373,0.13166144200626959
dense_minilm,semantic_intersection_tau0.7,laplace_eb_k2|abs,dev,319,0.013862499856276198,0.8126243448065926,0.0014198876473597224,0.8818031217797797,0.01272438965901312,0.7799515000798486,0.02821316614420063,0.335423197492163,0.003134796238244514,0.45141065830721006,-0.003134796238244514,0.05329153605015674,-0.003134796238244514,0.07210031347962383,0.006618574495225864,0.8946334957889629,0.0008150497947740704,0.9304969524701935,0.00616914755124657,0.8803231117306832,0.02821316614420063,0.335423197492163,0.003134796238244514,0.45141065830721006,-0.003134796238244514,0.05329153605015674,-0.003134796238244514,0.07210031347962383,0.004881948971869804,0.02484767412690906,0.04308792223465431,0.16614420062695925,0.09717868338557993,0.06896551724137931
dense_minilm,semantic_intersection_tau0.7,laplace_eb_k10|abs,dev,319,0.014799085530367765,0.8135609304806842,0.0022830686599109615,0.8826663027923309,0.012376491669390269,0.7796036020902257,0.03134796238244514,0.3385579937304075,0.006269592476489028,0.45454545454545453,-0.003134796238244514,0.05329153605015674,0.0,0.07523510971786834,0.007696157338850924,0.8957110786325879,0.001152890976693563,0.930834793652113,0.00614345531478571,0.8802974194942222,0.03134796238244514,0.3385579937304075,0.006269592476489028,0.45454545454545453,-0.003134796238244514,0.05329153605015674,0.0,0.07523510971786834,0.006099786796259656,0.025768512781697745,0.11904530163207255,0.2507836990595611,0.14106583072100312,0.109717868338558
dense_minilm,semantic_intersection_tau0.7,laplace|std0.5,dev,319,0.0038737782677139235,0.8026356232180304,0.0018607060363673865,0.8822439401687873,0.005802381136761189,0.7730294915575967,0.009404388714733543,0.3166144200626959,0.009404388714733543,0.45768025078369906,-0.003134796238244514,0.05329153605015674,0.003134796238244514,0.07836990595611286,0.001992528528255355,0.8900074498219923,0.0009057095805679369,0.9305876122559873,0.002891291458404923,0.8770452556378416,0.009404388714733543,0.3166144200626959,0.009404388714733543,0.45768025078369906,-0.003134796238244514,0.05329153605015674,0.003134796238244514,0.07836990595611286,-0.00019571170864807774,0.009190120118258515,0.9917945644340904,0.09404388714733543,0.047021943573667714,0.047021943573667714
dense_minilm,semantic_intersection_tau0.7,laplace_eb_k2|std0.5,dev,319,0.00432465638860266,0.8030865013389191,0.0006279496937336219,0.8810111838261535,0.004596613151339525,0.7718237235721749,0.006269592476489028,0.31347962382445144,0.003134796238244514,0.45141065830721006,-0.003134796238244514,0.05329153605015674,0.003134796238244514,0.07836990595611286,0.0021050295859668697,0.8901199508797039,0.0003303089485646789,0.9300122116239841,0.002241804868823682,0.8763957690482602,0.006269592476489028,0.31347962382445144,0.003134796238244514,0.45141065830721006,-0.003134796238244514,0.05329153605015674,0.003134796238244514,0.07836990595611286,0.0003403697781801971,0.009645818979669138,0.3626859408352129,0.0438871473354232,0.025078369905956112,0.018808777429467086
dense_minilm,semantic_intersection_tau0.7,laplace_eb_k10|std0.5,dev,319,0.003439348226056951,0.8022011931763734,0.00040023042864186637,0.8807834645610618,0.005018911433630975,0.7722460218544663,0.006269592476489028,0.31347962382445144,0.0,0.4482758620689655,-0.003134796238244514,0.05329153605015674,0.003134796238244514,0.07836990595611286,0.002042417615932357,0.8900573389096693,0.000392928018839008,0.9300748306942584,0.0026700851125029566,0.8768240492919397,0.006269592476489028,0.31347962382445144,0.0,0.4482758620689655,-0.003134796238244514,0.05329153605015674,0.003134796238244514,0.07836990595611286,-0.0007897086207956356,0.008899147301725448,0.8757103086427647,0.06583072100313479,0.034482758620689655,0.03134796238244514
dense_minilm,semantic_intersection_tau0.7,laplace|std1,dev,319,0.010521065245227754,0.8092829101955442,0.0013074791730384467,0.8816907133054583,0.008793282999327192,0.7760203934201626,0.025078369905956112,0.3322884012539185,0.006269592476489028,0.45454545454545453,0.0,0.05642633228840126,0.0,0.07523510971786834,0.005088542696076875,0.8931034639898139,0.000769700563066058,0.9304516032384854,0.004479073282319551,0.8786330374617562,0.025078369905956112,0.3322884012539185,0.006269592476489028,0.45454545454545453,0.0,0.05642633228840126,0.0,0.07523510971786834,0.002807588477073045,0.020219450734765925,0.2401467146433296,0.1755485893416928,0.09717868338557993,0.07836990595611286
dense_minilm,semantic_intersection_tau0.7,laplace_eb_k2|std1,dev,319,0.009058170931466322,0.8078200158817828,0.001892388801215958,0.8822756229336359,0.008397603291889716,0.7756247137127252,0.01567398119122257,0.322884012539185,0.009404388714733543,0.45768025078369906,0.0,0.05642633228840126,0.003134796238244514,0.07836990595611286,0.004507765500896777,0.8925226867946338,0.0010280760478076517,0.930709978723227,0.004064292257482355,0.878218256436919,0.01567398119122257,0.322884012539185,0.009404388714733543,0.45768025078369906,0.0,0.05642633228840126,0.003134796238244514,0.07836990595611286,0.001543149725770502,0.018526022626688485,0.12209034758061738,0.09090909090909091,0.05329153605015674,0.03761755485893417
dense_minilm,semantic_intersection_tau0.7,laplace_eb_k10|std1,dev,319,0.006752415323705883,0.8055142602740224,0.0018369230357083407,0.8822201571681283,0.007221708014654143,0.7744488184354896,0.018808777429467086,0.32601880877742945,0.009404388714733543,0.45768025078369906,-0.003134796238244514,0.05329153605015674,0.003134796238244514,0.07836990595611286,0.004039899869398637,0.8920548211631356,0.0010872694392189337,0.9307691721146383,0.0038266727356327723,0.8779806369150694,0.018808777429467086,0.32601880877742945,0.009404388714733543,0.45768025078369906,-0.003134796238244514,0.05329153605015674,0.003134796238244514,0.07836990595611286,0.0006463356456225943,0.014906226913663658,0.7719701213278998,0.13479623824451412,0.07210031347962383,0.06269592476489028
dense_minilm,semantic_intersection_tau0.7,laplace|std2,dev,319,0.016295850417083334,0.8150576953673998,0.0008445949203168336,0.8812278290527368,0.011008931210609064,0.7782360416314444,0.04075235109717868,0.34796238244514105,0.006269592476489028,0.45454545454545453,-0.006269592476489028,0.050156739811912224,-0.006269592476489028,0.06896551724137931,0.007339222490974354,0.8953541437847113,0.0004872575075275098,0.9301691601829469,0.005676718658788077,0.8798306828382247,0.04075235109717868,0.34796238244514105,0.006269592476489028,0.45454545454545453,-0.006269592476489028,0.050156739811912224,-0.006269592476489028,0.06896551724137931,0.006341179585241973,0.02835663237191479,0.037718514786053634,0.2852664576802508,0.15987460815047022,0.12539184952978055
dense_minilm,semantic_intersection_tau0.7,laplace_eb_k2|std2,dev,319,0.010570597685990288,0.8093324426363068,0.001995506892009962,0.8823787410244299,0.009955943074532809,0.7771830534953682,0.02821316614420063,0.335423197492163,0.006269592476489028,0.45454545454545453,-0.003134796238244514,0.05329153605015674,0.0,0.07523510971786834,0.0052328911320916535,0.8932478124258286,0.0010728903325000153,0.9307547930079194,0.005007838268638778,0.8791618024480753,0.02821316614420063,0.335423197492163,0.006269592476489028,0.45454545454545453,-0.003134796238244514,0.05329153605015674,0.0,0.07523510971786834,0.0026335460008311794,0.020193645229627348,0.07392246519670155,0.13479623824451412,0.07836990595611286,0.05642633228840126
dense_minilm,semantic_intersection_tau0.7,laplace_eb_k10|std2,dev,319,0.010201432114484541,0.808963277064801,0.002166934147897559,0.8825501682803175,0.009221947235186644,0.7764490576560221,0.03134796238244514,0.3385579937304075,0.003134796238244514,0.45141065830721006,0.0,0.05642633228840126,-0.003134796238244514,0.07210031347962383,0.0056886747712999305,0.8937035960650369,0.0010838105013377987,0.9307657131767572,0.004813259578423814,0.8789672237578604,0.03134796238244514,0.3385579937304075,0.003134796238244514,0.45141065830721006,0.0,0.05642633228840126,-0.003134796238244514,0.07210031347962383,0.0017698924112656274,0.020523735411395093,0.3773710253014295,0.2006269592476489,0.109717868338558,0.09090909090909091
dense_minilm,semantic_backoff_tau0.6,laplace|abs,dev,319,0.01966464421405314,0.8184264891643696,0.0010232690920276703,0.8814065032244476,0.021310018652285156,0.7885371290731207,0.03761755485893417,0.3448275862068966,0.006269592476489028,0.45454545454545453,-0.009404388714733543,0.047021943573667714,-0.003134796238244514,0.07210031347962383,0.009188180339747462,0.8972031016334845,0.0010255709710913392,0.9307074736465107,0.010103457437413615,0.8842574216168503,0.03761755485893417,0.3448275862068966,0.006269592476489028,0.45454545454545453,-0.009404388714733543,0.047021943573667714,-0.003134796238244514,0.07210031347962383,0.005566396619131947,0.03559199530152504,0.055451476385829694,0.3981191222570533,0.22884012539184953,0.16927899686520376
dense_minilm,semantic_backoff_tau0.6,laplace_eb_k2|abs,dev,319,0.021818591929902105,0.8205804368802185,0.004027941197063482,0.8844111753294834,0.02075577702922133,0.7879828874500567,0.047021943573667714,0.3542319749216301,0.009404388714733543,0.45768025078369906,-0.003134796238244514,0.05329153605015674,0.0,0.07523510971786834,0.009993453010869997,0.898008374304607,0.0023286974168496444,0.932010600092269,0.00974454771388661,0.8838985118933234,0.047021943573667714,0.3542319749216301,0.009404388714733543,0.45768025078369906,-0.003134796238244514,0.05329153605015674,0.0,0.07523510971786834,0.0101026917653024,0.035639521248381704,0.004835001406146407,0.219435736677116,0.13479623824451412,0.08463949843260188
dense_minilm,semantic_backoff_tau0.6,laplace_eb_k10|abs,dev,319,0.025063900037619012,0.8238257449879355,0.004221027921359741,0.8846042620537796,0.01953882528322991,0.7867659357040655,0.047021943573667714,0.3542319749216301,0.012539184952978056,0.4608150470219436,-0.003134796238244514,0.05329153605015674,0.0,0.07523510971786834,0.01125467309383763,0.8992695943875746,0.002406141974709251,0.9320880446501286,0.009304306761224445,0.8834582709406611,0.047021943573667714,0.3542319749216301,0.012539184952978056,0.4608150470219436,-0.003134796238244514,0.05329153605015674,0.0,0.07523510971786834,0.013539113323890302,0.0389080245736811,0.006924061095068431,0.30407523510971785,0.1786833855799373,0.12539184952978055
dense_minilm,semantic_backoff_tau0.6,laplace|std0.5,dev,319,0.00597269566828928,0.8047345406186057,0.0019987698259024784,0.8823820039583224,0.00940804363324724,0.7766351540540827,0.018808777429467086,0.32601880877742945,0.006269592476489028,0.45454545454545453,-0.003134796238244514,0.05329153605015674,0.003134796238244514,0.07836990595611286,0.002995921713431427,0.8910108430071684,0.0010090608581853884,0.9306909635336048,0.004687014773347908,0.8788409789527846,0.018808777429467086,0.32601880877742945,0.006269592476489028,0.45454545454545453,-0.003134796238244514,0.05329153605015674,0.003134796238244514,0.07836990595611286,0.0007606947286562486,0.012055709624084929,0.6486728437683009,0.11285266457680251,0.05956112852664577,0.05329153605015674
dense_minilm,semantic_backoff_tau0.6,laplace_eb_k2|std0.5,dev,319,0.006526005212042399,0.8052878501623588,0.0011927597575053153,0.8815759938899252,0.008525248759405737,0.7757523591802411,0.018808777429467086,0.32601880877742945,0.003134796238244514,0.45141065830721006,-0.003134796238244514,0.05329153605015674,0.003134796238244514,0.07836990595611286,0.003135042504457097,0.8911499637981941,0.0005241533431887253,0.9302060560186081,0.004069328719171985,0.8782232928986087,0.018808777429467086,0.32601880877742945,0.003134796238244514,0.45141065830721006,-0.003134796238244514,0.05329153605015674,0.003134796238244514,0.07836990595611286,0.001266201104396563,0.012709831075047995,0.17123878524909952,0.05956112852664577,0.034482758620689655,0.025078369905956112
dense_minilm,semantic_backoff_tau0.6,laplace_eb_k10|std0.5,dev,319,0.00477225531978667,0.8035341002701032,0.0007518458889569608,0.8811350800213769,0.00912027336119858,0.7763473837820339,0.01567398119122257,0.322884012539185,0.0,0.4482758620689655,-0.003134796238244514,0.05329153605015674,0.003134796238244514,0.07836990595611286,0.0028034725159313237,0.8908183938096683,0.0005119743765708421,0.9301938770519902,0.0045449081072613,0.878698872286698,0.01567398119122257,0.322884012539185,0.0,0.4482758620689655,-0.003134796238244514,0.05329153605015674,0.003134796238244514,0.07836990595611286,-0.00024585833416837136,0.01052458446040796,0.9036267967285596,0.07836990595611286,0.04075235109717868,0.03761755485893417
dense_minilm,semantic_backoff_tau0.6,laplace|std1,dev,319,0.013088703248941786,0.8118505481992583,0.003485550514209233,0.8838687846466292,0.015597531988889817,0.7828246424097253,0.034482758620689655,0.34169278996865204,0.009404388714733543,0.45768025078369906,0.0,0.05642633228840126,0.003134796238244514,0.07836990595611286,0.005960259878523297,0.8939751811722603,0.0020346241684916625,0.931716526843911,0.007730199718923778,0.8818841638983606,0.034482758620689655,0.34169278996865204,0.009404388714733543,0.45768025078369906,0.0,0.05642633228840126,0.003134796238244514,0.07836990595611286,0.002039784309819201,0.02628813786519732,0.1049011195541833,0.2225705329153605,0.12852664576802508,0.09404388714733543
dense_minilm,semantic_backoff_tau0.6,laplace_eb_k2|std1,dev,319,0.014264211572449783,0.8130260565227663,0.0031562539103636546,0.8835394880427836,0.014396611369889355,0.7816237217907247,0.02821316614420063,0.335423197492163,0.009404388714733543,0.45768025078369906,0.0,0.05642633228840126,0.003134796238244514,0.07836990595611286,0.0065394914636043916,0.8945544127573414,0.001635814535206762,0.9313177172106262,0.006812095193653645,0.8809660593730905,0.02821316614420063,0.335423197492163,0.009404388714733543,0.45768025078369906,0.0,0.05642633228840126,0.003134796238244514,0.07836990595611286,0.004755891873545034,0.02594576164099116,0.028456520170869436,0.12225705329153605,0.07523510971786834,0.047021943573667714
dense_minilm,semantic_backoff_tau0.6,laplace_eb_k10|std1,dev,319,0.009441985418804014,0.8082038303691205,0.003322480801130911,0.8837057149335509,0.01292130496341233,0.7801484153842477,0.025078369905956112,0.3322884012539185,0.012539184952978056,0.4608150470219436,-0.003134796238244514,0.05329153605015674,0.003134796238244514,0.07836990595611286,0.005109035482974636,0.8931239567767116,0.00191595823413526,0.9315978609095547,0.006545190396353742,0.8806991545757905,0.025078369905956112,0.3322884012539185,0.012539184952978056,0.4608150470219436,-0.003134796238244514,0.05329153605015674,0.003134796238244514,0.07836990595611286,0.002542326755845061,0.017791072905157048,0.38695257485010826,0.16300940438871472,0.0877742946708464,0.07523510971786834
dense_minilm,semantic_backoff_tau0.6,laplace|std2,dev,319,0.019181217285906632,0.8179430622362232,0.0034830666915002663,0.8838663008239201,0.021526728262161392,0.7887538386829969,0.05329153605015674,0.3605015673981191,0.006269592476489028,0.45454545454545453,-0.006269592476489028,0.050156739811912224,-0.003134796238244514,0.07210031347962383,0.009147525113951824,0.8971624464076888,0.0015937050681876538,0.9312756077436071,0.010330936322017897,0.8844849005014546,0.05329153605015674,0.3605015673981191,0.006269592476489028,0.45454545454545453,-0.006269592476489028,0.050156739811912224,-0.003134796238244514,0.07210031347962383,0.006197393545442988,0.03413568424020068,0.025390557470384056,0.3510971786833856,0.20689655172413793,0.14420062695924765
dense_minilm,semantic_backoff_tau0.6,laplace_eb_k2|std2,dev,319,0.020583173090761357,0.8193450180410778,0.004284985246703169,0.8846682193791231,0.018487982297765798,0.7857150927186013,0.0438871473354232,0.3510971786833856,0.012539184952978056,0.4608150470219436,-0.003134796238244514,0.05329153605015674,0.003134796238244514,0.07836990595611286,0.009365286199276724,0.8973802074930137,0.002274729428246477,0.9319566321036659,0.008653117010959638,0.8828070811903962,0.0438871473354232,0.3510971786833856,0.012539184952978056,0.4608150470219436,-0.003134796238244514,0.05329153605015674,0.003134796238244514,0.07836990595611286,0.008499734977196003,0.0343671125934976,0.007052676173054015,0.18808777429467086,0.11598746081504702,0.07210031347962383
dense_minilm,semantic_backoff_tau0.6,laplace_eb_k10|std2,dev,319,0.021375374267093815,0.8201372192174102,0.004073105448839433,0.8844563395812594,0.01807694060021433,0.7853040510210497,0.047021943573667714,0.3542319749216301,0.009404388714733543,0.45768025078369906,0.0,0.05642633228840126,0.0,0.07523510971786834,0.010645448600984292,0.8986603698947213,0.0021966822842445495,0.9318785849596639,0.00881733599127647,0.882971300170713,0.047021943573667714,0.3542319749216301,0.009404388714733543,0.45768025078369906,0.0,0.05642633228840126,0.0,0.07523510971786834,0.009934716998689974,0.03564752002588259,0.04396329320180579,0.2507836990595611,0.14420062695924765,0.10658307210031348
dense_minilm,semantic_backoff_tau0.7,laplace|abs,dev,319,0.013369489005740533,0.812131333956057,0.0006570925346362554,0.8810403266670562,0.014303972023221017,0.7815310824440564,0.03134796238244514,0.3385579937304075,0.006269592476489028,0.45454545454545453,-0.009404388714733543,0.047021943573667714,-0.006269592476489028,0.06896551724137931,0.0055126492693132745,0.8935275705630503,0.000656361770480404,0.9303382644458998,0.007216865272731243,0.8813708294521678,0.03134796238244514,0.3385579937304075,0.006269592476489028,0.45454545454545453,-0.009404388714733543,0.047021943573667714,-0.006269592476489028,0.06896551724137931,0.00041504690429446843,0.02781752370134416,0.07344913725509675,0.32601880877742945,0.18808777429467086,0.13793103448275862
dense_minilm,semantic_backoff_tau0.7,laplace_eb_k2|abs,dev,319,0.012340361842167415,0.8111022067924839,0.00193925711054787,0.8823224912429678,0.012542877199134108,0.7797699876199695,0.02821316614420063,0.335423197492163,0.003134796238244514,0.45141065830721006,-0.003134796238244514,0.05329153605015674,-0.003134796238244514,0.07210031347962383,0.005817893156810988,0.893832814450548,0.000805362825483364,0.9304872655009028,0.005895354960779411,0.8800493191402162,0.02821316614420063,0.335423197492163,0.003134796238244514,0.45141065830721006,-0.003134796238244514,0.05329153605015674,-0.003134796238244514,0.07210031347962383,0.0031674494984381624,0.023342639074710462,0.13550356903968677,0.1755485893416928,0.09717868338557993,0.07836990595611286
dense_minilm,semantic_backoff_tau0.7,laplace_eb_k10|abs,dev,319,0.013359202673442686,0.8121210476237591,0.0018860335260349381,0.8822692676584549,0.012384058815371652,0.7796111692362071,0.02821316614420063,0.335423197492163,0.003134796238244514,0.45141065830721006,-0.003134796238244514,0.05329153605015674,0.0,0.07523510971786834,0.0069227631562929545,0.89493768445003,0.0008336744712064258,0.9305155771466258,0.0061011020479531134,0.8802550662273898,0.02821316614420063,0.335423197492163,0.003134796238244514,0.45141065830721006,-0.003134796238244514,0.05329153605015674,0.0,0.07523510971786834,0.004350209862087214,0.024743161789582437,0.21013387869832245,0.26332288401253917,0.14420062695924765,0.11912225705329153
dense_minilm,semantic_backoff_tau0.7,laplace|std0.5,dev,319,0.0037818273593639507,0.8025436723096804,0.001807697327533112,0.8821909314599531,0.006459369760321972,0.7736864801811574,0.009404388714733543,0.3166144200626959,0.009404388714733543,0.45768025078369906,-0.003134796238244514,0.05329153605015674,0.003134796238244514,0.07836990595611286,0.002003215510269691,0.8900181368040067,0.0009057095805679369,0.9305876122559873,0.0032726732541027486,0.8774266374335394,0.009404388714733543,0.3166144200626959,0.009404388714733543,0.45768025078369906,-0.003134796238244514,0.05329153605015674,0.003134796238244514,0.07836990595611286,-0.00027322789718364846,0.009060073496779671,0.829329182521754,0.09717868338557993,0.047021943573667714,0.050156739811912224
dense_minilm,semantic_backoff_tau0.7,laplace_eb_k2|std0.5,dev,319,0.004232705480252687,0.8029945504305691,0.0006250221527482275,0.8810082562851682,0.005389071244244291,0.7726161816650797,0.006269592476489028,0.31347962382445144,0.003134796238244514,0.45141065830721006,-0.003134796238244514,0.05329153605015674,0.003134796238244514,0.07836990595611286,0.0021157165679812056,0.8901306378617182,0.0003303089485646789,0.9300122116239841,0.002609221128087058,0.8767631853075238,0.006269592476489028,0.31347962382445144,0.003134796238244514,0.45141065830721006,-0.003134796238244514,0.05329153605015674,0.003134796238244514,0.07836990595611286,0.0002309749609437482,0.009574987930844192,0.5321298884166212,0.047021943573667714,0.025078369905956112,0.0219435736677116
dense_minilm,semantic_backoff_tau0.7,laplace_eb_k10|std0.5,dev,319,0.003347397317706978,0.8021092422680235,0.00039730288765647197,0.8807805370200764,0.005979140626038876,0.7732062510468742,0.006269592476489028,0.31347962382445144,0.0,0.4482758620689655,-0.003134796238244514,0.05329153605015674,0.003134796238244514,0.07836990595611286,0.002053104597946693,0.8900680258916837,0.000392928018839008,0.9300748306942584,0.003107902342249234,0.8772618665216859,0.006269592476489028,0.31347962382445144,0.0,0.4482758620689655,-0.003134796238244514,0.05329153605015674,0.003134796238244514,0.07836990595611286,-0.00083919798365581,0.008794137907906384,0.7088842633568615,0.06896551724137931,0.034482758620689655,0.034482758620689655
dense_minilm,semantic_backoff_tau0.7,laplace|std1,dev,319,0.009065456011078575,0.807827300961395,0.0016348874867896674,0.8820181216192096,0.010035333172841505,0.7772624435936769,0.025078369905956112,0.3322884012539185,0.006269592476489028,0.45454545454545453,0.0,0.05642633228840126,0.0,0.07523510971786834,0.004340377066950066,0.892355298360687,0.0007903115315870805,0.9304722142070064,0.005006958717089088,0.8791609228965257,0.025078369905956112,0.3322884012539185,0.006269592476489028,0.45454545454545453,0.0,0.05642633228840126,0.0,0.07523510971786834,0.0009123639229883595,0.019170112398724567,0.49823626254144004,0.18808777429467086,0.10031347962382445,0.0877742946708464
dense_minilm,semantic_backoff_tau0.7,laplace_eb_k2|std1,dev,319,0.007645770486993102,0.8064076154373095,0.0015352480463847098,0.8819184821788046,0.009544155655609777,0.7767712660764452,0.01567398119122257,0.322884012539185,0.006269592476489028,0.45454545454545453,0.0,0.05642633228840126,0.003134796238244514,0.07836990595611286,0.0037335456351875137,0.8917484669289245,0.0007151081270558707,0.9303970108024753,0.004464530253485078,0.8786184944329217,0.01567398119122257,0.322884012539185,0.006269592476489028,0.45454545454545453,0.0,0.05642633228840126,0.003134796238244514,0.07836990595611286,-0.0002470378545010725,0.017365245032927083,0.33910817748609645,0.10344827586206896,0.05642633228840126,0.047021943573667714
dense_minilm,semantic_backoff_tau0.7,laplace_eb_k10|std1,dev,319,0.006573182288382121,0.8053350272386985,0.0018339954947229464,0.8822172296271429,0.008188574922309027,0.7754156853431444,0.01567398119122257,0.322884012539185,0.009404388714733543,0.45768025078369906,-0.003134796238244514,0.05329153605015674,0.003134796238244514,0.07836990595611286,0.003997057769739516,0.8920119790634765,0.0010872694392189337,0.9307691721146383,0.004274714572302598,0.8784286787517391,0.01567398119122257,0.322884012539185,0.009404388714733543,0.45768025078369906,-0.003134796238244514,0.05329153605015674,0.003134796238244514,0.07836990595611286,0.0003923550902115514,0.01473128464201401,0.9433858737049914,0.14420062695924765,0.07210031347962383,0.07210031347962383
dense_minilm,semantic_backoff_tau0.7,laplace|std2,dev,319,0.017531081099868943,0.8162929260501854,0.0010935457709440992,0.881476779903364,0.012849752371400874,0.7800768627922363,0.04075235109717868,0.34796238244514105,0.006269592476489028,0.45454545454545453,-0.006269592476489028,0.050156739811912224,-0.006269592476489028,0.06896551724137931,0.00775328820401972,0.8957682094977567,0.0005895341264790502,0.9302714368018984,0.006485186568621931,0.8806391507480585,0.04075235109717868,0.34796238244514105,0.006269592476489028,0.45454545454545453,-0.006269592476489028,0.050156739811912224,-0.006269592476489028,0.06896551724137931,0.0066051471289422445,0.030516898208137216,0.03930005435425994,0.30094043887147337,0.1724137931034483,0.12852664576802508
dense_minilm,semantic_backoff_tau0.7,laplace_eb_k2|std2,dev,319,0.011346578784870878,0.8101084237351873,0.0018681163044185101,0.8822513504368384,0.011247403186316772,0.7784745136071521,0.02821316614420063,0.335423197492163,0.003134796238244514,0.45141065830721006,-0.003134796238244514,0.05329153605015674,0.0,0.07523510971786834,0.0054375396626870085,0.893452460956424,0.0007102009271005851,0.93039210360252,0.005291587712249037,0.8794455518916856,0.02821316614420063,0.335423197492163,0.003134796238244514,0.45141065830721006,-0.003134796238244514,0.05329153605015674,0.0,0.07523510971786834,0.0019786636166998586,0.022538096275542596,0.13696224879638885,0.15047021943573669,0.08463949843260188,0.06583072100313479
dense_minilm,semantic_backoff_tau0.7,laplace_eb_k10|std2,dev,319,0.010977189368962494,0.809739034319279,0.001812720934051705,0.8821959550664716,0.010909839964772464,0.7781369503856079,0.02821316614420063,0.335423197492163,0.0,0.4482758620689655,0.0,0.05642633228840126,-0.003134796238244514,0.07210031347962383,0.005884926894615437,0.8938998481883524,0.0007499856261250367,0.9304318883015444,0.005402989540727908,0.8795569537201645,0.02821316614420063,0.335423197492163,0.0,0.4482758620689655,0.0,0.05642633228840126,-0.003134796238244514,0.07210031347962383,0.0017179995144609374,0.022310411869358494,0.506547769165919,0.219435736677116,0.11598746081504702,0.10344827586206896
bm25,M4_intersection,laplace|std0.5,dev,319,0.03283060958673214,0.7559553530113917,0.008797787013098737,0.8800454912794795,0.03426438744258731,0.7412328980179929,0.0438871473354232,0.27899686520376177,0.034482758620689655,0.49843260188087773,0.006269592476489028,0.06269592476489028,-0.003134796238244514,0.0877742946708464,0.017126327865176066,0.8700452187218263,0.005056363101289564,0.9302144485954954,0.017781980116165542,0.8632832746520686,0.0438871473354232,0.27899686520376177,0.034482758620689655,0.49843260188087773,0.006269592476489028,0.06269592476489028,-0.003134796238244514,0.0877742946708464,0.01863280071768921,0.04880625950026566,4.74011684984537e-05,0.15987460815047022,0.11598746081504702,0.0438871473354232
bm25,M4_intersection,laplace_eb_k2|std0.5,dev,319,0.029020665207626677,0.7521454086322863,0.009002786631868176,0.8802504908982489,0.03258549683613463,0.7395540074115403,0.03761755485893417,0.2727272727272727,0.02821316614420063,0.49216300940438873,0.003134796238244514,0.05956112852664577,-0.003134796238244514,0.0877742946708464,0.014686466384457196,0.8676053572411074,0.004762117578691823,0.9299202030728977,0.016015414758162063,0.8615167092940651,0.03761755485893417,0.2727272727272727,0.02821316614420063,0.49216300940438873,0.003134796238244514,0.05956112852664577,-0.003134796238244514,0.0877742946708464,0.016847332454867497,0.04338222489835326,8.927102347136882e-06,0.14420062695924765,0.10658307210031348,0.034482758620689655
bm25,M4_intersection,laplace_eb_k10|std0.5,dev,319,0.03053481816124393,0.7536595615859035,0.008232208628639532,0.8794799128950203,0.029043896701829188,0.7360124072772348,0.03761755485893417,0.2727272727272727,0.025078369905956112,0.4890282131661442,0.006269592476489028,0.06269592476489028,-0.003134796238244514,0.0877742946708464,0.016048754550820235,0.8689676454074704,0.004874227002122933,0.9300323124963288,0.014681411798471192,0.860182706334374,0.03761755485893417,0.2727272727272727,0.025078369905956112,0.4890282131661442,0.006269592476489028,0.06269592476489028,-0.003134796238244514,0.0877742946708464,0.017296461214466156,0.04491321697924577,2.376355646647043e-05,0.13793103448275862,0.09717868338557993,0.03761755485893417
bm25,M4_intersection,laplace|std1,dev,319,0.06975426174536768,0.7928790051700273,0.012090934247806155,0.8833386385141869,0.05183097865187263,0.7587994892272782,0.10031347962382445,0.335423197492163,0.03134796238244514,0.4952978056426332,0.003134796238244514,0.05956112852664577,-0.006269592476489028,0.08463949843260188,0.034430362307539555,0.8873492531641898,0.006348514818472548,0.9315066003126784,0.02647284925170827,0.8719741437876112,0.10031347962382445,0.335423197492163,0.03134796238244514,0.4952978056426332,0.003134796238244514,0.05956112852664577,-0.006269592476489028,0.08463949843260188,0.0508742518693816,0.08984271052138745,1.3496144132156033e-10,0.2664576802507837,0.21630094043887146,0.050156739811912224
bm25,M4_intersection,laplace_eb_k2|std1,dev,319,0.056376600807363335,0.779501344232023,0.012584358080053778,0.8838320623464345,0.054309532471398206,0.7612780430468039,0.08150470219435736,0.3166144200626959,0.03134796238244514,0.4952978056426332,0.006269592476489028,0.06269592476489028,-0.006269592476489028,0.08463949843260188,0.027895909678599676,0.8808148005352499,0.00644597738140429,0.9316040628756102,0.026332474203319012,0.8718337687392219,0.08150470219435736,0.3166144200626959,0.03134796238244514,0.4952978056426332,0.006269592476489028,0.06269592476489028,-0.006269592476489028,0.08463949843260188,0.0388514393969763,0.0756940509201404,8.440975084002274e-09,0.21316614420062696,0.16300940438871472,0.047021943573667714
bm25,M4_intersection,laplace_eb_k10|std1,dev,319,0.05661214715261071,0.7797368905772704,0.012188211503821107,0.8834359157702019,0.05185306357646063,0.7588215741518662,0.07523510971786834,0.3103448275862069,0.02821316614420063,0.49216300940438873,0.006269592476489028,0.06269592476489028,-0.003134796238244514,0.0877742946708464,0.02903451562675189,0.881953406483402,0.0065069157501746865,0.9316650012443806,0.025610884715770853,0.871112179251674,0.07523510971786834,0.3103448275862069,0.02821316614420063,0.49216300940438873,0.006269592476489028,0.06269592476489028,-0.003134796238244514,0.0877742946708464,0.0388049902423609,0.07586627238456356,1.832537747428378e-09,0.1974921630094044,0.15673981191222572,0.03761755485893417
bm25,M4_intersection,laplace|std2,dev,319,0.08646454300065773,0.8095892864253174,0.009936324808291134,0.8811840290746719,0.07371697244832882,0.7806854830237344,0.12539184952978055,0.3605015673981191,0.0219435736677116,0.48589341692789967,0.0,0.05642633228840126,-0.01567398119122257,0.07523510971786834,0.04168428541350888,0.8946031762701591,0.006047613475016292,0.9312056989692221,0.037138434114127324,0.8826397286500303,0.12539184952978055,0.3605015673981191,0.0219435736677116,0.48589341692789967,0.0,0.05642633228840126,-0.01567398119122257,0.07523510971786834,0.06248894424811239,0.10926858522523439,5.52369902979229e-11,0.3667711598746082,0.27899686520376177,0.0877742946708464
bm25,M4_intersection,laplace_eb_k2|std2,dev,319,0.07993497399957764,0.8030597174242372,0.015793415539690693,0.8870411198060715,0.08149811615262378,0.7884666267280295,0.109717868338558,0.3448275862068966,0.034482758620689655,0.49843260188087773,0.003134796238244514,0.05956112852664577,-0.009404388714733543,0.08150470219435736,0.03888819312974577,0.891807083986396,0.008720027989354628,0.9338781134835605,0.03950384356385114,0.8850051380997541,0.109717868338558,0.3448275862068966,0.034482758620689655,0.49843260188087773,0.003134796238244514,0.05956112852664577,-0.009404388714733543,0.08150470219435736,0.05811943958898813,0.1028758783728398,4.4196040235090225e-11,0.3103448275862069,0.23510971786833856,0.07210031347962383
bm25,M4_intersection,laplace_eb_k10|std2,dev,319,0.08533342504949779,0.8084581684741574,0.013575870695532677,0.8848235749619134,0.07424086987283257,0.7812093804482383,0.109717868338558,0.3448275862068966,0.03761755485893417,0.5015673981191222,0.0,0.05642633228840126,-0.009404388714733543,0.08150470219435736,0.04275005822271389,0.8956689490793641,0.007392353211824423,0.9325504387060303,0.03648685730736831,0.8819881518432713,0.109717868338558,0.3448275862068966,0.03761755485893417,0.5015673981191222,0.0,0.05642633228840126,-0.009404388714733543,0.08150470219435736,0.06397377822232844,0.1077051708901003,5.628110078162774e-12,0.31974921630094044,0.2476489028213166,0.06896551724137931
bm25,M5_backoff,laplace|std0.5,dev,319,0.038377396458742385,0.761502139883402,0.009936595037813098,0.8811842993041938,0.039699142188020634,0.7466676527634263,0.047021943573667714,0.28213166144200624,0.04075235109717868,0.5047021943573667,0.006269592476489028,0.06269592476489028,-0.003134796238244514,0.0877742946708464,0.019899725446880425,0.8728186163035306,0.005801761785644723,0.9309598472798506,0.01978911505223815,0.865290409588141,0.047021943573667714,0.28213166144200624,0.04075235109717868,0.5047021943573667,0.006269592476489028,0.06269592476489028,-0.003134796238244514,0.0877742946708464,0.023463252854758296,0.05478652179895149,1.5669201260056926e-06,0.15673981191222572,0.12225705329153605,0.034482758620689655
bm25,M5_backoff,laplace_eb_k2|std0.5,dev,319,0.03302468174957556,0.7561494251742352,0.009270360944413093,0.8805180652107938,0.03521666714985823,0.7421851777252639,0.04075235109717868,0.27586206896551724,0.034482758620689655,0.49843260188087773,0.003134796238244514,0.05956112852664577,-0.003134796238244514,0.0877742946708464,0.016540362356598476,0.8694592532132487,0.004866554071910703,0.9300246395661166,0.017098075525140314,0.8625993700610433,0.04075235109717868,0.27586206896551724,0.034482758620689655,0.49843260188087773,0.003134796238244514,0.05956112852664577,-0.003134796238244514,0.0877742946708464,0.02011506896594475,0.04801412674315204,1.369371305103974e-06,0.15673981191222572,0.11598746081504702,0.03761755485893417
bm25,M5_backoff,laplace_eb_k10|std0.5,dev,319,0.03426596914712912,0.7573907125717887,0.00801769253975919,0.8792653968061399,0.030319392407856017,0.7372879029832617,0.04075235109717868,0.27586206896551724,0.02821316614420063,0.49216300940438873,0.006269592476489028,0.06269592476489028,-0.003134796238244514,0.0877742946708464,0.017838865518569946,0.8707577563752201,0.004879062639134805,0.9300371481333407,0.015107391994201278,0.8606086865301042,0.04075235109717868,0.27586206896551724,0.02821316614420063,0.49216300940438873,0.006269592476489028,0.06269592476489028,-0.003134796238244514,0.0877742946708464,0.020500010644380576,0.04931951991069278,5.082734519401682e-06,0.14733542319749215,0.10658307210031348,0.03761755485893417
bm25,M5_backoff,laplace|std1,dev,319,0.07408602054589968,0.7972107639705593,0.012322756704118185,0.883570460970499,0.06176168414410845,0.7687301947195141,0.10031347962382445,0.335423197492163,0.03761755485893417,0.5015673981191222,0.003134796238244514,0.05956112852664577,-0.006269592476489028,0.08463949843260188,0.03679020922385787,0.8897091000805081,0.0067791886464181736,0.931937274140624,0.03049531704206078,0.8759966115779638,0.10031347962382445,0.335423197492163,0.03761755485893417,0.5015673981191222,0.003134796238244514,0.05956112852664577,-0.006269592476489028,0.08463949843260188,0.05495930619794747,0.09406910818946024,6.268917877034974e-12,0.2727272727272727,0.22570532915360503,0.047021943573667714
bm25,M5_backoff,laplace_eb_k2|std1,dev,319,0.05976057937806677,0.7828853228027264,0.010622707980927255,0.881870412247308,0.05371856350264859,0.7606870740780544,0.08463949843260188,0.31974921630094044,0.03761755485893417,0.5015673981191222,0.006269592476489028,0.06269592476489028,-0.006269592476489028,0.08463949843260188,0.02956766618830283,0.882486557044953,0.006190206376736441,0.9313482918709423,0.026347210377361336,0.8718485049132644,0.08463949843260188,0.31974921630094044,0.03761755485893417,0.5015673981191222,0.006269592476489028,0.06269592476489028,-0.006269592476489028,0.08463949843260188,0.04212808575025733,0.07921244273528597,2.802226042822631e-09,0.22884012539184953,0.1724137931034483,0.05329153605015674
bm25,M5_backoff,laplace_eb_k10|std1,dev,319,0.05966492644204615,0.7827896698667057,0.012056032598579191,0.8833037368649599,0.0533002709888132,0.7602687815642188,0.07836990595611286,0.31347962382445144,0.034482758620689655,0.49843260188087773,0.006269592476489028,0.06269592476489028,-0.003134796238244514,0.0877742946708464,0.030578660460475096,0.8834975513171253,0.006537527873598296,0.9316956133678042,0.026260188025740618,0.8717614825616435,0.07836990595611286,0.31347962382445144,0.034482758620689655,0.49843260188087773,0.006269592476489028,0.06269592476489028,-0.003134796238244514,0.0877742946708464,0.041186334984523,0.07957433331816173,9.5600227050737e-10,0.21003134796238246,0.16300940438871472,0.0438871473354232
bm25,M5_backoff,laplace|std2,dev,319,0.09662488763889175,0.8197496310635514,0.014270255184472542,0.8855179594508533,0.08489811803187977,0.7918666286072855,0.14106583072100312,0.3761755485893417,0.03134796238244514,0.4952978056426332,0.003134796238244514,0.05956112852664577,-0.01567398119122257,0.07523510971786834,0.04757067075343715,0.9004895616100873,0.007925645871595903,0.9330837313658018,0.041423171702597204,0.8869244662385002,0.14106583072100312,0.3761755485893417,0.03134796238244514,0.4952978056426332,0.003134796238244514,0.05956112852664577,-0.01567398119122257,0.07523510971786834,0.07211444692096461,0.11957234355115963,1.5236502331212015e-12,0.3887147335423197,0.2946708463949843,0.09090909090909091
bm25,M5_backoff,laplace_eb_k2|std2,dev,319,0.08077736789810247,0.8039021113227621,0.010052417653107718,0.8813001219194885,0.07461508205656814,0.7815835926319739,0.10658307210031348,0.34169278996865204,0.034482758620689655,0.49843260188087773,0.003134796238244514,0.05956112852664577,-0.009404388714733543,0.08150470219435736,0.04081771039290114,0.8937366012495513,0.006659532882576826,0.9318176183767827,0.03625660669467292,0.8817579012305761,0.10658307210031348,0.34169278996865204,0.034482758620689655,0.49843260188087773,0.003134796238244514,0.05956112852664577,-0.009404388714733543,0.08150470219435736,0.05819815517312681,0.10421633575882376,4.797229638405594e-11,0.322884012539185,0.23824451410658307,0.07836990595611286
bm25,M5_backoff,laplace_eb_k10|std2,dev,319,0.08651225486052073,0.8096369982851803,0.010627150629007704,0.8818748548953884,0.07196596087741908,0.7789344714528248,0.109717868338558,0.3448275862068966,0.0438871473354232,0.5078369905956113,0.0,0.05642633228840126,-0.009404388714733543,0.08150470219435736,0.04327591207333867,0.8961948029299889,0.006583267244799384,0.9317413527390053,0.03528030944468459,0.8807816039805876,0.109717868338558,0.3448275862068966,0.0438871473354232,0.5078369905956113,0.0,0.05642633228840126,-0.009404388714733543,0.08150470219435736,0.064700662647155,0.10912684388283557,6.820027230089001e-12,0.3510971786833856,0.26332288401253917,0.08463949843260188
bm25,semantic_intersection_tau0.6,laplace|std0.5,dev,319,0.028135402262397694,0.7512601456870573,0.003462105148638304,0.8747098094150191,0.020947997258000985,0.7279165078334067,0.03134796238244514,0.2664576802507837,0.009404388714733543,0.47335423197492166,0.006269592476489028,0.06269592476489028,-0.003134796238244514,0.0877742946708464,0.015197715695748883,0.8681166065523991,0.0026535470283890967,0.927811632522595,0.011421552758231802,0.8569228472941347,0.03134796238244514,0.2664576802507837,0.009404388714733543,0.47335423197492166,0.006269592476489028,0.06269592476489028,-0.003134796238244514,0.0877742946708464,0.015496195775681528,0.043500546711645896,0.00010252595595438772,0.12539184952978055,0.09404388714733543,0.03134796238244514
bm25,semantic_intersection_tau0.6,laplace_eb_k2|std0.5,dev,319,0.021111899408800847,0.7442366428334605,0.0034032114620866447,0.8746509157284674,0.021301672044779438,0.7282701826201852,0.0219435736677116,0.25705329153605017,0.009404388714733543,0.47335423197492166,0.003134796238244514,0.05956112852664577,-0.003134796238244514,0.0877742946708464,0.011061741453726837,0.863980632310377,0.0014607910078521058,0.926618876502058,0.010900437402127303,0.8564017319380302,0.0219435736677116,0.25705329153605017,0.009404388714733543,0.47335423197492166,0.003134796238244514,0.05956112852664577,-0.003134796238244514,0.0877742946708464,0.010252681486658916,0.03457164664673954,0.00030248157819483463,0.11912225705329153,0.08463949843260188,0.03134796238244514
bm25,semantic_intersection_tau0.6,laplace_eb_k10|std0.5,dev,319,0.023668965949533875,0.7467937093741935,0.002511028585762813,0.8737587328521436,0.02027556494952743,0.7272440755249331,0.0219435736677116,0.25705329153605017,0.006269592476489028,0.4702194357366771,0.006269592476489028,0.06269592476489028,-0.003134796238244514,0.0877742946708464,0.012858852230269334,0.8657777430869195,0.0016376133249097484,0.9267956988191156,0.010887395307935517,0.8563886898438384,0.0219435736677116,0.25705329153605017,0.006269592476489028,0.4702194357366771,0.006269592476489028,0.06269592476489028,-0.003134796238244514,0.0877742946708464,0.011518864452745473,0.0373857869296612,0.0003205760737843948,0.11912225705329153,0.08150470219435736,0.034482758620689655
bm25,semantic_intersection_tau0.6,laplace|std1,dev,319,0.05636996002780233,0.779494703452462,0.00387589124302879,0.8751235955094095,0.03371583285002873,0.7406843434254343,0.07210031347962383,0.3072100313479624,0.003134796238244514,0.4670846394984326,0.003134796238244514,0.05956112852664577,-0.003134796238244514,0.0877742946708464,0.02860148227700619,0.8815203731336564,0.002510516807950776,0.9276686023021566,0.0180011257669395,0.8635024203028424,0.07210031347962383,0.3072100313479624,0.003134796238244514,0.4670846394984326,0.003134796238244514,0.05956112852664577,-0.003134796238244514,0.0877742946708464,0.038370229257124716,0.07573346619415432,4.798618589782388e-08,0.20689655172413793,0.16300940438871472,0.0438871473354232
bm25,semantic_intersection_tau0.6,laplace_eb_k2|std1,dev,319,0.04577052780079617,0.7688952712254558,0.006580010290056186,0.8778277145564369,0.03540856549078394,0.7423770760661896,0.05956112852664577,0.2946708463949843,0.009404388714733543,0.47335423197492166,0.006269592476489028,0.06269592476489028,-0.003134796238244514,0.0877742946708464,0.02289398019216651,0.8758128710488167,0.0028909564391946343,0.9280490419334005,0.01797568631770095,0.8634769808536039,0.05956112852664577,0.2946708463949843,0.009404388714733543,0.47335423197492166,0.006269592476489028,0.06269592476489028,-0.003134796238244514,0.0877742946708464,0.03025851890584892,0.06407799443527822,5.830152387751808e-07,0.18808777429467086,0.14106583072100312,0.0438871473354232
bm25,semantic_intersection_tau0.6,laplace_eb_k10|std1,dev,319,0.045787342102923734,0.7689120855275834,0.005653993089370967,0.8769016973557517,0.03428618499197556,0.7412546955673812,0.05642633228840126,0.29153605015673983,0.003134796238244514,0.4670846394984326,0.006269592476489028,0.06269592476489028,-0.003134796238244514,0.0877742946708464,0.024176174476976304,0.8770950653336265,0.002929530360481956,0.9280876158546878,0.017833521130690377,0.8633348156665932,0.05642633228840126,0.29153605015673983,0.003134796238244514,0.4670846394984326,0.006269592476489028,0.06269592476489028,-0.003134796238244514,0.0877742946708464,0.028594756313252225,0.06425048570881442,5.674056743773827e-07,0.1755485893416928,0.13166144200626959,0.04075235109717868
bm25,semantic_intersection_tau0.6,laplace|std2,dev,319,0.0754746718559893,0.7985994152806489,0.005091863739826836,0.8763395680062076,0.047096669879452935,0.7540651804548586,0.09717868338557993,0.3322884012539185,0.0,0.46394984326018807,0.0,0.05642633228840126,-0.012539184952978056,0.07836990595611286,0.038485139141262135,0.8914040299979124,0.0030399285326930797,0.9281980140268989,0.024406231907094157,0.8699075264429972,0.09717868338557993,0.3322884012539185,0.0,0.46394984326018807,0.0,0.05642633228840126,-0.012539184952978056,0.07836990595611286,0.05352491822011979,0.09662535246286458,1.0479917915694519e-09,0.28213166144200624,0.21630094043887146,0.06583072100313479
bm25,semantic_intersection_tau0.6,laplace_eb_k2|std2,dev,319,0.06508004287006713,0.7882047862947268,0.007290406800736454,0.8785381110671172,0.05162655368774288,0.7585950642631485,0.08150470219435736,0.3166144200626959,0.012539184952978056,0.47648902821316613,0.003134796238244514,0.05956112852664577,-0.006269592476489028,0.08463949843260188,0.0327053872582307,0.8856242781148809,0.0032791495323181152,0.928437235026524,0.02577664541973963,0.8712779399556426,0.08150470219435736,0.3166144200626959,0.012539184952978056,0.47648902821316613,0.003134796238244514,0.05956112852664577,-0.006269592476489028,0.08463949843260188,0.045507528177436245,0.0855228835874497,3.352103500074974e-09,0.2507836990595611,0.18808777429467086,0.05956112852664577
bm25,semantic_intersection_tau0.6,laplace_eb_k10|std2,dev,319,0.07108687065238116,0.7942116140770408,0.006390457616704385,0.8776381618830851,0.050843755190835845,0.7578122657662415,0.08463949843260188,0.31974921630094044,0.009404388714733543,0.47335423197492166,0.0,0.05642633228840126,-0.003134796238244514,0.0877742946708464,0.03589627520417719,0.8888151660608273,0.0030891394540433974,0.9282472249482493,0.025737359736780385,0.8712386542726834,0.08463949843260188,0.31974921630094044,0.009404388714733543,0.47335423197492166,0.0,0.05642633228840126,-0.003134796238244514,0.0877742946708464,0.05010842186249909,0.09289911166067032,1.1301442712956992e-09,0.2852664576802508,0.21316614420062696,0.06896551724137931
bm25,semantic_intersection_tau0.7,laplace|std0.5,dev,319,0.026080535497037594,0.7492052789216972,0.0014539187231033947,0.8727016229894842,0.018601645814214005,0.7255701563896196,0.02821316614420063,0.26332288401253917,0.003134796238244514,0.4670846394984326,0.006269592476489028,0.06269592476489028,0.0,0.09090909090909091,0.014510948736465837,0.867429839593116,0.0014591800008074242,0.9266172654950133,0.010095252923457223,0.8555965474593601,0.02821316614420063,0.26332288401253917,0.003134796238244514,0.4670846394984326,0.006269592476489028,0.06269592476489028,0.0,0.09090909090909091,0.01333590645261319,0.040773995655083724,0.001020673044404906,0.11912225705329153,0.08150470219435736,0.03761755485893417
bm25,semantic_intersection_tau0.7,laplace_eb_k2|std0.5,dev,319,0.021012084050612015,0.7441368274752717,0.002147193612723515,0.8733948978791043,0.01735769163198232,0.724326202207388,0.018808777429467086,0.25391849529780564,0.006269592476489028,0.4702194357366771,0.003134796238244514,0.05956112852664577,0.0,0.09090909090909091,0.011198598202493124,0.8641174890591433,0.0011360097828329917,0.9262940952770389,0.0089604552823548,0.8544617498182576,0.018808777429467086,0.25391849529780564,0.006269592476489028,0.4702194357366771,0.003134796238244514,0.05956112852664577,0.0,0.09090909090909091,0.010558610381470953,0.0337116038514342,0.0002254941813526839,0.11912225705329153,0.08463949843260188,0.03134796238244514
bm25,semantic_intersection_tau0.7,laplace_eb_k10|std0.5,dev,319,0.023569150591345043,0.7466938940160046,0.0013878063348393456,0.8726355106012201,0.01690444343235799,0.7238729540077636,0.018808777429467086,0.25391849529780564,0.003134796238244514,0.4670846394984326,0.006269592476489028,0.06269592476489028,0.0,0.09090909090909091,0.01299570897903562,0.8659145998356857,0.0013170201202918742,0.9264751056144978,0.009170441212698955,0.8546717357486019,0.018808777429467086,0.25391849529780564,0.003134796238244514,0.4670846394984326,0.006269592476489028,0.06269592476489028,0.0,0.09090909090909091,0.012041330078272237,0.03628299132129615,0.00030248157819483463,0.11912225705329153,0.08150470219435736,0.034482758620689655
bm25,semantic_intersection_tau0.7,laplace|std1,dev,319,0.05354522659113414,0.7766699700157937,0.0030421842601979416,0.8742898885265786,0.03010607315081414,0.7370745837262199,0.06269592476489028,0.29780564263322884,0.0,0.46394984326018807,0.003134796238244514,0.05956112852664577,0.0,0.09090909090909091,0.027369237525336047,0.8802881283819862,0.0021976725808505355,0.9273557580750564,0.016270392852890826,0.861771687388794,0.06269592476489028,0.29780564263322884,0.0,0.46394984326018807,0.003134796238244514,0.05956112852664577,0.0,0.09090909090909091,0.03578290983240433,0.07250758505727055,2.3326065010442584e-07,0.19435736677115986,0.14733542319749215,0.047021943573667714
bm25,semantic_intersection_tau0.7,laplace_eb_k2|std1,dev,319,0.043871253261745534,0.7669959966864052,0.0035889518672022327,0.874836656133583,0.027330828278229153,0.7342993388536349,0.05329153605015674,0.2884012539184953,0.003134796238244514,0.4670846394984326,0.006269592476489028,0.06269592476489028,0.0,0.09090909090909091,0.022288504252239456,0.8752073951088897,0.0015348302533260334,0.9266929157475319,0.014184329894642843,0.8596856244305459,0.05329153605015674,0.2884012539184953,0.003134796238244514,0.4670846394984326,0.006269592476489028,0.06269592476489028,0.0,0.09090909090909091,0.02807150838610521,0.061937897152568096,1.3722455255774756e-06,0.1786833855799373,0.12852664576802508,0.047021943573667714
bm25,semantic_intersection_tau0.7,laplace_eb_k10|std1,dev,319,0.04473535076577835,0.767860094190438,0.004118825387805233,0.8753665296541859,0.02882454795616921,0.735793058531575,0.050156739811912224,0.2852664576802508,0.006269592476489028,0.4702194357366771,0.006269592476489028,0.06269592476489028,0.0,0.09090909090909091,0.023882968018421186,0.8768018588750713,0.0023897893750181765,0.9275478748692241,0.015283124106804775,0.8607844186427078,0.050156739811912224,0.2852664576802508,0.006269592476489028,0.4702194357366771,0.006269592476489028,0.06269592476489028,0.0,0.09090909090909091,0.027961692286415905,0.06267980409546704,7.226319030030152e-07,0.1724137931034483,0.12852664576802508,0.04075235109717868
bm25,semantic_intersection_tau0.7,laplace|std2,dev,319,0.07051727708230572,0.7936420205069653,0.0038698466967639505,0.8751175509631447,0.039498359899162123,0.7464668704745677,0.09090909090909091,0.32601880877742945,0.0,0.46394984326018807,0.0,0.05642633228840126,-0.009404388714733543,0.08150470219435736,0.036592765568192104,0.8895116564248423,0.0023813877359826737,0.9275394732301886,0.02085638031316775,0.8663576748490708,0.09090909090909091,0.32601880877742945,0.0,0.46394984326018807,0.0,0.05642633228840126,-0.009404388714733543,0.08150470219435736,0.04957132280153167,0.0912268356446375,3.4899742917594826e-09,0.2601880877742947,0.2006269592476489,0.05956112852664577
bm25,semantic_intersection_tau0.7,laplace_eb_k2|std2,dev,319,0.061649644776571505,0.7847743882012311,0.00570681831306051,0.8769545225794413,0.03970753601445673,0.7466760465898624,0.07523510971786834,0.3103448275862069,0.003134796238244514,0.4670846394984326,0.003134796238244514,0.05956112852664577,0.003134796238244514,0.09404388714733543,0.03131809905404955,0.8842369899106998,0.002453627070663117,0.927611712564869,0.02050425621409401,0.8660055507499971,0.07523510971786834,0.3103448275862069,0.003134796238244514,0.4670846394984326,0.003134796238244514,0.05956112852664577,0.003134796238244514,0.09404388714733543,0.04257596604012209,0.08191332700881276,5.35794301796899e-09,0.23197492163009403,0.1724137931034483,0.05642633228840126
bm25,semantic_intersection_tau0.7,laplace_eb_k10|std2,dev,319,0.06731560518001688,0.7904403486046765,0.005220925733213515,0.8764686299995943,0.04032098498183732,0.747289495557243,0.07210031347962383,0.3072100313479624,0.003134796238244514,0.4670846394984326,0.0,0.05642633228840126,0.0,0.09090909090909091,0.034846242598979074,0.8877651334556292,0.002684024807801441,0.9278421103020074,0.021071676419446458,0.8665729709553494,0.07210031347962383,0.3072100313479624,0.003134796238244514,0.4670846394984326,0.0,0.05642633228840126,0.0,0.09090909090909091,0.047879406464137256,0.0885745002651663,2.0224203542278502e-09,0.25705329153605017,0.19435736677115986,0.05956112852664577
bm25,semantic_backoff_tau0.6,laplace|std0.5,dev,319,0.02846660154366568,0.7515913449683252,0.003372326726823765,0.8746200309932045,0.021181665178750374,0.7281501757541561,0.03134796238244514,0.2664576802507837,0.009404388714733543,0.47335423197492166,0.006269592476489028,0.06269592476489028,-0.003134796238244514,0.0877742946708464,0.015325327371728831,0.868244218228379,0.0026208844304458473,0.9277789699246517,0.011514256049099383,0.8570155505850023,0.03134796238244514,0.2664576802507837,0.009404388714733543,0.47335423197492166,0.006269592476489028,0.06269592476489028,-0.003134796238244514,0.0877742946708464,0.015835781745776115,0.04399849045846529,6.056155035322176e-05,0.12852664576802508,0.09717868338557993,0.03134796238244514
bm25,semantic_backoff_tau0.6,laplace_eb_k2|std0.5,dev,319,0.021069825256132407,0.744194568680792,0.0034168989493929105,0.8746646032157737,0.0218191908678291,0.7287877014432348,0.0219435736677116,0.25705329153605017,0.009404388714733543,0.47335423197492166,0.003134796238244514,0.05956112852664577,-0.003134796238244514,0.0877742946708464,0.01105085809402705,0.8639697489506772,0.0014802747198780501,0.926638360214084,0.011131227352776121,0.856632521888679,0.0219435736677116,0.25705329153605017,0.009404388714733543,0.47335423197492166,0.003134796238244514,0.05956112852664577,-0.003134796238244514,0.0877742946708464,0.010221492239860906,0.03452918077570891,0.00037041911089447744,0.12225705329153605,0.08463949843260188,0.034482758620689655
bm25,semantic_backoff_tau0.6,laplace_eb_k10|std0.5,dev,319,0.023668965949533875,0.7467937093741935,0.002511028585762813,0.8737587328521436,0.02056673935681675,0.7275352499322224,0.0219435736677116,0.25705329153605017,0.006269592476489028,0.4702194357366771,0.006269592476489028,0.06269592476489028,-0.003134796238244514,0.0877742946708464,0.012858852230269334,0.8657777430869195,0.0016366099489146266,0.9267946954431205,0.011000605679604697,0.8565019002155078,0.0219435736677116,0.25705329153605017,0.006269592476489028,0.4702194357366771,0.006269592476489028,0.06269592476489028,-0.003134796238244514,0.0877742946708464,0.011518864452745473,0.0373857869296612,0.0003205760737843948,0.11912225705329153,0.08150470219435736,0.034482758620689655
bm25,semantic_backoff_tau0.6,laplace|std1,dev,319,0.0567190103863474,0.779843753811007,0.0037259437073734487,0.8749736479737542,0.03446533951826603,0.7414338500936717,0.07210031347962383,0.3072100313479624,0.003134796238244514,0.4670846394984326,0.003134796238244514,0.05956112852664577,-0.003134796238244514,0.0877742946708464,0.028727162874604466,0.8816460537312546,0.0024653099547359263,0.9276233954489418,0.018398698033957644,0.8638999925698607,0.07210031347962383,0.3072100313479624,0.003134796238244514,0.4670846394984326,0.003134796238244514,0.05956112852664577,-0.003134796238244514,0.0877742946708464,0.038758326119810435,0.0761274621182568,3.1387642587939586e-08,0.21630094043887146,0.16927899686520376,0.047021943573667714
bm25,semantic_backoff_tau0.6,laplace_eb_k2|std1,dev,319,0.04568135327306287,0.7688060966977225,0.006622569034092105,0.8778702733004728,0.03655312883909966,0.7435216394145053,0.05956112852664577,0.2946708463949843,0.009404388714733543,0.47335423197492166,0.006269592476489028,0.06269592476489028,-0.003134796238244514,0.0877742946708464,0.0228819748077273,0.8758008656643775,0.002903934836761331,0.9280620203309672,0.018510584621967568,0.8640118791578706,0.05956112852664577,0.2946708463949843,0.009404388714733543,0.47335423197492166,0.006269592476489028,0.06269592476489028,-0.003134796238244514,0.0877742946708464,0.030113278588624583,0.06395239687545172,8.488274699368066e-07,0.19435736677115986,0.14106583072100312,0.050156739811912224
bm25,semantic_backoff_tau0.6,laplace_eb_k10|std1,dev,319,0.04575485850576323,0.7688796019304228,0.0056676805766772325,0.876915384843058,0.03505492507944286,0.7420234356548485,0.05642633228840126,0.29153605015673983,0.003134796238244514,0.4670846394984326,0.006269592476489028,0.06269592476489028,-0.003134796238244514,0.0877742946708464,0.024221800057491912,0.877140690914142,0.0029490140725079,0.9281070995667138,0.018161930447461838,0.8636632249833649,0.05642633228840126,0.29153605015673983,0.003134796238244514,0.4670846394984326,0.006269592476489028,0.06269592476489028,-0.003134796238244514,0.0877742946708464,0.02856308480602073,0.06425048570881442,6.776409613746281e-07,0.1786833855799373,0.13166144200626959,0.0438871473354232
bm25,semantic_backoff_tau0.6,laplace|std2,dev,319,0.07577351249497512,0.7988982559196347,0.0049547751121760165,0.8762024793785568,0.04679202882100048,0.7537605393964061,0.09404388714733543,0.329153605015674,0.0,0.46394984326018807,0.0,0.05642633228840126,-0.012539184952978056,0.07836990595611286,0.038980920673537776,0.8918998115301879,0.0030495690701523546,0.9282076545643583,0.02452351473341915,0.8700248092693221,0.09404388714733543,0.329153605015674,0.0,0.46394984326018807,0.0,0.05642633228840126,-0.012539184952978056,0.07836990595611286,0.05405901988331801,0.09741905964910981,2.898191271180553e-09,0.3072100313479624,0.22570532915360503,0.08150470219435736
bm25,semantic_backoff_tau0.6,laplace_eb_k2|std2,dev,319,0.06407945955808633,0.787204202982746,0.007196317785959632,0.8784440220523404,0.05122666313169892,0.7581951737071045,0.08463949843260188,0.31974921630094044,0.012539184952978056,0.47648902821316613,0.003134796238244514,0.05956112852664577,-0.006269592476489028,0.08463949843260188,0.032498397236707444,0.8854172880933576,0.003188805520347667,0.9283468910145536,0.025585551676705343,0.8710868462126082,0.08463949843260188,0.31974921630094044,0.012539184952978056,0.47648902821316613,0.003134796238244514,0.05956112852664577,-0.006269592476489028,0.08463949843260188,0.04438374444235081,0.08465330540479911,9.950926090691436e-09,0.25391849529780564,0.18495297805642633,0.06583072100313479
bm25,semantic_backoff_tau0.6,laplace_eb_k10|std2,dev,319,0.07020370881759261,0.7933284522422522,0.006362268636966574,0.8776099729033473,0.05041927618199381,0.7573877867573995,0.08463949843260188,0.31974921630094044,0.009404388714733543,0.47335423197492166,0.0,0.05642633228840126,-0.003134796238244514,0.0877742946708464,0.035668057053814116,0.8885869479104643,0.003062705167782344,0.9282207906619883,0.02558731739423865,0.8710886119301415,0.08463949843260188,0.31974921630094044,0.009404388714733543,0.47335423197492166,0.0,0.05642633228840126,-0.003134796238244514,0.0877742946708464,0.049235056578926156,0.0918552889509074,4.209370435887253e-09,0.2946708463949843,0.21316614420062696,0.07836990595611286
bm25,semantic_backoff_tau0.7,laplace|std0.5,dev,319,0.02641173477830558,0.7495364782029652,0.001425077969377691,0.8726727822357584,0.018896613365804137,0.7258651239412098,0.02821316614420063,0.26332288401253917,0.003134796238244514,0.4670846394984326,0.006269592476489028,0.06269592476489028,0.0,0.09090909090909091,0.014638560412445786,0.867557451269096,0.0014591800008074242,0.9266172654950133,0.010279506930736908,0.85578080146664,0.02821316614420063,0.26332288401253917,0.003134796238244514,0.4670846394984326,0.006269592476489028,0.06269592476489028,0.0,0.09090909090909091,0.013709193535826423,0.0412387739458241,0.0005970973617562248,0.12225705329153605,0.08463949843260188,0.03761755485893417
bm25,semantic_backoff_tau0.7,laplace_eb_k2|std0.5,dev,319,0.021012084050612015,0.7441368274752717,0.0021190803065942745,0.873366784572975,0.017889316015669544,0.7248578265910752,0.018808777429467086,0.25391849529780564,0.006269592476489028,0.4702194357366771,0.003134796238244514,0.05956112852664577,0.0,0.09090909090909091,0.011198598202493124,0.8641174890591433,0.0011399434091155431,0.9262980289033214,0.009177832468923728,0.8546791270048267,0.018808777429467086,0.25391849529780564,0.006269592476489028,0.4702194357366771,0.003134796238244514,0.05956112852664577,0.0,0.09090909090909091,0.010558610381470953,0.0337116038514342,0.0002254941813526839,0.11912225705329153,0.08463949843260188,0.03134796238244514
bm25,semantic_backoff_tau0.7,laplace_eb_k10|std0.5,dev,319,0.023569150591345043,0.7466938940160046,0.0013878063348393456,0.8726355106012201,0.017226010715139323,0.7241945212905451,0.018808777429467086,0.25391849529780564,0.003134796238244514,0.4670846394984326,0.006269592476489028,0.06269592476489028,0.0,0.09090909090909091,0.01299570897903562,0.8659145998356857,0.0013170201202918742,0.9264751056144978,0.00929249235455145,0.8547937868904544,0.018808777429467086,0.25391849529780564,0.003134796238244514,0.4670846394984326,0.006269592476489028,0.06269592476489028,0.0,0.09090909090909091,0.012041330078272237,0.03628299132129615,0.00030248157819483463,0.11912225705329153,0.08150470219435736,0.034482758620689655
bm25,semantic_backoff_tau0.7,laplace|std1,dev,319,0.053940724406309634,0.7770654678309693,0.0030658851876901607,0.8743135894540709,0.031021323136775098,0.7379898337121809,0.06269592476489028,0.29780564263322884,0.0,0.46394984326018807,0.003134796238244514,0.05956112852664577,0.0,0.09090909090909091,0.027470659312783363,0.8803895501694335,0.002186664873529751,0.9273447503677357,0.016727943610995537,0.8622292381468987,0.06269592476489028,0.29780564263322884,0.0,0.46394984326018807,0.003134796238244514,0.05956112852664577,0.0,0.09090909090909091,0.03604137117691268,0.07293790160827221,1.1804093227224613e-07,0.2006269592476489,0.1536050156739812,0.047021943573667714
bm25,semantic_backoff_tau0.7,laplace_eb_k2|std1,dev,319,0.043814562331172736,0.7669393057558324,0.0035741360957345994,0.8748218403621153,0.02841633910949701,0.7353848496849027,0.05329153605015674,0.2884012539184953,0.003134796238244514,0.4670846394984326,0.006269592476489028,0.06269592476489028,0.0,0.09090909090909091,0.022230873287284635,0.8751497641439349,0.0015067613236956461,0.9266648468179015,0.0146594339029916,0.8601607284388947,0.05329153605015674,0.2884012539184953,0.003134796238244514,0.4670846394984326,0.006269592476489028,0.06269592476489028,0.0,0.09090909090909091,0.02801340018226809,0.06189229457776374,1.7613181958653634e-06,0.18181818181818182,0.12852664576802508,0.050156739811912224
bm25,semantic_backoff_tau0.7,laplace_eb_k10|std1,dev,319,0.04473535076577835,0.767860094190438,0.004090712081675993,0.8753384163480568,0.029576004266178343,0.736544514841584,0.050156739811912224,0.2852664576802508,0.006269592476489028,0.4702194357366771,0.006269592476489028,0.06269592476489028,0.0,0.09090909090909091,0.023882968018421186,0.8768018588750713,0.002393723001300728,0.9275518084955066,0.01555832919655922,0.8610596237324623,0.050156739811912224,0.2852664576802508,0.006269592476489028,0.4702194357366771,0.006269592476489028,0.06269592476489028,0.0,0.09090909090909091,0.027961692286415905,0.06267980409546704,7.226319030030152e-07,0.1724137931034483,0.12852664576802508,0.04075235109717868
bm25,semantic_backoff_tau0.7,laplace|std2,dev,319,0.07066993473745813,0.7937946781621177,0.0038505420322328524,0.8750982462986135,0.03895367585753199,0.7459221864329376,0.0877742946708464,0.322884012539185,0.0,0.46394984326018807,-0.003134796238244514,0.05329153605015674,-0.009404388714733543,0.08150470219435736,0.036680664948908884,0.889599555805559,0.0023754606239474304,0.9275335461181533,0.02075018197017777,0.8662514765060807,0.0877742946708464,0.322884012539185,0.0,0.46394984326018807,-0.003134796238244514,0.05329153605015674,-0.009404388714733543,0.08150470219435736,0.04961202536303795,0.09170715250833933,4.461864885015362e-09,0.2727272727272727,0.20689655172413793,0.06583072100313479
bm25,semantic_backoff_tau0.7,laplace_eb_k2|std2,dev,319,0.061475532368806464,0.784600275793466,0.0055109970154807114,0.8767587012818614,0.03910259220480545,0.746071102780211,0.07836990595611286,0.31347962382445144,0.003134796238244514,0.4670846394984326,0.003134796238244514,0.05956112852664577,0.003134796238244514,0.09404388714733543,0.03128169621793454,0.8842005870745847,0.002341759896203642,0.9274998453904095,0.02021697821288273,0.8657182727487855,0.07836990595611286,0.31347962382445144,0.003134796238244514,0.4670846394984326,0.003134796238244514,0.05956112852664577,0.003134796238244514,0.09404388714733543,0.043013124277692605,0.08178946740901955,6.110160784911582e-09,0.22884012539184953,0.16927899686520376,0.05642633228840126
bm25,semantic_backoff_tau0.7,laplace_eb_k10|std2,dev,319,0.06725891424944408,0.7903836576741037,0.005135362237972152,0.8763830665043529,0.039632930777102796,0.7466014413525085,0.07210031347962383,0.3072100313479624,0.003134796238244514,0.4670846394984326,0.0,0.05642633228840126,0.0,0.09090909090909091,0.03478861163402426,0.8877075024906744,0.002638106809514443,0.9277961923037203,0.020722911387775385,0.8662242059236783,0.07210031347962383,0.3072100313479624,0.003134796238244514,0.4670846394984326,0.0,0.05642633228840126,0.0,0.09090909090909091,0.04785329650235026,0.08851726528805998,2.882413238240107e-09,0.2601880877742947,0.19435736677115986,0.06269592476489028
hybrid_rrf,M4_intersection,laplace|std0.5,dev,319,0.035140688563215325,0.822984323606222,0.007927911595491033,0.8844825418952117,0.02895339127384757,0.7863171460112808,0.05329153605015674,0.3542319749216301,0.034482758620689655,0.4890282131661442,-0.009404388714733543,0.050156739811912224,0.003134796238244514,0.0877742946708464,0.017343655649023744,0.9019422379780713,0.004127778977062261,0.9316286292382542,0.014425508822766966,0.883408926572172,0.05329153605015674,0.3542319749216301,0.034482758620689655,0.4890282131661442,-0.009404388714733543,0.050156739811912224,0.003134796238244514,0.0877742946708464,0.019226263707567904,0.052832833629650355,0.00017636084024464827,0.26332288401253917,0.1786833855799373,0.08463949843260188
hybrid_rrf,M4_intersection,laplace_eb_k2|std0.5,dev,319,0.03693230076456518,0.8247759358075719,0.0074946919578743575,0.884049322257595,0.02761270160024817,0.7849764563376814,0.047021943573667714,0.34796238244514105,0.03134796238244514,0.48589341692789967,-0.006269592476489028,0.05329153605015674,0.003134796238244514,0.0877742946708464,0.017532305283979935,0.9021308876130274,0.003862489914071971,0.9313633401752639,0.013537119361674151,0.882520537111079,0.047021943573667714,0.34796238244514105,0.03134796238244514,0.48589341692789967,-0.006269592476489028,0.05329153605015674,0.003134796238244514,0.0877742946708464,0.021729588552982456,0.054016266473595226,1.1492316052964462e-05,0.2006269592476489,0.14733542319749215,0.05329153605015674
hybrid_rrf,M4_intersection,laplace_eb_k10|std0.5,dev,319,0.03802806209060466,0.8258716971336114,0.005071217176682523,0.8816258474764032,0.023183488504826835,0.7805472432422601,0.050156739811912224,0.3510971786833856,0.02821316614420063,0.4827586206896552,-0.003134796238244514,0.05642633228840126,0.003134796238244514,0.0877742946708464,0.01832235775023792,0.9029209400792855,0.0027120950453707418,0.9302129453065627,0.01147962212562561,0.8804630398750305,0.050156739811912224,0.3510971786833856,0.02821316614420063,0.4827586206896552,-0.003134796238244514,0.05642633228840126,0.003134796238244514,0.0877742946708464,0.022931714485571675,0.05502185232610345,2.945014037380471e-06,0.18808777429467086,0.14733542319749215,0.04075235109717868
hybrid_rrf,M4_intersection,laplace|std1,dev,319,0.04345310516772225,0.831296740210729,0.011142740055311436,0.887697370355032,0.045343900845622565,0.8027076555830558,0.06269592476489028,0.36363636363636365,0.05329153605015674,0.5078369905956113,-0.018808777429467086,0.04075235109717868,-0.003134796238244514,0.08150470219435736,0.02062711895072722,0.9052257012797748,0.00591398014170249,0.9334148304028944,0.02229047839918107,0.891273896148586,0.06269592476489028,0.36363636363636365,0.05329153605015674,0.5078369905956113,-0.018808777429467086,0.04075235109717868,-0.003134796238244514,0.08150470219435736,0.025544911785325662,0.06285676137897472,0.00015862885388254257,0.40752351097178685,0.2601880877742947,0.14733542319749215
hybrid_rrf,M4_intersection,laplace_eb_k2|std1,dev,319,0.0403706109542458,0.8282142459972525,0.013426904020638302,0.889981534320359,0.043806643737334075,0.8011703984747672,0.050156739811912224,0.3510971786833856,0.05329153605015674,0.5078369905956113,-0.006269592476489028,0.05329153605015674,-0.003134796238244514,0.08150470219435736,0.0188250429577962,0.9034236252868437,0.0064644256729317305,0.9339652759341237,0.021216667987709884,0.8902000857371146,0.050156739811912224,0.3510971786833856,0.05329153605015674,0.5078369905956113,-0.006269592476489028,0.05329153605015674,-0.003134796238244514,0.08150470219435736,0.024581345594648658,0.057813647557575454,1.0325402092165326e-05,0.2664576802507837,0.18495297805642633,0.08150470219435736
hybrid_rrf,M4_intersection,laplace_eb_k10|std1,dev,319,0.041288201945328784,0.8291318369883355,0.011570727750425428,0.888125358050146,0.03721502220789467,0.7945787769453279,0.05329153605015674,0.3542319749216301,0.04075235109717868,0.4952978056426332,-0.006269592476489028,0.05329153605015674,0.0,0.08463949843260188,0.02071091784952576,0.9053095001785733,0.006039733610183094,0.9335405838713751,0.01813379485031654,0.8871172125997214,0.05329153605015674,0.3542319749216301,0.04075235109717868,0.4952978056426332,-0.006269592476489028,0.05329153605015674,0.0,0.08463949843260188,0.024375765663235915,0.05888510358207462,2.090635246120595e-05,0.29153605015673983,0.20376175548589343,0.0877742946708464
hybrid_rrf,M4_intersection,laplace|std2,dev,319,0.039200002753809325,0.827043637796816,0.01016713477974775,0.8867217650794684,0.05553659670124981,0.812900351438683,0.05956112852664577,0.3605015673981191,0.0438871473354232,0.49843260188087773,-0.018808777429467086,0.04075235109717868,-0.009404388714733543,0.07523510971786834,0.018732015802568776,0.9033305981316163,0.005549339665140852,0.9330501899263328,0.027512349678804882,0.8964957674282098,0.05956112852664577,0.3605015673981191,0.0438871473354232,0.49843260188087773,-0.018808777429467086,0.04075235109717868,-0.009404388714733543,0.07523510971786834,0.01795652336076042,0.061052377586804756,0.023163182668911583,0.5141065830721003,0.26332288401253917,0.2507836990595611
hybrid_rrf,M4_intersection,laplace_eb_k2|std2,dev,319,0.049522272705284406,0.8373659077482911,0.02082012589074975,0.8973747561904704,0.056817667527258586,0.8141814222646919,0.05956112852664577,0.3605015673981191,0.07210031347962383,0.5266457680250783,-0.01567398119122257,0.0438871473354232,-0.003134796238244514,0.08150470219435736,0.024162581534968648,0.9087611638640162,0.010236017195782317,0.9377368674569743,0.0273006171455204,0.8962840348949254,0.05956112852664577,0.3605015673981191,0.07210031347962383,0.5266457680250783,-0.01567398119122257,0.0438871473354232,-0.003134796238244514,0.08150470219435736,0.030569311763892725,0.07037498314505834,0.00014711908915133443,0.36990595611285265,0.21316614420062696,0.15673981191222572
hybrid_rrf,M4_intersection,laplace_eb_k10|std2,dev,319,0.04623842561693401,0.8340820606599407,0.01646113788072592,0.8930157681804466,0.05381267905515563,0.811176433792589,0.07210031347962383,0.3730407523510972,0.05329153605015674,0.5078369905956113,-0.01567398119122257,0.0438871473354232,-0.003134796238244514,0.08150470219435736,0.023618238099316444,0.9082168204283639,0.008147596378685165,0.9356484466398771,0.025962821368513436,0.8949462391179184,0.07210031347962383,0.3730407523510972,0.05329153605015674,0.5078369905956113,-0.01567398119122257,0.0438871473354232,-0.003134796238244514,0.08150470219435736,0.026593278601859057,0.06767498247302063,0.0013202909257684996,0.4106583072100313,0.2445141065830721,0.16614420062695925
hybrid_rrf,M5_backoff,laplace|std0.5,dev,319,0.03183907718867717,0.8196827122316839,0.006149696892705457,0.8827043271924261,0.028832332617063135,0.7861960873544964,0.0438871473354232,0.3448275862068966,0.034482758620689655,0.4890282131661442,-0.01567398119122257,0.0438871473354232,0.003134796238244514,0.0877742946708464,0.015594568278722255,0.9001931506077697,0.003083695625436717,0.9305845458866286,0.014414698072361723,0.8833981158217666,0.0438871473354232,0.3448275862068966,0.034482758620689655,0.4890282131661442,-0.01567398119122257,0.0438871473354232,0.003134796238244514,0.0877742946708464,0.015099059733150521,0.05061864030772241,0.0025846333870849485,0.27899686520376177,0.1755485893416928,0.10344827586206896
hybrid_rrf,M5_backoff,laplace_eb_k2|std0.5,dev,319,0.034103174194646854,0.8219468092376535,0.006175505937453721,0.8827301362371743,0.027499448402921987,0.7848632031403552,0.04075235109717868,0.34169278996865204,0.03134796238244514,0.48589341692789967,-0.009404388714733543,0.050156739811912224,0.003134796238244514,0.0877742946708464,0.015891116147504703,0.9004896984765522,0.0031989951118780156,0.9306998453730699,0.013440931310474311,0.8824243490598793,0.04075235109717868,0.34169278996865204,0.03134796238244514,0.48589341692789967,-0.009404388714733543,0.050156739811912224,0.003134796238244514,0.0877742946708464,0.018719083887049022,0.05160925616174469,0.0003582865282243806,0.23197492163009403,0.15047021943573669,0.08150470219435736
hybrid_rrf,M5_backoff,laplace_eb_k10|std0.5,dev,319,0.03384965620818183,0.8216932912511885,0.005122509869662198,0.8816771401693828,0.024337579924204506,0.7817013346616377,0.0438871473354232,0.3448275862068966,0.02821316614420063,0.4827586206896552,-0.006269592476489028,0.05329153605015674,0.003134796238244514,0.0877742946708464,0.01602450237378805,0.9006230847028356,0.002840957671497309,0.9303418079326893,0.011989425772036131,0.8809728435214411,0.0438871473354232,0.3448275862068966,0.02821316614420063,0.4827586206896552,-0.006269592476489028,0.05329153605015674,0.003134796238244514,0.0877742946708464,0.018192900055114376,0.051920856220128,0.000750437342417641,0.23824451410658307,0.15673981191222572,0.08150470219435736
hybrid_rrf,M5_backoff,laplace|std1,dev,319,0.04347448952519408,0.8313181245682008,0.012997611749882235,0.8895522420496029,0.048023652941642514,0.8053874076790758,0.05956112852664577,0.3605015673981191,0.05956112852664577,0.5141065830721003,-0.0219435736677116,0.03761755485893417,-0.006269592476489028,0.07836990595611286,0.02060455093189467,0.9052031332609421,0.00669957029408422,0.9342004205552762,0.023331879130725205,0.8923152968801301,0.05956112852664577,0.3605015673981191,0.05956112852664577,0.5141065830721003,-0.0219435736677116,0.03761755485893417,-0.006269592476489028,0.07836990595611286,0.025588206710953697,0.06385226903313941,0.0003885619038605055,0.41379310344827586,0.25705329153605017,0.15673981191222572
hybrid_rrf,M5_backoff,laplace_eb_k2|std1,dev,319,0.03510688320035845,0.8229505182433652,0.014457219353290187,0.8910118496530108,0.04583647580215924,0.8032002305395924,0.03761755485893417,0.3385579937304075,0.05642633228840126,0.5109717868338558,-0.009404388714733543,0.050156739811912224,-0.003134796238244514,0.08150470219435736,0.015878934004463746,0.9004775163335113,0.006947785429072604,0.9344486356902646,0.02232723824656495,0.89131065599597,0.03761755485893417,0.3385579937304075,0.05642633228840126,0.5109717868338558,-0.009404388714733543,0.050156739811912224,-0.003134796238244514,0.08150470219435736,0.01784893862412641,0.05409637178443255,0.0020914474152235836,0.329153605015674,0.1974921630094044,0.13166144200626959
hybrid_rrf,M5_backoff,laplace_eb_k10|std1,dev,319,0.037083643076935534,0.8249272781199423,0.00922335488108632,0.885777985180807,0.039347521874317934,0.7967112766117513,0.047021943573667714,0.34796238244514105,0.04075235109717868,0.4952978056426332,-0.009404388714733543,0.050156739811912224,0.0,0.08463949843260188,0.0182952926637237,0.9028938749927712,0.004733091050928289,0.9322339413121202,0.019415356242170903,0.8883987739915759,0.047021943573667714,0.34796238244514105,0.04075235109717868,0.4952978056426332,-0.009404388714733543,0.050156739811912224,0.0,0.08463949843260188,0.019225871643536143,0.05616124545845866,0.0015470292071774045,0.3448275862068966,0.21630094043887146,0.12852664576802508
hybrid_rrf,M5_backoff,laplace|std2,dev,319,0.04069886286524022,0.828542497908247,0.01551029684027908,0.8920649271399997,0.06181367761148928,0.8191774323489226,0.05329153605015674,0.3542319749216301,0.05329153605015674,0.5078369905956113,-0.025078369905956112,0.034482758620689655,-0.009404388714733543,0.07523510971786834,0.019277688944975037,0.9038762712740226,0.007904772381050086,0.935405622642242,0.030137885046603165,0.8991213027960081,0.05329153605015674,0.3542319749216301,0.05329153605015674,0.5078369905956113,-0.025078369905956112,0.034482758620689655,-0.009404388714733543,0.07523510971786834,0.018957692526607867,0.06335313569310598,0.022961492844479754,0.5329153605015674,0.26959247648902823,0.26332288401253917
hybrid_rrf,M5_backoff,laplace_eb_k2|std2,dev,319,0.03861523202407323,0.8264588670670799,0.015413968307097504,0.8919685986068181,0.05414071520527703,0.8115044699427103,0.047021943573667714,0.34796238244514105,0.05642633228840126,0.5109717868338558,-0.018808777429467086,0.04075235109717868,-0.003134796238244514,0.08150470219435736,0.018898309117948,0.9034968914469955,0.007117246011955237,0.9346180962731472,0.026981493840023265,0.8959649115894284,0.047021943573667714,0.34796238244514105,0.05642633228840126,0.5109717868338558,-0.018808777429467086,0.04075235109717868,-0.003134796238244514,0.08150470219435736,0.01910084649266494,0.060374958113676686,0.015234598777698206,0.42946708463949845,0.22884012539184953,0.2006269592476489
hybrid_rrf,M5_backoff,laplace_eb_k10|std2,dev,319,0.04026220108274382,0.8281058361257505,0.010907216832555574,0.8874618471322763,0.05147547758298234,0.8088392323204157,0.05956112852664577,0.3605015673981191,0.047021943573667714,0.5015673981191222,-0.018808777429467086,0.04075235109717868,-0.006269592476489028,0.07836990595611286,0.020904946943809247,0.9055035292728567,0.005447637137948159,0.9329484873991402,0.025159464323408553,0.8941428820728133,0.05956112852664577,0.3605015673981191,0.047021943573667714,0.5015673981191222,-0.018808777429467086,0.04075235109717868,-0.006269592476489028,0.07836990595611286,0.019771704259897847,0.06147613517916687,0.01579884512625367,0.48589341692789967,0.2727272727272727,0.21316614420062696
hybrid_rrf,semantic_intersection_tau0.6,laplace|std0.5,dev,319,0.025934104588711898,0.8137777396317186,0.004028430553065572,0.8805830608527863,0.01982620616785037,0.7771899609052836,0.050156739811912224,0.3510971786833856,0.012539184952978056,0.4670846394984326,-0.009404388714733543,0.050156739811912224,0.003134796238244514,0.0877742946708464,0.012926957076619785,0.8975255394056673,0.0020329001181551656,0.9295337503793472,0.01000104397068203,0.8789844617200868,0.050156739811912224,0.3510971786833856,0.012539184952978056,0.4670846394984326,-0.009404388714733543,0.050156739811912224,0.003134796238244514,0.0877742946708464,0.010864988569649035,0.04246322545091559,0.006383524355240024,0.2225705329153605,0.14420062695924765,0.07836990595611286
hybrid_rrf,semantic_intersection_tau0.6,laplace_eb_k2|std0.5,dev,319,0.02865742497309622,0.8165010600161029,0.0038268003717858963,0.8803814306715065,0.018735955286549175,0.7760997100239825,0.04075235109717868,0.34169278996865204,0.012539184952978056,0.4670846394984326,-0.006269592476489028,0.05329153605015674,0.003134796238244514,0.0877742946708464,0.013103043584614338,0.8977016259136619,0.001697046816535878,0.9291978970777278,0.009072536323511488,0.8780559540729165,0.04075235109717868,0.34169278996865204,0.012539184952978056,0.4670846394984326,-0.006269592476489028,0.05329153605015674,0.003134796238244514,0.0877742946708464,0.014381815913515778,0.044658130213478135,0.00019719152039524224,0.16614420062695925,0.11912225705329153,0.047021943573667714
hybrid_rrf,semantic_intersection_tau0.6,laplace_eb_k10|std0.5,dev,319,0.028844847854775695,0.8166884828977824,0.0037529277950992404,0.8803075580948199,0.016386619495187063,0.7737503742326203,0.0438871473354232,0.3448275862068966,0.012539184952978056,0.4670846394984326,-0.003134796238244514,0.05642633228840126,0.003134796238244514,0.0877742946708464,0.013719616825677758,0.8983181991547252,0.0018681584854484726,0.9293690087466404,0.008037430421685723,0.8770208481710907,0.0438871473354232,0.3448275862068966,0.012539184952978056,0.4670846394984326,-0.003134796238244514,0.05642633228840126,0.003134796238244514,0.0877742946708464,0.014566635020474282,0.045179398836667245,0.00026972329908988657,0.16300940438871472,0.11912225705329153,0.0438871473354232
hybrid_rrf,semantic_intersection_tau0.6,laplace|std1,dev,319,0.03258659779371513,0.8204302328367218,0.0031670958364271445,0.8797217261361477,0.02676645299203717,0.7841302077294704,0.05642633228840126,0.3573667711598746,0.01567398119122257,0.4702194357366771,-0.0219435736677116,0.03761755485893417,-0.003134796238244514,0.08150470219435736,0.015329794637088117,0.8999283769661356,0.0014721515784069288,0.9289730018395989,0.013184145905754781,0.8821675636551598,0.05642633228840126,0.3573667711598746,0.01567398119122257,0.4702194357366771,-0.0219435736677116,0.03761755485893417,-0.003134796238244514,0.08150470219435736,0.016467900046360527,0.05099936660647765,0.006327715895747594,0.3448275862068966,0.21316614420062696,0.13166144200626959
hybrid_rrf,semantic_intersection_tau0.6,laplace_eb_k2|std1,dev,319,0.03381819654034223,0.8216618315833489,0.004775348688741463,0.8813299789884621,0.025008250908418135,0.7823720056458514,0.050156739811912224,0.3510971786833856,0.018808777429467086,0.47335423197492166,-0.006269592476489028,0.05329153605015674,-0.003134796238244514,0.08150470219435736,0.015154822306199507,0.899753404635247,0.0021075191542646353,0.9296083694154565,0.012096271806376107,0.881079689555781,0.050156739811912224,0.3510971786833856,0.018808777429467086,0.47335423197492166,-0.006269592476489028,0.05329153605015674,-0.003134796238244514,0.08150470219435736,0.019563967827999483,0.05044844231822272,5.596038650077189e-05,0.219435736677116,0.1536050156739812,0.06583072100313479
hybrid_rrf,semantic_intersection_tau0.6,laplace_eb_k10|std1,dev,319,0.03248267693205687,0.8203263119750636,0.005784240635958585,0.8823388709356792,0.022671044741678387,0.7800347994791116,0.047021943573667714,0.34796238244514105,0.009404388714733543,0.46394984326018807,-0.006269592476489028,0.05329153605015674,0.0,0.08463949843260188,0.015808637986736238,0.9004072203157838,0.002925233220605641,0.9304260834817976,0.011203752976599906,0.8801871707260048,0.047021943573667714,0.34796238244514105,0.009404388714733543,0.46394984326018807,-0.006269592476489028,0.05329153605015674,0.0,0.08463949843260188,0.016865595308684256,0.049691144295247,0.0007212207847962405,0.2507836990595611,0.16927899686520376,0.08150470219435736
hybrid_rrf,semantic_intersection_tau0.6,laplace|std2,dev,319,0.026667564336595864,0.8145111993796026,0.000637922774661671,0.8771925530743823,0.02624853413119959,0.7836122888686329,0.050156739811912224,0.3510971786833856,0.01567398119122257,0.4702194357366771,-0.0219435736677116,0.03761755485893417,-0.018808777429467086,0.06583072100313479,0.012842375096108846,0.8974409574251564,0.0007391357122917534,0.9282399859734837,0.012811936274591285,0.8817953540239962,0.050156739811912224,0.3510971786833856,0.01567398119122257,0.4702194357366771,-0.0219435736677116,0.03761755485893417,-0.018808777429467086,0.06583072100313479,0.008018443101088641,0.046786617621966294,0.18806086084374762,0.4263322884012539,0.21316614420062696,0.21316614420062696
hybrid_rrf,semantic_intersection_tau0.6,laplace_eb_k2|std2,dev,319,0.03740058348844044,0.8252442185314471,0.005845970120923272,0.8824006004206439,0.029987490065045492,0.7873512448024789,0.0438871473354232,0.3448275862068966,0.025078369905956112,0.47962382445141066,-0.012539184952978056,0.047021943573667714,-0.003134796238244514,0.08150470219435736,0.01692698554932884,0.9015255678783763,0.002895335231828839,0.9303961854930208,0.014420966033277841,0.8834043837826829,0.0438871473354232,0.3448275862068966,0.025078369905956112,0.47962382445141066,-0.012539184952978056,0.047021943573667714,-0.003134796238244514,0.08150470219435736,0.022262855605178496,0.054975724878916526,0.0004180710595384053,0.27586206896551724,0.16614420062695925,0.109717868338558
hybrid_rrf,semantic_intersection_tau0.6,laplace_eb_k10|std2,dev,319,0.03581508648432908,0.8236587215273358,0.0060411048907097606,0.8825957351904304,0.02905261028896678,0.7864163650264,0.05329153605015674,0.3542319749216301,0.012539184952978056,0.4670846394984326,-0.012539184952978056,0.047021943573667714,-0.003134796238244514,0.08150470219435736,0.017376695680767766,0.9019752780098153,0.0030259463854344286,0.9305267966466264,0.014076278445115284,0.8830596961945202,0.05329153605015674,0.3542319749216301,0.012539184952978056,0.4670846394984326,-0.012539184952978056,0.047021943573667714,-0.003134796238244514,0.08150470219435736,0.018583445398131133,0.05456741004481584,0.0063626454179683215,0.34169278996865204,0.20376175548589343,0.13793103448275862
hybrid_rrf,semantic_intersection_tau0.7,laplace|std0.5,dev,319,0.019959287723777436,0.8078029227667841,0.0005351047157120182,0.8770897350154326,0.015636105924190773,0.7729998606616241,0.03134796238244514,0.3322884012539185,0.006269592476489028,0.4608150470219436,-0.006269592476489028,0.05329153605015674,0.0,0.08463949843260188,0.009736545967831507,0.894335128296879,0.0003805291316352294,0.9278813793928272,0.00810435563793003,0.8770877733873349,0.03134796238244514,0.3322884012539185,0.006269592476489028,0.4608150470219436,-0.006269592476489028,0.05329153605015674,0.0,0.08463949843260188,0.007336647497916297,0.034569567394060405,0.02055673132095531,0.1786833855799373,0.11285266457680251,0.06583072100313479
hybrid_rrf,semantic_intersection_tau0.7,laplace_eb_k2|std0.5,dev,319,0.019342652869448765,0.8071862879124555,0.0007046969333038809,0.8772593272330246,0.012143910220797907,0.7695076649582312,0.0219435736677116,0.322884012539185,0.0,0.45454545454545453,-0.006269592476489028,0.05329153605015674,0.0,0.08463949843260188,0.008642658731406759,0.8932412410604542,0.0002985931115464357,0.9277994433727385,0.00599138706829107,0.8749748048176961,0.0219435736677116,0.322884012539185,0.0,0.45454545454545453,-0.006269592476489028,0.05329153605015674,0.0,0.08463949843260188,0.008157140483676826,0.03278520327049736,0.0022794806249777397,0.12539184952978055,0.0877742946708464,0.03761755485893417
hybrid_rrf,semantic_intersection_tau0.7,laplace_eb_k10|std0.5,dev,319,0.021092417845531692,0.8089360528885384,0.0006418093618554381,0.8771964396615761,0.010900856909520201,0.7682646116469535,0.02821316614420063,0.329153605015674,0.0,0.45454545454545453,-0.003134796238244514,0.05642633228840126,0.0,0.08463949843260188,0.01036260101862462,0.8949611833476722,0.0004690814541425077,0.9279699317153345,0.005476663572287485,0.8744600813216924,0.02821316614420063,0.329153605015674,0.0,0.45454545454545453,-0.003134796238244514,0.05642633228840126,0.0,0.08463949843260188,0.009092790208359871,0.03493767799488429,0.0023486394938546282,0.12225705329153605,0.0877742946708464,0.034482758620689655
hybrid_rrf,semantic_intersection_tau0.7,laplace|std1,dev,319,0.020544007116911178,0.8083876421599179,0.0012247334920500513,0.8777793637917707,0.0199825849185543,0.7773463396559875,0.03134796238244514,0.3322884012539185,0.009404388714733543,0.46394984326018807,-0.0219435736677116,0.03761755485893417,-0.003134796238244514,0.08150470219435736,0.009262555818946383,0.893861138147994,0.0009619350717359202,0.9284627853329279,0.010184294433803021,0.879167712183208,0.03134796238244514,0.3322884012539185,0.009404388714733543,0.46394984326018807,-0.0219435736677116,0.03761755485893417,-0.003134796238244514,0.08150470219435736,0.005837127304165901,0.03699032200798158,0.048268709595019055,0.2852664576802508,0.16927899686520376,0.11598746081504702
hybrid_rrf,semantic_intersection_tau0.7,laplace_eb_k2|std1,dev,319,0.022742086723680405,0.8105857217666871,0.0032719009348591292,0.8798265312345798,0.018635747798931637,0.7759995025363648,0.025078369905956112,0.32601880877742945,0.012539184952978056,0.4670846394984326,-0.006269592476489028,0.05329153605015674,-0.003134796238244514,0.08150470219435736,0.010065802586116014,0.8946643849151635,0.0012778348309866686,0.9287786850921786,0.009153069952812315,0.8781364877022173,0.025078369905956112,0.32601880877742945,0.012539184952978056,0.4670846394984326,-0.006269592476489028,0.05329153605015674,-0.003134796238244514,0.08150470219435736,0.011222086592247495,0.03651460402624733,0.0004253081399665255,0.1755485893416928,0.12225705329153605,0.05329153605015674
hybrid_rrf,semantic_intersection_tau0.7,laplace_eb_k10|std1,dev,319,0.02372092120699748,0.8115645562500042,0.0034637404459770945,0.8800183707456978,0.016079450737346304,0.7734432054747795,0.025078369905956112,0.32601880877742945,0.003134796238244514,0.45768025078369906,-0.003134796238244514,0.05642633228840126,0.0,0.08463949843260188,0.011765277310972303,0.8963638596400199,0.0017395449282607315,0.9292403951894527,0.008121491749084855,0.8771049094984898,0.025078369905956112,0.32601880877742945,0.003134796238244514,0.45768025078369906,-0.003134796238244514,0.05642633228840126,0.0,0.08463949843260188,0.01112565931668476,0.03808383839350882,0.004124002296966079,0.1974921630094044,0.13166144200626959,0.06583072100313479
hybrid_rrf,semantic_intersection_tau0.7,laplace|std2,dev,319,0.016095192104484592,0.8039388271474913,0.0013379586340865372,0.8778925889338072,0.01975974220560636,0.7771234969430395,0.03134796238244514,0.3322884012539185,0.009404388714733543,0.46394984326018807,-0.0219435736677116,0.03761755485893417,-0.01567398119122257,0.06896551724137931,0.007584458234541842,0.8921830405635893,0.0012281185780946737,0.9287289688392867,0.010141145902741292,0.8791245636521464,0.03134796238244514,0.3322884012539185,0.009404388714733543,0.46394984326018807,-0.0219435736677116,0.03761755485893417,-0.01567398119122257,0.06896551724137931,-0.0006577197427286246,0.03401798306435907,0.6277484909804233,0.3573667711598746,0.16927899686520376,0.18808777429467086
hybrid_rrf,semantic_intersection_tau0.7,laplace_eb_k2|std2,dev,319,0.029665593723518346,0.8175092287665251,0.0043261955524313035,0.880880825852152,0.02269224922485112,0.7800560039622844,0.03134796238244514,0.3322884012539185,0.01567398119122257,0.4702194357366771,-0.006269592476489028,0.05329153605015674,-0.003134796238244514,0.08150470219435736,0.013472810621171909,0.8980713929502194,0.0018005204798659561,0.9293013707410579,0.01092097331363953,0.8799043910630444,0.03134796238244514,0.3322884012539185,0.01567398119122257,0.4702194357366771,-0.006269592476489028,0.05329153605015674,-0.003134796238244514,0.08150470219435736,0.016588479133328674,0.04437602951328577,0.0004121491105646861,0.22884012539184953,0.14420062695924765,0.08463949843260188
hybrid_rrf,semantic_intersection_tau0.7,laplace_eb_k10|std2,dev,319,0.030044431223017296,0.817888066266024,0.0045710204163315156,0.8811256507160522,0.022360040784629536,0.7797237955220627,0.03761755485893417,0.3385579937304075,0.006269592476489028,0.4608150470219436,-0.003134796238244514,0.05642633228840126,-0.003134796238244514,0.08150470219435736,0.01498032382289444,0.8995789061519419,0.002040661053971437,0.9295415113151634,0.01098178017849459,0.8799651979278996,0.03761755485893417,0.3385579937304075,0.006269592476489028,0.4608150470219436,-0.003134796238244514,0.05642633228840126,-0.003134796238244514,0.08150470219435736,0.015652893119284354,0.045734030949564915,0.008252721370090529,0.28213166144200624,0.1724137931034483,0.109717868338558
hybrid_rrf,semantic_backoff_tau0.6,laplace|std0.5,dev,319,0.02512974093513429,0.812973375978141,0.0030025837937118867,0.8795572140934326,0.02059538797431605,0.7779591427117493,0.047021943573667714,0.34796238244514105,0.009404388714733543,0.46394984326018807,-0.012539184952978056,0.047021943573667714,0.003134796238244514,0.0877742946708464,0.012263638846179162,0.8968622211752266,0.0015654700303152438,0.9290663202915072,0.010324690708172357,0.8793081084575773,0.047021943573667714,0.34796238244514105,0.009404388714733543,0.46394984326018807,-0.012539184952978056,0.047021943573667714,0.003134796238244514,0.0877742946708464,0.009030761540543324,0.042792275286393455,0.03161897442383448,0.2445141065830721,0.14733542319749215,0.09717868338557993
hybrid_rrf,semantic_backoff_tau0.6,laplace_eb_k2|std0.5,dev,319,0.02910968827136258,0.8169533233143693,0.0037672230535913784,0.880321853353312,0.01957872844415025,0.7769424831815834,0.04075235109717868,0.34169278996865204,0.012539184952978056,0.4670846394984326,-0.006269592476489028,0.05329153605015674,0.003134796238244514,0.0877742946708464,0.013394481242637276,0.8979930635716847,0.0017084733445816278,0.9292093236057736,0.009305445751800057,0.8782888635012049,0.04075235109717868,0.34169278996865204,0.012539184952978056,0.4670846394984326,-0.006269592476489028,0.05329153605015674,0.003134796238244514,0.0877742946708464,0.013972012240287839,0.04557776152094982,0.0012624482212298868,0.18808777429467086,0.12539184952978055,0.06269592476489028
hybrid_rrf,semantic_backoff_tau0.6,laplace_eb_k10|std0.5,dev,319,0.027203190803154136,0.8150468258461608,0.0037275250055199506,0.8802821553052406,0.017735487914010646,0.7750992426514438,0.04075235109717868,0.34169278996865204,0.012539184952978056,0.4670846394984326,-0.003134796238244514,0.05642633228840126,0.003134796238244514,0.0877742946708464,0.012839117300547776,0.8974376996295953,0.0018638079069251178,0.9293646581681171,0.008516624336332363,0.8775000420857373,0.04075235109717868,0.34169278996865204,0.012539184952978056,0.4670846394984326,-0.003134796238244514,0.05642633228840126,0.003134796238244514,0.0877742946708464,0.012153673041203178,0.04460790195855599,0.006311283600423038,0.18808777429467086,0.12225705329153605,0.06583072100313479
hybrid_rrf,semantic_backoff_tau0.6,laplace|std1,dev,319,0.02943132957881521,0.8172749646218219,0.002448879859664223,0.8790035101593848,0.02895983662631444,0.7863235913637477,0.05642633228840126,0.3573667711598746,0.01567398119122257,0.4702194357366771,-0.0219435736677116,0.03761755485893417,-0.003134796238244514,0.08150470219435736,0.01361134751089688,0.8982099298399444,0.0009708281221060917,0.928471678383298,0.014048158076115912,0.8830315758255207,0.05642633228840126,0.3573667711598746,0.01567398119122257,0.4702194357366771,-0.0219435736677116,0.03761755485893417,-0.003134796238244514,0.08150470219435736,0.011661447713087345,0.048747320609827,0.05359363997118245,0.3761755485893417,0.21630094043887146,0.15987460815047022
hybrid_rrf,semantic_backoff_tau0.6,laplace_eb_k2|std1,dev,319,0.031126912321229713,0.8189705473642365,0.004814557941356049,0.8813691882410767,0.026298117992646267,0.7836618727300795,0.047021943573667714,0.34796238244514105,0.018808777429467086,0.47335423197492166,-0.006269592476489028,0.05329153605015674,-0.003134796238244514,0.08150470219435736,0.013812958259941268,0.8984115405889888,0.0020836247919495204,0.9295844750531415,0.012573688624420886,0.8815571063738258,0.047021943573667714,0.34796238244514105,0.018808777429467086,0.47335423197492166,-0.006269592476489028,0.05329153605015674,-0.003134796238244514,0.08150470219435736,0.01541017756847005,0.04920958818394842,0.0017281671054252506,0.25391849529780564,0.16300940438871472,0.09090909090909091
hybrid_rrf,semantic_backoff_tau0.6,laplace_eb_k10|std1,dev,319,0.030757147363360774,0.8186007824063675,0.005493492168318889,0.8820481224680395,0.024421239188846002,0.7817849939262793,0.0438871473354232,0.3448275862068966,0.009404388714733543,0.46394984326018807,-0.006269592476489028,0.05329153605015674,0.0,0.08463949843260188,0.014822212786510074,0.8994207951155576,0.002740959762405826,0.9302418100235977,0.011946406147696756,0.8809298238971018,0.0438871473354232,0.3448275862068966,0.009404388714733543,0.46394984326018807,-0.006269592476489028,0.05329153605015674,0.0,0.08463949843260188,0.014214660119860896,0.04856537845931643,0.00875851071877871,0.27586206896551724,0.1724137931034483,0.10344827586206896
hybrid_rrf,semantic_backoff_tau0.6,laplace|std2,dev,319,0.02055776004787523,0.8084013950908819,-0.0015931463447110407,0.8749614839550096,0.026097195172758308,0.7834609499101916,0.0438871473354232,0.3448275862068966,0.009404388714733543,0.46394984326018807,-0.025078369905956112,0.034482758620689655,-0.0219435736677116,0.06269592476489028,0.009535024345481657,0.8941336066745291,-0.0004912228980408194,0.9270096273631512,0.01287626878221207,0.881859686531617,0.0438871473354232,0.3448275862068966,0.009404388714733543,0.46394984326018807,-0.025078369905956112,0.034482758620689655,-0.0219435736677116,0.06269592476489028,0.000581894107279733,0.04148269883622661,0.6117880575854953,0.4702194357366771,0.2225705329153605,0.2476489028213166
hybrid_rrf,semantic_backoff_tau0.6,laplace_eb_k2|std2,dev,319,0.03271198938352561,0.8205556244265323,0.005749100474728312,0.8823037307744489,0.02979531205466548,0.7871590667920987,0.04075235109717868,0.34169278996865204,0.025078369905956112,0.47962382445141066,-0.012539184952978056,0.047021943573667714,-0.003134796238244514,0.08150470219435736,0.014685121542981426,0.8992837038720289,0.0028625827597973863,0.9303634330209893,0.014315699279121472,0.8832991170285265,0.04075235109717868,0.34169278996865204,0.025078369905956112,0.47962382445141066,-0.012539184952978056,0.047021943573667714,-0.003134796238244514,0.08150470219435736,0.016780839772270205,0.05082644316832005,0.0060603084914804236,0.3072100313479624,0.1755485893416928,0.13166144200626959
hybrid_rrf,semantic_backoff_tau0.6,laplace_eb_k10|std2,dev,319,0.03033800397453637,0.818181639017543,0.005813249459834682,0.8823678797595553,0.02886402471499009,0.7862277794524233,0.050156739811912224,0.3510971786833856,0.012539184952978056,0.4670846394984326,-0.012539184952978056,0.047021943573667714,-0.003134796238244514,0.08150470219435736,0.014782648381768349,0.8993812307108159,0.0027985578420393893,0.9302994081032313,0.013899111841165906,0.8828825295905707,0.050156739811912224,0.3510971786833856,0.012539184952978056,0.4670846394984326,-0.012539184952978056,0.047021943573667714,-0.003134796238244514,0.08150470219435736,0.012332387753181323,0.050300312304408,0.061549565547589585,0.3730407523510972,0.21003134796238246,0.16300940438871472
hybrid_rrf,semantic_backoff_tau0.7,laplace|std0.5,dev,319,0.017126039931766666,0.8049696749747733,-0.00012366786645871345,0.8764309624332619,0.016543031719784756,0.773906786457218,0.02821316614420063,0.329153605015674,0.006269592476489028,0.4608150470219436,-0.009404388714733543,0.050156739811912224,0.0,0.08463949843260188,0.007816554143511015,0.8924151364725585,-9.426521283332084e-05,0.9274065850483586,0.008465936733263787,0.8774493544826686,0.02821316614420063,0.329153605015674,0.006269592476489028,0.4608150470219436,-0.009404388714733543,0.050156739811912224,0.0,0.08463949843260188,0.0019304747083063786,0.03377394855699755,0.10765254281799722,0.1974921630094044,0.11598746081504702,0.08150470219435736
hybrid_rrf,semantic_backoff_tau0.7,laplace_eb_k2|std0.5,dev,319,0.02074995597234714,0.8085935910153539,0.0006816395117571362,0.8772362698114777,0.013327159702217317,0.7706909144396505,0.0219435736677116,0.322884012539185,0.0,0.45454545454545453,-0.006269592476489028,0.05329153605015674,0.0,0.08463949843260188,0.0092239063174747,0.8938224886465223,0.00031589228531409957,0.927816742546506,0.006404919833598839,0.8753883375830038,0.0219435736677116,0.322884012539185,0.0,0.45454545454545453,-0.006269592476489028,0.05329153605015674,0.0,0.08463949843260188,0.008412817903563708,0.03529431498419715,0.005586830638488703,0.14106583072100312,0.09404388714733543,0.047021943573667714
hybrid_rrf,semantic_backoff_tau0.7,laplace_eb_k10|std0.5,dev,319,0.020405800598542145,0.8082494356415488,0.0006529264689239215,0.8772075567686446,0.012443562155606979,0.7698073168930402,0.025078369905956112,0.32601880877742945,0.0,0.45454545454545453,-0.003134796238244514,0.05642633228840126,0.0,0.08463949843260188,0.009771911421539641,0.8943704937505872,0.0004690814541425077,0.9279699317153345,0.006084889547204523,0.8750683072966094,0.025078369905956112,0.32601880877742945,0.0,0.45454545454545453,-0.003134796238244514,0.05642633228840126,0.0,0.08463949843260188,0.006955049066661293,0.035396157602157696,0.023626190767376674,0.14106583072100312,0.09090909090909091,0.050156739811912224
hybrid_rrf,semantic_backoff_tau0.7,laplace|std1,dev,319,0.016366561705415898,0.8042101967484226,0.0005672216695677898,0.8771218519692884,0.02183231698308245,0.7791960717205157,0.03134796238244514,0.3322884012539185,0.009404388714733543,0.46394984326018807,-0.0219435736677116,0.03761755485893417,-0.003134796238244514,0.08150470219435736,0.006622066972397711,0.8912206493014452,0.000501640631487377,0.9280024908926794,0.010920087782940522,0.8799035055323455,0.03134796238244514,0.3322884012539185,0.009404388714733543,0.46394984326018807,-0.0219435736677116,0.03761755485893417,-0.003134796238244514,0.08150470219435736,-8.056188895597708e-05,0.034943788275589756,0.2132517564117422,0.31347962382445144,0.1755485893416928,0.13793103448275862
hybrid_rrf,semantic_backoff_tau0.7,laplace_eb_k2|std1,dev,319,0.022607012392024634,0.8104506474350314,0.003323899027322153,0.8798785293270428,0.020511697293448972,0.7778754520308822,0.025078369905956112,0.32601880877742945,0.012539184952978056,0.4670846394984326,-0.006269592476489028,0.05329153605015674,-0.003134796238244514,0.08150470219435736,0.00988684225605573,0.8944854245851033,0.0012724304273958116,0.9287732806885878,0.009903552558354824,0.8788869703077596,0.025078369905956112,0.32601880877742945,0.012539184952978056,0.4670846394984326,-0.006269592476489028,0.05329153605015674,-0.003134796238244514,0.08150470219435736,0.00978602763487254,0.03756812268862247,0.003388174383138397,0.1974921630094044,0.12852664576802508,0.06896551724137931
hybrid_rrf,semantic_backoff_tau0.7,laplace_eb_k10|std1,dev,319,0.02365194802934473,0.8114955830723515,0.0032223007148336094,0.8797769310145542,0.018641705498052615,0.7760054602354859,0.025078369905956112,0.32601880877742945,0.003134796238244514,0.45768025078369906,-0.003134796238244514,0.05642633228840126,0.0,0.08463949843260188,0.011557057640021871,0.8961556399690693,0.0015641194899627781,0.9290649697511547,0.009211031882366792,0.8781944496317716,0.025078369905956112,0.32601880877742945,0.003134796238244514,0.45768025078369906,-0.003134796238244514,0.05642633228840126,0.0,0.08463949843260188,0.010088262909024861,0.03928272583898518,0.016608648162314728,0.21316614420062696,0.13479623824451412,0.07836990595611286
hybrid_rrf,semantic_backoff_tau0.7,laplace|std2,dev,319,0.007856744093394204,0.7957003791364009,-0.0014316205600959754,0.8751230097396246,0.019522343571283227,0.7768860983087165,0.0219435736677116,0.322884012539185,0.003134796238244514,0.45768025078369906,-0.025078369905956112,0.034482758620689655,-0.018808777429467086,0.06583072100313479,0.0028384814628613034,0.8874370637919088,-0.0003340246161697053,0.9271668256450223,0.009987218495820384,0.8789706362452253,0.0219435736677116,0.322884012539185,0.003134796238244514,0.45768025078369906,-0.025078369905956112,0.034482758620689655,-0.018808777429467086,0.06583072100313479,-0.011212625724137951,0.027471351307644547,0.6961424515474386,0.39184952978056425,0.1755485893416928,0.21630094043887146
hybrid_rrf,semantic_backoff_tau0.7,laplace_eb_k2|std2,dev,319,0.027449334559956313,0.815292969602963,0.0040294734007886215,0.8805841037005092,0.022648968942299903,0.7800127236797332,0.03134796238244514,0.3322884012539185,0.01567398119122257,0.4702194357366771,-0.006269592476489028,0.05329153605015674,-0.003134796238244514,0.08150470219435736,0.012318665704757068,0.8969172480338046,0.0016802278431979093,0.9291810781043899,0.010870928375698558,0.8798543461251036,0.03134796238244514,0.3322884012539185,0.01567398119122257,0.4702194357366771,-0.006269592476489028,0.05329153605015674,-0.003134796238244514,0.08150470219435736,0.014286157707202023,0.04298507727939506,0.002520859329393721,0.2445141065830721,0.14733542319749215,0.09717868338557993
hybrid_rrf,semantic_backoff_tau0.7,laplace_eb_k10|std2,dev,319,0.027742099308855482,0.8155857343518622,0.004276154603704016,0.8808307849034247,0.02230690084281012,0.7796706555802434,0.03761755485893417,0.3385579937304075,0.006269592476489028,0.4608150470219436,-0.003134796238244514,0.05642633228840126,-0.003134796238244514,0.08150470219435736,0.013822245280197048,0.8984208276092446,0.0019203684173033902,0.9294212186784954,0.010894744355103066,0.8798781621045079,0.03761755485893417,0.3385579937304075,0.006269592476489028,0.4608150470219436,-0.003134796238244514,0.05642633228840126,-0.003134796238244514,0.08150470219435736,0.013190534017209349,0.044068273179653485,0.03281666405632501,0.29780564263322884,0.1755485893416928,0.12225705329153605
dense_bge,M4_intersection,laplace|abs,dev,319,0.05107584274534521,0.8291693368582143,0.008632020002995913,0.8836864396509332,0.05051106721349644,0.8046333982699718,0.06583072100313479,0.3510971786833856,0.047021943573667714,0.4890282131661442,-0.012539184952978056,0.04075235109717868,-0.0219435736677116,0.06269592476489028,0.02165386146138828,0.9015257792973593,0.0049760961046786895,0.9328082663512155,0.024137403935100596,0.8922384274977503,0.06583072100313479,0.3510971786833856,0.047021943573667714,0.4890282131661442,-0.012539184952978056,0.04075235109717868,-0.0219435736677116,0.06269592476489028,0.027016374979425092,0.07557288440364794,0.022218683439950284,0.6551724137931034,0.34169278996865204,0.3072100313479624
dense_bge,M4_intersection,laplace_eb_k2|abs,dev,319,0.06390114596878474,0.8419946400816538,0.02192730244050579,0.8969817220884431,0.06766633460047103,0.8217886656569464,0.08150470219435736,0.3667711598746082,0.05642633228840126,0.49843260188087773,-0.006269592476489028,0.047021943573667714,-0.012539184952978056,0.07210031347962383,0.02839375383054201,0.9082656716665131,0.01052681088073874,0.9383589811272756,0.032523418780778274,0.9006244423434279,0.08150470219435736,0.3667711598746082,0.05642633228840126,0.49843260188087773,-0.006269592476489028,0.047021943573667714,-0.012539184952978056,0.07210031347962383,0.041358350056769515,0.08815379790482936,2.5499376695808285e-05,0.445141065830721,0.2664576802507837,0.1786833855799373
dense_bge,M4_intersection,laplace_eb_k10|abs,dev,319,0.07177551005467726,0.8498690041675463,0.02091545641982817,0.8959698760677655,0.06804472143093247,0.8221670524874077,0.08463949843260188,0.36990595611285265,0.06269592476489028,0.5047021943573667,0.0,0.05329153605015674,-0.012539184952978056,0.07210031347962383,0.03057326642697134,0.9104451842629424,0.009996150728303437,0.9378283209748403,0.03237870972732018,0.9004797332899698,0.08463949843260188,0.36990595611285265,0.06269592476489028,0.5047021943573667,0.0,0.05329153605015674,-0.012539184952978056,0.07210031347962383,0.04977625934757456,0.09575124262134342,6.267722597802361e-07,0.5172413793103449,0.3385579937304075,0.1786833855799373
dense_bge,M4_intersection,laplace|std0.5,dev,319,0.029658679818284923,0.807752173931154,0.011015350308537857,0.8860697699564751,0.027468225074972853,0.7815905561314482,0.034482758620689655,0.31974921630094044,0.0219435736677116,0.46394984326018807,0.0,0.05329153605015674,-0.003134796238244514,0.08150470219435736,0.013844452868434703,0.8937163707044057,0.00481213409698869,0.9326443043435255,0.01407820858925488,0.8821792321519045,0.034482758620689655,0.31974921630094044,0.0219435736677116,0.46394984326018807,0.0,0.05329153605015674,-0.003134796238244514,0.08150470219435736,0.0162871936015014,0.04380789888923443,0.0010115120555222162,0.1755485893416928,0.11285266457680251,0.06269592476489028
dense_bge,M4_intersection,laplace_eb_k2|std0.5,dev,319,0.02391682962265134,0.8020103237355204,0.01122534036823201,0.8862797600161693,0.02321593443801784,0.777338265494493,0.018808777429467086,0.30407523510971785,0.0219435736677116,0.46394984326018807,-0.003134796238244514,0.050156739811912224,-0.003134796238244514,0.08150470219435736,0.0108401816466759,0.890712099482647,0.004917178408105545,0.9327493486546424,0.011860697919672184,0.8799617214823218,0.018808777429467086,0.30407523510971785,0.0219435736677116,0.46394984326018807,-0.003134796238244514,0.050156739811912224,-0.003134796238244514,0.08150470219435736,0.01265044199962601,0.036703406823185895,0.00017495058558660543,0.10658307210031348,0.08463949843260188,0.0219435736677116
dense_bge,M4_intersection,laplace_eb_k10|std0.5,dev,319,0.027402373784014424,0.8054958678968834,0.00818007479080212,0.8832344944387394,0.019768930836157363,0.7738912618926326,0.03134796238244514,0.3166144200626959,0.018808777429467086,0.4608150470219436,0.0,0.05329153605015674,-0.003134796238244514,0.08150470219435736,0.012405965956027231,0.8922778837919982,0.003478186444429021,0.9313103566909658,0.009676819535258422,0.8777778430979081,0.03134796238244514,0.3166144200626959,0.018808777429467086,0.4608150470219436,0.0,0.05329153605015674,-0.003134796238244514,0.08150470219435736,0.015515626035046802,0.04053836314235361,4.457479622930852e-05,0.11912225705329153,0.09404388714733543,0.025078369905956112
dense_bge,M4_intersection,laplace|std1,dev,319,0.046134420568386215,0.8242279146812552,0.015040186832317365,0.8900946064802546,0.04117077527842178,0.7952931063348971,0.06896551724137931,0.3542319749216301,0.04075235109717868,0.4827586206896552,0.0,0.05329153605015674,-0.003134796238244514,0.08150470219435736,0.02184710009344693,0.901719017929418,0.0071628979380975325,0.9349950681846344,0.020959964814978336,0.8890609883776279,0.06896551724137931,0.3542319749216301,0.04075235109717868,0.4827586206896552,0.0,0.05329153605015674,-0.003134796238244514,0.08150470219435736,0.029220117835567383,0.06471479355290438,5.1794438346903405e-05,0.25705329153605017,0.16614420062695925,0.09090909090909091
dense_bge,M4_intersection,laplace_eb_k2|std1,dev,319,0.045604258939203425,0.8236977530520725,0.01643430640144408,0.8914887260493813,0.04082818440275506,0.7949505154592303,0.05956112852664577,0.3448275862068966,0.03761755485893417,0.47962382445141066,0.003134796238244514,0.05642633228840126,-0.006269592476489028,0.07836990595611286,0.020853189465394214,0.9007251073013652,0.00744283778540393,0.9352750080319407,0.02010074162557955,0.8882017651882291,0.05956112852664577,0.3448275862068966,0.03761755485893417,0.47962382445141066,0.003134796238244514,0.05642633228840126,-0.006269592476489028,0.07836990595611286,0.02959899733129153,0.06437212138387102,1.337258861436996e-06,0.19435736677115986,0.14733542319749215,0.047021943573667714
dense_bge,M4_intersection,laplace_eb_k10|std1,dev,319,0.044308357991768646,0.8224018521046377,0.011141996632175386,0.8861964162801127,0.035433824600937976,0.7895561556574132,0.05956112852664577,0.3448275862068966,0.03134796238244514,0.47335423197492166,0.0,0.05329153605015674,-0.006269592476489028,0.07836990595611286,0.02026335273790509,0.9001352705738761,0.005048487066848899,0.9328806573133858,0.01774412344989358,0.8858451470125432,0.05956112852664577,0.3448275862068966,0.03134796238244514,0.47335423197492166,0.0,0.05329153605015674,-0.006269592476489028,0.07836990595611286,0.028703425431092708,0.06245852756813214,5.49040152548345e-06,0.20689655172413793,0.14733542319749215,0.05956112852664577
dense_bge,M4_intersection,laplace|std2,dev,319,0.05739651731329278,0.8354900114261619,0.015435122303828177,0.8904895419517654,0.055510123006322167,0.8096324540627975,0.09404388714733543,0.3793103448275862,0.050156739811912224,0.49216300940438873,0.0,0.05329153605015674,-0.009404388714733543,0.07523510971786834,0.027145882478702033,0.907017800314673,0.007719138572955954,0.9355513088194928,0.02732754190887404,0.8954285654715235,0.09404388714733543,0.3793103448275862,0.050156739811912224,0.49216300940438873,0.0,0.05329153605015674,-0.009404388714733543,0.07523510971786834,0.03735470330068217,0.07881787103545329,3.6053464306921085e-05,0.3981191222570533,0.2445141065830721,0.1536050156739812
dense_bge,M4_intersection,laplace_eb_k2|std2,dev,319,0.062260824719846806,0.8403543188327158,0.02164563261042568,0.8967000522583629,0.05619314638518241,0.8103154774416576,0.09090909090909091,0.3761755485893417,0.05642633228840126,0.49843260188087773,0.003134796238244514,0.05642633228840126,-0.006269592476489028,0.07836990595611286,0.028724136210534264,0.9085960540465053,0.010220597343385032,0.9380527675899218,0.027679068429343,0.8957800919919926,0.09090909090909091,0.3761755485893417,0.05642633228840126,0.49843260188087773,0.003134796238244514,0.05642633228840126,-0.006269592476489028,0.07836990595611286,0.0437064969772035,0.08342063943402939,2.2966113425903335e-08,0.27586206896551724,0.20376175548589343,0.07210031347962383
dense_bge,M4_intersection,laplace_eb_k10|std2,dev,319,0.05755738860293989,0.8356508827158089,0.01977784847577911,0.8948322681237164,0.05279307594540351,0.8069154070018788,0.09090909090909091,0.3761755485893417,0.05956112852664577,0.5015673981191222,0.003134796238244514,0.05642633228840126,-0.006269592476489028,0.07836990595611286,0.026891542078933,0.906763459914904,0.00945321519546748,0.9372853854420043,0.025827924846481755,0.8939289484091313,0.09090909090909091,0.3761755485893417,0.05956112852664577,0.5015673981191222,0.003134796238244514,0.05642633228840126,-0.006269592476489028,0.07836990595611286,0.039790530867150585,0.0772812651890712,3.3649755881877875e-07,0.29153605015673983,0.1974921630094044,0.09404388714733543
dense_bge,M5_backoff,laplace|abs,dev,319,0.03344990889947616,0.8115434030123452,0.010314893339494927,0.8853693129874322,0.05362374376867632,0.8077460748251516,0.0438871473354232,0.329153605015674,0.04075235109717868,0.4827586206896552,-0.01567398119122257,0.03761755485893417,-0.025078369905956112,0.05956112852664577,0.011336739814393572,0.8912086576503646,0.00442705473929737,0.9322592249858342,0.02473011198088667,0.8928311355435364,0.0438871473354232,0.329153605015674,0.04075235109717868,0.4827586206896552,-0.01567398119122257,0.03761755485893417,-0.025078369905956112,0.05956112852664577,0.008282316856518342,0.06036098204045131,0.2530807534716757,0.6833855799373041,0.3448275862068966,0.3322884012539185
dense_bge,M5_backoff,laplace_eb_k2|abs,dev,319,0.04364691223937516,0.8217404063522442,0.011779969575636812,0.886834389223574,0.05539717570087379,0.8095195067573491,0.050156739811912224,0.335423197492163,0.0438871473354232,0.48589341692789967,-0.009404388714733543,0.0438871473354232,-0.012539184952978056,0.07210031347962383,0.01922612662973075,0.8990980444657017,0.0060161714643520246,0.9338483417108888,0.026679931370815892,0.8947809549334655,0.050156739811912224,0.335423197492163,0.0438871473354232,0.48589341692789967,-0.009404388714733543,0.0438871473354232,-0.012539184952978056,0.07210031347962383,0.020017413404072433,0.06837608374007112,0.012229800253968439,0.49216300940438873,0.26959247648902823,0.219435736677116
dense_bge,M5_backoff,laplace_eb_k10|abs,dev,319,0.049954962837845555,0.8280484569507146,0.009648887995268484,0.8847033076432058,0.05412835195707303,0.8082506830135484,0.05642633228840126,0.34169278996865204,0.0438871473354232,0.48589341692789967,-0.006269592476489028,0.047021943573667714,-0.01567398119122257,0.06896551724137931,0.020707995913992853,0.9005799137499639,0.004883760475439711,0.9327159307219766,0.02593390556712136,0.8940349291297711,0.05642633228840126,0.34169278996865204,0.0438871473354232,0.48589341692789967,-0.006269592476489028,0.047021943573667714,-0.01567398119122257,0.06896551724137931,0.025845283294989956,0.07405122298204271,0.002729665758551177,0.5987460815047022,0.3510971786833856,0.2445141065830721
dense_bge,M5_backoff,laplace|std0.5,dev,319,0.029997369829203268,0.8080908639420723,0.011156125969273917,0.8862105456172112,0.029513664480567355,0.7836359955370426,0.034482758620689655,0.31974921630094044,0.018808777429467086,0.4608150470219436,0.0,0.05329153605015674,-0.003134796238244514,0.08150470219435736,0.014089285206271564,0.8939612030422426,0.004755651876096815,0.9325878221226337,0.014965529426885624,0.8830665529895351,0.034482758620689655,0.31974921630094044,0.018808777429467086,0.4608150470219436,0.0,0.05329153605015674,-0.003134796238244514,0.08150470219435736,0.016498003070911267,0.044185047490423,0.0003696097722466716,0.1724137931034483,0.11598746081504702,0.05642633228840126
dense_bge,M5_backoff,laplace_eb_k2|std0.5,dev,319,0.0233331168286479,0.8014266109415169,0.009033002076104144,0.8840874217240414,0.02619699266356734,0.7803193237200426,0.018808777429467086,0.30407523510971785,0.01567398119122257,0.45768025078369906,-0.003134796238244514,0.050156739811912224,-0.003134796238244514,0.08150470219435736,0.01040697705035673,0.8902788948863277,0.003597107613721985,0.9314292778602589,0.013100174116116706,0.8812011976787664,0.018808777429467086,0.30407523510971785,0.01567398119122257,0.45768025078369906,-0.003134796238244514,0.050156739811912224,-0.003134796238244514,0.08150470219435736,0.011974108942016538,0.03613123104420013,0.0002675442821893155,0.11285266457680251,0.0877742946708464,0.025078369905956112
dense_bge,M5_backoff,laplace_eb_k10|std0.5,dev,319,0.02713007479906082,0.8052235689119298,0.007278317381222046,0.8823327370291594,0.022646390275334865,0.7767687213318102,0.03134796238244514,0.3166144200626959,0.012539184952978056,0.45454545454545453,0.0,0.05329153605015674,-0.003134796238244514,0.08150470219435736,0.012309249105124638,0.8921811669410956,0.0029141546043109,0.9307463248508477,0.011220277644997481,0.8793213012076471,0.03134796238244514,0.3166144200626959,0.012539184952978056,0.45454545454545453,0.0,0.05329153605015674,-0.003134796238244514,0.08150470219435736,0.015234380028558002,0.040152202133778306,5.845859562065152e-05,0.12539184952978055,0.09717868338557993,0.02821316614420063
dense_bge,M5_backoff,laplace|std1,dev,319,0.05078395675622557,0.8288774508690946,0.014631877965687958,0.8896862976136253,0.043031947718798924,0.7971542787752741,0.06896551724137931,0.3542319749216301,0.034482758620689655,0.47648902821316613,0.0,0.05329153605015674,-0.003134796238244514,0.08150470219435736,0.024252166942369226,0.9041240847783403,0.006283548184696784,0.9341157184312336,0.02133780985042967,0.8894388334130794,0.06896551724137931,0.3542319749216301,0.034482758620689655,0.47648902821316613,0.0,0.05329153605015674,-0.003134796238244514,0.08150470219435736,0.033564592706372375,0.06960536883939582,2.6714289949752376e-06,0.25705329153605017,0.1755485893416928,0.08150470219435736
dense_bge,M5_backoff,laplace_eb_k2|std1,dev,319,0.04645737963597229,0.8245508737488413,0.010902792238703342,0.8859572118866407,0.0417006103806548,0.7958229414371301,0.05956112852664577,0.3448275862068966,0.0219435736677116,0.46394984326018807,0.003134796238244514,0.05642633228840126,-0.006269592476489028,0.07836990595611286,0.02108391129111048,0.9009558291270815,0.004599357286590768,0.9324315275331276,0.020555976771262,0.8886570003339116,0.05956112852664577,0.3448275862068966,0.0219435736677116,0.46394984326018807,0.003134796238244514,0.05642633228840126,-0.006269592476489028,0.07836990595611286,0.030749927133578676,0.06527650979432191,2.6161535652456777e-06,0.21316614420062696,0.15673981191222572,0.05642633228840126
dense_bge,M5_backoff,laplace_eb_k10|std1,dev,319,0.04508015908137384,0.8231736531942428,0.011612927278381157,0.8866673469263184,0.038070779158310454,0.7921931102147857,0.06269592476489028,0.34796238244514105,0.0219435736677116,0.46394984326018807,0.0,0.05329153605015674,-0.006269592476489028,0.07836990595611286,0.02044049839614701,0.900312416232118,0.004627606338094395,0.9324597765846312,0.0188573314104708,0.8869583549731204,0.06269592476489028,0.34796238244514105,0.0219435736677116,0.46394984326018807,0.0,0.05329153605015674,-0.006269592476489028,0.07836990595611286,0.02920190782627809,0.06353355201083852,1.4026192854212107e-05,0.22570532915360503,0.1536050156739812,0.07210031347962383
dense_bge,M5_backoff,laplace|std2,dev,319,0.059944743331416646,0.8380382374442857,0.017848918664044346,0.8929033383119817,0.05944728994257397,0.8135696209990493,0.0877742946708464,0.3730407523510972,0.04075235109717868,0.4827586206896552,-0.003134796238244514,0.050156739811912224,-0.012539184952978056,0.07210031347962383,0.02836211067755768,0.9082340285135287,0.0076906823999829425,0.9355228526465198,0.028439877306032334,0.896540900868682,0.0877742946708464,0.3730407523510972,0.04075235109717868,0.4827586206896552,-0.003134796238244514,0.050156739811912224,-0.012539184952978056,0.07210031347962383,0.039825698023889695,0.0818080763513555,3.3257856131776772e-06,0.4106583072100313,0.26332288401253917,0.14733542319749215
dense_bge,M5_backoff,laplace_eb_k2|std2,dev,319,0.05894221808048999,0.837035712193359,0.018855815140244356,0.8939102347881817,0.05589802919136693,0.8100203602478421,0.08150470219435736,0.3667711598746082,0.04075235109717868,0.4827586206896552,0.0,0.05329153605015674,-0.006269592476489028,0.07836990595611286,0.0279556022355549,0.9078275200715259,0.008092484036956836,0.9359246542834937,0.027555060106385094,0.8956560836690348,0.08150470219435736,0.3667711598746082,0.04075235109717868,0.4827586206896552,0.0,0.05329153605015674,-0.006269592476489028,0.07836990595611286,0.03996671215342037,0.08052427069397883,4.356987823487045e-07,0.3166144200626959,0.219435736677116,0.09717868338557993
dense_bge,M5_backoff,laplace_eb_k10|std2,dev,319,0.05670507338633732,0.8347985674992063,0.017626860368774977,0.8926812800167122,0.053484045020465186,0.8076063760769404,0.08463949843260188,0.36990595611285265,0.050156739811912224,0.49216300940438873,0.0,0.05329153605015674,-0.006269592476489028,0.07836990595611286,0.026570088904479455,0.9064420067404505,0.007998073923176733,0.9358302441697136,0.02626201286211283,0.8943630364247623,0.08463949843260188,0.36990595611285265,0.050156739811912224,0.49216300940438873,0.0,0.05329153605015674,-0.006269592476489028,0.07836990595611286,0.03807168008940628,0.07781975531547701,2.9276959727130164e-06,0.3322884012539185,0.21316614420062696,0.11912225705329153
dense_bge,semantic_intersection_tau0.6,laplace|abs,dev,319,0.037702488044399456,0.8157959821572685,0.007876950558450155,0.8829313702063875,0.026804535189018725,0.780926866245494,0.047021943573667714,0.3322884012539185,0.02821316614420063,0.4702194357366771,-0.006269592476489028,0.047021943573667714,-0.018808777429467086,0.06583072100313479,0.015260547492945082,0.8951324653289161,0.0037250659869382374,0.9315572362334751,0.01218893341136203,0.8802899569740116,0.047021943573667714,0.3322884012539185,0.02821316614420063,0.4702194357366771,-0.006269592476489028,0.047021943573667714,-0.018808777429467086,0.06583072100313479,0.019023622067347402,0.05809427708807783,0.02733130246984211,0.47962382445141066,0.26332288401253917,0.21630094043887146
dense_bge,semantic_intersection_tau0.6,laplace_eb_k2|abs,dev,319,0.04436259751783269,0.8224560916307018,0.012416317731982861,0.8874707373799201,0.031541825872977325,0.7856641569294526,0.05329153605015674,0.3385579937304075,0.034482758620689655,0.47648902821316613,-0.006269592476489028,0.047021943573667714,-0.012539184952978056,0.07210031347962383,0.018511973204657577,0.8983838910406287,0.00560093056819282,0.9334331008147296,0.014422684945282888,0.8825237085079325,0.05329153605015674,0.3385579937304075,0.034482758620689655,0.47648902821316613,-0.006269592476489028,0.047021943573667714,-0.012539184952978056,0.07210031347962383,0.027699455875774912,0.06467094975976173,0.00015668499645275303,0.329153605015674,0.20689655172413793,0.12225705329153605
dense_bge,semantic_intersection_tau0.6,laplace_eb_k10|abs,dev,319,0.04854701323942705,0.8266405073522961,0.011729686471362098,0.8867841061192994,0.031027223398692926,0.7851495544551683,0.05329153605015674,0.3385579937304075,0.03761755485893417,0.47962382445141066,0.0,0.05329153605015674,-0.012539184952978056,0.07210031347962383,0.01990105627472498,0.899772974110696,0.005070067498377498,0.9329022377449143,0.01413048124612312,0.8822315048087728,0.05329153605015674,0.3385579937304075,0.03761755485893417,0.47962382445141066,0.0,0.05329153605015674,-0.012539184952978056,0.07210031347962383,0.03186455866829915,0.06794067159248368,8.412238812254887e-06,0.3949843260188088,0.26332288401253917,0.13166144200626959
dense_bge,semantic_intersection_tau0.6,laplace|std0.5,dev,319,0.02227364274962195,0.800367136862491,0.005358236056510184,0.8804126557044475,0.015427532997624628,0.7695498640541,0.025078369905956112,0.3103448275862069,0.009404388714733543,0.45141065830721006,0.0,0.05329153605015674,-0.003134796238244514,0.08150470219435736,0.010474255279313808,0.8903461731152849,0.0025871939793649513,0.9304193642259018,0.00753310819778323,0.8756341317604328,0.025078369905956112,0.3103448275862069,0.009404388714733543,0.45141065830721006,0.0,0.05329153605015674,-0.003134796238244514,0.08150470219435736,0.010876065762392407,0.03502972244422263,0.006317599650595502,0.13793103448275862,0.0877742946708464,0.050156739811912224
dense_bge,semantic_intersection_tau0.6,laplace_eb_k2|std0.5,dev,319,0.01837843413636976,0.7964719282492388,0.007492896391306551,0.8825473160392439,0.014867318451965117,0.7689896495084404,0.01567398119122257,0.30094043887147337,0.009404388714733543,0.45141065830721006,-0.003134796238244514,0.050156739811912224,-0.003134796238244514,0.08150470219435736,0.008088132804464023,0.887960050640435,0.003178754009796908,0.9310109242563337,0.0072616357041003195,0.87536265926675,0.01567398119122257,0.30094043887147337,0.009404388714733543,0.45141065830721006,-0.003134796238244514,0.050156739811912224,-0.003134796238244514,0.08150470219435736,0.008732358146704103,0.030402753179816982,0.0022551238907870907,0.09404388714733543,0.06896551724137931,0.025078369905956112
dense_bge,semantic_intersection_tau0.6,laplace_eb_k10|std0.5,dev,319,0.021824467518486573,0.7999179616313556,0.005946695103914387,0.8810011147518517,0.013879911923856942,0.7680022429803323,0.0219435736677116,0.3072100313479624,0.009404388714733543,0.45141065830721006,0.0,0.05329153605015674,-0.003134796238244514,0.08150470219435736,0.009621781615254274,0.8894936994512253,0.0027062195969225844,0.9305383898434594,0.0067597949019046425,0.8748608184645541,0.0219435736677116,0.3072100313479624,0.009404388714733543,0.45141065830721006,0.0,0.05329153605015674,-0.003134796238244514,0.08150470219435736,0.011596907110049806,0.033852833210487716,0.0005626835235999878,0.09717868338557993,0.07523510971786834,0.0219435736677116
dense_bge,semantic_intersection_tau0.6,laplace|std1,dev,319,0.03400067611360998,0.812094170226479,0.008048792337549144,0.8831032119854865,0.021938994269946527,0.7760613253264219,0.050156739811912224,0.335423197492163,0.0219435736677116,0.46394984326018807,0.0,0.05329153605015674,-0.003134796238244514,0.08150470219435736,0.015765969095558954,0.89563788693153,0.004164063818402425,0.9319962340649393,0.010686513940368701,0.8787875375030183,0.050156739811912224,0.335423197492163,0.0219435736677116,0.46394984326018807,0.0,0.05329153605015674,-0.003134796238244514,0.08150470219435736,0.019160391380981218,0.050863912427173114,0.0008487116949660514,0.19122257053291536,0.12225705329153605,0.06896551724137931
dense_bge,semantic_intersection_tau0.6,laplace_eb_k2|std1,dev,319,0.035840766229973314,0.8139342603428423,0.007784984188393739,0.882839403836331,0.021694060917184645,0.7758163919736599,0.050156739811912224,0.335423197492163,0.012539184952978056,0.45454545454545453,0.003134796238244514,0.05642633228840126,-0.006269592476489028,0.07836990595611286,0.015885968753910365,0.8957578865898814,0.0034011673404131565,0.93123333758695,0.010435564727245081,0.8785365882898947,0.050156739811912224,0.335423197492163,0.012539184952978056,0.45454545454545453,0.003134796238244514,0.05642633228840126,-0.006269592476489028,0.07836990595611286,0.022151633315839362,0.05327448175525215,1.944728334804652e-05,0.16300940438871472,0.12225705329153605,0.04075235109717868
dense_bge,semantic_intersection_tau0.6,laplace_eb_k10|std1,dev,319,0.036909660995940806,0.8150031551088098,0.007690819313159931,0.8827452389610972,0.020164497976766484,0.7742868290332418,0.047021943573667714,0.3322884012539185,0.012539184952978056,0.45454545454545453,0.0,0.05329153605015674,-0.006269592476489028,0.07836990595611286,0.016678592628072423,0.8965505104640434,0.0033245342652252104,0.931156704511762,0.009684908091087702,0.8777859316537373,0.047021943573667714,0.3322884012539185,0.012539184952978056,0.45454545454545453,0.0,0.05329153605015674,-0.006269592476489028,0.07836990595611286,0.02247209935726417,0.05371588386455111,0.00013384402435267584,0.18495297805642633,0.12539184952978055,0.05956112852664577
dense_bge,semantic_intersection_tau0.6,laplace|std2,dev,319,0.04371366568119922,0.8218071597940683,0.011237543391583482,0.8862919630395207,0.02740509406806533,0.7815274251245407,0.06896551724137931,0.3542319749216301,0.025078369905956112,0.4670846394984326,0.0,0.05329153605015674,-0.009404388714733543,0.07523510971786834,0.020620897085315382,0.9004928149212864,0.0053821860062291255,0.9332143562527659,0.012932840578234687,0.8810338641408842,0.06896551724137931,0.3542319749216301,0.025078369905956112,0.4670846394984326,0.0,0.05329153605015674,-0.009404388714733543,0.07523510971786834,0.02657593504692133,0.06312618837998392,9.955532205286942e-05,0.3103448275862069,0.2006269592476489,0.109717868338558
dense_bge,semantic_intersection_tau0.6,laplace_eb_k2|std2,dev,319,0.04342639203355604,0.8215198861464251,0.011756645521400117,0.8868110651693374,0.028671803967706088,0.7827941350241814,0.06896551724137931,0.3542319749216301,0.0219435736677116,0.46394984326018807,0.003134796238244514,0.05642633228840126,-0.006269592476489028,0.07836990595611286,0.01918569366012621,0.8990576114960972,0.005543898452411999,0.9333760686989488,0.01353967701753479,0.8816407005801842,0.06896551724137931,0.3542319749216301,0.0219435736677116,0.46394984326018807,0.003134796238244514,0.05642633228840126,-0.006269592476489028,0.07836990595611286,0.027755233967752667,0.06215915563735281,2.8509496465952697e-06,0.2225705329153605,0.16300940438871472,0.05956112852664577
dense_bge,semantic_intersection_tau0.6,laplace_eb_k10|std2,dev,319,0.041420939433911,0.81951443354678,0.01055597833892021,0.8856103979868575,0.028058123868834637,0.78218045492531,0.06269592476489028,0.34796238244514105,0.025078369905956112,0.4670846394984326,0.003134796238244514,0.05642633228840126,-0.006269592476489028,0.07836990595611286,0.01867055892944336,0.8985424767654144,0.0049097823872461584,0.932741952633783,0.013312608694955477,0.8814136322576052,0.06269592476489028,0.34796238244514105,0.025078369905956112,0.4670846394984326,0.003134796238244514,0.05642633228840126,-0.006269592476489028,0.07836990595611286,0.02621700604530898,0.05876644643660062,2.1296244250737478e-05,0.23510971786833856,0.15673981191222572,0.07836990595611286
dense_bge,semantic_intersection_tau0.7,laplace|abs,dev,319,0.03177624079033872,0.8098697349032078,0.001924672096874273,0.8769790917448116,0.02252268042403702,0.7766450114805122,0.04075235109717868,0.32601880877742945,0.025078369905956112,0.4670846394984326,-0.003134796238244514,0.050156739811912224,-0.01567398119122257,0.06896551724137931,0.01395322742133305,0.893825145257304,0.0009856707997456613,0.9288178410462825,0.010616059344390342,0.87871708290704,0.04075235109717868,0.32601880877742945,0.025078369905956112,0.4670846394984326,-0.003134796238244514,0.050156739811912224,-0.01567398119122257,0.06896551724137931,0.0143547582997704,0.05091750551785888,0.12245053422678487,0.4200626959247649,0.21630094043887146,0.20376175548589343
dense_bge,semantic_intersection_tau0.7,laplace_eb_k2|abs,dev,319,0.033751066669027635,0.8118445607818967,0.006354487614945558,0.8814089072628828,0.0234513028288336,0.7775736338853089,0.04075235109717868,0.32601880877742945,0.025078369905956112,0.4670846394984326,-0.003134796238244514,0.050156739811912224,-0.012539184952978056,0.07210031347962383,0.01481392148146435,0.8946858393174354,0.0029684120211107977,0.9308005822676476,0.010877935284731157,0.8789789588473808,0.04075235109717868,0.32601880877742945,0.025078369905956112,0.4670846394984326,-0.003134796238244514,0.050156739811912224,-0.012539184952978056,0.07210031347962383,0.018801975382205835,0.05141793957394679,0.007650697607145891,0.27586206896551724,0.15673981191222572,0.11912225705329153
dense_bge,semantic_intersection_tau0.7,laplace_eb_k10|abs,dev,319,0.038232960110547776,0.8163264542234168,0.005985090444827902,0.8810395100927652,0.022848048189590717,0.7769703792460659,0.0438871473354232,0.329153605015674,0.025078369905956112,0.4670846394984326,0.0,0.05329153605015674,-0.012539184952978056,0.07210031347962383,0.017102078397445916,0.896973996233417,0.002782657602363993,0.9306148278489008,0.01053368073645804,0.8786347042991075,0.0438871473354232,0.329153605015674,0.025078369905956112,0.4670846394984326,0.0,0.05329153605015674,-0.012539184952978056,0.07210031347962383,0.023118800355769624,0.056127963021257395,0.001009060689680342,0.3448275862068966,0.21003134796238246,0.13479623824451412
dense_bge,semantic_intersection_tau0.7,laplace|std0.5,dev,319,0.019130370132975444,0.7972238642458445,0.005481831799480235,0.8805362514474175,0.012965151611540384,0.7670874826680156,0.018808777429467086,0.30407523510971785,0.012539184952978056,0.45454545454545453,0.0,0.05329153605015674,-0.003134796238244514,0.08150470219435736,0.009133436089399092,0.8890053539253702,0.0026804167648841596,0.930512587011421,0.006385857315272747,0.8744868808779223,0.018808777429467086,0.30407523510971785,0.012539184952978056,0.45454545454545453,0.0,0.05329153605015674,-0.003134796238244514,0.08150470219435736,0.007867275950349984,0.03192957271018932,0.03270834095670501,0.13793103448275862,0.08150470219435736,0.05642633228840126
dense_bge,semantic_intersection_tau0.7,laplace_eb_k2|std0.5,dev,319,0.015459898216971036,0.7935533923298401,0.004637142800985833,0.8796915624489231,0.011542170118762409,0.7656645011752378,0.012539184952978056,0.29780564263322884,0.009404388714733543,0.45141065830721006,-0.003134796238244514,0.050156739811912224,0.0,0.08463949843260188,0.0069772743132420845,0.8868491921492131,0.0022173316501151057,0.9300495018966519,0.005740679394115102,0.8738417029567648,0.012539184952978056,0.29780564263322884,0.009404388714733543,0.45141065830721006,-0.003134796238244514,0.050156739811912224,0.0,0.08463949843260188,0.006195500476700385,0.026546824795885885,0.010396668482565371,0.09090909090909091,0.05956112852664577,0.03134796238244514
dense_bge,semantic_intersection_tau0.7,laplace_eb_k10|std0.5,dev,319,0.018960910998168035,0.7970544051110371,0.004667037613339559,0.8797214572612768,0.011685090528386514,0.7658074215848619,0.018808777429467086,0.30407523510971785,0.009404388714733543,0.45141065830721006,0.0,0.05329153605015674,0.0,0.08463949843260188,0.008529408598394603,0.8884013264343656,0.0022457879165123248,0.9300779581630492,0.005713335810036495,0.8738143593726861,0.018808777429467086,0.30407523510971785,0.009404388714733543,0.45141065830721006,0.0,0.05329153605015674,0.0,0.08463949843260188,0.009480354855520224,0.030443956686598377,0.00178075699491497,0.09090909090909091,0.06583072100313479,0.025078369905956112
dense_bge,semantic_intersection_tau0.7,laplace|std1,dev,319,0.028215498199283515,0.8063089923121526,0.005237265066667037,0.8802916847146043,0.017934253783808977,0.7720565848402843,0.034482758620689655,0.31974921630094044,0.018808777429467086,0.4608150470219436,0.0,0.05329153605015674,-0.003134796238244514,0.08150470219435736,0.01332353592666339,0.8931954537626344,0.0025957105301764316,0.9304278807767132,0.008885255932434227,0.8769862794950839,0.034482758620689655,0.31974921630094044,0.018808777429467086,0.4608150470219436,0.0,0.05329153605015674,-0.003134796238244514,0.08150470219435736,0.01500230240971317,0.043579757680713566,0.018313094363369187,0.19435736677115986,0.11285266457680251,0.08150470219435736
dense_bge,semantic_intersection_tau0.7,laplace_eb_k2|std1,dev,319,0.028983994290746492,0.8070774884036155,0.004862992647673269,0.8799174122956106,0.016784837776590664,0.7709071688330661,0.03761755485893417,0.322884012539185,0.012539184952978056,0.45454545454545453,0.003134796238244514,0.05642633228840126,0.0,0.08463949843260188,0.013250067503101025,0.893121985339072,0.0023675697350576752,0.9301997399815946,0.008215032289020695,0.8763160558516703,0.03761755485893417,0.322884012539185,0.012539184952978056,0.45454545454545453,0.003134796238244514,0.05642633228840126,0.0,0.08463949843260188,0.016576846527829068,0.04442872966531673,0.0003870428988523503,0.15047021943573669,0.10344827586206896,0.047021943573667714
dense_bge,semantic_intersection_tau0.7,laplace_eb_k10|std1,dev,319,0.030403675096909454,0.8084971692097785,0.004688553208467729,0.879742972856405,0.01555962342079904,0.7696819544772742,0.034482758620689655,0.31974921630094044,0.012539184952978056,0.45454545454545453,0.0,0.05329153605015674,0.0,0.08463949843260188,0.013969021157411199,0.8938409389933822,0.0023184205671089196,0.9301505908136457,0.007670202038504861,0.8757712256011544,0.034482758620689655,0.31974921630094044,0.012539184952978056,0.45454545454545453,0.0,0.05329153605015674,0.0,0.08463949843260188,0.017931641811113747,0.045702569922403104,0.0022511117256877136,0.1786833855799373,0.109717868338558,0.06896551724137931
dense_bge,semantic_intersection_tau0.7,laplace|std2,dev,319,0.034853690657122384,0.8129471847699914,0.005231716416098855,0.8802861360640362,0.02260680929246741,0.7767291403489426,0.05956112852664577,0.3448275862068966,0.0219435736677116,0.46394984326018807,0.0,0.05329153605015674,-0.009404388714733543,0.07523510971786834,0.01629518733876626,0.8961671051747373,0.002724734219637784,0.9305569044661746,0.010917839267784524,0.8790188628304341,0.05956112852664577,0.3448275862068966,0.0219435736677116,0.46394984326018807,0.0,0.05329153605015674,-0.009404388714733543,0.07523510971786834,0.018892668915159276,0.05321984451766297,0.00978164686847759,0.29780564263322884,0.1724137931034483,0.12539184952978055
dense_bge,semantic_intersection_tau0.7,laplace_eb_k2|std2,dev,319,0.03349289284043925,0.8115863869533083,0.006122176830297727,0.881176596478235,0.020204569245206895,0.7743269003016822,0.050156739811912224,0.335423197492163,0.018808777429467086,0.4608150470219436,0.003134796238244514,0.05642633228840126,-0.003134796238244514,0.08150470219435736,0.015620249939562758,0.8954921677755338,0.003120918072129492,0.9309530883186663,0.009610477510290833,0.8777115010729405,0.050156739811912224,0.335423197492163,0.018808777429467086,0.4608150470219436,0.003134796238244514,0.05642633228840126,-0.003134796238244514,0.08150470219435736,0.019257531594193095,0.05065884723395196,0.0009913291075503126,0.1974921630094044,0.12539184952978055,0.07210031347962383
dense_bge,semantic_intersection_tau0.7,laplace_eb_k10|std2,dev,319,0.0322262722776975,0.8103197663905666,0.0060267290538381256,0.8810811487017755,0.019919715321923496,0.7740420463783987,0.0438871473354232,0.329153605015674,0.0219435736677116,0.46394984326018807,0.003134796238244514,0.05642633228840126,-0.003134796238244514,0.08150470219435736,0.015324160596793722,0.8951960784327647,0.003105558571770647,0.9309377288183075,0.009538731492798904,0.8776397550554486,0.0438871473354232,0.329153605015674,0.0219435736677116,0.46394984326018807,0.003134796238244514,0.05642633228840126,-0.003134796238244514,0.08150470219435736,0.019193717468308058,0.04830010550499522,0.004923852151013027,0.219435736677116,0.12539184952978055,0.09404388714733543
dense_bge,semantic_backoff_tau0.6,laplace|abs,dev,319,0.03497903116724708,0.8130725252801161,0.007432120020113021,0.8824865396680504,0.02673787277974305,0.7808602038362183,0.04075235109717868,0.32601880877742945,0.0219435736677116,0.46394984326018807,-0.009404388714733543,0.0438871473354232,-0.0219435736677116,0.06269592476489028,0.013883814449220615,0.8937557322851917,0.003010988515746257,0.9308431587622831,0.012252169436421888,0.8803531929990716,0.04075235109717868,0.32601880877742945,0.0219435736677116,0.46394984326018807,-0.009404388714733543,0.0438871473354232,-0.0219435736677116,0.06269592476489028,0.016214095181595754,0.05594096377573695,0.09495873345535996,0.5141065830721003,0.26959247648902823,0.2445141065830721
dense_bge,semantic_backoff_tau0.6,laplace_eb_k2|abs,dev,319,0.04150073085459048,0.8195942249674595,0.012011294314480126,0.8870657139624174,0.03180703102234388,0.7859293620788191,0.050156739811912224,0.335423197492163,0.02821316614420063,0.4702194357366771,-0.006269592476489028,0.047021943573667714,-0.012539184952978056,0.07210031347962383,0.01763530453918122,0.8975072223751522,0.005148710501978763,0.9329808807485156,0.014558645924056961,0.8826596694867065,0.050156739811912224,0.335423197492163,0.02821316614420063,0.4702194357366771,-0.006269592476489028,0.047021943573667714,-0.012539184952978056,0.07210031347962383,0.024338892077717663,0.0628199260880394,0.0009984238233039884,0.3448275862068966,0.20689655172413793,0.13793103448275862
dense_bge,semantic_backoff_tau0.6,laplace_eb_k10|abs,dev,319,0.046389898069226256,0.8244833921820953,0.011351297968607338,0.8864057176165446,0.0315378598471794,0.7856601909036546,0.050156739811912224,0.335423197492163,0.034482758620689655,0.47648902821316613,-0.003134796238244514,0.050156739811912224,-0.012539184952978056,0.07210031347962383,0.019101525362008792,0.8989734431979798,0.004644833014676563,0.9324770032612134,0.01435765646468136,0.882458680027331,0.050156739811912224,0.335423197492163,0.034482758620689655,0.47648902821316613,-0.003134796238244514,0.050156739811912224,-0.012539184952978056,0.07210031347962383,0.02914113370835968,0.06677764741978301,6.310226660316189e-05,0.4169278996865204,0.26959247648902823,0.14733542319749215
dense_bge,semantic_backoff_tau0.6,laplace|std0.5,dev,319,0.02215391028450574,0.8002474043973747,0.005101494561168467,0.8801559142091058,0.01674742958388732,0.7708697606403626,0.025078369905956112,0.3103448275862069,0.006269592476489028,0.4482758620689655,0.0,0.05329153605015674,-0.003134796238244514,0.08150470219435736,0.010647083711474667,0.8905190015474457,0.0023290864352522225,0.9301612566817891,0.008093820843950708,0.8761948444066002,0.025078369905956112,0.3103448275862069,0.006269592476489028,0.4482758620689655,0.0,0.05329153605015674,-0.003134796238244514,0.08150470219435736,0.010815946309357229,0.034926480039673906,0.009274114480528627,0.14106583072100312,0.0877742946708464,0.05329153605015674
dense_bge,semantic_backoff_tau0.6,laplace_eb_k2|std0.5,dev,319,0.01838604914357296,0.796479543256442,0.00709740523260589,0.8821518248805432,0.016331758712152703,0.770454089768628,0.01567398119122257,0.30094043887147337,0.006269592476489028,0.4482758620689655,-0.003134796238244514,0.050156739811912224,-0.003134796238244514,0.08150470219435736,0.008089714663155775,0.8879616324991269,0.002829303375232182,0.930661473621769,0.0078878870952092,0.8759889106578588,0.01567398119122257,0.30094043887147337,0.006269592476489028,0.4482758620689655,-0.003134796238244514,0.050156739811912224,-0.003134796238244514,0.08150470219435736,0.008739915312644456,0.030410177811840102,0.0020609461292282042,0.09090909090909091,0.06896551724137931,0.0219435736677116
dense_bge,semantic_backoff_tau0.6,laplace_eb_k10|std0.5,dev,319,0.021824467518486573,0.7999179616313556,0.005543536013196629,0.8805979556611339,0.014773353710069922,0.7688956847665451,0.0219435736677116,0.3072100313479624,0.006269592476489028,0.4482758620689655,0.0,0.05329153605015674,-0.003134796238244514,0.08150470219435736,0.009621781615254274,0.8894936994512253,0.0023567689623578587,0.9301889392088947,0.007136965171670467,0.87523798873432,0.0219435736677116,0.3072100313479624,0.006269592476489028,0.4482758620689655,0.0,0.05329153605015674,-0.003134796238244514,0.08150470219435736,0.011596907110049806,0.033852833210487716,0.0005626835235999878,0.09717868338557993,0.07523510971786834,0.0219435736677116
dense_bge,semantic_backoff_tau0.6,laplace|std1,dev,319,0.033695153915396306,0.8117886480282653,0.0076726233137064965,0.8827270429616437,0.023336036895696646,0.7774583679521719,0.050156739811912224,0.335423197492163,0.018808777429467086,0.4608150470219436,0.0,0.05329153605015674,-0.003134796238244514,0.08150470219435736,0.015830999257796238,0.8957029170937673,0.0038408184873646705,0.9316729887339015,0.011353306037878916,0.8794543296005285,0.050156739811912224,0.335423197492163,0.018808777429467086,0.4608150470219436,0.0,0.05329153605015674,-0.003134796238244514,0.08150470219435736,0.018958028273943075,0.05074159883920302,0.002450078648610902,0.2006269592476489,0.12225705329153605,0.07836990595611286
dense_bge,semantic_backoff_tau0.6,laplace_eb_k2|std1,dev,319,0.035737045926733824,0.8138305400396029,0.007422054215658421,0.8824764738635957,0.0227282785509821,0.7768506096074572,0.050156739811912224,0.335423197492163,0.009404388714733543,0.45141065830721006,0.003134796238244514,0.05642633228840126,-0.006269592476489028,0.07836990595611286,0.015802831111656836,0.8956747489476279,0.0030861097069743285,0.9309182799535112,0.01091525973197435,0.8790162832946239,0.050156739811912224,0.335423197492163,0.009404388714733543,0.45141065830721006,0.003134796238244514,0.05642633228840126,-0.006269592476489028,0.07836990595611286,0.022065168171887486,0.053212166470139745,3.6305573865903804e-05,0.16614420062695925,0.12225705329153605,0.0438871473354232
dense_bge,semantic_backoff_tau0.6,laplace_eb_k10|std1,dev,319,0.03680594069270131,0.8148994348055704,0.007290752423594364,0.8823451720715316,0.021326042333366727,0.7754483733898418,0.047021943573667714,0.3322884012539185,0.009404388714733543,0.45141065830721006,0.0,0.05329153605015674,-0.006269592476489028,0.07836990595611286,0.016595454985818894,0.8964673728217899,0.0029818198897621846,0.9308139901362991,0.010273414906289514,0.878374438468939,0.047021943573667714,0.3322884012539185,0.009404388714733543,0.45141065830721006,0.0,0.05329153605015674,-0.006269592476489028,0.07836990595611286,0.02238010766224054,0.053636274142278395,0.0002070563842770921,0.18808777429467086,0.12539184952978055,0.06269592476489028
dense_bge,semantic_backoff_tau0.6,laplace|std2,dev,319,0.04234011611407827,0.8204336102269473,0.011626266433527477,0.8866806860814648,0.02819539173549993,0.7823177227919752,0.06896551724137931,0.3542319749216301,0.0219435736677116,0.46394984326018807,0.0,0.05329153605015674,-0.009404388714733543,0.07523510971786834,0.019915463035009497,0.8997873808709805,0.005200864659581438,0.9330330349061182,0.013432956545330518,0.8815339801079801,0.06896551724137931,0.3542319749216301,0.0219435736677116,0.46394984326018807,0.0,0.05329153605015674,-0.009404388714733543,0.07523510971786834,0.025142058600499336,0.061710973338553896,0.000559866211839429,0.32601880877742945,0.2006269592476489,0.12539184952978055
dense_bge,semantic_backoff_tau0.6,laplace_eb_k2|std2,dev,319,0.042683923879760936,0.8207774179926299,0.011608738463874148,0.8866631581118114,0.029856678740731602,0.7839790097972068,0.06583072100313479,0.3510971786833856,0.018808777429467086,0.4608150470219436,0.003134796238244514,0.05642633228840126,-0.006269592476489028,0.07836990595611286,0.018972628355773638,0.8988445461917447,0.005233252496928631,0.9330654227434655,0.014035585438569885,0.8821366090012194,0.06583072100313479,0.3510971786833856,0.018808777429467086,0.4608150470219436,0.003134796238244514,0.05642633228840126,-0.006269592476489028,0.07836990595611286,0.027036034977968585,0.061892764559920675,7.673402929819729e-06,0.23197492163009403,0.16614420062695925,0.06583072100313479
dense_bge,semantic_backoff_tau0.6,laplace_eb_k10|std2,dev,319,0.04131721913067151,0.8194107132435405,0.010430007285458915,0.8854844269333962,0.02890077462203824,0.7830231056785134,0.06269592476489028,0.34796238244514105,0.0219435736677116,0.46394984326018807,0.003134796238244514,0.05642633228840126,-0.006269592476489028,0.07836990595611286,0.01858742128718983,0.8984593391231609,0.004608845822863444,0.9324410160694002,0.01372742865900261,0.8818284522216522,0.06269592476489028,0.34796238244514105,0.0219435736677116,0.46394984326018807,0.003134796238244514,0.05642633228840126,-0.006269592476489028,0.07836990595611286,0.026018841855438152,0.05862205737039772,3.367726173975941e-05,0.23824451410658307,0.15673981191222572,0.08150470219435736
dense_bge,semantic_backoff_tau0.7,laplace|abs,dev,319,0.02546310464509976,0.8035565987579688,9.14366080843169e-05,0.8751458562560216,0.02239190559121882,0.776514236647694,0.03134796238244514,0.3166144200626959,0.018808777429467086,0.4608150470219436,-0.006269592476489028,0.047021943573667714,-0.018808777429467086,0.06583072100313479,0.01078475156921578,0.8906566694051868,-0.00023299044576184503,0.927599179800775,0.010592719211847429,0.8786937427744971,0.03134796238244514,0.3166144200626959,0.018808777429467086,0.4608150470219436,-0.006269592476489028,0.047021943573667714,-0.018808777429467086,0.06583072100313479,0.007479579120780981,0.046183638116432384,0.4086269506482624,0.44200626959247646,0.21630094043887146,0.22570532915360503
dense_bge,semantic_backoff_tau0.7,laplace_eb_k2|abs,dev,319,0.0342628651278146,0.8123563592406836,0.0059867809091615825,0.8810412005570989,0.023711886973964005,0.7778342180304392,0.04075235109717868,0.32601880877742945,0.018808777429467086,0.4608150470219436,-0.003134796238244514,0.050156739811912224,-0.012539184952978056,0.07210031347962383,0.015358044996530658,0.8952299628325017,0.0026179144748699704,0.9304500847214068,0.011106025724201742,0.8792070492868513,0.04075235109717868,0.32601880877742945,0.018808777429467086,0.4608150470219436,-0.003134796238244514,0.050156739811912224,-0.012539184952978056,0.07210031347962383,0.019541960326388337,0.0518304748723406,0.007057252972587678,0.27899686520376177,0.15987460815047022,0.11912225705329153
dense_bge,semantic_backoff_tau0.7,laplace_eb_k10|abs,dev,319,0.0367373664364172,0.8148308605492862,0.005363800635905849,0.8804182202838431,0.02303076719976144,0.7771530982562367,0.0438871473354232,0.329153605015674,0.018808777429467086,0.4608150470219436,0.0,0.05329153605015674,-0.012539184952978056,0.07210031347962383,0.016296239108501184,0.8961681569444722,0.0023246788679619195,0.9301568491144987,0.010709151429442404,0.878810174992092,0.0438871473354232,0.329153605015674,0.018808777429467086,0.4608150470219436,0.0,0.05329153605015674,-0.012539184952978056,0.07210031347962383,0.021053024678021014,0.05508424710237119,0.0020820244180852427,0.3542319749216301,0.21316614420062696,0.14106583072100312
dense_bge,semantic_backoff_tau0.7,laplace|std0.5,dev,319,0.019130370132975444,0.7972238642458445,0.0050782306254096915,0.880132650273347,0.014206880620654472,0.7683292116771298,0.018808777429467086,0.30407523510971785,0.009404388714733543,0.45141065830721006,0.0,0.05329153605015674,-0.003134796238244514,0.08150470219435736,0.009133436089399092,0.8890053539253702,0.0023347010433113313,0.9301668712898482,0.007044256536938179,0.8751452800995877,0.018808777429467086,0.30407523510971785,0.009404388714733543,0.45141065830721006,0.0,0.05329153605015674,-0.003134796238244514,0.08150470219435736,0.007867275950349984,0.03192957271018932,0.03270834095670501,0.13793103448275862,0.08150470219435736,0.05642633228840126
dense_bge,semantic_backoff_tau0.7,laplace_eb_k2|std0.5,dev,319,0.015504033120822009,0.793597527233691,0.004241209558932385,0.8792956292068697,0.012621685133832375,0.7667440161903077,0.012539184952978056,0.29780564263322884,0.006269592476489028,0.4482758620689655,-0.003134796238244514,0.050156739811912224,0.0,0.08463949843260188,0.00698320675045719,0.8868551245864282,0.0018678810155503803,0.9297000512620872,0.006231658099960757,0.8743326816626105,0.012539184952978056,0.29780564263322884,0.006269592476489028,0.4482758620689655,-0.003134796238244514,0.050156739811912224,0.0,0.08463949843260188,0.006240138418528727,0.026653586468165943,0.007715869575744016,0.0877742946708464,0.05956112852664577,0.02821316614420063
dense_bge,semantic_backoff_tau0.7,laplace_eb_k10|std0.5,dev,319,0.018960910998168035,0.7970544051110371,0.0042638785226218005,0.8793182981705591,0.012356012330907265,0.7664783433873825,0.018808777429467086,0.30407523510971785,0.006269592476489028,0.4482758620689655,0.0,0.05329153605015674,0.0,0.08463949843260188,0.008529408598394603,0.8884013264343656,0.0018963372819475993,0.9297285075284845,0.006031361156870206,0.8741323847195197,0.018808777429467086,0.30407523510971785,0.006269592476489028,0.4482758620689655,0.0,0.05329153605015674,0.0,0.08463949843260188,0.009480354855520224,0.030443956686598377,0.00178075699491497,0.09090909090909091,0.06583072100313479,0.025078369905956112
dense_bge,semantic_backoff_tau0.7,laplace|std1,dev,319,0.028218147055856114,0.8063116411687251,0.004787585484944167,0.8798420051328815,0.019199247209816514,0.7733215782662918,0.034482758620689655,0.31974921630094044,0.01567398119122257,0.45768025078369906,0.0,0.05329153605015674,-0.003134796238244514,0.08150470219435736,0.013271972116631774,0.8931438899526029,0.0022704298593407514,0.9301026001058775,0.009475190699287341,0.8775762142619368,0.034482758620689655,0.31974921630094044,0.01567398119122257,0.45768025078369906,0.0,0.05329153605015674,-0.003134796238244514,0.08150470219435736,0.015004692170593806,0.04357288621809788,0.021044279243034272,0.2006269592476489,0.11598746081504702,0.08463949843260188
dense_bge,semantic_backoff_tau0.7,laplace_eb_k2|std1,dev,319,0.02891679388415477,0.8070102879970238,0.0045053657599751105,0.8795597854079124,0.017493617609376816,0.7716159486658521,0.03761755485893417,0.322884012539185,0.009404388714733543,0.45141065830721006,0.003134796238244514,0.05642633228840126,0.0,0.08463949843260188,0.013171280439370853,0.8930431982753418,0.0020495107555090447,0.9298816810020458,0.00857079372884338,0.8766718172914931,0.03761755485893417,0.322884012539185,0.009404388714733543,0.45141065830721006,0.003134796238244514,0.05642633228840126,0.0,0.08463949843260188,0.016517977242512763,0.044347465082676056,0.0005886511736690847,0.1536050156739812,0.10344827586206896,0.050156739811912224
dense_bge,semantic_backoff_tau0.7,laplace_eb_k10|std1,dev,319,0.03029233978646676,0.8083858338993358,0.004293789403939322,0.8793482090518766,0.016428906706433308,0.7705512377629086,0.034482758620689655,0.31974921630094044,0.009404388714733543,0.45141065830721006,0.0,0.05329153605015674,0.0,0.08463949843260188,0.01388430165646592,0.893756219492437,0.0019727048455360917,0.9298048750920729,0.008147158704955002,0.8762481822676046,0.034482758620689655,0.31974921630094044,0.009404388714733543,0.45141065830721006,0.0,0.05329153605015674,0.0,0.08463949843260188,0.017762763312430967,0.04551068991189091,0.004127742073929687,0.18495297805642633,0.109717868338558,0.07523510971786834
dense_bge,semantic_backoff_tau0.7,laplace|std2,dev,319,0.03470559137928822,0.8127990854921573,0.004773624171283925,0.8798280438192212,0.023537423697571766,0.777659754754047,0.05956112852664577,0.3448275862068966,0.018808777429467086,0.4608150470219436,0.0,0.05329153605015674,-0.009404388714733543,0.07523510971786834,0.016069878791940623,0.8959417966279116,0.0023371833245208647,0.9301693535710577,0.011335275670204044,0.8794362992328535,0.05956112852664577,0.3448275862068966,0.018808777429467086,0.4608150470219436,0.0,0.05329153605015674,-0.009404388714733543,0.07523510971786834,0.018746871098315455,0.053038559840016965,0.018893798469233804,0.3072100313479624,0.1724137931034483,0.13479623824451412
dense_bge,semantic_backoff_tau0.7,laplace_eb_k2|std2,dev,319,0.03342569243384753,0.8115191865467166,0.0057216900923409055,0.8807761097402782,0.021048709040151492,0.7751710400966269,0.050156739811912224,0.335423197492163,0.012539184952978056,0.45454545454545453,0.003134796238244514,0.05642633228840126,-0.003134796238244514,0.08150470219435736,0.015541462875832584,0.8954133807118037,0.0027162154266453086,0.9305483856731821,0.010009392002906917,0.8781104155655564,0.050156739811912224,0.335423197492163,0.012539184952978056,0.45454545454545453,0.003134796238244514,0.05642633228840126,-0.003134796238244514,0.08150470219435736,0.019151657294236756,0.05069823572558105,0.0014230246101340823,0.2006269592476489,0.12539184952978055,0.07523510971786834
dense_bge,semantic_backoff_tau0.7,laplace_eb_k10|std2,dev,319,0.03215907187110578,0.8102525659839748,0.005655248664015886,0.8807096683119532,0.020397499334475835,0.7745198303909511,0.0438871473354232,0.329153605015674,0.018808777429467086,0.4608150470219436,0.003134796238244514,0.05642633228840126,-0.003134796238244514,0.08150470219435736,0.015245373533063548,0.8951172913690346,0.002784012813926864,0.9306161830604637,0.009834376472664476,0.8779354000353141,0.0438871473354232,0.329153605015674,0.018808777429467086,0.4608150470219436,0.003134796238244514,0.05642633228840126,-0.003134796238244514,0.08150470219435736,0.01908803511889751,0.048292093400531054,0.006495256989206883,0.2225705329153605,0.12539184952978055,0.09717868338557993
hybrid_bge_rrf,M4_intersection,laplace|std0.5,dev,319,0.04408688630710201,0.8181441490973425,0.006057848190439159,0.8849784350227039,0.03280318008508054,0.7820830144852307,0.07210031347962383,0.3605015673981191,0.0219435736677116,0.4827586206896552,0.0,0.06269592476489028,0.0,0.09404388714733543,0.021837817650977347,0.8992199714654665,0.004550569670327405,0.9332647944879382,0.01623053212524582,0.8822296679393625,0.07210031347962383,0.3605015673981191,0.0219435736677116,0.4827586206896552,0.0,0.06269592476489028,0.0,0.09404388714733543,0.025691565632423075,0.06332313504980928,1.9243528850137492e-05,0.2507836990595611,0.1755485893416928,0.07523510971786834
hybrid_bge_rrf,M4_intersection,laplace_eb_k2|std0.5,dev,319,0.046239640598760505,0.820296903389001,0.006750416139076496,0.8856710029713413,0.03145109145058359,0.7807309258507337,0.05642633228840126,0.3448275862068966,0.025078369905956112,0.48589341692789967,-0.006269592476489028,0.05642633228840126,0.0,0.09404388714733543,0.022851777114090876,0.9002339309285801,0.004121481064345022,0.9328357058819559,0.015289013568884152,0.8812881493830008,0.05642633228840126,0.3448275862068966,0.025078369905956112,0.48589341692789967,-0.006269592476489028,0.05642633228840126,0.0,0.09404388714733543,0.029691755192406872,0.06499067999212343,1.2272945976258556e-06,0.1724137931034483,0.13479623824451412,0.03761755485893417
hybrid_bge_rrf,M4_intersection,laplace_eb_k10|std0.5,dev,319,0.03985051455729434,0.8139077773475348,0.003520838706097259,0.882441425538362,0.027383055292700527,0.7766628896928506,0.05642633228840126,0.3448275862068966,0.01567398119122257,0.47648902821316613,0.0,0.06269592476489028,0.0,0.09404388714733543,0.019348342777419612,0.8967304965919088,0.0022898166904628836,0.9310040415080737,0.013235185531239528,0.8792343213453562,0.05642633228840126,0.3448275862068966,0.01567398119122257,0.47648902821316613,0.0,0.06269592476489028,0.0,0.09404388714733543,0.02376214759219963,0.05705669123247312,4.357658289139148e-06,0.16927899686520376,0.12539184952978055,0.0438871473354232
hybrid_bge_rrf,M4_intersection,laplace|std1,dev,319,0.051951774819330734,0.8260090376095712,0.011894959921373469,0.8908155467536382,0.047333014710896806,0.796612849111047,0.08463949843260188,0.3730407523510972,0.04075235109717868,0.5015673981191222,-0.01567398119122257,0.047021943573667714,-0.006269592476489028,0.0877742946708464,0.026502541987499847,0.903884695801989,0.0071997612621343245,0.9359139860797452,0.023344608403298547,0.889343744217415,0.08463949843260188,0.3730407523510972,0.04075235109717868,0.5015673981191222,-0.01567398119122257,0.047021943573667714,-0.006269592476489028,0.0877742946708464,0.03184855209319008,0.07260920587214743,8.197757568879366e-06,0.38557993730407525,0.2601880877742947,0.12539184952978055
hybrid_bge_rrf,M4_intersection,laplace_eb_k2|std1,dev,319,0.049735222210331026,0.8237924850005715,0.013457334340552926,0.8923779211728177,0.049073357971204115,0.7983531923713542,0.06583072100313479,0.3542319749216301,0.034482758620689655,0.4952978056426332,-0.003134796238244514,0.05956112852664577,-0.006269592476489028,0.0877742946708464,0.024667705114358646,0.9020498589288478,0.007038276210473996,0.9357525010280848,0.023142244019852168,0.8891413798339688,0.06583072100313479,0.3542319749216301,0.034482758620689655,0.4952978056426332,-0.003134796238244514,0.05956112852664577,-0.006269592476489028,0.0877742946708464,0.03228388541848121,0.06928227236348447,1.8555087976792786e-06,0.25705329153605017,0.1786833855799373,0.07836990595611286
hybrid_bge_rrf,M4_intersection,laplace_eb_k10|std1,dev,319,0.048071070664728696,0.8221283334549692,0.009001007834945727,0.8879215946672104,0.04416162168904906,0.7934414560891991,0.07836990595611286,0.3667711598746082,0.03134796238244514,0.49216300940438873,-0.003134796238244514,0.05956112852664577,0.0,0.09404388714733543,0.02464497687300918,0.9020271306874984,0.005746506971999022,0.9344607317896099,0.021443126231525386,0.887442262045642,0.07836990595611286,0.3667711598746082,0.03134796238244514,0.49216300940438873,-0.003134796238244514,0.05956112852664577,0.0,0.09404388714733543,0.029202295774389583,0.06809269608024705,2.1793038562386706e-06,0.2727272727272727,0.19435736677115986,0.07836990595611286
hybrid_bge_rrf,M4_intersection,laplace|std2,dev,319,0.05375806461774443,0.8278153274079849,0.008160401147361086,0.8870809879796259,0.05755766058883696,0.806837494988987,0.10031347962382445,0.3887147335423197,0.047021943573667714,0.5078369905956113,-0.018808777429467086,0.0438871473354232,-0.012539184952978056,0.08150470219435736,0.0268151479828694,0.9041973017973586,0.00520770078916161,0.9339219256067725,0.027924613967584593,0.8939237497817012,0.10031347962382445,0.3887147335423197,0.047021943573667714,0.5078369905956113,-0.018808777429467086,0.0438871473354232,-0.012539184952978056,0.08150470219435736,0.031791117690433524,0.07543619220848648,0.00014956155687016558,0.5297805642633229,0.322884012539185,0.20689655172413793
hybrid_bge_rrf,M4_intersection,laplace_eb_k2|std2,dev,319,0.06014285883559702,0.8342001216258375,0.0176042511732227,0.8965248380054874,0.0604217901895973,0.8097016245897475,0.09090909090909091,0.3793103448275862,0.05329153605015674,0.5141065830721003,-0.012539184952978056,0.050156739811912224,-0.006269592476489028,0.0877742946708464,0.029809779881683637,0.9071919336961728,0.008867612453089986,0.9375818372707008,0.028928392845261438,0.8949275286593781,0.09090909090909091,0.3793103448275862,0.05329153605015674,0.5141065830721003,-0.012539184952978056,0.050156739811912224,-0.006269592476489028,0.0877742946708464,0.03939119411930208,0.0818148704006287,1.1693030962363728e-06,0.3730407523510972,0.23824451410658307,0.13479623824451412
hybrid_bge_rrf,M4_intersection,laplace_eb_k10|std2,dev,319,0.057558812971772816,0.8316160757620132,0.015434535693225442,0.8943551225254902,0.0571899974327476,0.8064698318328976,0.09404388714733543,0.3824451410658307,0.04075235109717868,0.5015673981191222,-0.012539184952978056,0.050156739811912224,-0.006269592476489028,0.0877742946708464,0.029292636343677965,0.9066747901581672,0.00834670167731641,0.9370609264949272,0.027538656216803764,0.8935377920309205,0.09404388714733543,0.3824451410658307,0.04075235109717868,0.5015673981191222,-0.012539184952978056,0.050156739811912224,-0.006269592476489028,0.0877742946708464,0.035671886748000745,0.07938675914999085,2.3517927567675335e-06,0.40752351097178685,0.27586206896551724,0.13166144200626959
hybrid_bge_rrf,M5_backoff,laplace|std0.5,dev,319,0.041534738340721605,0.8155920011309621,0.005524717901941377,0.8844453047342061,0.0351985591425791,0.7844783935427292,0.05956112852664577,0.34796238244514105,0.018808777429467086,0.47962382445141066,-0.006269592476489028,0.05642633228840126,0.0,0.09404388714733543,0.02073570880396613,0.8981178626184553,0.0034065620278863696,0.9321207868454972,0.017389840149206803,0.8833889759633236,0.05956112852664577,0.34796238244514105,0.018808777429467086,0.47962382445141066,-0.006269592476489028,0.05642633228840126,0.0,0.09404388714733543,0.023802439787871787,0.060720697195972756,6.384807710953458e-05,0.26959247648902823,0.1786833855799373,0.09090909090909091
hybrid_bge_rrf,M5_backoff,laplace_eb_k2|std0.5,dev,319,0.04454205255243098,0.8185993153426715,0.0035843319466868913,0.8825049187789517,0.03283426636672319,0.7821141007668733,0.0438871473354232,0.3322884012539185,0.018808777429467086,0.47962382445141066,-0.009404388714733543,0.05329153605015674,0.0,0.09404388714733543,0.022041829682442834,0.899423983496932,0.0018541411172633634,0.9305683659348742,0.016057278930580357,0.882056414744697,0.0438871473354232,0.3322884012539185,0.018808777429467086,0.47962382445141066,-0.009404388714733543,0.05329153605015674,0.0,0.09404388714733543,0.028175854318567953,0.06297265333663614,4.40526054258721e-06,0.21003134796238246,0.14733542319749215,0.06269592476489028
hybrid_bge_rrf,M5_backoff,laplace_eb_k10|std0.5,dev,319,0.038652376741824854,0.8127096395320653,0.0015603591655862742,0.880480945997851,0.027472472408068216,0.7767523068082183,0.050156739811912224,0.3385579937304075,0.012539184952978056,0.47335423197492166,-0.003134796238244514,0.05956112852664577,0.0,0.09404388714733543,0.01896009689961855,0.8963422507141078,0.0008035844022577459,0.9295178092198686,0.01348681786217286,0.8794859536762896,0.050156739811912224,0.3385579937304075,0.012539184952978056,0.47335423197492166,-0.003134796238244514,0.05956112852664577,0.0,0.09404388714733543,0.02296143040925171,0.0568812472739937,0.00013477952644672982,0.21630094043887146,0.13479623824451412,0.08150470219435736
hybrid_bge_rrf,M5_backoff,laplace|std1,dev,319,0.052611969948562334,0.8266692327388028,0.010184248366326,0.8891048351985907,0.052755527284732054,0.8020353616848822,0.07210031347962383,0.3605015673981191,0.03761755485893417,0.49843260188087773,-0.018808777429467086,0.0438871473354232,-0.006269592476489028,0.0877742946708464,0.026127047579863977,0.9035092013943532,0.005704571087158586,0.9344187959047694,0.025708541208673795,0.8917076770227904,0.07210031347962383,0.3605015673981191,0.03761755485893417,0.49843260188087773,-0.018808777429467086,0.0438871473354232,-0.006269592476489028,0.0877742946708464,0.032830613313190246,0.073034831556874,6.930698513762407e-06,0.3949843260188088,0.26332288401253917,0.13166144200626959
hybrid_bge_rrf,M5_backoff,laplace_eb_k2|std1,dev,319,0.048287915048367554,0.822345177838608,0.01086793298071081,0.8897885198129756,0.050267802125140794,0.7995476365252909,0.05642633228840126,0.3448275862068966,0.03134796238244514,0.49216300940438873,-0.006269592476489028,0.05642633228840126,-0.006269592476489028,0.0877742946708464,0.024604828847239385,0.9019869826617286,0.0053860201357300375,0.9341002449533409,0.024052036630696272,0.8900511724448129,0.05642633228840126,0.3448275862068966,0.03134796238244514,0.49216300940438873,-0.006269592476489028,0.05642633228840126,-0.006269592476489028,0.0877742946708464,0.0297673050314188,0.06842004040250303,3.250495826828524e-05,0.322884012539185,0.20376175548589343,0.11912225705329153
hybrid_bge_rrf,M5_backoff,laplace_eb_k10|std1,dev,319,0.04639360824815906,0.8204508710383995,0.008354020062658854,0.8872746068949237,0.04505332903148239,0.7943331634316326,0.06583072100313479,0.3542319749216301,0.03134796238244514,0.49216300940438873,-0.006269592476489028,0.05642633228840126,0.0,0.09404388714733543,0.024180205731556333,0.9015623595460456,0.004515610518500349,0.9332298353361111,0.0218495093542954,0.8878486451684121,0.06583072100313479,0.3542319749216301,0.03134796238244514,0.49216300940438873,-0.006269592476489028,0.05642633228840126,0.0,0.09404388714733543,0.02837970444938419,0.06577462590063067,1.2348115551339923e-05,0.31974921630094044,0.21003134796238246,0.109717868338558
hybrid_bge_rrf,M5_backoff,laplace|std2,dev,319,0.05445136765140725,0.8285086304416477,0.012850893702252906,0.8917714805345176,0.06499665248263217,0.8142764868827824,0.09090909090909091,0.3793103448275862,0.0438871473354232,0.5047021943573667,-0.025078369905956112,0.03761755485893417,-0.012539184952978056,0.08150470219435736,0.02630800578661473,0.9036901596011039,0.006495892908132188,0.935210117725743,0.030948228335305812,0.8969473641494224,0.09090909090909091,0.3793103448275862,0.0438871473354232,0.5047021943573667,-0.025078369905956112,0.03761755485893417,-0.012539184952978056,0.08150470219435736,0.03252463789195476,0.07777777454672748,0.000251023206481867,0.5642633228840125,0.3385579937304075,0.22570532915360503
hybrid_bge_rrf,M5_backoff,laplace_eb_k2|std2,dev,319,0.05107442756711876,0.8251316903573592,0.011671321378979938,0.8905919082112447,0.058740048598626554,0.8080198829987768,0.07210031347962383,0.3605015673981191,0.04075235109717868,0.5015673981191222,-0.01567398119122257,0.047021943573667714,-0.006269592476489028,0.0877742946708464,0.026311826649878092,0.9036939804643673,0.006005233264642076,0.9347194580822529,0.028570514917373658,0.8945696507314904,0.07210031347962383,0.3605015673981191,0.04075235109717868,0.5015673981191222,-0.01567398119122257,0.047021943573667714,-0.006269592476489028,0.0877742946708464,0.029858946716150147,0.07344976886289434,0.00011701452201101075,0.438871473354232,0.26332288401253917,0.1755485893416928
hybrid_bge_rrf,M5_backoff,laplace_eb_k10|std2,dev,319,0.047811074153196104,0.8218683369434365,0.01148987334910605,0.8904104601813708,0.056202832941070986,0.805482667341221,0.07210031347962383,0.3605015673981191,0.04075235109717868,0.5015673981191222,-0.01567398119122257,0.047021943573667714,-0.009404388714733543,0.08463949843260188,0.02567524549355701,0.9030573993080462,0.006759189045915035,0.9354734138635259,0.027184922474678783,0.8931840582887954,0.07210031347962383,0.3605015673981191,0.04075235109717868,0.5015673981191222,-0.01567398119122257,0.047021943573667714,-0.009404388714733543,0.08463949843260188,0.026351867890610215,0.06896546158857852,0.00016993275001140536,0.47335423197492166,0.29780564263322884,0.1755485893416928
hybrid_bge_rrf,semantic_intersection_tau0.6,laplace|std0.5,dev,319,0.037726822668295294,0.8117840854585358,0.0010336258194663308,0.8799542126517311,0.022558067911844643,0.7718379023119947,0.06583072100313479,0.3542319749216301,0.009404388714733543,0.4702194357366771,-0.003134796238244514,0.05956112852664577,0.0,0.09404388714733543,0.01918482033062878,0.896566974145118,0.0010775400553377445,0.9297917648729486,0.011498196745367261,0.8774973325594838,0.06583072100313479,0.3542319749216301,0.009404388714733543,0.4702194357366771,-0.003134796238244514,0.05956112852664577,0.0,0.09404388714733543,0.020507511262399462,0.05602675638742581,9.205713236753897e-05,0.21316614420062696,0.15047021943573669,0.06269592476489028
hybrid_bge_rrf,semantic_intersection_tau0.6,laplace_eb_k2|std0.5,dev,319,0.03875709565642486,0.8128143584466653,0.001744495663896997,0.8806650824961617,0.020292451678772333,0.7695722860789224,0.050156739811912224,0.3385579937304075,0.006269592476489028,0.4670846394984326,-0.006269592476489028,0.05642633228840126,0.0,0.09404388714733543,0.018598121348593302,0.8959802751630825,0.0011047954469638932,0.9298190202645747,0.010128845933089064,0.8761279817472057,0.050156739811912224,0.3385579937304075,0.006269592476489028,0.4670846394984326,-0.006269592476489028,0.05642633228840126,0.0,0.09404388714733543,0.022646439657035666,0.05648156555725675,1.631151305513796e-05,0.15673981191222572,0.11912225705329153,0.03761755485893417
hybrid_bge_rrf,semantic_intersection_tau0.6,laplace_eb_k10|std0.5,dev,319,0.03721324538922983,0.8112705081794703,0.0014716728727645636,0.8803922597050293,0.018216568726730945,0.7674964031268809,0.050156739811912224,0.3385579937304075,0.006269592476489028,0.4670846394984326,0.0,0.06269592476489028,0.0,0.09404388714733543,0.017331956882835557,0.8947141106973248,0.0007639347946382241,0.9294781596122491,0.009090827849217718,0.8750899636633345,0.050156739811912224,0.3385579937304075,0.006269592476489028,0.4670846394984326,0.0,0.06269592476489028,0.0,0.09404388714733543,0.021195765290421005,0.054729851010637966,3.0330865141950256e-05,0.16300940438871472,0.11598746081504702,0.047021943573667714
hybrid_bge_rrf,semantic_intersection_tau0.6,laplace|std1,dev,319,0.032955618184001466,0.807012880974242,0.0019016894614061219,0.8808222762936708,0.0317932967481942,0.7810731311483443,0.06583072100313479,0.3542319749216301,0.009404388714733543,0.4702194357366771,-0.0219435736677116,0.04075235109717868,-0.006269592476489028,0.0877742946708464,0.016993795816427487,0.8943759496309167,0.0013212212200822502,0.9300354460376931,0.015695085775889572,0.8816942215900063,0.06583072100313479,0.3542319749216301,0.009404388714733543,0.4702194357366771,-0.0219435736677116,0.04075235109717868,-0.006269592476489028,0.0877742946708464,0.01455028019962266,0.051947010248362256,0.0022111681151295733,0.30407523510971785,0.1974921630094044,0.10658307210031348
hybrid_bge_rrf,semantic_intersection_tau0.6,laplace_eb_k2|std1,dev,319,0.039317503384661896,0.8133747661749023,0.004034973517480688,0.8829555603497454,0.029918599240832195,0.7791984336409823,0.05642633228840126,0.3448275862068966,0.006269592476489028,0.4670846394984326,-0.003134796238244514,0.05956112852664577,-0.006269592476489028,0.0877742946708464,0.018467636691365495,0.8958497905058547,0.0021980541253164643,0.9309122789429273,0.014445069011849674,0.8804442048259663,0.05642633228840126,0.3448275862068966,0.006269592476489028,0.4670846394984326,-0.003134796238244514,0.05956112852664577,-0.006269592476489028,0.0877742946708464,0.023083099602578577,0.05752303964198568,3.338450999298208e-05,0.20689655172413793,0.14733542319749215,0.05956112852664577
hybrid_bge_rrf,semantic_intersection_tau0.6,laplace_eb_k10|std1,dev,319,0.03978581091266441,0.8138430737029049,0.003720475027927411,0.8826410618601922,0.027778255677895863,0.7770580900780459,0.06583072100313479,0.3542319749216301,0.006269592476489028,0.4670846394984326,-0.003134796238244514,0.05956112852664577,0.0,0.09404388714733543,0.01987500923180655,0.8972571630462958,0.0023832027814978717,0.9310974275991087,0.013899296484770823,0.8798984322988875,0.06583072100313479,0.3542319749216301,0.006269592476489028,0.4670846394984326,-0.003134796238244514,0.05956112852664577,0.0,0.09404388714733543,0.021905484010807025,0.05904391686370753,4.609815278357313e-05,0.23824451410658307,0.16614420062695925,0.07210031347962383
hybrid_bge_rrf,semantic_intersection_tau0.6,laplace|std2,dev,319,0.029448636063027157,0.8035058988532676,-0.0002975953877159047,0.8786229914445488,0.029981591690296655,0.7792614260904468,0.05956112852664577,0.34796238244514105,0.012539184952978056,0.47335423197492166,-0.025078369905956112,0.03761755485893417,-0.01567398119122257,0.07836990595611286,0.014433159163005674,0.8918153129774948,0.00030965266930272213,0.9290238774869135,0.014348770794823626,0.8803479066089402,0.05956112852664577,0.34796238244514105,0.012539184952978056,0.47335423197492166,-0.025078369905956112,0.03761755485893417,-0.01567398119122257,0.07836990595611286,0.009304655384751136,0.05056547171561788,0.031007072642548372,0.4012539184952978,0.23510971786833856,0.16614420062695925
hybrid_bge_rrf,semantic_intersection_tau0.6,laplace_eb_k2|std2,dev,319,0.04233132727841225,0.8163885900686527,0.003926013237256615,0.8828466000695213,0.03587256337407988,0.78515239777423,0.05956112852664577,0.34796238244514105,0.01567398119122257,0.47648902821316613,-0.009404388714733543,0.05329153605015674,-0.006269592476489028,0.0877742946708464,0.019955479426070066,0.8973376332405593,0.002196633703656331,0.9309108585212672,0.017147383981363902,0.8831465197954805,0.05956112852664577,0.34796238244514105,0.01567398119122257,0.47648902821316613,-0.009404388714733543,0.05329153605015674,-0.006269592476489028,0.0877742946708464,0.025000372832658525,0.061379241163267234,7.292683078903952e-05,0.27899686520376177,0.18181818181818182,0.09717868338557993
hybrid_bge_rrf,semantic_intersection_tau0.6,laplace_eb_k10|std2,dev,319,0.041976422865562676,0.8160336856558031,0.0034042351111349266,0.8823248219433997,0.03506856143100882,0.7843483958311589,0.06583072100313479,0.3542319749216301,0.006269592476489028,0.4670846394984326,-0.009404388714733543,0.05329153605015674,-0.006269592476489028,0.0877742946708464,0.02069463756017177,0.898076791374661,0.002512027103699113,0.9312262519213099,0.01719496907859013,0.8831941048927068,0.06583072100313479,0.3542319749216301,0.006269592476489028,0.4670846394984326,-0.009404388714733543,0.05329153605015674,-0.006269592476489028,0.0877742946708464,0.023251834150905894,0.06208399959889511,3.56964378688628e-05,0.3322884012539185,0.22884012539184953,0.10344827586206896
hybrid_bge_rrf,semantic_intersection_tau0.7,laplace|std0.5,dev,319,0.03078139704129539,0.8048386598315359,-0.0006692749579498387,0.8782513118743149,0.018461762382692676,0.7677415967828427,0.0438871473354232,0.3322884012539185,0.009404388714733543,0.4702194357366771,-0.006269592476489028,0.05642633228840126,0.0,0.09404388714733543,0.015847125023510013,0.8932292788379992,-0.00014415075039041453,0.9285700740672204,0.009554262239731218,0.875553398053848,0.0438871473354232,0.3322884012539185,0.009404388714733543,0.4702194357366771,-0.006269592476489028,0.05642633228840126,0.0,0.09404388714733543,0.01560771347411841,0.047719916197993886,0.000686236892364087,0.18181818181818182,0.12539184952978055,0.05642633228840126
hybrid_bge_rrf,semantic_intersection_tau0.7,laplace_eb_k2|std0.5,dev,319,0.03095024707362196,0.8050075098638624,0.00038728706515321165,0.8793078738974179,0.016496057373976632,0.7657758917741267,0.03134796238244514,0.31974921630094044,0.006269592476489028,0.4670846394984326,-0.006269592476489028,0.05642633228840126,0.0,0.09404388714733543,0.015012531444944185,0.8923946852594333,0.0001842314173061646,0.928898456234917,0.00837863919129566,0.8743777750054122,0.03134796238244514,0.31974921630094044,0.006269592476489028,0.4670846394984326,-0.006269592476489028,0.05642633228840126,0.0,0.09404388714733543,0.01785220256933598,0.046851856108509636,7.39457631343803e-05,0.12225705329153605,0.09090909090909091,0.03134796238244514
hybrid_bge_rrf,semantic_intersection_tau0.7,laplace_eb_k10|std0.5,dev,319,0.031182666323775407,0.8052399291140159,0.0003371406872070695,0.8792577275194718,0.014449983788508232,0.7637298181886584,0.034482758620689655,0.322884012539185,0.006269592476489028,0.4670846394984326,0.0,0.06269592476489028,0.0,0.09404388714733543,0.014784139525554024,0.8921662933400432,0.00010156650154568185,0.9288157913191565,0.0073463799064062245,0.8733455157205229,0.034482758620689655,0.322884012539185,0.006269592476489028,0.4670846394984326,0.0,0.06269592476489028,0.0,0.09404388714733543,0.018012654252326975,0.046979954853934164,8.858624172423746e-05,0.13166144200626959,0.09090909090909091,0.04075235109717868
hybrid_bge_rrf,semantic_intersection_tau0.7,laplace|std1,dev,319,0.02454463555988473,0.7986018983501252,5.1118269983130186e-05,0.8789717051022479,0.02476452208798507,0.7740443564881352,0.047021943573667714,0.335423197492163,0.012539184952978056,0.47335423197492166,-0.018808777429467086,0.0438871473354232,-0.006269592476489028,0.0877742946708464,0.01280937187350282,0.890191525687992,0.0005605397366431066,0.929274764554254,0.012601538100586415,0.8786006739147032,0.047021943573667714,0.335423197492163,0.012539184952978056,0.47335423197492166,-0.018808777429467086,0.0438871473354232,-0.006269592476489028,0.0877742946708464,0.007091375297303297,0.043242511226208764,0.015519976669620943,0.27899686520376177,0.1755485893416928,0.10344827586206896
hybrid_bge_rrf,semantic_intersection_tau0.7,laplace_eb_k2|std1,dev,319,0.03060624989035735,0.8046635126805978,0.00127362298741236,0.8801942098196771,0.023060762134839,0.7723405965349891,0.034482758620689655,0.322884012539185,0.006269592476489028,0.4670846394984326,-0.003134796238244514,0.05956112852664577,-0.006269592476489028,0.0877742946708464,0.014364952764541004,0.8917471065790302,0.0005600286128005264,0.9292742534304114,0.011301128953975571,0.8773002647680922,0.034482758620689655,0.322884012539185,0.006269592476489028,0.4670846394984326,-0.003134796238244514,0.05956112852664577,-0.006269592476489028,0.0877742946708464,0.016974926918604905,0.04666734149673702,0.00028429333456319363,0.16927899686520376,0.11598746081504702,0.05329153605015674
hybrid_bge_rrf,semantic_intersection_tau0.7,laplace_eb_k10|std1,dev,319,0.03455647550593349,0.808613738296174,0.0018428941505456045,0.8807634809828103,0.021637352703133345,0.7709171871032835,0.0438871473354232,0.3322884012539185,0.006269592476489028,0.4670846394984326,0.0,0.06269592476489028,0.0,0.09404388714733543,0.01746357683104034,0.8948457306455295,0.0013741028719934925,0.9300883276896044,0.011009208292796694,0.8770083441069133,0.0438871473354232,0.3322884012539185,0.006269592476489028,0.4670846394984326,0.0,0.06269592476489028,0.0,0.09404388714733543,0.020736327974073192,0.05061506140848686,7.681749169127943e-05,0.19122257053291536,0.13166144200626959,0.05956112852664577
hybrid_bge_rrf,semantic_intersection_tau0.7,laplace|std2,dev,319,0.025147314892854062,0.7992045776830945,-0.0005676171809528315,0.8783529696513119,0.02346365011317603,0.7727434845133261,0.05642633228840126,0.3448275862068966,0.01567398119122257,0.47648902821316613,-0.0219435736677116,0.04075235109717868,-0.018808777429467086,0.07523510971786834,0.012687999626685834,0.890070153441175,0.000437391869326744,0.9291516166869376,0.01167026496606187,0.8776694007801786,0.05642633228840126,0.3448275862068966,0.01567398119122257,0.47648902821316613,-0.0219435736677116,0.04075235109717868,-0.018808777429467086,0.07523510971786834,0.006500587076953026,0.04483348582418733,0.05367220230669602,0.3542319749216301,0.20689655172413793,0.14733542319749215
hybrid_bge_rrf,semantic_intersection_tau0.7,laplace_eb_k2|std2,dev,319,0.03671070489576991,0.8107679676860103,0.0025723691457491308,0.8814929559780139,0.028054985628232682,0.7773348200283827,0.05329153605015674,0.34169278996865204,0.012539184952978056,0.47335423197492166,-0.003134796238244514,0.05956112852664577,-0.006269592476489028,0.0877742946708464,0.017298159928157412,0.8946803137426466,0.001154642493747245,0.9298688673113581,0.013374552794011037,0.8793736886081278,0.05329153605015674,0.34169278996865204,0.012539184952978056,0.47335423197492166,-0.003134796238244514,0.05956112852664577,-0.006269592476489028,0.0877742946708464,0.021338847809731026,0.054028553416409456,0.00010153643647363249,0.23197492163009403,0.15047021943573669,0.08150470219435736
hybrid_bge_rrf,semantic_intersection_tau0.7,laplace_eb_k10|std2,dev,319,0.03726367904661591,0.8113209418368563,0.0021512783993747914,0.8810718652316395,0.028170814325443255,0.7774506487255933,0.05329153605015674,0.34169278996865204,0.009404388714733543,0.4702194357366771,-0.003134796238244514,0.05956112852664577,-0.006269592476489028,0.0877742946708464,0.019085413796774645,0.8964675676112638,0.00149082446173067,0.9302050492793416,0.014011322349590193,0.8800104581637068,0.05329153605015674,0.34169278996865204,0.009404388714733543,0.4702194357366771,-0.003134796238244514,0.05956112852664577,-0.006269592476489028,0.0877742946708464,0.021922291325971625,0.054132350234075394,5.068474159528212e-05,0.27899686520376177,0.19122257053291536,0.0877742946708464
hybrid_bge_rrf,semantic_backoff_tau0.6,laplace|std0.5,dev,319,0.03626147648290407,0.8103187392731446,0.0010078349457265442,0.8799284217779912,0.023633887635129372,0.7729137220352794,0.05956112852664577,0.34796238244514105,0.009404388714733543,0.4702194357366771,-0.006269592476489028,0.05642633228840126,0.0,0.09404388714733543,0.017971108699667043,0.8953532625141563,0.0010602408815700807,0.9297744656991809,0.01206356845679328,0.8780627042709097,0.05956112852664577,0.34796238244514105,0.009404388714733543,0.4702194357366771,-0.006269592476489028,0.05642633228840126,0.0,0.09404388714733543,0.018548750472152868,0.054529006239669046,0.00043669911726320753,0.23510971786833856,0.15673981191222572,0.07836990595611286
hybrid_bge_rrf,semantic_backoff_tau0.6,laplace_eb_k2|std0.5,dev,319,0.03751415051636651,0.811571413306607,0.001767028088106257,0.880687614920371,0.021965877674403236,0.7712457120745534,0.047021943573667714,0.335423197492163,0.006269592476489028,0.4670846394984326,-0.006269592476489028,0.05642633228840126,0.0,0.09404388714733543,0.01809753043150827,0.8954796842459974,0.001151355643257452,0.9298655804608683,0.010791904855297652,0.8767910406694145,0.047021943573667714,0.335423197492163,0.006269592476489028,0.4670846394984326,-0.006269592476489028,0.05642633228840126,0.0,0.09404388714733543,0.020579814805786436,0.0554343240960358,0.00013895472770064212,0.16927899686520376,0.11598746081504702,0.05329153605015674
hybrid_bge_rrf,semantic_backoff_tau0.6,laplace_eb_k10|std0.5,dev,319,0.03525328664196696,0.8093105494322074,0.0015126924529718381,0.8804332792852366,0.01972429887814955,0.7690041332782998,0.047021943573667714,0.335423197492163,0.006269592476489028,0.4670846394984326,0.0,0.06269592476489028,0.0,0.09404388714733543,0.01634857880658117,0.8937307326210704,0.0007966825954592714,0.9295109074130701,0.00984160967381397,0.8758407454879307,0.047021943573667714,0.335423197492163,0.006269592476489028,0.4670846394984326,0.0,0.06269592476489028,0.0,0.09404388714733543,0.01899071565499313,0.05278484191990759,0.0004841064709567201,0.18808777429467086,0.11912225705329153,0.06896551724137931
hybrid_bge_rrf,semantic_backoff_tau0.6,laplace|std1,dev,319,0.028319782808096057,0.8023770455983366,0.001094655276839636,0.8800152421091044,0.0335979108432991,0.7828777452434491,0.05642633228840126,0.3448275862068966,0.009404388714733543,0.4702194357366771,-0.0219435736677116,0.04075235109717868,-0.006269592476489028,0.0877742946708464,0.014402353651471272,0.8917845074659605,0.0007598614991645454,0.9294740863167754,0.016660106985546576,0.8826592427996631,0.05642633228840126,0.3448275862068966,0.009404388714733543,0.4702194357366771,-0.0219435736677116,0.04075235109717868,-0.006269592476489028,0.0877742946708464,0.008372036431300042,0.04949687728629123,0.034708782811271904,0.34169278996865204,0.20376175548589343,0.13793103448275862
hybrid_bge_rrf,semantic_backoff_tau0.6,laplace_eb_k2|std1,dev,319,0.037958378281712904,0.8120156410719533,0.004052721547856226,0.882973308380121,0.031338199800271596,0.7806180342004216,0.05329153605015674,0.34169278996865204,0.006269592476489028,0.4670846394984326,-0.003134796238244514,0.05956112852664577,-0.006269592476489028,0.0877742946708464,0.01799132196133413,0.8953734757758233,0.002195805404627211,0.9309100302222381,0.015028964819205595,0.8810281006333224,0.05329153605015674,0.34169278996865204,0.006269592476489028,0.4670846394984326,-0.003134796238244514,0.05956112852664577,-0.006269592476489028,0.0877742946708464,0.020784265363477987,0.05606975163738928,0.00032048826030124325,0.22884012539184953,0.15047021943573669,0.07836990595611286
hybrid_bge_rrf,semantic_backoff_tau0.6,laplace_eb_k10|std1,dev,319,0.03947479635196793,0.8135320591422084,0.0034437030086696707,0.8823642898409344,0.02948616214773872,0.7787659965478888,0.06269592476489028,0.3510971786833856,0.006269592476489028,0.4670846394984326,-0.003134796238244514,0.05956112852664577,0.0,0.09404388714733543,0.01981178692142044,0.8971939407359096,0.0022531656262269216,0.9309673904438378,0.014675533435187743,0.8806746692493044,0.06269592476489028,0.3510971786833856,0.006269592476489028,0.4670846394984326,-0.003134796238244514,0.05956112852664577,0.0,0.09404388714733543,0.02129594983655644,0.05903533027860622,0.00024417050735911223,0.25705329153605017,0.16927899686520376,0.0877742946708464
hybrid_bge_rrf,semantic_backoff_tau0.6,laplace|std2,dev,319,0.022375843624896766,0.7964331064151372,-0.0028217979079129926,0.8760987889243518,0.030853033313370047,0.7801328677135202,0.047021943573667714,0.335423197492163,0.006269592476489028,0.4670846394984326,-0.02821316614420063,0.034482758620689655,-0.018808777429467086,0.07523510971786834,0.010684176485366582,0.8880663302998558,-0.0010097464050245137,0.9277044784125863,0.01514064408021287,0.8811397798943295,0.047021943573667714,0.335423197492163,0.006269592476489028,0.4670846394984326,-0.02821316614420063,0.034482758620689655,-0.018808777429467086,0.07523510971786834,0.0011458850439439376,0.043967930060522305,0.2037551500603757,0.438871473354232,0.2413793103448276,0.1974921630094044
hybrid_bge_rrf,semantic_backoff_tau0.6,laplace_eb_k2|std2,dev,319,0.03899896154209364,0.8130562243323342,0.0037835370690845025,0.8827041239013492,0.03575060141964766,0.7850304358197977,0.05642633228840126,0.3448275862068966,0.01567398119122257,0.47648902821316613,-0.009404388714733543,0.05329153605015674,-0.006269592476489028,0.0877742946708464,0.018499239391667716,0.8958813932061569,0.0021020798100199445,0.9308163046276308,0.017177722913718153,0.8831768587278349,0.05642633228840126,0.3448275862068966,0.01567398119122257,0.47648902821316613,-0.009404388714733543,0.05329153605015674,-0.006269592476489028,0.0877742946708464,0.021257788433363446,0.05846420544255112,0.0006124361304850112,0.29780564263322884,0.18495297805642633,0.11285266457680251
hybrid_bge_rrf,semantic_backoff_tau0.6,laplace_eb_k10|std2,dev,319,0.03829442553198823,0.8123516883222287,0.003137063737199598,0.8820576505694644,0.03522771953321923,0.7845075539333692,0.05956112852664577,0.34796238244514105,0.006269592476489028,0.4670846394984326,-0.009404388714733543,0.05329153605015674,-0.006269592476489028,0.0877742946708464,0.01895019047686299,0.8963323442913522,0.002400462530249712,0.9311146873478605,0.017393895002741796,0.8833930308168584,0.05956112852664577,0.34796238244514105,0.006269592476489028,0.4670846394984326,-0.009404388714733543,0.05329153605015674,-0.006269592476489028,0.0877742946708464,0.018996027051281405,0.058463524714065566,0.0005955556741404058,0.34796238244514105,0.22570532915360503,0.12225705329153605
hybrid_bge_rrf,semantic_backoff_tau0.7,laplace|std0.5,dev,319,0.024620083175295945,0.7986773459655364,-0.0013365715648686997,0.877584015267396,0.01935839484384441,0.7686382292439946,0.03761755485893417,0.32601880877742945,0.009404388714733543,0.4702194357366771,-0.009404388714733543,0.05329153605015674,0.0,0.09404388714733543,0.012258420076489822,0.8896405738909791,-0.0005980781440077157,0.9281161466736031,0.009999011639143606,0.8759981474532602,0.03761755485893417,0.32601880877742945,0.009404388714733543,0.4702194357366771,-0.009404388714733543,0.05329153605015674,0.0,0.09404388714733543,0.008031678350414602,0.042565530580015935,0.010033016462384017,0.2006269592476489,0.12852664576802508,0.07210031347962383
hybrid_bge_rrf,semantic_backoff_tau0.7,laplace_eb_k2|std0.5,dev,319,0.03202182353477119,0.8060790863250117,0.00040750294269812894,0.8793280897749629,0.01797051096691233,0.7672503453670624,0.02821316614420063,0.3166144200626959,0.006269592476489028,0.4670846394984326,-0.006269592476489028,0.05642633228840126,0.0,0.09404388714733543,0.015426810352032461,0.8928089641665217,0.00021957398208331165,0.9289337987996942,0.00894216024389835,0.874941296058015,0.02821316614420063,0.3166144200626959,0.006269592476489028,0.4670846394984326,-0.006269592476489028,0.05642633228840126,0.0,0.09404388714733543,0.018228045519336263,0.047877234039495356,0.0002159298097261394,0.12852664576802508,0.0877742946708464,0.04075235109717868
hybrid_bge_rrf,semantic_backoff_tau0.7,laplace_eb_k10|std0.5,dev,319,0.03223874539043462,0.806296008180675,0.0003547597454633085,0.8792753465777281,0.01564069920012196,0.764920533600272,0.034482758620689655,0.322884012539185,0.006269592476489028,0.4670846394984326,0.0,0.06269592476489028,0.0,0.09404388714733543,0.015204026314158424,0.8925861801286477,0.0001230966708503173,0.9288373214884611,0.00794385062489764,0.8739429864390142,0.034482758620689655,0.322884012539185,0.006269592476489028,0.4670846394984326,0.0,0.06269592476489028,0.0,0.09404388714733543,0.018650634944158664,0.0481811986763182,0.0003207550326811509,0.14733542319749215,0.09404388714733543,0.05329153605015674
hybrid_bge_rrf,semantic_backoff_tau0.7,laplace|std1,dev,319,0.017054910313186226,0.7911121731034267,-0.0014003475538241826,0.8775202392784406,0.025924721827327645,0.7752045562274777,0.04075235109717868,0.329153605015674,0.006269592476489028,0.4670846394984326,-0.018808777429467086,0.0438871473354232,-0.006269592476489028,0.0877742946708464,0.008511743482003765,0.8858938972964929,-0.0004094794252449442,0.9283047453923658,0.013071944197890898,0.8790710800120076,0.04075235109717868,0.329153605015674,0.006269592476489028,0.4670846394984326,-0.018808777429467086,0.0438871473354232,-0.006269592476489028,0.0877742946708464,-0.0027926595893259334,0.03724243899159203,0.12537516953884215,0.3072100313479624,0.18181818181818182,0.12539184952978055
hybrid_bge_rrf,semantic_backoff_tau0.7,laplace_eb_k2|std1,dev,319,0.03156056252766552,0.8056178253179059,0.0012890544711235549,0.8802096413033883,0.02451283471617953,0.7737926691163296,0.034482758620689655,0.322884012539185,0.006269592476489028,0.4670846394984326,-0.003134796238244514,0.05956112852664577,-0.006269592476489028,0.0877742946708464,0.014925104043326781,0.892307257857816,0.0005465622605948612,0.9292607870782057,0.011862287962324568,0.8778614237764412,0.034482758620689655,0.322884012539185,0.006269592476489028,0.4670846394984326,-0.003134796238244514,0.05956112852664577,-0.006269592476489028,0.0877742946708464,0.017294936557081426,0.04763103119772055,0.001013951411816003,0.18181818181818182,0.11598746081504702,0.06583072100313479
hybrid_bge_rrf,semantic_backoff_tau0.7,laplace_eb_k10|std1,dev,319,0.03565942998216444,0.8097166927724049,0.0015605861864119862,0.8804811730186768,0.02314269106870161,0.7724225254688517,0.0438871473354232,0.3322884012539185,0.006269592476489028,0.4670846394984326,0.0,0.06269592476489028,0.0,0.09404388714733543,0.018070672092766596,0.8954528259072558,0.0012328480852061305,0.929947072902817,0.01165585544042079,0.8776549912545374,0.0438871473354232,0.3322884012539185,0.006269592476489028,0.4670846394984326,0.0,0.06269592476489028,0.0,0.09404388714733543,0.021049151002052808,0.05236492499382144,0.00021387192437328224,0.20376175548589343,0.13479623824451412,0.06896551724137931
hybrid_bge_rrf,semantic_backoff_tau0.7,laplace|std2,dev,319,0.015443363229869675,0.7895006260201102,-0.0033674028506473315,0.8755531839816174,0.023774957012233314,0.7730547914123834,0.0438871473354232,0.3322884012539185,0.012539184952978056,0.47335423197492166,-0.025078369905956112,0.03761755485893417,-0.0219435736677116,0.07210031347962383,0.007253308561528365,0.8846354623760175,-0.001059463965855422,0.9276547608517555,0.011861525471307642,0.8778606612854246,0.0438871473354232,0.3322884012539185,0.012539184952978056,0.47335423197492166,-0.025078369905956112,0.03761755485893417,-0.0219435736677116,0.07210031347962383,-0.0046315854444492575,0.036327541247594124,0.2861025648927189,0.3824451410658307,0.21316614420062696,0.16927899686520376
hybrid_bge_rrf,semantic_backoff_tau0.7,laplace_eb_k2|std2,dev,319,0.034382446339137875,0.8084397091293783,0.002289542163427347,0.8812101289956921,0.02820527593263638,0.7774851103327864,0.050156739811912224,0.3385579937304075,0.009404388714733543,0.4702194357366771,-0.003134796238244514,0.05956112852664577,-0.006269592476489028,0.0877742946708464,0.016374029149082387,0.8937561829635716,0.0010245788060011909,0.929738803623612,0.01348563668122486,0.8794847724953415,0.050156739811912224,0.3385579937304075,0.009404388714733543,0.4702194357366771,-0.003134796238244514,0.05956112852664577,-0.006269592476489028,0.0877742946708464,0.019131180027435565,0.05140429727009097,0.0007009450946799279,0.2413793103448276,0.14733542319749215,0.09404388714733543
hybrid_bge_rrf,semantic_backoff_tau0.7,laplace_eb_k10|std2,dev,319,0.03429305067630397,0.8083503134665444,0.0018817904787751202,0.8808023773110398,0.02834305914124725,0.7776228935413974,0.050156739811912224,0.3385579937304075,0.006269592476489028,0.4670846394984326,-0.003134796238244514,0.05956112852664577,-0.006269592476489028,0.0877742946708464,0.017644485429536585,0.8950266392440258,0.0013693387979250343,0.9300835636155359,0.01414172626961735,0.8801408620837341,0.050156739811912224,0.3385579937304075,0.006269592476489028,0.4670846394984326,-0.003134796238244514,0.05956112852664577,-0.006269592476489028,0.0877742946708464,0.01823684671152161,0.051911807561229,0.0009598986838663084,0.2884012539184953,0.18495297805642633,0.10344827586206896
ce_rerank,M4_intersection,laplace|std0.5,dev,319,0.03860054886826901,0.8165274295360317,0.008611616062520066,0.8872677283040409,0.03214195465382924,0.783252570602961,0.05956112852664577,0.3448275862068966,0.012539184952978056,0.47962382445141066,0.003134796238244514,0.05329153605015674,0.0,0.08463949843260188,0.019786026130275667,0.8974257212447522,0.0052660985800166114,0.9334189566698942,0.01692796491530248,0.8825011451042558,0.05956112852664577,0.3448275862068966,0.012539184952978056,0.47962382445141066,0.003134796238244514,0.05329153605015674,0.0,0.08463949843260188,0.02585800394392499,0.05193012440547954,4.9098775031608305e-08,0.25391849529780564,0.1974921630094044,0.05642633228840126
ce_rerank,M4_intersection,laplace_eb_k2|std0.5,dev,319,0.029034471203540933,0.8069613518713036,0.00683320614985164,0.8854893183913725,0.02466274476537136,0.7757733607145033,0.05329153605015674,0.3385579937304075,0.006269592476489028,0.47335423197492166,0.006269592476489028,0.05642633228840126,0.0,0.08463949843260188,0.014469798549215622,0.8921094936636922,0.003036059929659374,0.9311889180195368,0.012359957915488457,0.8779331381044417,0.05329153605015674,0.3385579937304075,0.006269592476489028,0.47335423197492166,0.006269592476489028,0.05642633228840126,0.0,0.08463949843260188,0.018271612546473835,0.040572783776024635,1.0914785493952752e-06,0.1786833855799373,0.13793103448275862,0.04075235109717868
ce_rerank,M4_intersection,laplace_eb_k10|std0.5,dev,319,0.030095373948913384,0.8080222546166761,0.0070005737501999425,0.8856566859917208,0.02439379912091647,0.7755044150700483,0.05329153605015674,0.3385579937304075,0.0,0.4670846394984326,0.003134796238244514,0.05329153605015674,0.003134796238244514,0.0877742946708464,0.01560004704798277,0.8932397421624593,0.004385185092220485,0.932538043182098,0.01288576851070488,0.8784589486996583,0.05329153605015674,0.3385579937304075,0.0,0.4670846394984326,0.003134796238244514,0.05329153605015674,0.003134796238244514,0.0877742946708464,0.019529395837768866,0.04212938649200346,9.134281440833517e-07,0.19122257053291536,0.14733542319749215,0.0438871473354232
ce_rerank,M4_intersection,laplace|std1,dev,319,0.04840556333618104,0.8263324440039438,0.011760492636865957,0.8904166048783867,0.04652730311649533,0.7976379190656272,0.08463949843260188,0.36990595611285265,0.0219435736677116,0.4890282131661442,0.006269592476489028,0.05642633228840126,-0.003134796238244514,0.08150470219435736,0.02395623492596665,0.9015959300404432,0.006764213493251502,0.934917071583129,0.023563255430388976,0.8891364356193423,0.08463949843260188,0.36990595611285265,0.0219435736677116,0.4890282131661442,0.006269592476489028,0.05642633228840126,-0.003134796238244514,0.08150470219435736,0.031385943927104386,0.06652875410387038,8.606725886996395e-07,0.3573667711598746,0.2507836990595611,0.10658307210031348
ce_rerank,M4_intersection,laplace_eb_k2|std1,dev,319,0.04069620380207289,0.8186230844698356,0.013643215068829097,0.8922993273103499,0.04054873394531703,0.791659349894449,0.06896551724137931,0.3542319749216301,0.025078369905956112,0.49216300940438873,0.003134796238244514,0.05329153605015674,0.0,0.08463949843260188,0.019390739617302873,0.8970304347317795,0.006098013686535874,0.9342508717764134,0.019892848771193933,0.8854660289601473,0.06896551724137931,0.3542319749216301,0.025078369905956112,0.49216300940438873,0.003134796238244514,0.05329153605015674,0.0,0.08463949843260188,0.02579747591062586,0.05722498417507891,1.935874534798296e-06,0.2476489028213166,0.1755485893416928,0.07210031347962383
ce_rerank,M4_intersection,laplace_eb_k10|std1,dev,319,0.04277578360608379,0.8207026642738465,0.011742184528362789,0.8903982967698836,0.03788580702366687,0.7889964229727988,0.06583072100313479,0.3510971786833856,0.012539184952978056,0.47962382445141066,0.0,0.050156739811912224,0.0,0.08463949843260188,0.02164781887703181,0.8992875139915084,0.006983217400816914,0.9351360754906944,0.01938503020235737,0.8849582103913106,0.06583072100313479,0.3510971786833856,0.012539184952978056,0.47962382445141066,0.0,0.050156739811912224,0.0,0.08463949843260188,0.027388032876118594,0.05924165306560298,1.6068503037982151e-06,0.27586206896551724,0.19122257053291536,0.08463949843260188
ce_rerank,M4_intersection,laplace|std2,dev,319,0.05155885635311701,0.8294857370208797,0.013999696482311596,0.8926558087238323,0.05726651606211281,0.8083771320112446,0.07836990595611286,0.36363636363636365,0.0219435736677116,0.4890282131661442,-0.003134796238244514,0.047021943573667714,-0.01567398119122257,0.06896551724137931,0.023996176951357563,0.9016358720658341,0.007763191263503789,0.9359160493533814,0.02755019087402798,0.8931233710629813,0.07836990595611286,0.36363636363636365,0.0219435736677116,0.4890282131661442,-0.003134796238244514,0.047021943573667714,-0.01567398119122257,0.06896551724137931,0.03257316881878342,0.0716578872372224,0.00011302144966412145,0.4890282131661442,0.2946708463949843,0.19435736677115986
ce_rerank,M4_intersection,laplace_eb_k2|std2,dev,319,0.053617110937179815,0.8315439916049425,0.019258661983902553,0.8979147742254233,0.05641392704484793,0.8075245429939798,0.08463949843260188,0.36990595611285265,0.04075235109717868,0.5078369905956113,0.006269592476489028,0.05642633228840126,-0.009404388714733543,0.07523510971786834,0.025240651866111637,0.9028803469805882,0.008503601842539437,0.936656459932417,0.026621930427312104,0.8921951106162654,0.08463949843260188,0.36990595611285265,0.04075235109717868,0.5078369905956113,0.006269592476489028,0.05642633228840126,-0.009404388714733543,0.07523510971786834,0.036122412203014084,0.07241192726844624,1.7793379468673815e-06,0.36363636363636365,0.23197492163009403,0.13166144200626959
ce_rerank,M4_intersection,laplace_eb_k10|std2,dev,319,0.053770959984546174,0.8316978406523089,0.0178696382382073,0.896525750479728,0.05292986448865886,0.8040404804377905,0.08150470219435736,0.3667711598746082,0.034482758620689655,0.5015673981191222,0.0,0.050156739811912224,-0.006269592476489028,0.07836990595611286,0.026266223304324016,0.9039059184188005,0.009348250481775936,0.9375011085716535,0.026201173373524296,0.8917743535624776,0.08150470219435736,0.3667711598746082,0.034482758620689655,0.5015673981191222,0.0,0.050156739811912224,-0.006269592476489028,0.07836990595611286,0.036082014670379484,0.07249799279910642,4.385822038774782e-06,0.4012539184952978,0.25391849529780564,0.14733542319749215
ce_rerank,M5_backoff,laplace|std0.5,dev,319,0.042927834050595574,0.8208547147183582,0.008668685501272028,0.8873247977427928,0.03415876603261991,0.7852693819817518,0.05956112852664577,0.3448275862068966,0.012539184952978056,0.47962382445141066,0.003134796238244514,0.05329153605015674,0.0,0.08463949843260188,0.022039137009916634,0.8996788321243931,0.005326240413988646,0.9334790985038661,0.01786764624724194,0.8834408264361953,0.05956112852664577,0.3448275862068966,0.012539184952978056,0.47962382445141066,0.003134796238244514,0.05329153605015674,0.0,0.08463949843260188,0.028812816048911,0.057826062568045886,1.818657856702433e-08,0.25705329153605017,0.2006269592476489,0.05642633228840126
ce_rerank,M5_backoff,laplace_eb_k2|std0.5,dev,319,0.030314217540537675,0.8082410982083004,0.0052507459930491674,0.8839068582345699,0.025691566636149413,0.7768021825852812,0.050156739811912224,0.335423197492163,0.006269592476489028,0.47335423197492166,0.006269592476489028,0.05642633228840126,0.0,0.08463949843260188,0.01566387876447839,0.893303573878955,0.002511348283402972,0.9306642063732805,0.013087327596162185,0.8786605077851154,0.050156739811912224,0.335423197492163,0.006269592476489028,0.47335423197492166,0.006269592476489028,0.05642633228840126,0.0,0.08463949843260188,0.019298629717883833,0.042554377355148595,4.841171098703148e-06,0.18808777429467086,0.13479623824451412,0.05329153605015674
ce_rerank,M5_backoff,laplace_eb_k10|std0.5,dev,319,0.028699893422634997,0.8066267740903977,0.0052188152803522665,0.883874927521873,0.025638121232203555,0.7767487371813354,0.05642633228840126,0.34169278996865204,0.0,0.4670846394984326,0.003134796238244514,0.05329153605015674,0.003134796238244514,0.0877742946708464,0.015445474640329056,0.8930851697548056,0.0037505150215005425,0.931903373111378,0.013806072690270165,0.8793792528792235,0.05642633228840126,0.34169278996865204,0.0,0.4670846394984326,0.003134796238244514,0.05329153605015674,0.003134796238244514,0.0877742946708464,0.016382178677053286,0.042129205771047486,1.8421741382141295e-05,0.20689655172413793,0.14733542319749215,0.05956112852664577
ce_rerank,M5_backoff,laplace|std1,dev,319,0.049010194697910715,0.8269370753656734,0.0136756917058861,0.8923318039474069,0.049958076434309204,0.801068692383441,0.08463949843260188,0.36990595611285265,0.025078369905956112,0.49216300940438873,0.003134796238244514,0.05329153605015674,-0.003134796238244514,0.08150470219435736,0.024098094447653123,0.9017377895621297,0.007788259594418039,0.9359411176842956,0.025378841292521798,0.8909520214814751,0.08463949843260188,0.36990595611285265,0.025078369905956112,0.49216300940438873,0.003134796238244514,0.05329153605015674,-0.003134796238244514,0.08150470219435736,0.03173728160396639,0.0676176087276829,1.5510424369520856e-06,0.36363636363636365,0.2507836990595611,0.11285266457680251
ce_rerank,M5_backoff,laplace_eb_k2|std1,dev,319,0.037659813804686255,0.8155866944724489,0.009151537450129709,0.8878076496916505,0.04019999325298777,0.7913106092021197,0.06269592476489028,0.34796238244514105,0.0219435736677116,0.4890282131661442,0.0,0.050156739811912224,0.0,0.08463949843260188,0.018248097369663395,0.89588779248414,0.004207271860684721,0.9323601299505623,0.020226567367027545,0.8857997475559809,0.06269592476489028,0.34796238244514105,0.0219435736677116,0.4890282131661442,0.0,0.050156739811912224,0.0,0.08463949843260188,0.022971905701936787,0.054873093935226006,4.105477753665559e-05,0.26959247648902823,0.1755485893416928,0.09404388714733543
ce_rerank,M5_backoff,laplace_eb_k10|std1,dev,319,0.04231465030987061,0.8202415309776333,0.010182320604503716,0.8888384328460245,0.038889643681880824,0.7900002596310127,0.05642633228840126,0.34169278996865204,0.01567398119122257,0.4827586206896552,-0.003134796238244514,0.047021943573667714,0.0,0.08463949843260188,0.021950602438008896,0.8995902975524854,0.006162686407752919,0.9343155444976304,0.020355245312179516,0.8859284255011329,0.05642633228840126,0.34169278996865204,0.01567398119122257,0.4827586206896552,-0.003134796238244514,0.047021943573667714,0.0,0.08463949843260188,0.027287711545848362,0.05910032545814879,9.338028730887562e-06,0.29780564263322884,0.1974921630094044,0.10031347962382445
ce_rerank,M5_backoff,laplace|std2,dev,319,0.053667039239668174,0.8315939199074309,0.013617967176586856,0.8922740794181077,0.06073390463232807,0.81184452058146,0.07210031347962383,0.3573667711598746,0.02821316614420063,0.4952978056426332,-0.009404388714733543,0.04075235109717868,-0.01567398119122257,0.06896551724137931,0.025005465858034953,0.9026451609725115,0.007303627867683722,0.9354564859575613,0.0287914086285056,0.8943645888174588,0.07210031347962383,0.3573667711598746,0.02821316614420063,0.4952978056426332,-0.009404388714733543,0.04075235109717868,-0.01567398119122257,0.06896551724137931,0.03342168729016586,0.07490578659264176,0.00018189610238993138,0.5015673981191222,0.29153605015673983,0.21003134796238246
ce_rerank,M5_backoff,laplace_eb_k2|std2,dev,319,0.046825177874124164,0.8247520585418868,0.0162651147868566,0.8949212270283774,0.05569202294894334,0.8068026388980752,0.06583072100313479,0.3510971786833856,0.02821316614420063,0.4952978056426332,0.0,0.050156739811912224,-0.009404388714733543,0.07523510971786834,0.022562933752902997,0.9002026288673796,0.00730855123002701,0.9354614093199045,0.026873573408605158,0.8924467535975587,0.06583072100313479,0.3510971786833856,0.02821316614420063,0.4952978056426332,0.0,0.050156739811912224,-0.009404388714733543,0.07523510971786834,0.028933996484734607,0.06648155710598606,0.0001178330004378097,0.3949843260188088,0.23510971786833856,0.15987460815047022
ce_rerank,M5_backoff,laplace_eb_k10|std2,dev,319,0.046499616697103625,0.8244264973648663,0.013153202528116472,0.8918093147696372,0.05442824822771698,0.805538864176849,0.05956112852664577,0.3448275862068966,0.025078369905956112,0.49216300940438873,-0.006269592476489028,0.0438871473354232,-0.006269592476489028,0.07836990595611286,0.023417771329700385,0.901057466444177,0.006869787052507311,0.9350226451423849,0.02732713956817938,0.8929003197571326,0.05956112852664577,0.3448275862068966,0.025078369905956112,0.49216300940438873,-0.006269592476489028,0.0438871473354232,-0.006269592476489028,0.07836990595611286,0.027938021882364182,0.06620907715775748,0.0002517277956332246,0.445141065830721,0.26332288401253917,0.18181818181818182
ce_rerank,semantic_intersection_tau0.6,laplace|std0.5,dev,319,0.027425204301515717,0.8053520849692785,0.006296242596026872,0.8849523548375476,0.017712270447452983,0.7688228863965848,0.0438871473354232,0.329153605015674,-0.003134796238244514,0.46394984326018807,0.003134796238244514,0.05329153605015674,0.0,0.08463949843260188,0.014866939159022603,0.8925066342734992,0.0038294969681288383,0.9319823550580063,0.00951555901933987,0.875088739208293,0.0438871473354232,0.329153605015674,-0.003134796238244514,0.46394984326018807,0.003134796238244514,0.05329153605015674,0.0,0.08463949843260188,0.01612368343999393,0.03952581416698739,2.1030110537179128e-05,0.22884012539184953,0.16300940438871472,0.06269592476489028
ce_rerank,semantic_intersection_tau0.6,laplace_eb_k2|std0.5,dev,319,0.020202629525085974,0.7981295101928487,0.005179785448929359,0.8838358976904501,0.016812741863877052,0.7679233578130089,0.0438871473354232,0.329153605015674,-0.003134796238244514,0.46394984326018807,0.006269592476489028,0.05642633228840126,0.0,0.08463949843260188,0.010646307076032632,0.8882860021905092,0.002252414495593702,0.9304052725854712,0.00865751097568524,0.8742306911646386,0.0438871473354232,0.329153605015674,-0.003134796238244514,0.46394984326018807,0.006269592476489028,0.05642633228840126,0.0,0.08463949843260188,0.011088440866212487,0.02991697994472464,6.52159054370388e-05,0.15987460815047022,0.11285266457680251,0.047021943573667714
ce_rerank,semantic_intersection_tau0.6,laplace_eb_k10|std0.5,dev,319,0.02350545405967856,0.8014323347274412,0.005489123652347576,0.8841452358938684,0.018012565491154653,0.7691231814402866,0.0438871473354232,0.329153605015674,-0.003134796238244514,0.46394984326018807,0.003134796238244514,0.05329153605015674,0.003134796238244514,0.0877742946708464,0.012659876978135781,0.8902995720926123,0.003819271875399407,0.9319721299652769,0.010008007344033652,0.8755811875329871,0.0438871473354232,0.329153605015674,-0.003134796238244514,0.46394984326018807,0.003134796238244514,0.05329153605015674,0.003134796238244514,0.0877742946708464,0.013758548227690603,0.03443557749441051,3.082805893402069e-05,0.1786833855799373,0.12852664576802508,0.050156739811912224
ce_rerank,semantic_intersection_tau0.6,laplace|std1,dev,319,0.029819549321194055,0.8077464299889567,0.008450815179691793,0.8871069274212126,0.022827525572343306,0.7739381415214752,0.05329153605015674,0.3385579937304075,-0.003134796238244514,0.46394984326018807,0.006269592476489028,0.05642633228840126,-0.003134796238244514,0.08150470219435736,0.015009510479750679,0.8926492055942272,0.0049875933548499795,0.9331404514447275,0.012008699298278663,0.877581879487232,0.05329153605015674,0.3385579937304075,-0.003134796238244514,0.46394984326018807,0.006269592476489028,0.05642633228840126,-0.003134796238244514,0.08150470219435736,0.013928513266262963,0.04702931817761128,0.0005566610239285649,0.3103448275862069,0.20376175548589343,0.10658307210031348
ce_rerank,semantic_intersection_tau0.6,laplace_eb_k2|std1,dev,319,0.026545065230336683,0.8044719458980993,0.006389218998553237,0.885045331240074,0.022803713783014528,0.7739143297321465,0.050156739811912224,0.335423197492163,0.0,0.4670846394984326,0.003134796238244514,0.05329153605015674,0.0,0.08463949843260188,0.012911723605517683,0.8905514187199942,0.0028864070539564176,0.931039265143834,0.01162931993837267,0.8772025001273259,0.050156739811912224,0.335423197492163,0.0,0.4670846394984326,0.003134796238244514,0.05329153605015674,0.0,0.08463949843260188,0.013478489364949888,0.04067664264604963,0.0011081848103220767,0.21630094043887146,0.13479623824451412,0.08150470219435736
ce_rerank,semantic_intersection_tau0.6,laplace_eb_k10|std1,dev,319,0.0285773175450328,0.8065041982127955,0.0069953462920592496,0.8856514585335801,0.023645792247546503,0.7747564081966783,0.047021943573667714,0.3322884012539185,-0.003134796238244514,0.46394984326018807,0.0,0.050156739811912224,0.0,0.08463949843260188,0.015114306936443413,0.8927540020509199,0.004700306814666078,0.9328531649045436,0.01259719869559835,0.8781703788845517,0.047021943573667714,0.3322884012539185,-0.003134796238244514,0.46394984326018807,0.0,0.050156739811912224,0.0,0.08463949843260188,0.015345671726244745,0.043099013715982425,0.0008101147421685049,0.25705329153605017,0.15987460815047022,0.09717868338557993
ce_rerank,semantic_intersection_tau0.6,laplace|std2,dev,319,0.035996634361325386,0.8139235150290881,0.006249049660927823,0.8849051619024486,0.025301765316519245,0.7764123812656512,0.05642633228840126,0.34169278996865204,-0.009404388714733543,0.45768025078369906,-0.003134796238244514,0.047021943573667714,-0.01567398119122257,0.06896551724137931,0.017944214859726287,0.8955839099742028,0.004494889215989547,0.9326477473058671,0.012963945140659251,0.8785371253296125,0.05642633228840126,0.34169278996865204,-0.009404388714733543,0.45768025078369906,-0.003134796238244514,0.047021943573667714,-0.01567398119122257,0.06896551724137931,0.01867052491427309,0.055248830893710486,0.0025865347122308226,0.3949843260188088,0.23197492163009403,0.16300940438871472
ce_rerank,semantic_intersection_tau0.6,laplace_eb_k2|std2,dev,319,0.03134054720962309,0.8092674278773858,0.008321780442817832,0.8869778926843386,0.030061382013241704,0.7811719979623737,0.06583072100313479,0.3510971786833856,0.003134796238244514,0.4702194357366771,0.006269592476489028,0.05642633228840126,-0.009404388714733543,0.07523510971786834,0.01525645411126666,0.8928961492257432,0.003664021207994802,0.9318168792978723,0.014769589097522271,0.8803427692864757,0.06583072100313479,0.3510971786833856,0.003134796238244514,0.4702194357366771,0.006269592476489028,0.05642633228840126,-0.009404388714733543,0.07523510971786834,0.01691127474358463,0.04742157114290142,0.0014235429330509237,0.30407523510971785,0.1755485893416928,0.12852664576802508
ce_rerank,semantic_intersection_tau0.6,laplace_eb_k10|std2,dev,319,0.03480782506981613,0.8127347057375788,0.007826755973612627,0.8864828682151334,0.029978399866240155,0.7810890158153719,0.05956112852664577,0.3448275862068966,0.0,0.4670846394984326,0.0,0.050156739811912224,-0.006269592476489028,0.07836990595611286,0.017860564225146015,0.8955002593396225,0.0049433050484492865,0.9330961631383268,0.015622443278381443,0.8811956234673347,0.05956112852664577,0.3448275862068966,0.0,0.4670846394984326,0.0,0.050156739811912224,-0.006269592476489028,0.07836990595611286,0.020040128377724592,0.05093267545290874,0.0029313522240017936,0.3448275862068966,0.1974921630094044,0.14733542319749215
ce_rerank,semantic_intersection_tau0.7,laplace|std0.5,dev,319,0.020938655729390986,0.7988655363971536,0.004123572084970982,0.8827796843264918,0.01383149861168338,0.7649421145608153,0.034482758620689655,0.31974921630094044,0.003134796238244514,0.4702194357366771,0.006269592476489028,0.05642633228840126,0.0,0.08463949843260188,0.011538997245806511,0.889178692360283,0.0031935133530428417,0.9313463714429203,0.007821280997374962,0.8733944611863284,0.034482758620689655,0.31974921630094044,0.003134796238244514,0.4702194357366771,0.006269592476489028,0.05642633228840126,0.0,0.08463949843260188,0.00983595949507152,0.032701884794594904,0.0026760521149108408,0.2006269592476489,0.13166144200626959,0.06896551724137931
ce_rerank,semantic_intersection_tau0.7,laplace_eb_k2|std0.5,dev,319,0.01613650585416716,0.7940633865219299,0.004093213981969229,0.88274932622349,0.013113752241044956,0.7642243681901769,0.03761755485893417,0.322884012539185,-0.006269592476489028,0.4608150470219436,0.006269592476489028,0.05642633228840126,0.0,0.08463949843260188,0.00931300778747726,0.8869527029019538,0.001919913067713053,0.9300727711575906,0.00716699438408998,0.8727401745730434,0.03761755485893417,0.322884012539185,-0.006269592476489028,0.4608150470219436,0.006269592476489028,0.05642633228840126,0.0,0.08463949843260188,0.007876736250323563,0.02538804673008783,0.001627392361700369,0.13793103448275862,0.09090909090909091,0.047021943573667714
ce_rerank,semantic_intersection_tau0.7,laplace_eb_k10|std0.5,dev,319,0.01798528797200481,0.7959121686397675,0.005060614556728112,0.8837167267982489,0.015057918896495737,0.7661685348456276,0.03134796238244514,0.3166144200626959,-0.006269592476489028,0.4608150470219436,0.003134796238244514,0.05329153605015674,0.003134796238244514,0.0877742946708464,0.010580051188184924,0.8882197463026614,0.003534080092809791,0.9316869381826873,0.0085869603209361,0.8741601405098895,0.03134796238244514,0.3166144200626959,-0.006269592476489028,0.4608150470219436,0.003134796238244514,0.05329153605015674,0.003134796238244514,0.0877742946708464,0.00869699603758262,0.028370162968444974,0.0029891175665222335,0.16300940438871472,0.10658307210031348,0.05642633228840126
ce_rerank,semantic_intersection_tau0.7,laplace|std1,dev,319,0.021689546262395793,0.7996164269301584,0.0056479955821949115,0.8843041078237157,0.01728170609399443,0.7683923220431262,0.047021943573667714,0.3322884012539185,0.006269592476489028,0.47335423197492166,0.003134796238244514,0.05329153605015674,-0.003134796238244514,0.08150470219435736,0.012012792511793513,0.88965248762627,0.004035325446472646,0.9321881835363501,0.009509449076129353,0.8750826292650826,0.047021943573667714,0.3322884012539185,0.006269592476489028,0.47335423197492166,0.003134796238244514,0.05329153605015674,-0.003134796238244514,0.08150470219435736,0.007859235999048877,0.03744302295019913,0.0075909033878903956,0.25705329153605017,0.15987460815047022,0.09717868338557993
ce_rerank,semantic_intersection_tau0.7,laplace_eb_k2|std1,dev,319,0.022064967121823827,0.7999918477895865,0.0037802242933769586,0.8824363365348977,0.01880744449023543,0.7699180604393674,0.034482758620689655,0.31974921630094044,0.0,0.4670846394984326,0.003134796238244514,0.05329153605015674,0.0,0.08463949843260188,0.011654166872598534,0.889293861987075,0.0018366416419935078,0.9299894997318711,0.010020502682389885,0.8755936828713432,0.034482758620689655,0.31974921630094044,0.0,0.4670846394984326,0.003134796238244514,0.05329153605015674,0.0,0.08463949843260188,0.010593490865443566,0.03495198943912047,0.003388174383138397,0.1974921630094044,0.12225705329153605,0.07523510971786834
ce_rerank,semantic_intersection_tau0.7,laplace_eb_k10|std1,dev,319,0.023132721365058683,0.8010596020328213,0.0043549291953024075,0.8830110414368232,0.02035089377138682,0.7714615097205187,0.03134796238244514,0.3166144200626959,-0.003134796238244514,0.46394984326018807,0.0,0.050156739811912224,0.0,0.08463949843260188,0.013590341171127129,0.8912300362856037,0.0036306228009884635,0.9317834808908659,0.011365613089086119,0.8769387932780395,0.03134796238244514,0.3166144200626959,-0.003134796238244514,0.46394984326018807,0.0,0.050156739811912224,0.0,0.08463949843260188,0.011663975181250737,0.035451861106583306,0.003895032594638753,0.2413793103448276,0.14733542319749215,0.09404388714733543
ce_rerank,semantic_intersection_tau0.7,laplace|std2,dev,319,0.02624823701886174,0.8041751176866244,0.004054460452641813,0.8827105726941626,0.01915262734815245,0.7702632432972844,0.050156739811912224,0.335423197492163,0.006269592476489028,0.47335423197492166,-0.003134796238244514,0.047021943573667714,-0.009404388714733543,0.07523510971786834,0.013755550111722796,0.8913952452261994,0.00367214500343538,0.931825003093313,0.01042204349765957,0.875995223686613,0.050156739811912224,0.335423197492163,0.006269592476489028,0.47335423197492166,-0.003134796238244514,0.047021943573667714,-0.009404388714733543,0.07523510971786834,0.010255206614545894,0.04405959434106616,0.01847924639683648,0.335423197492163,0.1974921630094044,0.13793103448275862
ce_rerank,semantic_intersection_tau0.7,laplace_eb_k2|std2,dev,319,0.0250478406498051,0.8029747213175678,0.00603468085531157,0.8846907930968323,0.023385858657218074,0.7744964746063498,0.0438871473354232,0.329153605015674,0.003134796238244514,0.4702194357366771,0.003134796238244514,0.05329153605015674,-0.006269592476489028,0.07836990595611286,0.013086248060752606,0.8907259431752291,0.002786283769577648,0.9309391418594551,0.012112338266402577,0.8776855184553558,0.0438871473354232,0.329153605015674,0.003134796238244514,0.4702194357366771,0.003134796238244514,0.05329153605015674,-0.006269592476489028,0.07836990595611286,0.011643207893009096,0.04008021279935926,0.010699070733744128,0.2664576802507837,0.1536050156739812,0.11285266457680251
ce_rerank,semantic_intersection_tau0.7,laplace_eb_k10|std2,dev,319,0.0278739436853642,0.8058008243531269,0.0066281596321297286,0.8852842718736506,0.02437831847271576,0.7754889344218476,0.04075235109717868,0.32601880877742945,0.009404388714733543,0.47648902821316613,-0.003134796238244514,0.047021943573667714,-0.006269592476489028,0.07836990595611286,0.015353588007834264,0.8929932831223109,0.004464305306676787,0.9326171633965543,0.013326726587588508,0.8788999067765418,0.04075235109717868,0.32601880877742945,0.009404388714733543,0.47648902821316613,-0.003134796238244514,0.047021943573667714,-0.006269592476489028,0.07836990595611286,0.015143653673344644,0.04202709388116309,0.005319465401690467,0.3072100313479624,0.18181818181818182,0.12539184952978055
ce_rerank,semantic_backoff_tau0.6,laplace|std0.5,dev,319,0.028919900963112106,0.8068467816308748,0.006423252316477904,0.8850793645579986,0.019293740396402474,0.7704043563455344,0.04075235109717868,0.32601880877742945,-0.003134796238244514,0.46394984326018807,0.003134796238244514,0.05329153605015674,0.0,0.08463949843260188,0.015318772635863492,0.89295846775034,0.003864093820876836,0.9320169519107544,0.010469602492162052,0.8760427826811154,0.04075235109717868,0.32601880877742945,-0.003134796238244514,0.46394984326018807,0.003134796238244514,0.05329153605015674,0.0,0.08463949843260188,0.0167937703167897,0.041833125842519116,3.721631387682005e-05,0.23824451410658307,0.16614420062695925,0.06896551724137931
ce_rerank,semantic_backoff_tau0.6,laplace_eb_k2|std0.5,dev,319,0.022136546718102636,0.8000634273858653,0.005304625695775669,0.8839607379372965,0.017885105241802417,0.7689957211909344,0.03761755485893417,0.322884012539185,-0.003134796238244514,0.46394984326018807,0.006269592476489028,0.05642633228840126,0.0,0.08463949843260188,0.011297879828181012,0.8889375749426576,0.0022518481580441276,0.9304047062479216,0.0091624809656771,0.8747356611546304,0.03761755485893417,0.322884012539185,-0.003134796238244514,0.46394984326018807,0.006269592476489028,0.05642633228840126,0.0,0.08463949843260188,0.01199278941664109,0.03253811258051929,4.6616297244143994e-05,0.1724137931034483,0.12225705329153605,0.050156739811912224
ce_rerank,semantic_backoff_tau0.6,laplace_eb_k10|std0.5,dev,319,0.021276014445343733,0.7992028951131064,0.005521771395841736,0.8841778836373625,0.018587969238855247,0.7696985851879873,0.0438871473354232,0.329153605015674,-0.003134796238244514,0.46394984326018807,0.003134796238244514,0.05329153605015674,0.003134796238244514,0.0877742946708464,0.011666635827958396,0.8893063309424349,0.0038128155152252104,0.9319656736051027,0.010341005657907566,0.8759141858468608,0.0438871473354232,0.329153605015674,-0.003134796238244514,0.46394984326018807,0.003134796238244514,0.05329153605015674,0.003134796238244514,0.0877742946708464,0.00992886289300216,0.03285039535557212,0.00012488483017947594,0.18181818181818182,0.12852664576802508,0.05329153605015674
ce_rerank,semantic_backoff_tau0.6,laplace|std1,dev,319,0.029201724709575078,0.8071286053773378,0.008695960091572945,0.8873520723330938,0.023943022491416215,0.7750536384405481,0.050156739811912224,0.335423197492163,-0.003134796238244514,0.46394984326018807,0.003134796238244514,0.05329153605015674,-0.003134796238244514,0.08150470219435736,0.014478686461254347,0.8921183815757309,0.00479257891544354,0.9329454370053211,0.01276076968560772,0.878333949874561,0.050156739811912224,0.335423197492163,-0.003134796238244514,0.46394984326018807,0.003134796238244514,0.05329153605015674,-0.003134796238244514,0.08150470219435736,0.013228893278277592,0.04628809764397368,0.001208907952873981,0.329153605015674,0.21003134796238246,0.11912225705329153
ce_rerank,semantic_backoff_tau0.6,laplace_eb_k2|std1,dev,319,0.02661941485438601,0.8045462955221487,0.006195159447977909,0.8848512716894987,0.02373387100274286,0.7748444869518748,0.047021943573667714,0.3322884012539185,-0.003134796238244514,0.46394984326018807,0.003134796238244514,0.05329153605015674,0.0,0.08463949843260188,0.012682492363041845,0.8903221874775183,0.0025994316163855287,0.930752289706263,0.012118743168522945,0.8776919233574763,0.047021943573667714,0.3322884012539185,-0.003134796238244514,0.46394984326018807,0.003134796238244514,0.05329153605015674,0.0,0.08463949843260188,0.013575481030751358,0.0406016341582828,0.0008456838193988416,0.23197492163009403,0.14733542319749215,0.08463949843260188
ce_rerank,semantic_backoff_tau0.6,laplace_eb_k10|std1,dev,319,0.028183700989780007,0.8061105816575427,0.007153294770321502,0.8858094070118423,0.02505129756038092,0.7761619135095127,0.0438871473354232,0.329153605015674,-0.003134796238244514,0.46394984326018807,0.0,0.050156739811912224,0.0,0.08463949843260188,0.01473921584111396,0.8923789109555905,0.00473490348056566,0.9328877615704432,0.013529685130313647,0.879102865319267,0.0438871473354232,0.329153605015674,-0.003134796238244514,0.46394984326018807,0.0,0.050156739811912224,0.0,0.08463949843260188,0.014792176947978596,0.04279163530254065,0.0012045596138863923,0.26332288401253917,0.16300940438871472,0.10031347962382445
ce_rerank,semantic_backoff_tau0.6,laplace|std2,dev,319,0.03343186251889202,0.8113587431866547,0.0061293634407946305,0.8847854756823154,0.026624811162769237,0.7777354271119012,0.047021943573667714,0.3322884012539185,-0.009404388714733543,0.45768025078369906,-0.006269592476489028,0.0438871473354232,-0.01567398119122257,0.06896551724137931,0.01646391874570458,0.8941036138601811,0.004209481436630775,0.9323623395265083,0.013800267141814518,0.8793734473307678,0.047021943573667714,0.3322884012539185,-0.009404388714733543,0.45768025078369906,-0.006269592476489028,0.0438871473354232,-0.01567398119122257,0.06896551724137931,0.015979290743092758,0.0522599674241623,0.011698318786541782,0.41379310344827586,0.23197492163009403,0.18181818181818182
ce_rerank,semantic_backoff_tau0.6,laplace_eb_k2|std2,dev,319,0.02934681058957659,0.8072736912573393,0.008095557786827924,0.8867516700283486,0.0307292056167761,0.781839821565908,0.05642633228840126,0.34169278996865204,0.0,0.4670846394984326,0.003134796238244514,0.05329153605015674,-0.009404388714733543,0.07523510971786834,0.013995538404369056,0.8916352335188457,0.003371730867224427,0.931524588957102,0.015061066610312389,0.8806342467992658,0.05642633228840126,0.34169278996865204,0.0,0.4670846394984326,0.003134796238244514,0.05329153605015674,-0.009404388714733543,0.07523510971786834,0.014766200483545988,0.04542556944008344,0.0028728286282878363,0.31347962382445144,0.18181818181818182,0.13166144200626959
ce_rerank,semantic_backoff_tau0.6,laplace_eb_k10|std2,dev,319,0.0309323416000997,0.8088592222678624,0.007283890976053794,0.8859400032175746,0.0312826259896673,0.7823932419387991,0.050156739811912224,0.335423197492163,-0.003134796238244514,0.46394984326018807,-0.003134796238244514,0.047021943573667714,-0.006269592476489028,0.07836990595611286,0.015526743424723514,0.8931664385392001,0.004448957951464997,0.9326018160413425,0.016286067734691417,0.8818592479236446,0.050156739811912224,0.335423197492163,-0.003134796238244514,0.46394984326018807,-0.003134796238244514,0.047021943573667714,-0.006269592476489028,0.07836990595611286,0.01600626656160833,0.047437214263974674,0.010571691415775077,0.36363636363636365,0.20376175548589343,0.15987460815047022
ce_rerank,semantic_backoff_tau0.7,laplace|std0.5,dev,319,0.020670315128135084,0.7985971957958978,0.004349614385527129,0.8830057266270479,0.014789794492871036,0.7659004104420029,0.03134796238244514,0.3166144200626959,0.003134796238244514,0.4702194357366771,0.006269592476489028,0.05642633228840126,0.0,0.08463949843260188,0.011032800876234766,0.8886724959907113,0.0032856243904855185,0.931438482480363,0.008274457241674202,0.8738476374306275,0.03134796238244514,0.3166144200626959,0.003134796238244514,0.4702194357366771,0.006269592476489028,0.05642633228840126,0.0,0.08463949843260188,0.00871923863887787,0.03350305389554521,0.005762160115817174,0.21003134796238246,0.13479623824451412,0.07523510971786834
ce_rerank,semantic_backoff_tau0.7,laplace_eb_k2|std0.5,dev,319,0.016463347853724858,0.7943902285214876,0.004126681896586403,0.8827827941381072,0.013904356321197318,0.7650149722703292,0.034482758620689655,0.31974921630094044,-0.006269592476489028,0.4608150470219436,0.006269592476489028,0.05642633228840126,0.0,0.08463949843260188,0.00912052327562649,0.886760218390103,0.0018678167396951992,0.9300206748295727,0.007405555491163438,0.8729787356801167,0.034482758620689655,0.31974921630094044,-0.006269592476489028,0.4608150470219436,0.006269592476489028,0.05642633228840126,0.0,0.08463949843260188,0.006360772268432061,0.027184498178127417,0.0025620487519055295,0.14733542319749215,0.09717868338557993,0.050156739811912224
ce_rerank,semantic_backoff_tau0.7,laplace_eb_k10|std0.5,dev,319,0.01385698731416445,0.7917838679819271,0.00505176653682625,0.883707878778347,0.015441373420359575,0.7665519893694915,0.02821316614420063,0.31347962382445144,-0.006269592476489028,0.4608150470219436,0.003134796238244514,0.05329153605015674,0.003134796238244514,0.0877742946708464,0.00841262936592102,0.8860523244803976,0.003535842073374781,0.9316887001632523,0.008717775886709038,0.8742909560756625,0.02821316614420063,0.31347962382445144,-0.006269592476489028,0.4608150470219436,0.003134796238244514,0.05329153605015674,0.003134796238244514,0.0877742946708464,0.0021950992063668826,0.02505377229992125,0.018527959083294666,0.16927899686520376,0.10658307210031348,0.06269592476489028
ce_rerank,semantic_backoff_tau0.7,laplace|std1,dev,319,0.017173448700142504,0.7951003293679052,0.005237158142660852,0.8838932703841816,0.017691384578199597,0.7688020005273316,0.03761755485893417,0.322884012539185,0.003134796238244514,0.4702194357366771,0.0,0.050156739811912224,-0.003134796238244514,0.08150470219435736,0.00931070796374617,0.8869504030782227,0.0036721629408833375,0.9318250210307608,0.009726017190371188,0.8752991973793245,0.03761755485893417,0.322884012539185,0.003134796238244514,0.4702194357366771,0.0,0.050156739811912224,-0.003134796238244514,0.08150470219435736,0.001968470194776978,0.03401695348812868,0.037311820664619244,0.2727272727272727,0.16300940438871472,0.109717868338558
ce_rerank,semantic_backoff_tau0.7,laplace_eb_k2|std1,dev,319,0.019641175912839117,0.7975680565806018,0.0034665918929449816,0.8821227041344658,0.01876203183750374,0.7698726477866356,0.03134796238244514,0.3166144200626959,-0.003134796238244514,0.46394984326018807,0.003134796238244514,0.05329153605015674,0.0,0.08463949843260188,0.010194077760821972,0.8878337728752985,0.0014363945838425974,0.9295892526737202,0.009867153309729405,0.8754403334986828,0.03134796238244514,0.3166144200626959,-0.003134796238244514,0.46394984326018807,0.003134796238244514,0.05329153605015674,0.0,0.08463949843260188,0.007743928034944594,0.033137503310711025,0.009360351150723135,0.21003134796238246,0.12852664576802508,0.08150470219435736
ce_rerank,semantic_backoff_tau0.7,laplace_eb_k10|std1,dev,319,0.021252413248193675,0.7991792939159563,0.0039520845704691535,0.8826081968119899,0.020251404669217554,0.7713620206183495,0.02821316614420063,0.31347962382445144,-0.006269592476489028,0.4608150470219436,0.0,0.050156739811912224,0.0,0.08463949843260188,0.012406819199319918,0.8900465143137964,0.003233078878875063,0.9313859369687526,0.011265929795357874,0.8768391099843111,0.02821316614420063,0.31347962382445144,-0.006269592476489028,0.4608150470219436,0.0,0.050156739811912224,0.0,0.08463949843260188,0.009326348159473892,0.034298195183090276,0.007296473244740189,0.2476489028213166,0.15047021943573669,0.09717868338557993
ce_rerank,semantic_backoff_tau0.7,laplace|std2,dev,319,0.020373525010380998,0.7983004056781436,0.0029189256384828622,0.8815750378800037,0.019460701858362062,0.770571317807494,0.03761755485893417,0.322884012539185,0.0,0.4670846394984326,-0.006269592476489028,0.0438871473354232,-0.009404388714733543,0.07523510971786834,0.010560781417595555,0.8882004765320721,0.0027662231630666127,0.9309190812529441,0.010553287432111544,0.8761264676210648,0.03761755485893417,0.322884012539185,0.0,0.4670846394984326,-0.006269592476489028,0.0438871473354232,-0.009404388714733543,0.07523510971786834,0.003505528975149681,0.03917774754491719,0.10185994416793508,0.34796238244514105,0.19435736677115986,0.1536050156739812
ce_rerank,semantic_backoff_tau0.7,laplace_eb_k2|std2,dev,319,0.023031665987355582,0.8009585466551182,0.00564284174233021,0.8842989539838509,0.023213313291065373,0.7743239292401972,0.04075235109717868,0.32601880877742945,0.0,0.4670846394984326,0.003134796238244514,0.05329153605015674,-0.006269592476489028,0.07836990595611286,0.01194220482368828,0.8895818999381648,0.0023982537951215306,0.9305511118849991,0.011841129509259167,0.8774143096982125,0.04075235109717868,0.32601880877742945,0.0,0.4670846394984326,0.003134796238244514,0.05329153605015674,-0.006269592476489028,0.07836990595611286,0.009376739593789122,0.03839507241701255,0.017781439703732572,0.2727272727272727,0.15673981191222572,0.11598746081504702
ce_rerank,semantic_backoff_tau0.7,laplace_eb_k10|std2,dev,319,0.023981173023534794,0.8019080536912975,0.005922090811041829,0.8845782030525626,0.024512985222578797,0.7756236011717108,0.03761755485893417,0.322884012539185,0.006269592476489028,0.47335423197492166,-0.003134796238244514,0.047021943573667714,-0.006269592476489028,0.07836990595611286,0.013131945297635835,0.8907716404121124,0.003882967005702769,0.9320358250955803,0.013199268388897647,0.8787724485778511,0.03761755485893417,0.322884012539185,0.006269592476489028,0.47335423197492166,-0.003134796238244514,0.047021943573667714,-0.006269592476489028,0.07836990595611286,0.010323469289417924,0.03871281083941833,0.018518354613511992,0.31974921630094044,0.18495297805642633,0.13479623824451412
